"x","y","z"
2,0,7.13415574707208
2.06767676767677,0,6.82667191369912
2.13535353535354,0,6.51943334970087
2.2030303030303,0,6.21268532445204
2.27070707070707,0,5.90667310732736
2.33838383838384,0,5.60164196770152
2.40606060606061,0,5.29783717494925
2.47373737373737,0,4.99550399844526
2.54141414141414,0,4.69488770756425
2.60909090909091,0,4.39623357168096
2.67676767676768,0,4.09978686017007
2.74444444444444,0,3.80579284240631
2.81212121212121,0,3.5144967877644
2.87979797979798,0,3.22614396561905
2.94747474747475,0,2.94097964534495
3.01515151515152,0,2.65924909631684
3.08282828282828,0,2.38119758790943
3.15050505050505,0,2.10707038949742
3.21818181818182,0,1.83711277045553
3.28585858585859,0,1.57157000015847
3.35353535353535,0,1.31068734798095
3.42121212121212,0,1.0547100832977
3.48888888888889,0,0.803883498013463
3.55656565656566,0,0.558457357240576
3.62424242424242,0,0.318691261482885
3.69191919191919,0,0.0848461198623022
3.75959595959596,0,-0.142817158499272
3.82727272727273,0,-0.364037664479927
3.8949494949495,0,-0.578554488957758
3.96262626262626,0,-0.786106722810861
4.03030303030303,0,-0.98643345691733
4.0979797979798,0,-1.17927378215526
4.16565656565657,0,-1.36436678940274
4.23333333333333,0,-1.54145156953787
4.3010101010101,0,-1.71026721343874
4.36868686868687,0,-1.87055281198345
4.43636363636364,0,-2.02204745605009
4.5040404040404,0,-2.16449023651675
4.57171717171717,0,-2.29762024426153
4.63939393939394,0,-2.42117657016253
4.70707070707071,0,-2.53489830509783
4.77474747474747,0,-2.63852453994554
4.84242424242424,0,-2.73179436558374
4.91010101010101,0,-2.81444687289053
4.97777777777778,0,-2.88622115274401
5.04545454545454,0,-2.94689152834322
5.11313131313131,0,-2.99663459112574
5.18080808080808,0,-3.03588303216218
5.24848484848485,0,-3.06507365943678
5.31616161616162,0,-3.08464328093377
5.38383838383838,0,-3.09502870463739
5.45151515151515,0,-3.09666673853187
5.51919191919192,0,-3.08999419060145
5.58686868686869,0,-3.07544786883037
5.65454545454545,0,-3.05346458120285
5.72222222222222,0,-3.02448113570315
5.78989898989899,0,-2.98893434031549
5.85757575757576,0,-2.94726100302411
5.92525252525252,0,-2.89989793181325
5.99292929292929,0,-2.84728193466713
6.06060606060606,0,-2.78984981957001
6.12828282828283,0,-2.72803839450611
6.1959595959596,0,-2.66228446745966
6.26363636363636,0,-2.59302484641491
6.33131313131313,0,-2.5206963393561
6.3989898989899,0,-2.44573575426745
6.46666666666667,0,-2.3685798991332
6.53434343434343,0,-2.28966540922132
6.6020202020202,0,-2.20933286586952
6.66969696969697,0,-2.1276673002455
6.73737373737374,0,-2.04471171306771
6.8050505050505,0,-1.96050910505461
6.87272727272727,0,-1.87510247692467
6.94040404040404,0,-1.78853482939634
7.00808080808081,0,-1.70084916318807
7.07575757575758,0,-1.61208847901834
7.14343434343434,0,-1.52229577760559
7.21111111111111,0,-1.43151405966828
7.27878787878788,0,-1.33978632592489
7.34646464646465,0,-1.24715557709385
7.41414141414141,0,-1.15366481389364
7.48181818181818,0,-1.05935703704271
7.54949494949495,0,-0.964275247259518
7.61717171717172,0,-0.868462445262527
7.68484848484848,0,-0.771961631770194
7.75252525252525,0,-0.674815807500977
7.82020202020202,0,-0.577067973173336
7.88787878787879,0,-0.478761129505731
7.95555555555555,0,-0.379938277216618
8.02323232323232,0,-0.280642417024457
8.09090909090909,0,-0.180916549647709
8.15858585858586,0,-0.0808036758048293
8.22626262626263,0,0.0196532037857202
8.29393939393939,0,0.120411088405481
8.36161616161616,0,0.221426977335998
8.42929292929293,0,0.322657869858803
8.4969696969697,0,0.42406076525545
8.56464646464647,0,0.525592662807473
8.63232323232323,0,0.627210561796409
8.7,0,0.728871461503809
2,6.17171717171717,6.48684206124622
2.06767676767677,6.17171717171717,6.20007717369909
2.13535353535354,6.17171717171717,5.91356432709874
2.2030303030303,6.17171717171717,5.62755556239193
2.27070707070707,6.17171717171717,5.34230292052547
2.33838383838384,6.17171717171717,5.05805844244611
2.40606060606061,6.17171717171717,4.77507416910065
2.47373737373737,6.17171717171717,4.49360214143584
2.54141414141414,6.17171717171717,4.21389440039849
2.60909090909091,6.17171717171717,3.93620298693535
2.67676767676768,6.17171717171717,3.66077994199322
2.74444444444444,6.17171717171717,3.38787730651885
2.81212121212121,6.17171717171717,3.11774712145905
2.87979797979798,6.17171717171717,2.85064142776057
2.94747474747475,6.17171717171717,2.5868122663702
3.01515151515152,6.17171717171717,2.32651167823472
3.08282828282828,6.17171717171717,2.06999170430091
3.15050505050505,6.17171717171717,1.81750438551554
3.21818181818182,6.17171717171717,1.56930176282539
3.28585858585859,6.17171717171717,1.32563587717723
3.35353535353535,6.17171717171717,1.08675876951785
3.42121212121212,6.17171717171717,0.852922480794026
3.48888888888889,6.17171717171717,0.624379017253814
3.55656565656566,6.17171717171717,0.401373495921815
3.62424242424242,6.17171717171717,0.184135886255853
3.69191919191919,6.17171717171717,-0.0271058576995788
3.75959595959596,6.17171717171717,-0.232123781899992
3.82727272727273,6.17171717171717,-0.430689932300897
3.8949494949495,6.17171717171717,-0.622576354857799
3.96262626262626,6.17171717171717,-0.807555095526214
4.03030303030303,6.17171717171717,-0.985398200261648
4.0979797979798,6.17171717171717,-1.15587771501961
4.16565656565657,6.17171717171717,-1.31876568575562
4.23333333333333,6.17171717171717,-1.47383415842517
4.3010101010101,6.17171717171717,-1.62085517898378
4.36868686868687,6.17171717171717,-1.75960079338697
4.43636363636364,6.17171717171717,-1.88984304759023
4.5040404040404,6.17171717171717,-2.01135398754908
4.57171717171717,6.17171717171717,-2.12390565921904
4.63939393939394,6.17171717171717,-2.2272701085556
4.70707070707071,6.17171717171717,-2.32121938151428
4.77474747474747,6.17171717171717,-2.40552552405059
4.84242424242424,6.17171717171717,-2.47996058212004
4.91010101010101,6.17171717171717,-2.54429660167813
4.97777777777778,6.17171717171717,-2.59830562868039
5.04545454545454,6.17171717171717,-2.64179451825334
5.11313131313131,6.17171717171717,-2.6749675624089
5.18080808080808,6.17171717171717,-2.69828207696447
5.24848484848485,6.17171717171717,-2.71219944520577
5.31616161616162,6.17171717171717,-2.71718105041852
5.38383838383838,6.17171717171717,-2.71368827588846
5.45151515151515,6.17171717171717,-2.70218250490129
5.51919191919192,6.17171717171717,-2.68312512074276
5.58686868686869,6.17171717171717,-2.65697750669857
5.65454545454545,6.17171717171717,-2.62420104605447
5.72222222222222,6.17171717171717,-2.58525712209617
5.78989898989899,6.17171717171717,-2.5406071181094
5.85757575757576,6.17171717171717,-2.49071241737989
5.92525252525252,6.17171717171717,-2.43603440319335
5.99292929292929,6.17171717171717,-2.37703445883552
6.06060606060606,6.17171717171717,-2.31417396759211
6.12828282828283,6.17171717171717,-2.24791431274887
6.1959595959596,6.17171717171717,-2.1787168775915
6.26363636363636,6.17171717171717,-2.10704304540573
6.33131313131313,6.17171717171717,-2.0333541994773
6.3989898989899,6.17171717171717,-1.95811172309192
6.46666666666667,6.17171717171717,-1.88177699953532
6.53434343434343,6.17171717171717,-1.80481121292155
6.6020202020202,6.17171717171717,-1.72756478060535
6.66969696969697,6.17171717171717,-1.65009342649051
6.73737373737374,6.17171717171717,-1.57240440611894
6.8050505050505,6.17171717171717,-1.49450497503251
6.87272727272727,6.17171717171717,-1.41640238877313
6.94040404040404,6.17171717171717,-1.33810390288268
7.00808080808081,6.17171717171717,-1.25961677290306
7.07575757575758,6.17171717171717,-1.18094825437615
7.14343434343434,6.17171717171717,-1.10210560284385
7.21111111111111,6.17171717171717,-1.02309607384805
7.27878787878788,6.17171717171717,-0.943926922930636
7.34646464646465,6.17171717171717,-0.864605405633506
7.41414141414141,6.17171717171717,-0.78513877749855
7.48181818181818,6.17171717171717,-0.705534294067658
7.54949494949495,6.17171717171717,-0.625799210882722
7.61717171717172,6.17171717171717,-0.545940783485632
7.68484848484848,6.17171717171717,-0.465966267418283
7.75252525252525,6.17171717171717,-0.385882918222561
7.82020202020202,6.17171717171717,-0.305697991440361
7.88787878787879,6.17171717171717,-0.225418742613574
7.95555555555555,6.17171717171717,-0.145052427284091
8.02323232323232,6.17171717171717,-0.0646063009938008
8.09090909090909,6.17171717171717,0.0159123807153999
8.15858585858586,6.17171717171717,0.0964963623016254
8.22626262626263,6.17171717171717,0.17713838822298
8.29393939393939,6.17171717171717,0.257831202937573
8.36161616161616,6.17171717171717,0.338567550903517
8.42929292929293,6.17171717171717,0.419340176578914
8.4969696969697,6.17171717171717,0.50014182442188
8.56464646464647,6.17171717171717,0.58096523889052
8.63232323232323,6.17171717171717,0.661803164442938
8.7,6.17171717171717,0.742648345537252
2,12.3434343434343,5.83931496092972
2.06767676767677,12.3434343434343,5.57311615134778
2.13535353535354,12.3434343434343,5.30717750077566
2.2030303030303,12.3434343434343,5.04175916822317
2.27070707070707,12.3434343434343,4.77712131270012
2.33838383838384,12.3434343434343,4.51352409321633
2.40606060606061,12.3434343434343,4.25122766878163
2.47373737373737,12.3434343434343,3.9904921984058
2.54141414141414,12.3434343434343,3.73157784109869
2.60909090909091,12.3434343434343,3.4747447558701
2.67676767676768,12.3434343434343,3.22025310172984
2.74444444444444,12.3434343434343,2.96836303768774
2.81212121212121,12.3434343434343,2.7193347227536
2.87979797979798,12.3434343434343,2.47342831593724
2.94747474747475,12.3434343434343,2.23090397624848
3.01515151515152,12.3434343434343,1.99202186269713
3.08282828282828,12.3434343434343,1.757042134293
3.15050505050505,12.3434343434343,1.52622495004592
3.21818181818182,12.3434343434343,1.2998304689657
3.28585858585859,12.3434343434343,1.07811885006214
3.35353535353535,12.3434343434343,0.861350252345077
3.42121212121212,12.3434343434343,0.649784834824313
3.48888888888889,12.3434343434343,0.44368265786861
3.55656565656566,12.3434343434343,0.24328419725166
3.62424242424242,12.3434343434343,0.0487868674409317
3.69191919191919,12.3434343434343,-0.139617646486981
3.75959595959596,12.3434343434343,-0.321737659455494
3.82727272727273,12.3434343434343,-0.497381486388014
3.8949494949495,12.3434343434343,-0.666357442207954
3.96262626262626,12.3434343434343,-0.828473841838726
4.03030303030303,12.3434343434343,-0.98353900020374
4.0979797979798,12.3434343434343,-1.13136123222641
4.16565656565657,12.3434343434343,-1.27174885283014
4.23333333333333,12.3434343434343,-1.40451017693835
4.3010101010101,12.3434343434343,-1.52945351947445
4.36868686868687,12.3434343434343,-1.64638719536184
4.43636363636364,12.3434343434343,-1.75511951952394
4.5040404040404,12.3434343434343,-1.85545880688417
4.57171717171717,12.3434343434343,-1.94721337236593
4.63939393939394,12.3434343434343,-2.03019153089263
4.70707070707071,12.3434343434343,-2.10420159738769
4.77474747474747,12.3434343434343,-2.16905188677451
4.84242424242424,12.3434343434343,-2.22455071397651
4.91010101010101,12.3434343434343,-2.27050639391709
4.97777777777778,12.3434343434343,-2.30672724151968
5.04545454545454,12.3434343434343,-2.33305563090736
5.11313131313131,12.3434343434343,-2.34972281022244
5.18080808080808,12.3434343434343,-2.35720759995849
5.24848484848485,12.3434343434343,-2.35599280044288
5.31616161616162,12.3434343434343,-2.34656121200299
5.38383838383838,12.3434343434343,-2.32939563496621
5.45151515151515,12.3434343434343,-2.30497886965992
5.51919191919192,12.3434343434343,-2.27379371641149
5.58686868686869,12.3434343434343,-2.23632297554831
5.65454545454545,12.3434343434343,-2.19304944739777
5.72222222222222,12.3434343434343,-2.14445593228724
5.78989898989899,12.3434343434343,-2.0910252305441
5.85757575757576,12.3434343434343,-2.03324014249574
5.92525252525252,12.3434343434343,-1.97158346846954
5.99292929292929,12.3434343434343,-1.90653800879288
6.06060606060606,12.3434343434343,-1.83858656379314
6.12828282828283,12.3434343434343,-1.76821193379771
6.1959595959596,12.3434343434343,-1.69589691913396
6.26363636363636,12.3434343434343,-1.62212432012928
6.33131313131313,12.3434343434343,-1.54737693711104
6.3989898989899,12.3434343434343,-1.47213757040664
6.46666666666667,12.3434343434343,-1.39688902034345
6.53434343434343,12.3434343434343,-1.32211386335956
6.6020202020202,12.3434343434343,-1.24817016274768
6.66969696969697,12.3434343434343,-1.17508471627715
6.73737373737374,12.3434343434343,-1.10282983833051
6.8050505050505,12.3434343434343,-1.0313778432903
6.87272727272727,12.3434343434343,-0.960701045539048
6.94040404040404,12.3434343434343,-0.890771759459296
7.00808080808081,12.3434343434343,-0.821562299433582
7.07575757575758,12.3434343434343,-0.75304497984444
7.14343434343434,12.3434343434343,-0.68519211507441
7.21111111111111,12.3434343434343,-0.617976019506027
7.27878787878788,12.3434343434343,-0.55136900752183
7.34646464646465,12.3434343434343,-0.485343393504354
7.41414141414141,12.3434343434343,-0.419871491836138
7.48181818181818,12.3434343434343,-0.354925616899716
7.54949494949495,12.3434343434343,-0.290478083077629
7.61717171717172,12.3434343434343,-0.226501204752412
7.68484848484848,12.3434343434343,-0.162967296306602
7.75252525252525,12.3434343434343,-0.0998486721227356
7.82020202020202,12.3434343434343,-0.03711764658335
7.88787878787879,12.3434343434343,0.0252534659290155
7.95555555555555,12.3434343434343,0.0872923510318268
8.02323232323232,12.3434343434343,0.149026694342546
8.09090909090909,12.3434343434343,0.210484181478634
8.15858585858586,12.3434343434343,0.271692498057558
8.22626262626263,12.3434343434343,0.332679329696777
8.29393939393939,12.3434343434343,0.393472362013754
8.36161616161616,12.3434343434343,0.454099280625956
8.42929292929293,12.3434343434343,0.51458777115084
8.4969696969697,12.3434343434343,0.574965519205874
8.56464646464647,12.3434343434343,0.635260210408521
8.63232323232323,12.3434343434343,0.695499530376238
8.7,12.3434343434343,0.755711164726496
2,18.5151515151515,5.19136103163195
2.06767676767677,18.5151515151515,4.94542256429393
2.13535353535354,18.5151515151515,4.69975506701071
2.2030303030303,18.5151515151515,4.45462950983709
2.27070707070707,18.5151515151515,4.21031686282786
2.33838383838384,18.5151515151515,3.96708809603782
2.40606060606061,18.5151515151515,3.72521417952177
2.47373737373737,18.5151515151515,3.48496608333452
2.54141414141414,18.5151515151515,3.24661477753084
2.60909090909091,18.5151515151515,3.01043123216555
2.67676767676768,18.5151515151515,2.77668641729345
2.74444444444444,18.5151515151515,2.54565130296932
2.81212121212121,18.5151515151515,2.31759685924797
2.87979797979798,18.5151515151515,2.0927940561842
2.94747474747475,18.5151515151515,1.8715138638328
3.01515151515152,18.5151515151515,1.65402725224858
3.08282828282828,18.5151515151515,1.44060519148632
3.15050505050505,18.5151515151515,1.23151865160083
3.21818181818182,18.5151515151515,1.02703860264691
3.28585858585859,18.5151515151515,0.827436014679354
3.35353535353535,18.5151515151515,0.632981857752958
3.42121212121212,18.5151515151515,0.443947101922523
3.48888888888889,18.5151515151515,0.260602541232297
3.55656565656566,18.5151515151515,0.0831840238787151
3.62424242424242,18.5151515151515,-0.0881494385497661
3.69191919191919,18.5151515151515,-0.253249057725427
3.75959595959596,18.5151515151515,-0.411966045320554
3.82727272727273,18.5151515151515,-0.56415161300743
3.8949494949495,18.5151515151515,-0.709656972458336
3.96262626262626,18.5151515151515,-0.848333335345559
4.03030303030303,18.5151515151515,-0.980031913341382
4.0979797979798,18.5151515151515,-1.10460391811809
4.16565656565657,18.5151515151515,-1.22190056134796
4.23333333333333,18.5151515151515,-1.33177305470328
4.3010101010101,18.5151515151515,-1.43407260985635
4.36868686868687,18.5151515151515,-1.52865043847942
4.43636363636364,18.5151515151515,-1.6153577522448
4.5040404040404,18.5151515151515,-1.69404576282477
4.57171717171717,18.5151515151515,-1.76456568189161
4.63939393939394,18.5151515151515,-1.82676872111759
4.70707070707071,18.5151515151515,-1.88050609217502
4.77474747474747,18.5151515151515,-1.92562900673617
4.84242424242424,18.5151515151515,-1.96198867647332
4.91010101010101,18.5151515151515,-1.98943631305876
4.97777777777778,18.5151515151515,-2.00782312816477
5.04545454545454,18.5151515151515,-2.01703298904919
5.11313131313131,18.5151515151515,-2.01732261109675
5.18080808080808,18.5151515151515,-2.00918607933597
5.24848484848485,18.5151515151515,-1.99312129461623
5.31616161616162,18.5151515151515,-1.96962615778689
5.38383838383838,18.5151515151515,-1.93919856969734
5.45151515151515,18.5151515151515,-1.90233643119694
5.51919191919192,18.5151515151515,-1.85953764313508
5.58686868686869,18.5151515151515,-1.81130010636112
5.65454545454545,18.5151515151515,-1.75812172172443
5.72222222222222,18.5151515151515,-1.70050039007439
5.78989898989899,18.5151515151515,-1.63893401226037
5.85757575757576,18.5151515151515,-1.57392048913175
5.92525252525252,18.5151515151515,-1.5059577215379
5.99292929292929,18.5151515151515,-1.4355436103282
6.06060606060606,18.5151515151515,-1.36317605635201
6.12828282828283,18.5151515151515,-1.2893529604587
6.1959595959596,18.5151515151515,-1.21457222349767
6.26363636363636,18.5151515151515,-1.13933174631826
6.33131313131313,18.5151515151515,-1.06412942976987
6.3989898989899,18.5151515151515,-0.989463174701858
6.46666666666667,18.5151515151515,-0.915830881963604
6.53434343434343,18.5151515151515,-0.843730207273119
6.6020202020202,18.5151515151515,-0.773522479703026
6.66969696969697,18.5151515151515,-0.705206333147047
6.73737373737374,18.5151515151515,-0.638720748862791
6.8050505050505,18.5151515151515,-0.574004708107869
6.87272727272727,18.5151515151515,-0.510997192139889
6.94040404040404,18.5151515151515,-0.44963718221646
7.00808080808081,18.5151515151515,-0.389863659595193
7.07575757575758,18.5151515151515,-0.331615605533696
7.14343434343434,18.5151515151515,-0.274832001289577
7.21111111111111,18.5151515151515,-0.219451828120447
7.27878787878788,18.5151515151515,-0.165414067283914
7.34646464646465,18.5151515151515,-0.112657700037589
7.41414141414141,18.5151515151515,-0.0611217076390789
7.48181818181818,18.5151515151515,-0.0107450713459939
7.54949494949495,18.5151515151515,0.0385332275840558
7.61717171717172,18.5151515151515,0.0867742078934631
7.68484848484848,18.5151515151515,0.134038888324616
7.75252525252525,18.5151515151515,0.180388287619909
7.82020202020202,18.5151515151515,0.22588342452173
7.88787878787879,18.5151515151515,0.270585317772471
7.95555555555555,18.5151515151515,0.314554986114521
8.02323232323232,18.5151515151515,0.357853448290274
8.09090909090909,18.5151515151515,0.400541723042118
8.15858585858586,18.5151515151515,0.442680829112446
8.22626262626263,18.5151515151515,0.484331785243646
8.29393939393939,18.5151515151515,0.525555610178111
8.36161616161616,18.5151515151515,0.566413322658232
8.42929292929293,18.5151515151515,0.606965941426397
8.4969696969697,18.5151515151515,0.647274485225001
8.56464646464647,18.5151515151515,0.687399972796432
8.63232323232323,18.5151515151515,0.72740342288308
8.7,18.5151515151515,0.767345854227339
2,24.6868686868687,4.54276685886227
2.06767676767677,24.6868686868687,4.31663013018626
2.13535353535354,24.6868686868687,4.09077922208295
2.2030303030303,24.6868686868687,3.86549995512504
2.27070707070707,24.6868686868687,3.64107814988522
2.33838383838384,24.6868686868687,3.4177996269362
2.40606060606061,24.6868686868687,3.19595020685068
2.47373737373737,24.6868686868687,2.97581571020135
2.54141414141414,24.6868686868687,2.75768195756091
2.60909090909091,24.6868686868687,2.54183476950207
2.67676767676768,24.6868686868687,2.32855996659752
2.74444444444444,24.6868686868687,2.11814336941996
2.81212121212121,24.6868686868687,1.91087079854209
2.87979797979798,24.6868686868687,1.7070280745366
2.94747474747475,24.6868686868687,1.50690101797621
3.01515151515152,24.6868686868687,1.3107754494336
3.08282828282828,24.6868686868687,1.11893718948148
3.15050505050505,24.6868686868687,0.931672058692538
3.21818181818182,24.6868686868687,0.749265877639484
3.28585858585859,24.6868686868687,0.572004466895012
3.35353535353535,24.6868686868687,0.400173647031824
3.42121212121212,24.6868686868687,0.234059238622616
3.48888888888889,24.6868686868687,0.0739467887193187
3.55656565656566,24.6868686868687,-0.0799324615484138
3.62424242424242,24.6868686868687,-0.227466675304129
3.69191919191919,24.6868686868687,-0.368559902640438
3.75959595959596,24.6868686868687,-0.503116193649954
3.82727272727273,24.6868686868687,-0.63103959842529
3.8949494949495,24.6868686868687,-0.752234167059058
3.96262626262626,24.6868686868687,-0.866603949643874
4.03030303030303,24.6868686868687,-0.974052996272348
4.0979797979798,24.6868686868687,-1.0744853570371
4.16565656565657,24.6868686868687,-1.16780508203073
4.23333333333333,24.6868686868687,-1.25391622134586
4.3010101010101,24.6868686868687,-1.3327228250751
4.36868686868687,24.6868686868687,-1.40412894331107
4.43636363636364,24.6868686868687,-1.46803862614638
4.5040404040404,24.6868686868687,-1.52435592367363
4.57171717171717,24.6868686868687,-1.57298488598546
4.63939393939394,24.6868686868687,-1.61382956317445
4.70707070707071,24.6868686868687,-1.64679400533324
4.77474747474747,24.6868686868687,-1.67178226255444
4.84242424242424,24.6868686868687,-1.68869838493065
4.91010101010101,24.6868686868687,-1.69744642255448
4.97777777777778,24.6868686868687,-1.69793042551857
5.04545454545454,24.6868686868687,-1.69008471542275
5.11313131313131,24.6868686868687,-1.6741892415622
5.18080808080808,24.6868686868687,-1.65074399328863
5.24848484848485,24.6868686868687,-1.62025249719392
5.31616161616162,24.6868686868687,-1.58321827986993
5.38383838383838,24.6868686868687,-1.54014486790853
5.45151515151515,24.6868686868687,-1.49153578790158
5.51919191919192,24.6868686868687,-1.43789456644095
5.58686868686869,24.6868686868687,-1.37972473011851
5.65454545454545,24.6868686868687,-1.31752980552613
5.72222222222222,24.6868686868687,-1.25181331925568
5.78989898989899,24.6868686868687,-1.18307879789901
5.85757575757576,24.6868686868687,-1.11182976804801
5.92525252525252,24.6868686868687,-1.03856975629453
5.99292929292929,24.6868686868687,-0.96380228923045
6.06060606060606,24.6868686868687,-0.88803089344763
6.12828282828283,24.6868686868687,-0.81175909553794
6.1959595959596,24.6868686868687,-0.735490422093246
6.26363636363636,24.6868686868687,-0.659728399705417
6.33131313131313,24.6868686868687,-0.584976554966319
6.3989898989899,24.6868686868687,-0.51173841446782
6.46666666666667,24.6868686868687,-0.44051750480179
6.53434343434343,24.6868686868687,-0.371817091400004
6.6020202020202,24.6868686868687,-0.305995198877888
6.66969696969697,24.6868686868687,-0.243023440641819
6.73737373737374,24.6868686868687,-0.182809876876119
6.8050505050505,24.6868686868687,-0.12526256776511
6.87272727272727,24.6868686868687,-0.0702895734931116
6.94040404040404,24.6868686868687,-0.0177989542444448
7.00808080808081,24.6868686868687,0.0323012297965672
7.07575757575758,24.6868686868687,0.0801029184456062
7.14343434343434,24.6868686868687,0.125698051518349
7.21111111111111,24.6868686868687,0.169178568830476
7.27878787878788,24.6868686868687,0.210636410197666
7.34646464646465,24.6868686868687,0.250163515435598
7.41414141414141,24.6868686868687,0.28785182435995
7.48181818181818,24.6868686868687,0.323793276786401
7.54949494949495,24.6868686868687,0.358079812530631
7.61717171717172,24.6868686868687,0.390803371408319
7.68484848484848,24.6868686868687,0.422055893235142
7.75252525252525,24.6868686868687,0.451929317826782
7.82020202020202,24.6868686868687,0.480515584998917
7.88787878787879,24.6868686868687,0.507906634567224
7.95555555555555,24.6868686868687,0.534194406347384
8.02323232323232,24.6868686868687,0.559470840155075
8.09090909090909,24.6868686868687,0.583827875805976
8.15858585858586,24.6868686868687,0.607357453115767
8.22626262626263,24.6868686868687,0.630151511900126
8.29393939393939,24.6868686868687,0.652301991974732
8.36161616161616,24.6868686868687,0.673900833155264
8.42929292929293,24.6868686868687,0.695039975257401
8.4969696969697,24.6868686868687,0.715811358096823
8.56464646464647,24.6868686868687,0.736306921489208
8.63232323232323,24.6868686868687,0.756618605250234
8.7,24.6868686868687,0.776838349195582
2,30.8585858585859,3.89343486747779
2.06767676767677,30.8585858585859,3.68650893739899
2.13535353535354,30.8585858585859,3.47988889399162
2.2030303030303,30.8585858585859,3.27388062392709
2.27070707070707,30.8585858585859,3.06879001387682
2.33838383838384,30.8585858585859,2.86492295051223
2.40606060606061,30.8585858585859,2.66258532050474
2.47373737373737,30.8585858585859,2.46208301052578
2.54141414141414,30.8585858585859,2.26372190724676
2.60909090909091,30.8585858585859,2.06780789733911
2.67676767676768,30.8585858585859,1.87464686747424
2.74444444444444,30.8585858585859,1.68454470432357
2.81212121212121,30.8585858585859,1.49780729455853
2.87979797979798,30.8585858585859,1.31474052485054
2.94747474747475,30.8585858585859,1.13565028187101
3.01515151515152,30.8585858585859,0.960842452291366
3.08282828282828,30.8585858585859,0.790622922783034
3.15050505050505,30.8585858585859,0.625297580017429
3.21818181818182,30.8585858585859,0.465172310665972
3.28585858585859,30.8585858585859,0.310553001400084
3.35353535353535,30.8585858585859,0.161745538891185
3.42121212121212,30.8585858585859,0.0190558098106969
3.48888888888889,30.8585858585859,-0.117210696301926
3.55656565656566,30.8585858585859,-0.246827338097305
3.62424242424242,30.8585858585859,-0.369740840386834
3.69191919191919,30.8585858585859,-0.485920994688157
3.75959595959596,30.8585858585859,-0.595337592518917
3.82727272727273,30.8585858585859,-0.697960425396759
3.8949494949495,30.8585858585859,-0.793759284839326
3.96262626262626,30.8585858585859,-0.882703962364264
4.03030303030303,30.8585858585859,-0.964764249489216
4.0979797979798,30.8585858585859,-1.03990993773183
4.16565656565657,30.8585858585859,-1.10811081860974
4.23333333333333,30.8585858585859,-1.1693366836406
4.3010101010101,30.8585858585859,-1.22355732434205
4.36868686868687,30.8585858585859,-1.27074253223174
4.43636363636364,30.8585858585859,-1.3108620988273
4.5040404040404,30.8585858585859,-1.34388581564639
4.57171717171717,30.8585858585859,-1.36978347420665
4.63939393939394,30.8585858585859,-1.38852486602572
4.70707070707071,30.8585858585859,-1.40007978262125
4.77474747474747,30.8585858585859,-1.40441801551088
4.84242424242424,30.8585858585859,-1.40150935621225
4.91010101010101,30.8585858585859,-1.39132359624301
4.97777777777778,30.8585858585859,-1.3738305271208
5.04545454545454,30.8585858585859,-1.34902655074467
5.11313131313131,30.8585858585859,-1.31721189547066
5.18080808080808,30.8585858585859,-1.27888021741446
5.24848484848485,30.8585858585859,-1.2345282821276
5.31616161616162,30.8585858585859,-1.18465285516163
5.38383838383838,30.8585858585859,-1.12975070206807
5.45151515151515,30.8585858585859,-1.07031858839847
5.51919191919192,30.8585858585859,-1.00685327970435
5.58686868686869,30.8585858585859,-0.939851541537247
5.65454545454545,30.8585858585859,-0.8698101394487
5.72222222222222,30.8585858585859,-0.797225838990242
5.78989898989899,30.8585858585859,-0.722595405713407
5.85757575757576,30.8585858585859,-0.64641560516973
5.92525252525252,30.8585858585859,-0.569183202910745
5.99292929292929,30.8585858585859,-0.491394964487987
6.06060606060606,30.8585858585859,-0.413547655452991
6.12828282828283,30.8585858585859,-0.336138041357291
6.1959595959596,30.8585858585859,-0.259662887752421
6.26363636363636,30.8585858585859,-0.184618960189917
6.33131313131313,30.8585858585859,-0.111503024221311
6.3989898989899,30.8585858585859,-0.0408118453981399
6.46666666666667,30.8585858585859,0.0269578107280616
6.53434343434343,30.8585858585859,0.0913094489694561
6.6020202020202,30.8585858585859,0.151896933421992
6.66969696969697,30.8585858585859,0.208774157003392
6.73737373737374,30.8585858585859,0.262060805548208
6.8050505050505,30.8585858585859,0.311876564890991
6.87272727272727,30.8585858585859,0.358341120866297
6.94040404040404,30.8585858585859,0.401574159308676
7.00808080808081,30.8585858585859,0.441695366052682
7.07575757575758,30.8585858585859,0.478824426932868
7.14343434343434,30.8585858585859,0.513081027783787
7.21111111111111,30.8585858585859,0.54458485443999
7.27878787878788,30.8585858585859,0.573455592736033
7.34646464646465,30.8585858585859,0.599812928506466
7.41414141414141,30.8585858585859,0.623776547585843
7.48181818181818,30.8585858585859,0.645466135808716
7.54949494949495,30.8585858585859,0.665001379009639
7.61717171717172,30.8585858585859,0.682501963023164
7.68484848484848,30.8585858585859,0.698087573683844
7.75252525252525,30.8585858585859,0.711877896826233
7.82020202020202,30.8585858585859,0.723992618284882
7.88787878787879,30.8585858585859,0.734551423894344
7.95555555555555,30.8585858585859,0.743673999489172
8.02323232323232,30.8585858585859,0.75148003090392
8.09090909090909,30.8585858585859,0.758089203973139
8.15858585858586,30.8585858585859,0.763621204531384
8.22626262626263,30.8585858585859,0.768195718413206
8.29393939393939,30.8585858585859,0.771932431453157
8.36161616161616,30.8585858585859,0.774951029485793
8.42929292929293,30.8585858585859,0.777371198345664
8.4969696969697,30.8585858585859,0.779312623867324
8.56464646464647,30.8585858585859,0.780894991885325
8.63232323232323,30.8585858585859,0.782237988234221
8.7,30.8585858585859,0.783461298748564
2,37.030303030303,3.24461879115154
2.06767676767677,37.030303030303,3.05641988923409
2.13535353535354,37.030303030303,2.868551344194
2.2030303030303,37.030303030303,2.68134351290862
2.27070707070707,37.030303030303,2.49512675225532
2.33838383838384,37.030303030303,2.31023141911146
2.40606060606061,37.030303030303,2.12698787035439
2.47373737373737,37.030303030303,1.94572646286147
2.54141414141414,37.030303030303,1.76677755351006
2.60909090909091,37.030303030303,1.59047149917753
2.67676767676768,37.030303030303,1.41713865674122
2.74444444444444,37.030303030303,1.24710938307849
2.81212121212121,37.030303030303,1.08071403506671
2.87979797979798,37.030303030303,0.918282969583236
2.94747474747475,37.030303030303,0.760146543505421
3.01515151515152,37.030303030303,0.606635113710629
3.08282828282828,37.030303030303,0.458079037076217
3.15050505050505,37.030303030303,0.314808670479544
3.21818181818182,37.030303030303,0.177154370797966
3.28585858585859,37.030303030303,0.0454464949088438
3.35353535353535,37.030303030303,-0.0799846003104637
3.42121212121212,37.030303030303,-0.198808557982598
3.48888888888889,37.030303030303,-0.310695565246724
3.55656565656566,37.030303030303,-0.415423820487762
3.62424242424242,37.030303030303,-0.5130090100403
3.69191919191919,37.030303030303,-0.603498418474408
3.75959595959596,37.030303030303,-0.686939330360159
3.82727272727273,37.030303030303,-0.763379030267625
3.8949494949495,37.030303030303,-0.832864802766878
3.96262626262626,37.030303030303,-0.895443932427991
4.03030303030303,37.030303030303,-0.951163703821036
4.0979797979798,37.030303030303,-1.00007140151609
4.16565656565657,37.030303030303,-1.04221431008321
4.23333333333333,37.030303030303,-1.07763971409248
4.3010101010101,37.030303030303,-1.10639489811398
4.36868686868687,37.030303030303,-1.12852714671777
4.43636363636364,37.030303030303,-1.14408374447393
4.5040404040404,37.030303030303,-1.15311197595252
4.57171717171717,37.030303030303,-1.15565912572362
4.63939393939394,37.030303030303,-1.15177247835731
4.70707070707071,37.030303030303,-1.14149931842365
4.77474747474747,37.030303030303,-1.12488693049272
4.84242424242424,37.030303030303,-1.10198259913459
4.91010101010101,37.030303030303,-1.07283360891933
4.97777777777778,37.030303030303,-1.03748724441701
5.04545454545454,37.030303030303,-0.996012518560292
5.11313131313131,37.030303030303,-0.948726529843653
5.18080808080808,37.030303030303,-0.896104317695687
5.24848484848485,37.030303030303,-0.838623460514584
5.31616161616162,37.030303030303,-0.776761536698535
5.38383838383838,37.030303030303,-0.71099612464573
5.45151515151515,37.030303030303,-0.641804802754359
5.51919191919192,37.030303030303,-0.569665149422615
5.58686868686869,37.030303030303,-0.495054743048685
5.65454545454545,37.030303030303,-0.418451162030763
5.72222222222222,37.030303030303,-0.340331984767039
5.78989898989899,37.030303030303,-0.261174789655701
5.85757575757576,37.030303030303,-0.181457155094943
5.92525252525252,37.030303030303,-0.101656659482954
5.99292929292929,37.030303030303,-0.0222508812179244
6.06060606060606,37.030303030303,0.0562826013019542
6.12828282828283,37.030303030303,0.133466209678491
6.1959595959596,37.030303030303,0.208822365513498
6.26363636363636,37.030303030303,0.28187349040878
6.33131313131313,37.030303030303,0.352142005966151
6.3989898989899,37.030303030303,0.419150333787418
6.46666666666667,37.030303030303,0.482420895474391
6.53434343434343,37.030303030303,0.54147638522901
6.6020202020202,37.030303030303,0.595991100301942
6.66969696969697,37.030303030303,0.646042675785263
6.73737373737374,37.030303030303,0.691775083923798
6.8050505050505,37.030303030303,0.733332296962373
6.87272727272727,37.030303030303,0.770858287145816
6.94040404040404,37.030303030303,0.804497026718952
7.00808080808081,37.030303030303,0.834392487926605
7.07575757575758,37.030303030303,0.860688643013605
7.14343434343434,37.030303030303,0.883529464224776
7.21111111111111,37.030303030303,0.903058923804944
7.27878787878788,37.030303030303,0.919420993998936
7.34646464646465,37.030303030303,0.932759647051578
7.41414141414141,37.030303030303,0.943218855207697
7.48181818181818,37.030303030303,0.950942590712118
7.54949494949495,37.030303030303,0.956074825809667
7.61717171717172,37.030303030303,0.958759532745171
7.68484848484848,37.030303030303,0.959140683763456
7.75252525252525,37.030303030303,0.957362251109348
7.82020202020202,37.030303030303,0.953568207027674
7.88787878787879,37.030303030303,0.947902523763259
7.95555555555555,37.030303030303,0.94050917356093
8.02323232323232,37.030303030303,0.931532128665513
8.09090909090909,37.030303030303,0.921115361321833
8.15858585858586,37.030303030303,0.909402843774718
8.22626262626263,37.030303030303,0.896538548268994
8.29393939393939,37.030303030303,0.882666447049486
8.36161616161616,37.030303030303,0.867930512361021
8.42929292929293,37.030303030303,0.852474716448426
8.4969696969697,37.030303030303,0.836443031556525
8.56464646464647,37.030303030303,0.819979429930145
8.63232323232323,37.030303030303,0.803227883814114
8.7,37.030303030303,0.786332365453256
2,43.2020202020202,2.59844640138047
2.06767676767677,43.2020202020202,2.4287528413701
2.13535353535354,43.2020202020202,2.25941641549232
2.2030303030303,43.2020202020202,2.09079425787974
2.27070707070707,43.2020202020202,1.92324350266496
2.33838383838384,43.2020202020202,1.75712128398056
2.40606060606061,43.2020202020202,1.59278473595916
2.47373737373737,43.2020202020202,1.43059099273334
2.54141414141414,43.2020202020202,1.27089718843571
2.60909090909091,43.2020202020202,1.11406045719886
2.67676767676768,43.2020202020202,0.960437933155395
2.74444444444444,43.2020202020202,0.810386750437906
2.81212121212121,43.2020202020202,0.664264043178997
2.87979797979798,43.2020202020202,0.522426945511262
2.94747474747475,43.2020202020202,0.385232591567299
3.01515151515152,43.2020202020202,0.253038115479708
3.08282828282828,43.2020202020202,0.126200651381086
3.15050505050505,43.2020202020202,0.00507733340403149
3.21818181818182,43.2020202020202,-0.109974704318859
3.28585858585859,43.2020202020202,-0.218598327654987
3.35353535353535,43.2020202020202,-0.320436402471754
3.42121212121212,43.2020202020202,-0.415131794636563
3.48888888888889,43.2020202020202,-0.502328075679587
3.55656565656566,43.2020202020202,-0.581808922278463
3.62424242424242,43.2020202020202,-0.653666064998872
3.69191919191919,43.2020202020202,-0.718032221577883
3.75959595959596,43.2020202020202,-0.775040109752571
3.82727272727273,43.2020202020202,-0.824822447260008
3.8949494949495,43.2020202020202,-0.867511951837267
3.96262626262626,43.2020202020202,-0.903241341221423
4.03030303030303,43.2020202020202,-0.932143333149547
4.0979797979798,43.2020202020202,-0.954350645358714
4.16565656565657,43.2020202020202,-0.969995995585995
4.23333333333333,43.2020202020202,-0.979212101568463
4.3010101010101,43.2020202020202,-0.982131681043194
4.36868686868687,43.2020202020202,-0.978887451747258
4.43636363636364,43.2020202020202,-0.96961213141773
4.5040404040404,43.2020202020202,-0.954438437791683
4.57171717171717,43.2020202020202,-0.933499088606189
4.63939393939394,43.2020202020202,-0.906926801598322
4.70707070707071,43.2020202020202,-0.874854294505154
4.77474747474747,43.2020202020202,-0.837414285063758
4.84242424242424,43.2020202020202,-0.79473949101121
4.91010101010101,43.2020202020202,-0.746962630084579
4.97777777777778,43.2020202020202,-0.694216420020941
5.04545454545454,43.2020202020202,-0.636649488316558
5.11313131313131,43.2020202020202,-0.57459211359455
5.18080808080808,43.2020202020202,-0.508490220662542
5.24848484848485,43.2020202020202,-0.438791593391161
5.31616161616162,43.2020202020202,-0.365944015651032
5.38383838383838,43.2020202020202,-0.290395271312779
5.45151515151515,43.2020202020202,-0.212593144247029
5.51919191919192,43.2020202020202,-0.132985418324409
5.58686868686869,43.2020202020202,-0.0520198774155414
5.65454545454545,43.2020202020202,0.0298556946089466
5.72222222222222,43.2020202020202,0.112193513878428
5.78989898989899,43.2020202020202,0.19454579652228
5.85757575757576,43.2020202020202,0.276464758669875
5.92525252525252,43.2020202020202,0.357502616450588
5.99292929292929,43.2020202020202,0.437211585993794
6.06060606060606,43.2020202020202,0.515143883428867
6.12828282828283,43.2020202020202,0.59085172488518
6.1959595959596,43.2020202020202,0.66388732649211
6.26363636363636,43.2020202020202,0.733802904379029
6.33131313131313,43.2020202020202,0.800150674675313
6.3989898989899,43.2020202020202,0.862482853510337
6.46666666666667,43.2020202020202,0.920351657013473
6.53434343434343,43.2020202020202,0.973309569992082
6.6020202020202,43.2020202020202,1.02105849905103
6.66969696969697,43.2020202020202,1.06369788544748
6.73737373737374,43.2020202020202,1.10139255313831
6.8050505050505,43.2020202020202,1.13430732608035
6.87272727272727,43.2020202020202,1.16260702823046
6.94040404040404,43.2020202020202,1.1864564835455
7.00808080808081,43.2020202020202,1.20602051598233
7.07575757575758,43.2020202020202,1.2214639494978
7.14343434343434,43.2020202020202,1.23295160804875
7.21111111111111,43.2020202020202,1.24064831559205
7.27878787878788,43.2020202020202,1.24471889608456
7.34646464646465,43.2020202020202,1.24532817348312
7.41414141414141,43.2020202020202,1.24264097174459
7.48181818181818,43.2020202020202,1.23682211482582
7.54949494949495,43.2020202020202,1.22803642668368
7.61717171717172,43.2020202020202,1.216448731275
7.68484848484848,43.2020202020202,1.20222385255666
7.75252525252525,43.2020202020202,1.1855266144855
7.82020202020202,43.2020202020202,1.16652184101837
7.88787878787879,43.2020202020202,1.14537435611214
7.95555555555555,43.2020202020202,1.12224898372365
8.02323232323232,43.2020202020202,1.09731054780976
8.09090909090909,43.2020202020202,1.07072387232733
8.15858585858586,43.2020202020202,1.0426537812332
8.22626262626263,43.2020202020202,1.01326509848425
8.29393939393939,43.2020202020202,0.982722648037307
8.36161616161616,43.2020202020202,0.951191253849239
8.42929292929293,43.2020202020202,0.918835739876901
8.4969696969697,43.2020202020202,0.885820930077142
8.56464646464647,43.2020202020202,0.852311648406821
8.63232323232323,43.2020202020202,0.818472718822792
8.7,43.2020202020202,0.784468965281906
2,49.3737373737374,1.95706013728031
2.06767676767677,49.3737373737374,1.8059149167946
2.13535353535354,49.3737373737374,1.65515379611415
2.2030303030303,49.3737373737374,1.50516087504421
2.27070707070707,49.3737373737374,1.35632025339005
2.33838383838384,49.3737373737374,1.20901603095693
2.40606060606061,49.3737373737374,1.0636323075501
2.47373737373737,49.3737373737374,0.920553182974816
2.54141414141414,49.3737373737374,0.780162757036348
2.60909090909091,49.3737373737374,0.642845129539949
2.67676767676768,49.3737373737374,0.508984400290879
2.74444444444444,49.3737373737374,0.378964669094394
2.81212121212121,49.3737373737374,0.253170035755757
2.87979797979798,49.3737373737374,0.131984600080224
2.94747474747475,49.3737373737374,0.015792461873053
3.01515151515152,49.3737373737374,-0.0950222790604951
3.08282828282828,49.3737373737374,-0.200075522915162
3.15050505050505,49.3737373737374,-0.29898316988569
3.21818181818182,49.3737373737374,-0.39136112016682
3.28585858585859,49.3737373737374,-0.476825273953294
3.35353535353535,49.3737373737374,-0.554991531439852
3.42121212121212,49.3737373737374,-0.625475792821236
3.48888888888889,49.3737373737374,-0.687894831755841
3.55656565656566,49.3737373737374,-0.742038842916935
3.62424242424242,49.3737373737374,-0.788079327581188
3.69191919191919,49.3737373737374,-0.826238520613503
3.75959595959596,49.3737373737374,-0.85673865687878
3.82727272727273,49.3737373737374,-0.87980197124192
3.8949494949495,49.3737373737374,-0.895650698567823
3.96262626262626,49.3737373737374,-0.904507073721391
4.03030303030303,49.3737373737374,-0.906593331567525
4.0979797979798,49.3737373737374,-0.902131706971126
4.16565656565657,49.3737373737374,-0.891344434797094
4.23333333333333,49.3737373737374,-0.87445374991033
4.3010101010101,49.3737373737374,-0.851681887175738
4.36868686868687,49.3737373737374,-0.823251081458214
4.43636363636364,49.3737373737374,-0.789383567622662
4.5040404040404,49.3737373737374,-0.750301580533983
4.57171717171717,49.3737373737374,-0.706227355057076
4.63939393939394,49.3737373737374,-0.657383126056845
4.70707070707071,49.3737373737374,-0.603991128398188
4.77474747474747,49.3737373737374,-0.546273596946007
4.84242424242424,49.3737373737374,-0.484452766565204
4.91010101010101,49.3737373737374,-0.418750872120678
4.97777777777778,49.3737373737374,-0.349390148477331
5.04545454545454,49.3737373737374,-0.27660227320844
5.11313131313131,49.3737373737374,-0.20072673687153
5.18080808080808,49.3737373737374,-0.12217166797031
5.24848484848485,49.3737373737374,-0.041346298393492
5.31616161616162,49.3737373737374,0.0413401399702092
5.38383838383838,49.3737373737374,0.12547841523208
5.45151515151515,49.3737373737374,0.210659295503408
5.51919191919192,49.3737373737374,0.296473548895475
5.58686868686869,49.3737373737374,0.382511943519572
5.65454545454545,49.3737373737374,0.468365247486982
5.72222222222222,49.3737373737374,0.553624228908991
5.78989898989899,49.3737373737374,0.637879655896887
5.85757575757576,49.3737373737374,0.720722296561955
5.92525252525252,49.3737373737374,0.801742919015479
5.99292929292929,49.3737373737374,0.880532291368749
6.06060606060606,49.3737373737374,0.956681181733047
6.12828282828283,49.3737373737374,1.02978035821966
6.1959595959596,49.3737373737374,1.09942058893988
6.26363636363636,49.3737373737374,1.16519264200498
6.33131313131313,49.3737373737374,1.22668728552626
6.3989898989899,49.3737373737374,1.283495287615
6.46666666666667,49.3737373737374,1.33520741638249
6.53434343434343,49.3737373737374,1.38141469936181
6.6020202020202,49.3737373737374,1.4218524381746
6.66969696969697,49.3737373737374,1.45663977368547
6.73737373737374,49.3737373737374,1.48595897696866
6.8050505050505,49.3737373737374,1.50999231909844
6.87272727272727,49.3737373737374,1.52892207114907
6.94040404040404,49.3737373737374,1.54293050419478
7.00808080808081,49.3737373737374,1.55219988930985
7.07575757575758,49.3737373737374,1.55691249756853
7.14343434343434,49.3737373737374,1.55725060004507
7.21111111111111,49.3737373737374,1.55339646781374
7.27878787878788,49.3737373737374,1.54553237194877
7.34646464646465,49.3737373737374,1.53384058352444
7.41414141414141,49.3737373737374,1.51850337361499
7.48181818181818,49.3737373737374,1.49970301329468
7.54949494949495,49.3737373737374,1.47762177363777
7.61717171717172,49.3737373737374,1.45244192571852
7.68484848484848,49.3737373737374,1.42434574061117
7.75252525252525,49.3737373737374,1.39351548938999
7.82020202020202,49.3737373737374,1.36013344312923
7.88787878787879,49.3737373737374,1.32438187290314
7.95555555555555,49.3737373737374,1.28644304978599
8.02323232323232,49.3737373737374,1.24649924485202
8.09090909090909,49.3737373737374,1.2047327291755
8.15858585858586,49.3737373737374,1.16132577383068
8.22626262626263,49.3737373737374,1.11646064989181
8.29393939393939,49.3737373737374,1.07031962843315
8.36161616161616,49.3737373737374,1.02308498052895
8.42929292929293,49.3737373737374,0.974938977253481
8.4969696969697,49.3737373737374,0.926063889680985
8.56464646464647,49.3737373737374,0.876641988885722
8.63232323232323,49.3737373737374,0.82685554594195
8.7,49.3737373737374,0.77688683192392
2,55.5454545454545,1.32260243796681
2.06767676767677,55.5454545454545,1.19031323849519
2.13535353535354,55.5454545454545,1.05843317428704
2.2030303030303,55.5454545454545,0.927371380605807
2.27070707070707,55.5454545454545,0.79753699271496
2.33838383838384,55.5454545454545,0.669339145877957
2.40606060606061,55.5454545454545,0.543186975358261
2.47373737373737,55.5454545454545,0.419489616419333
2.54141414141414,55.5454545454545,0.298656204324635
2.60909090909091,55.5454545454545,0.181095874337627
2.67676767676768,55.5454545454545,0.0672177617217721
2.74444444444444,55.5454545454545,-0.0425689982594708
2.81212121212121,55.5454545454545,-0.147855270342638
2.87979797979798,55.5454545454545,-0.248231919264269
2.94747474747475,55.5454545454545,-0.343289809760903
3.01515151515152,55.5454545454545,-0.432619806569078
3.08282828282828,55.5454545454545,-0.515812774425332
3.15050505050505,55.5454545454545,-0.592459578066206
3.21818181818182,55.5454545454545,-0.662151082228236
3.28585858585859,55.5454545454545,-0.724478151647962
3.35353535353535,55.5454545454545,-0.779031651061923
3.42121212121212,55.5454545454545,-0.825402445206657
3.48888888888889,55.5454545454545,-0.863182437630812
3.55656565656566,55.5454545454545,-0.892169781850699
3.62424242424242,55.5454545454545,-0.912616120105888
3.69191919191919,55.5454545454545,-0.92483343219619
3.75959595959596,55.5454545454545,-0.929133697921415
3.82727272727273,55.5454545454545,-0.925828897081372
3.8949494949495,55.5454545454545,-0.915231009475873
3.96262626262626,55.5454545454545,-0.897652014904727
4.03030303030303,55.5454545454545,-0.873403893167745
4.0979797979798,55.5454545454545,-0.842798624064736
4.16565656565657,55.5454545454545,-0.806148187395513
4.23333333333333,55.5454545454545,-0.763764562959883
4.3010101010101,55.5454545454545,-0.715959730557659
4.36868686868687,55.5454545454545,-0.663045669988649
4.43636363636364,55.5454545454545,-0.605334361052664
4.5040404040404,55.5454545454545,-0.543137783549515
4.57171717171717,55.5454545454545,-0.476767917279011
4.63939393939394,55.5454545454545,-0.406536742040964
4.70707070707071,55.5454545454545,-0.332756237635182
4.77474747474747,55.5454545454545,-0.255738383861477
4.84242424242424,55.5454545454545,-0.175795160519659
4.91010101010101,55.5454545454545,-0.0932385474095371
4.97777777777778,55.5454545454545,-0.00838052433092253
5.04545454545454,55.5454545454545,0.0784643135690897
5.11313131313131,55.5454545454545,0.16695151017722
5.18080808080808,55.5454545454545,0.256717598725721
5.24848484848485,55.5454545454545,0.347398806842264
5.31616161616162,55.5454545454545,0.438631362154517
5.38383838383838,55.5454545454545,0.530051492290153
5.45151515151515,55.5454545454545,0.621295424876839
5.51919191919192,55.5454545454545,0.711999387542245
5.58686868686869,55.5454545454545,0.801799607914042
5.65454545454545,55.5454545454545,0.890332313619899
5.72222222222222,55.5454545454545,0.977233732287485
5.78989898989899,55.5454545454545,1.06214009154447
5.85757575757576,55.5454545454545,1.14468761901852
5.92525252525252,55.5454545454545,1.22451254233732
5.99292929292929,55.5454545454545,1.30125108912852
6.06060606060606,55.5454545454545,1.3745394870198
6.12828282828283,55.5454545454545,1.44401396363883
6.1959595959596,55.5454545454545,1.50931074661327
6.26363636363636,55.5454545454545,1.5700660635708
6.33131313131313,55.5454545454545,1.62591614213909
6.3989898989899,55.5454545454545,1.67649720994581
6.46666666666667,55.5454545454545,1.72144549461862
6.53434343434343,55.5454545454545,1.76039746944131
6.6020202020202,55.5454545454545,1.79312622617801
6.66969696969697,55.5454545454545,1.81976832819462
6.73737373737374,55.5454545454545,1.84052011919181
6.8050505050505,55.5454545454545,1.8555779428702
6.87272727272727,55.5454545454545,1.86513814293047
6.94040404040404,55.5454545454545,1.86939706307324
7.00808080808081,55.5454545454545,1.86855104699917
7.07575757575758,55.5454545454545,1.86279643840891
7.14343434343434,55.5454545454545,1.8523295810031
7.21111111111111,55.5454545454545,1.83734681848239
7.27878787878788,55.5454545454545,1.81804449454744
7.34646464646465,55.5454545454545,1.79461895289888
7.41414141414141,55.5454545454545,1.76726653723737
7.48181818181818,55.5454545454545,1.73618359126355
7.54949494949495,55.5454545454545,1.70156645867807
7.61717171717172,55.5454545454545,1.66361148318158
7.68484848484848,55.5454545454545,1.62251500847472
7.75252525252525,55.5454545454545,1.57847337825815
7.82020202020202,55.5454545454545,1.53168293623251
7.88787878787879,55.5454545454545,1.48234002609845
7.95555555555555,55.5454545454545,1.43064099155662
8.02323232323232,55.5454545454545,1.37678217630766
8.09090909090909,55.5454545454545,1.32095992405223
8.15858585858586,55.5454545454545,1.26337057849096
8.22626262626263,55.5454545454545,1.20421048332451
8.29393939393939,55.5454545454545,1.14367598225353
8.36161616161616,55.5454545454545,1.08196341897866
8.42929292929293,55.5454545454545,1.01926913720056
8.4969696969697,55.5454545454545,0.955789480619862
8.56464646464647,55.5454545454545,0.89172079293722
8.63232323232323,55.5454545454545,0.827259417853287
8.7,55.5454545454545,0.762601699068702
2,61.7171717171717,0.697215742555688
2.06767676767677,61.7171717171717,0.584354929459455
2.13535353535354,61.7171717171717,0.471924238238548
2.2030303030303,61.7171717171717,0.360353790768293
2.27070707070707,61.7171717171717,0.250073708924017
2.33838383838384,61.7171717171717,0.141514114581046
2.40606060606061,61.7171717171717,0.0351051296147051
2.47373737373737,61.7171717171717,-0.0687231240996778
2.54141414141414,61.7171717171717,-0.169540524686777
2.60909090909091,61.7171717171717,-0.266916950271267
2.67676767676768,61.7171717171717,-0.360422278977821
2.74444444444444,61.7171717171717,-0.449626388931114
2.81212121212121,61.7171717171717,-0.534099158255818
2.87979797979798,61.7171717171717,-0.613410465076608
2.94747474747475,61.7171717171717,-0.687130187518157
3.01515151515152,61.7171717171717,-0.754828203705139
3.08282828282828,61.7171717171717,-0.816074391762229
3.15050505050505,61.7171717171717,-0.870438629814098
3.21818181818182,61.7171717171717,-0.917490795985423
3.28585858585859,61.7171717171717,-0.956800768400877
3.35353535353535,61.7171717171717,-0.987938425185132
3.42121212121212,61.7171717171717,-1.01047364446286
3.48888888888889,61.7171717171717,-1.02397749745983
3.55656565656566,61.7171717171717,-1.02825793852728
3.62424242424242,61.7171717171717,-1.02364376489161
3.69191919191919,61.7171717171717,-1.01053307294087
3.75959595959596,61.7171717171717,-0.989323959063103
3.82727272727273,61.7171717171717,-0.960414519646377
3.8949494949495,61.7171717171717,-0.924202851078745
3.96262626262626,61.7171717171717,-0.881087049748262
4.03030303030303,61.7171717171717,-0.831465212042981
4.0979797979798,61.7171717171717,-0.77573543435096
4.16565656565657,61.7171717171717,-0.714295813060254
4.23333333333333,61.7171717171717,-0.647544444558917
4.3010101010101,61.7171717171717,-0.575879425235005
4.36868686868687,61.7171717171717,-0.499698851476574
4.43636363636364,61.7171717171717,-0.419400819671679
4.5040404040404,61.7171717171717,-0.335383426208375
4.57171717171717,61.7171717171717,-0.248044767474717
4.63939393939394,61.7171717171717,-0.157782939858763
4.70707070707071,61.7171717171717,-0.0649960397485644
4.77474747474747,61.7171717171717,0.0299178364678206
4.84242424242424,61.7171717171717,0.126560592402337
4.91010101010101,61.7171717171717,0.224534131666931
4.97777777777778,61.7171717171717,0.323440357873545
5.04545454545454,61.7171717171717,0.422885458821061
5.11313131313131,61.7171717171717,0.522524537403518
5.18080808080808,61.7171717171717,0.622043837770263
5.24848484848485,61.7171717171717,0.721130104679947
5.31616161616162,61.7171717171717,0.819470082891223
5.38383838383838,61.7171717171717,0.916750517162741
5.45151515151515,61.7171717171717,1.01265815225315
5.51919191919192,61.7171717171717,1.10687973292111
5.58686868686869,61.7171717171717,1.19910200392526
5.65454545454545,61.7171717171717,1.28901171002425
5.72222222222222,61.7171717171717,1.37629559597674
5.78989898989899,61.7171717171717,1.46064040654138
5.85757575757576,61.7171717171717,1.54173288647682
5.92525252525252,61.7171717171717,1.6192597805417
5.99292929292929,61.7171717171717,1.69290783349469
6.06060606060606,61.7171717171717,1.76236379009442
6.12828282828283,61.7171717171717,1.82731439509956
6.1959595959596,61.7171717171717,1.88744639326875
6.26363636363636,61.7171717171717,1.94244652936064
6.33131313131313,61.7171717171717,1.99200154813389
6.3989898989899,61.7171717171717,2.03579819434714
6.46666666666667,61.7171717171717,2.07352321275905
6.53434343434343,61.7171717171717,2.10486357633374
6.6020202020202,61.7171717171717,2.1296331715666
6.66969696969697,61.7171717171717,2.14798353667036
6.73737373737374,61.7171717171717,2.16012174358467
6.8050505050505,61.7171717171717,2.16625486424916
6.87272727272727,61.7171717171717,2.1665899706035
6.94040404040404,61.7171717171717,2.16133413458732
7.00808080808081,61.7171717171717,2.15069442814027
7.07575757575758,61.7171717171717,2.13487792320201
7.14343434343434,61.7171717171717,2.11409169171219
7.21111111111111,61.7171717171717,2.08854280561045
7.27878787878788,61.7171717171717,2.05843833683644
7.34646464646465,61.7171717171717,2.0239853573298
7.41414141414141,61.7171717171717,1.9853909390302
7.48181818181818,61.7171717171717,1.94286215387727
7.54949494949495,61.7171717171717,1.89660607381067
7.61717171717172,61.7171717171717,1.84682977077004
7.68484848484848,61.7171717171717,1.79374031669503
7.75252525252525,61.7171717171717,1.7375447835253
7.82020202020202,61.7171717171717,1.67845024320048
7.88787878787879,61.7171717171717,1.61666376766023
7.95555555555555,61.7171717171717,1.5523924288442
8.02323232323232,61.7171717171717,1.48584329869203
8.09090909090909,61.7171717171717,1.41722344914338
8.15858585858586,61.7171717171717,1.34673995213789
8.22626262626263,61.7171717171717,1.27459987961521
8.29393939393939,61.7171717171717,1.20101030351499
8.36161616161616,61.7171717171717,1.12617829577688
8.42929292929293,61.7171717171717,1.05031092834053
8.4969696969697,61.7171717171717,0.973615273145581
8.56464646464647,61.7171717171717,0.896298402131686
8.63232323232323,61.7171717171717,0.818567387238498
8.7,61.7171717171717,0.740629300405657
2,67.8888888888889,0.0830424901626839
2.06767676767677,67.8888888888889,-0.00955288732502885
2.13535353535354,67.8888888888889,-0.101703323803768
2.2030303030303,67.8888888888889,-0.192963878264561
2.27070707070707,67.8888888888889,-0.282889609698432
2.33838383838384,67.8888888888889,-0.371035577096408
2.40606060606061,67.8888888888889,-0.456956839449517
2.47373737373737,67.8888888888889,-0.540208455748784
2.54141414141414,67.8888888888889,-0.620345484985235
2.60909090909091,67.8888888888889,-0.696922986149897
2.67676767676768,67.8888888888889,-0.769496018233797
2.74444444444444,67.8888888888889,-0.83761964022796
2.81212121212121,67.8888888888889,-0.900848911123413
2.87979797979798,67.8888888888889,-0.958738889911183
2.94747474747475,67.8888888888889,-1.0108446355823
3.01515151515152,67.8888888888889,-1.05672120712778
3.08282828282828,67.8888888888889,-1.09592366353865
3.15050505050505,67.8888888888889,-1.12800706380595
3.21818181818182,67.8888888888889,-1.1525264669207
3.28585858585859,67.8888888888889,-1.16903693187392
3.35353535353535,67.8888888888889,-1.17709351765664
3.42121212121212,67.8888888888889,-1.17625128325989
3.48888888888889,67.8888888888889,-1.16606661539821
3.55656565656566,67.8888888888889,-1.14635951239421
3.62424242424242,67.8888888888889,-1.11752958425699
3.69191919191919,67.8888888888889,-1.08005355946245
3.75959595959596,67.8888888888889,-1.03440816648647
3.82727272727273,67.8888888888889,-0.981070133804947
3.8949494949495,67.8888888888889,-0.920516189893769
3.96262626262626,67.8888888888889,-0.853223063228826
4.03030303030303,67.8888888888889,-0.779667482286009
4.0979797979798,67.8888888888889,-0.70032617554121
4.16565656565657,67.8888888888889,-0.61567587147032
4.23333333333333,67.8888888888889,-0.526193298549228
4.3010101010101,67.8888888888889,-0.432355185253825
4.36868686868687,67.8888888888889,-0.334638260060002
4.43636363636364,67.8888888888889,-0.233519251443651
4.5040404040404,67.8888888888889,-0.12947488788066
4.57171717171717,67.8888888888889,-0.0229818978469216
4.63939393939394,67.8888888888889,0.0854829901816727
4.70707070707071,67.8888888888889,0.195443047729235
4.77474747474747,67.8888888888889,0.306421546319873
4.84242424242424,67.8888888888889,0.417941757477695
4.91010101010101,67.8888888888889,0.529526952726812
4.97777777777778,67.8888888888889,0.640700403591333
5.04545454545454,67.8888888888889,0.750996349352502
5.11313131313131,67.8888888888889,0.860074254659178
5.18080808080808,67.8888888888889,0.967673307508026
5.24848484848485,67.8888888888889,1.0735339774834
5.31616161616162,67.8888888888889,1.17739673416966
5.38383838383838,67.8888888888889,1.27900204715115
5.45151515151515,67.8888888888889,1.37809038601224
5.51919191919192,67.8888888888889,1.47440222033727
5.58686868686869,67.8888888888889,1.5676780197106
5.65454545454545,67.8888888888889,1.65765825371659
5.72222222222222,67.8888888888889,1.7440833919396
5.78989898989899,67.8888888888889,1.82669390396397
5.85757575757576,67.8888888888889,1.90523025937406
5.92525252525252,67.8888888888889,1.97943292775423
5.99292929292929,67.8888888888889,2.04904237868883
6.06060606060606,67.8888888888889,2.11379908176222
6.12828282828283,67.8888888888889,2.17344350655875
6.1959595959596,67.8888888888889,2.22771612266278
6.26363636363636,67.8888888888889,2.27635739965866
6.33131313131313,67.8888888888889,2.31910780713074
6.3989898989899,67.8888888888889,2.35570781466339
6.46666666666667,67.8888888888889,2.38589789184095
6.53434343434343,67.8888888888889,2.40941871614221
6.6020202020202,67.8888888888889,2.42612658284574
6.66969696969697,67.8888888888889,2.43618538680811
6.73737373737374,67.8888888888889,2.43980961392419
6.8050505050505,67.8888888888889,2.43721375008886
6.87272727272727,67.8888888888889,2.42861228119699
6.94040404040404,67.8888888888889,2.41421969314346
7.00808080808081,67.8888888888889,2.39425047182316
7.07575757575758,67.8888888888889,2.36891910313094
7.14343434343434,67.8888888888889,2.3384400729617
7.21111111111111,67.8888888888889,2.3030278672103
7.27878787878788,67.8888888888889,2.26289697177163
7.34646464646465,67.8888888888889,2.21826187254055
7.41414141414141,67.8888888888889,2.16933705541195
7.48181818181818,67.8888888888889,2.1163370062807
7.54949494949495,67.8888888888889,2.05947621104168
7.61717171717172,67.8888888888889,1.99896915558976
7.68484848484848,67.8888888888889,1.93503032581982
7.75252525252525,67.8888888888889,1.86787420762674
7.82020202020202,67.8888888888889,1.79771528690539
7.88787878787879,67.8888888888889,1.72476804955065
7.95555555555555,67.8888888888889,1.64924698145739
8.02323232323232,67.8888888888889,1.5713665685205
8.09090909090909,67.8888888888889,1.49134129663484
8.15858585858586,67.8888888888889,1.40938565169529
8.22626262626263,67.8888888888889,1.32571411959674
8.29393939393939,67.8888888888889,1.24054118623405
8.36161616161616,67.8888888888889,1.15408133750211
8.42929292929293,67.8888888888889,1.06654905929578
8.4969696969697,67.8888888888889,0.97815883750995
8.56464646464647,67.8888888888889,0.889125158039488
8.63232323232323,67.8888888888889,0.799662506779279
8.7,67.8888888888889,0.709985369624188
2,74.0606060606061,-0.518020159716892
2.06767676767677,74.0606060606061,-0.589292606004381
2.13535353535354,74.0606060606061,-0.660113261068548
2.2030303030303,74.0606060606061,-0.730030333686072
2.27070707070707,74.0606060606061,-0.79859203263363
2.33838383838384,74.0606060606061,-0.865346566687901
2.40606060606061,74.0606060606061,-0.929842144625563
2.47373737373737,74.0606060606061,-0.991626975223294
2.54141414141414,74.0606060606061,-1.05024926725777
2.60909090909091,74.0606060606061,-1.10525722950568
2.67676767676768,74.0606060606061,-1.15619907074368
2.74444444444444,74.0606060606061,-1.20262299974847
2.81212121212121,74.0606060606061,-1.24407722529672
2.87979797979798,74.0606060606061,-1.28010995616511
2.94747474747475,74.0606060606061,-1.31026940113031
3.01515151515152,74.0606060606061,-1.33410376896901
3.08282828282828,74.0606060606061,-1.35116126845788
3.15050505050505,74.0606060606061,-1.3609901083736
3.21818181818182,74.0606060606061,-1.36313849749285
3.28585858585859,74.0606060606061,-1.35715464459231
3.35353535353535,74.0606060606061,-1.34258675844865
3.42121212121212,74.0606060606061,-1.31898304783856
3.48888888888889,74.0606060606061,-1.2858931568464
3.55656565656566,74.0606060606061,-1.24315170136439
3.62424242424242,74.0606060606061,-1.19121987435905
3.69191919191919,74.0606060606061,-1.13064223610024
3.75959595959596,74.0606060606061,-1.06196334685784
3.82727272727273,74.0606060606061,-0.985727766901703
3.8949494949495,74.0606060606061,-0.902480056501716
3.96262626262626,74.0606060606061,-0.812764775927744
4.03030303030303,74.0606060606061,-0.717126485449658
4.0979797979798,74.0606060606061,-0.616109745337328
4.16565656565657,74.0606060606061,-0.510259115860627
4.23333333333333,74.0606060606061,-0.400119157289424
4.3010101010101,74.0606060606061,-0.286234429893587
4.36868686868687,74.0606060606061,-0.16914949394299
4.43636363636364,74.0606060606061,-0.0494089097075047
4.5040404040404,74.0606060606061,0.0724427625430022
4.57171717171717,74.0606060606061,0.195860962538658
4.63939393939394,74.0606060606061,0.32030113000959
4.70707070707071,74.0606060606061,0.445218704685932
4.77474747474747,74.0606060606061,0.57006912629781
4.84242424242424,74.0606060606061,0.694307834575354
4.91010101010101,74.0606060606061,0.817390269248695
4.97777777777778,74.0606060606061,0.938771870047961
5.04545454545454,74.0606060606061,1.05792526164294
5.11313131313131,74.0606060606061,1.17451927931966
5.18080808080808,74.0606060606061,1.2883476736868
5.24848484848485,74.0606060606061,1.39920620342151
5.31616161616162,74.0606060606061,1.50689062720094
5.38383838383838,74.0606060606061,1.61119670370223
5.45151515151515,74.0606060606061,1.71192019160252
5.51919191919192,74.0606060606061,1.80885684957895
5.58686868686869,74.0606060606061,1.90180243630868
5.65454545454545,74.0606060606061,1.99055271046884
5.72222222222222,74.0606060606061,2.07490343073657
5.78989898989899,74.0606060606061,2.15465035578903
5.85757575757576,74.0606060606061,2.22958924430336
5.92525252525252,74.0606060606061,2.29951585495669
5.99292929292929,74.0606060606061,2.36422594642618
6.06060606060606,74.0606060606061,2.42351527738896
6.12828282828283,74.0606060606061,2.47717960652218
6.1959595959596,74.0606060606061,2.52501469250299
6.26363636363636,74.0606060606061,2.56681629400853
6.33131313131313,74.0606060606061,2.60238016971594
6.3989898989899,74.0606060606061,2.63150207830236
6.46666666666667,74.0606060606061,2.65397777844495
6.53434343434343,74.0606060606061,2.66960321428609
6.6020202020202,74.0606060606061,2.6782774740775
6.66969696969697,74.0606060606061,2.68017405956557
6.73737373737374,74.0606060606061,2.67551160540525
6.8050505050505,74.0606060606061,2.66450874625147
6.87272727272727,74.0606060606061,2.64738411675919
6.94040404040404,74.0606060606061,2.62435635158336
7.00808080808081,74.0606060606061,2.59564408537891
7.07575757575758,74.0606060606061,2.56146595280081
7.14343434343434,74.0606060606061,2.52204058850399
7.21111111111111,74.0606060606061,2.47758662714339
7.27878787878788,74.0606060606061,2.42832270337398
7.34646464646465,74.0606060606061,2.37446745185069
7.41414141414141,74.0606060606061,2.31623950722846
7.48181818181818,74.0606060606061,2.25385750416226
7.54949494949495,74.0606060606061,2.18754007730701
7.61717171717172,74.0606060606061,2.11750586131768
7.68484848484848,74.0606060606061,2.0439734908492
7.75252525252525,74.0606060606061,1.96716160055652
7.82020202020202,74.0606060606061,1.8872888250946
7.88787878787879,74.0606060606061,1.80457379911836
7.95555555555555,74.0606060606061,1.71923515728277
8.02323232323232,74.0606060606061,1.63149153424277
8.09090909090909,74.0606060606061,1.5415615646533
8.15858585858586,74.0606060606061,1.44966388316932
8.22626262626263,74.0606060606061,1.35601712444576
8.29393939393939,74.0606060606061,1.26083992313758
8.36161616161616,74.0606060606061,1.16435091389971
8.42929292929293,74.0606060606061,1.06676873138712
8.4969696969697,74.0606060606061,0.968312010254738
8.56464646464647,74.0606060606061,0.869199385157515
8.63232323232323,74.0606060606061,0.769649490750405
8.7,74.0606060606061,0.669880961688343
2,80.2323232323232,-1.10539774164625
2.06767676767677,80.2323232323232,-1.15430786984902
2.13535353535354,80.2323232323232,-1.20276741649248
2.2030303030303,80.2323232323232,-1.25032580001729
2.27070707070707,80.2323232323232,-1.29653243886413
2.33838383838384,80.2323232323232,-1.34093675147369
2.40606060606061,80.2323232323232,-1.38308815628664
2.47373737373737,80.2323232323232,-1.42253607174367
2.54141414141414,80.2323232323232,-1.45882991628544
2.60909090909091,80.2323232323232,-1.49151910835264
2.67676767676768,80.2323232323232,-1.52015306638595
2.74444444444444,80.2323232323232,-1.54428120882604
2.81212121212121,80.2323232323232,-1.5634529541136
2.87979797979798,80.2323232323232,-1.5772177206893
2.94747474747475,80.2323232323232,-1.58512492699382
3.01515151515152,80.2323232323232,-1.58672399146784
3.08282828282828,80.2323232323232,-1.58156433255204
3.15050505050505,80.2323232323232,-1.56919536868709
3.21818181818182,80.2323232323232,-1.54916651831368
3.28585858585859,80.2323232323232,-1.52102719987248
3.35353535353535,80.2323232323232,-1.48432683180418
3.42121212121212,80.2323232323232,-1.43861483254944
3.48888888888889,80.2323232323232,-1.38344213569266
3.55656565656566,80.2323232323232,-1.31866049759256
3.62424242424242,80.2323232323232,-1.24478310373392
3.69191919191919,80.2323232323232,-1.16241114403842
3.75959595959596,80.2323232323232,-1.07214580842775
3.82727272727273,80.2323232323232,-0.974588286823614
3.8949494949495,80.2323232323232,-0.870339769147697
3.96262626262626,80.2323232323232,-0.760001445321691
4.03030303030303,80.2323232323232,-0.644174505267287
4.0979797979798,80.2323232323232,-0.523460138906175
4.16565656565657,80.2323232323232,-0.398459536160051
4.23333333333333,80.2323232323232,-0.269773886950604
4.3010101010101,80.2323232323232,-0.138004381199522
4.36868686868687,80.2323232323232,-0.00375220882850022
4.43636363636364,80.2323232323232,0.132381440240769
4.5040404040404,80.2323232323232,0.269795376086598
4.57171717171717,80.2323232323232,0.407888408787293
4.63939393939394,80.2323232323232,0.546059348421162
4.70707070707071,80.2323232323232,0.683707005066515
4.77474747474747,80.2323232323232,0.820230188801661
4.84242424242424,80.2323232323232,0.955027709704905
4.91010101010101,80.2323232323232,1.08749837785456
4.97777777777778,80.2323232323232,1.21704100332893
5.04545454545454,80.2323232323232,1.34307728489084
5.11313131313131,80.2323232323232,1.46529025494633
5.18080808080808,80.2323232323232,1.58352932108037
5.24848484848485,80.2323232323232,1.69764656543167
5.31616161616162,80.2323232323232,1.80749407013895
5.38383838383838,80.2323232323232,1.91292391734093
5.45151515151515,80.2323232323232,2.01378818917634
5.51919191919192,80.2323232323232,2.10993896778389
5.58686868686869,80.2323232323232,2.2012283353023
5.65454545454545,80.2323232323232,2.2875083738703
5.72222222222222,80.2323232323232,2.3686311656266
5.78989898989899,80.2323232323232,2.44444879270993
5.85757575757576,80.2323232323232,2.514813337259
5.92525252525252,80.2323232323232,2.57957688141254
5.99292929292929,80.2323232323232,2.63859150730926
6.06060606060606,80.2323232323232,2.69170929708789
6.12828282828283,80.2323232323232,2.73878233288715
6.1959595959596,80.2323232323232,2.77966269684575
6.26363636363636,80.2323232323232,2.81420247110243
6.33131313131313,80.2323232323232,2.84225373779589
6.3989898989899,80.2323232323232,2.86366857906486
6.46666666666667,80.2323232323232,2.87829907704806
6.53434343434343,80.2323232323232,2.88599747510102
6.6020202020202,80.2323232323232,2.88670567523157
6.66969696969697,80.2323232323232,2.88060411506787
6.73737373737374,80.2323232323232,2.86791246429684
6.8050505050505,80.2323232323232,2.84885039260538
6.87272727272727,80.2323232323232,2.82363756968042
6.94040404040404,80.2323232323232,2.79249366520886
7.00808080808081,80.2323232323232,2.75563834887761
7.07575757575758,80.2323232323232,2.71329129037359
7.14343434343434,80.2323232323232,2.6656721593837
7.21111111111111,80.2323232323232,2.61300062559485
7.27878787878788,80.2323232323232,2.55549635869396
7.34646464646465,80.2323232323232,2.49337902836794
7.41414141414141,80.2323232323232,2.4268683043037
7.48181818181818,80.2323232323232,2.35618385618815
7.54949494949495,80.2323232323232,2.28154535370819
7.61717171717172,80.2323232323232,2.20317246655075
7.68484848484848,80.2323232323232,2.12128486440274
7.75252525252525,80.2323232323232,2.03610221695105
7.82020202020202,80.2323232323232,1.94784419388261
7.88787878787879,80.2323232323232,1.85673046488433
7.95555555555555,80.2323232323232,1.76298069964312
8.02323232323232,80.2323232323232,1.66681456784588
8.09090909090909,80.2323232323232,1.56845173917953
8.15858585858586,80.2323232323232,1.46811188333098
8.22626262626263,80.2323232323232,1.36601466998715
8.29393939393939,80.2323232323232,1.26237976883493
8.36161616161616,80.2323232323232,1.15742684956125
8.42929292929293,80.2323232323232,1.05137558185302
8.4969696969697,80.2323232323232,0.94444563539714
8.56464646464647,80.2323232323232,0.836856679880525
8.63232323232323,80.2323232323232,0.728828384990094
8.7,80.2323232323232,0.620580420412746
2,86.4040404040404,-1.67895965957336
2.06767676767677,86.4040404040404,-1.70456624577129
2.13535353535354,86.4040404040404,-1.7297310369081
2.2030303030303,86.4040404040404,-1.75401223792269
2.27070707070707,86.4040404040404,-1.77696805375394
2.33838383838384,86.4040404040404,-1.79815668934074
2.40606060606061,86.4040404040404,-1.81713634962198
2.47373737373737,86.4040404040404,-1.83346523953655
2.54141414141414,86.4040404040404,-1.84670156402333
2.60909090909091,86.4040404040404,-1.85640352802122
2.67676767676768,86.4040404040404,-1.8621293364691
2.74444444444444,86.4040404040404,-1.86343719430586
2.81212121212121,86.4040404040404,-1.85988530647038
2.87979797979798,86.4040404040404,-1.85103187790156
2.94747474747475,86.4040404040404,-1.83643511353828
3.01515151515152,86.4040404040404,-1.81565321831943
3.08282828282828,86.4040404040404,-1.7882443971839
3.15050505050505,86.4040404040404,-1.75376685507057
3.21818181818182,86.4040404040404,-1.71177879691834
3.28585858585859,86.4040404040404,-1.66183842766609
3.35353535353535,86.4040404040404,-1.60350395225271
3.42121212121212,86.4040404040404,-1.53633357561709
3.48888888888889,86.4040404040404,-1.45988707145531
3.55656565656566,86.4040404040404,-1.37403568087751
3.62424242424242,86.4040404040404,-1.27933547884634
3.69191919191919,86.4040404040404,-1.17643365880593
3.75959595959596,86.4040404040404,-1.0659774142004
3.82727272727273,86.4040404040404,-0.948613938473889
3.8949494949495,86.4040404040404,-0.824990425070513
3.96262626262626,86.4040404040404,-0.695754067434401
4.03030303030303,86.4040404040404,-0.561552059009681
4.0979797979798,86.4040404040404,-0.423031593240478
4.16565656565657,86.4040404040404,-0.280839863570924
4.23333333333333,86.4040404040404,-0.135624063445141
4.3010101010101,86.4040404040404,0.0119686136927449
4.36868686868687,86.4040404040404,0.161290974398604
4.43636363636364,86.4040404040404,0.311695825228309
4.5040404040404,86.4040404040404,0.462535972737737
4.57171717171717,86.4040404040404,0.613164223482758
4.63939393939394,86.4040404040404,0.762933384019244
4.70707070707071,86.4040404040404,0.911196260903072
4.77474747474747,86.4040404040404,1.05730566069011
4.84242424242424,86.4040404040404,1.20061438993624
4.91010101010101,86.4040404040404,1.34047525519733
4.97777777777778,86.4040404040404,1.47624106302925
5.04545454545454,86.4040404040404,1.60729272017761
5.11313131313131,86.4040404040404,1.73333196986769
5.18080808080808,86.4040404040404,1.85426481232756
5.24848484848485,86.4040404040404,1.97000053130593
5.31616161616162,86.4040404040404,2.08044841055153
5.38383838383838,86.4040404040404,2.18551773381307
5.45151515151515,86.4040404040404,2.28511778483929
5.51919191919192,86.4040404040404,2.37915784737889
5.58686868686869,86.4040404040404,2.46754720518062
5.65454545454545,86.4040404040404,2.55019514199318
5.72222222222222,86.4040404040404,2.62701094156529
5.78989898989899,86.4040404040404,2.69790388764569
5.85757575757576,86.4040404040404,2.76278326398309
5.92525252525252,86.4040404040404,2.82155835432622
5.99292929292929,86.4040404040404,2.87413844242379
6.06060606060606,86.4040404040404,2.92043281202454
6.12828282828283,86.4040404040404,2.96035074687717
6.1959595959596,86.4040404040404,2.99380153073042
6.26363636363636,86.4040404040404,3.020694447333
6.33131313131313,86.4040404040404,3.04093878043364
6.3989898989899,86.4040404040404,3.05444381378107
6.46666666666667,86.4040404040404,3.06111883112399
6.53434343434343,86.4040404040404,3.06087325151025
6.6020202020202,86.4040404040404,3.0536917388446
6.66969696969697,86.4040404040404,3.03975914494634
6.73737373737374,86.4040404040404,3.01929324662944
6.8050505050505,86.4040404040404,2.99251182070785
6.87272727272727,86.4040404040404,2.95963264399553
6.94040404040404,86.4040404040404,2.92087349330642
7.00808080808081,86.4040404040404,2.87645214545449
7.07575757575758,86.4040404040404,2.82658637725369
7.14343434343434,86.4040404040404,2.77149396551797
7.21111111111111,86.4040404040404,2.71139268706128
7.27878787878788,86.4040404040404,2.6465003186976
7.34646464646465,86.4040404040404,2.57703463724086
7.41414141414141,86.4040404040404,2.50321341950502
7.48181818181818,86.4040404040404,2.42525444230404
7.54949494949495,86.4040404040404,2.34337548245188
7.61717171717172,86.4040404040404,2.25779431676248
7.68484848484848,86.4040404040404,2.1687287220498
7.75252525252525,86.4040404040404,2.0763964751278
7.82020202020202,86.4040404040404,1.98101535281044
7.88787878787879,86.4040404040404,1.88280313191166
7.95555555555555,86.4040404040404,1.78197758924542
8.02323232323232,86.4040404040404,1.67875650162568
8.09090909090909,86.4040404040404,1.57335764586639
8.15858585858586,86.4040404040404,1.4659987987815
8.22626262626263,86.4040404040404,1.35689773718498
8.29393939393939,86.4040404040404,1.24627223789078
8.36161616161616,86.4040404040404,1.13434007771284
8.42929292929293,86.4040404040404,1.02131903346513
8.4969696969697,86.4040404040404,0.907426881961603
8.56464646464647,86.4040404040404,0.792881400016208
8.63232323232323,86.4040404040404,0.677900364442909
8.7,86.4040404040404,0.562701552055649
2,92.5757575757576,-2.23857564302463
2.06767676767677,92.5757575757576,-2.24003568498176
2.13535353535354,92.5757575757576,-2.24106981174503
2.2030303030303,92.5757575757576,-2.24125210812057
2.27070707070707,92.5757575757576,-2.24015665891451
2.33838383838384,92.5757575757576,-2.23735754893299
2.40606060606061,92.5757575757576,-2.23242886298215
2.47373737373737,92.5757575757576,-2.22494468586812
2.54141414141414,92.5757575757576,-2.21447910239703
2.60909090909091,92.5757575757576,-2.20060619737502
2.67676767676768,92.5757575757576,-2.18290005560823
2.74444444444444,92.5757575757576,-2.16093476190279
2.81212121212121,92.5757575757576,-2.13428440106483
2.87979797979798,92.5757575757576,-2.1025230579005
2.94747474747475,92.5757575757576,-2.06522481721592
3.01515151515152,92.5757575757576,-2.02196376381723
3.08282828282828,92.5757575757576,-1.97231398251057
3.15050505050505,92.5757575757576,-1.91584955810206
3.21818181818182,92.5757575757576,-1.85214457539786
3.28585858585859,92.5757575757576,-1.78077311920408
3.35353535353535,92.5757575757576,-1.70130927432687
3.42121212121212,92.5757575757576,-1.61332712557236
3.48888888888889,92.5757575757576,-1.51640235542212
3.55656565656566,92.5757575757576,-1.41042785531684
3.62424242424242,92.5757575757576,-1.29599397467738
3.69191919191919,92.5757575757576,-1.17378386107098
3.75959595959596,92.5757575757576,-1.04448066206484
3.82727272727273,92.5757575757576,-0.908767525226176
3.8949494949495,92.5757575757576,-0.767327598122196
3.96262626262626,92.5757575757576,-0.620844028320114
4.03030303030303,92.5757575757576,-0.469999963387142
4.0979797979798,92.5757575757576,-0.315478550890491
4.16565656565657,92.5757575757576,-0.157962938397379
4.23333333333333,92.5757575757576,0.00186372652498616
4.3010101010101,92.5757575757576,0.163318296309395
4.36868686868687,92.5757575757576,0.325717623388631
4.43636363636364,92.5757575757576,0.488378560195482
4.5040404040404,92.5757575757576,0.650617959162737
4.57171717171717,92.5757575757576,0.811752672723185
4.63939393939394,92.5757575757576,0.97109955330961
4.70707070707071,92.5757575757576,1.1279754533548
4.77474747474747,92.5757575757576,1.28169722529155
4.84242424242424,92.5757575757576,1.43158172155264
4.91010101010101,92.5757575757576,1.57694579457086
4.97777777777778,92.5757575757576,1.717106296779
5.04545454545454,92.5757575757576,1.85141292131335
5.11313131313131,92.5757575757576,1.97959032303821
5.18080808080808,92.5757575757576,2.10160187206249
5.24848484848485,92.5757575757576,2.21741477594706
5.31616161616162,92.5757575757576,2.32699624225282
5.38383838383838,92.5757575757576,2.43031347854063
5.45151515151515,92.5757575757576,2.52733369237137
5.51919191919192,92.5757575757576,2.61802409130594
5.58686868686869,92.5757575757576,2.70235188290519
5.65454545454545,92.5757575757576,2.78028427473002
5.72222222222222,92.5757575757576,2.85178847434131
5.78989898989899,92.5757575757576,2.91683168929992
5.85757575757576,92.5757575757576,2.97538112716675
5.92525252525252,92.5757575757576,3.02740399550266
5.99292929292929,92.5757575757576,3.07286750186855
6.06060606060606,92.5757575757576,3.11173885382529
6.12828282828283,92.5757575757576,3.14398525893375
6.1959595959596,92.5757575757576,3.16957392475482
6.26363636363636,92.5757575757576,3.18847205884938
6.33131313131313,92.5757575757576,3.2006468687783
6.3989898989899,92.5757575757576,3.20606556210246
6.46666666666667,92.5757575757576,3.20469534638276
6.53434343434343,92.5757575757576,3.1965035370421
6.6020202020202,92.5757575757576,3.18151743559413
6.66969696969697,92.5757575757576,3.15992393572781
6.73737373737374,92.5757575757576,3.13193617932759
6.8050505050505,92.5757575757576,3.09776730827795
6.87272727272727,92.5757575757576,3.05763046446335
6.94040404040404,92.5757575757576,3.01173878976824
7.00808080808081,92.5757575757576,2.96030542607709
7.07575757575758,92.5757575757576,2.90354351527437
7.14343434343434,92.5757575757576,2.84166619924453
7.21111111111111,92.5757575757576,2.77488661987205
7.27878787878788,92.5757575757576,2.70341791904137
7.34646464646465,92.5757575757576,2.62747323863698
7.41414141414141,92.5757575757576,2.54726572054332
7.48181818181818,92.5757575757576,2.46300850664487
7.54949494949495,92.5757575757576,2.37491473882608
7.61717171717172,92.5757575757576,2.28319755897142
7.68484848484848,92.5757575757576,2.18807010896536
7.75252525252525,92.5757575757576,2.08974553069234
7.82020202020202,92.5757575757576,1.98843696603685
7.88787878787879,92.5757575757576,1.88435755688333
7.95555555555555,92.5757575757576,1.77772044511626
8.02323232323232,92.5757575757576,1.6687387726201
8.09090909090909,92.5757575757576,1.5576256812793
8.15858585858586,92.5757575757576,1.44459431297834
8.22626262626263,92.5757575757576,1.32985780960167
8.29393939393939,92.5757575757576,1.21362931303377
8.36161616161616,92.5757575757576,1.09612196515908
8.42929292929293,92.5757575757576,0.977548907862083
8.4969696969697,92.5757575757576,0.858123283027229
8.56464646464647,92.5757575757576,0.738058232538985
8.63232323232323,92.5757575757576,0.617566898281821
8.7,92.5757575757576,0.496862422140188
2,98.7474747474748,-2.78411542152646
2.06767676767677,98.7474747474748,-2.76068413869105
2.13535353535354,98.7474747474748,-2.73684943043289
2.2030303030303,98.7474747474748,-2.71220787132923
2.27070707070707,98.7474747474748,-2.68635603595732
2.33838383838384,98.7474747474748,-2.6588904988944
2.40606060606061,98.7474747474748,-2.62940783471773
2.47373737373737,98.7474747474748,-2.59750461800455
2.54141414141414,98.7474747474748,-2.56277742333211
2.60909090909091,98.7474747474748,-2.52482282527766
2.67676767676768,98.7474747474748,-2.48323739841845
2.74444444444444,98.7474747474748,-2.43761771733173
2.81212121212121,98.7474747474748,-2.38756035659475
2.87979797979798,98.7474747474748,-2.33266189078475
2.94747474747475,98.7474747474748,-2.27251889447899
3.01515151515152,98.7474747474748,-2.20672794225471
3.08282828282828,98.7474747474748,-2.13488560868916
3.15050505050505,98.7474747474748,-2.0565884683596
3.21818181818182,98.7474747474748,-1.97143309584326
3.28585858585859,98.7474747474748,-1.87901606571741
3.35353535353535,98.7474747474748,-1.77893395255928
3.42121212121212,98.7474747474748,-1.67078333094613
3.48888888888889,98.7474747474748,-1.55416237888092
3.55656565656566,98.7474747474748,-1.42898762500816
3.62424242424242,98.7474747474748,-1.29587556620812
3.69191919191919,98.7474747474748,-1.15553583150178
3.75959595959596,98.7474747474748,-1.00867804991012
3.82727272727273,98.7474747474748,-0.856011850454123
3.8949494949495,98.7474747474748,-0.698246862154779
3.96262626262626,98.7474747474748,-0.536092714033066
4.03030303030303,98.7474747474748,-0.370259035109968
4.0979797979798,98.7474747474748,-0.201455454406466
4.16565656565657,98.7474747474748,-0.0303916009435493
4.23333333333333,98.7474747474748,0.142222896257803
4.3010101010101,98.7474747474748,0.315678408176613
4.36868686868687,98.7474747474748,0.48926530579189
4.43636363636364,98.7474747474748,0.662273960082653
4.5040404040404,98.7474747474748,0.833994742027921
4.57171717171717,98.7474747474748,1.00371802260671
4.63939393939394,98.7474747474748,1.17073417279803
4.70707070707071,98.7474747474748,1.33433356358091
4.77474747474747,98.7474747474748,1.49380656593436
4.84242424242424,98.7474747474748,1.6484435508374
4.91010101010101,98.7474747474748,1.79753488926905
4.97777777777778,98.7474747474748,1.94037095220831
5.04545454545454,98.7474747474748,2.07627924210815
5.11313131313131,98.7474747474748,2.20501121341235
5.18080808080808,98.7474747474748,2.32658822491927
5.24848484848485,98.7474747474748,2.44103597425784
5.31616161616162,98.7474747474748,2.54838015905697
5.38383838383838,98.7474747474748,2.64864647694559
5.45151515151515,98.7474747474748,2.74186062555262
5.51919191919192,98.7474747474748,2.82804830250699
5.58686868686869,98.7474747474748,2.90723520543761
5.65454545454545,98.7474747474748,2.9794470319734
5.72222222222222,98.7474747474748,3.0447094797433
5.78989898989899,98.7474747474748,3.10304824637622
5.85757575757576,98.7474747474748,3.15448902950108
5.92525252525252,98.7474747474748,3.1990575267468
5.99292929292929,98.7474747474748,3.23677943574231
6.06060606060606,98.7474747474748,3.26768045411653
6.12828282828283,98.7474747474748,3.29178627949839
6.1959595959596,98.7474747474748,3.30912260951679
6.26363636363636,98.7474747474748,3.31971514180067
6.33131313131313,98.7474747474748,3.32358957397895
6.3989898989899,98.7474747474748,3.32077160368054
6.46666666666667,98.7474747474748,3.31128692853438
6.53434343434343,98.7474747474748,3.29516132522492
6.6020202020202,98.7474747474748,3.27246453615773
6.66969696969697,98.7474747474748,3.24338327393909
6.73737373737374,98.7474747474748,3.20812348931583
6.8050505050505,98.7474747474748,3.16689113303476
6.87272727272727,98.7474747474748,3.11989215584272
6.94040404040404,98.7474747474748,3.06733250848651
7.00808080808081,98.7474747474748,3.00941814171296
7.07575757575758,98.7474747474748,2.9463550062689
7.14343434343434,98.7474747474748,2.87834905290113
7.21111111111111,98.7474747474748,2.80560623235649
7.27878787878788,98.7474747474748,2.72833249538179
7.34646464646465,98.7474747474748,2.64673379272385
7.41414141414141,98.7474747474748,2.5610160751295
7.48181818181818,98.7474747474748,2.47138529334556
7.54949494949495,98.7474747474748,2.37804739811884
7.61717171717172,98.7474747474748,2.28120834019616
7.68484848484848,98.7474747474748,2.18107407032436
7.75252525252525,98.7474747474748,2.07785053925024
7.82020202020202,98.7474747474748,1.97174369772063
7.88787878787879,98.7474747474748,1.86295949648235
7.95555555555555,98.7474747474748,1.75170388628222
8.02323232323232,98.7474747474748,1.63818281786707
8.09090909090909,98.7474747474748,1.5226022419837
8.15858585858586,98.7474747474748,1.40516810937895
8.22626262626263,98.7474747474748,1.28608637079963
8.29393939393939,98.7474747474748,1.16556297699257
8.36161616161616,98.7474747474748,1.04380387870458
8.42929292929293,98.7474747474748,0.921015026682493
8.4969696969697,98.7474747474748,0.797402371673116
8.56464646464647,98.7474747474748,0.673171864423277
8.63232323232323,98.7474747474748,0.548529455679803
8.7,98.7474747474748,0.423681096189501
2,104.919191919192,-3.31544872460524
2.06767676767677,104.919191919192,-3.26647955810974
2.13535353535354,104.919191919192,-3.2171355824013
2.2030303030303,104.919191919192,-3.16704198826698
2.27070707070707,104.919191919192,-3.11582396649383
2.33838383838384,104.919191919192,-3.06310670786892
2.40606060606061,104.919191919192,-3.00851540317929
2.47373737373737,104.919191919192,-2.95167524321201
2.54141414141414,104.919191919192,-2.89221141875414
2.60909090909091,104.919191919192,-2.82974912059274
2.67676767676768,104.919191919192,-2.76391353951486
2.74444444444444,104.919191919192,-2.69432986630755
2.81212121212121,104.919191919192,-2.62062329175789
2.87979797979798,104.919191919192,-2.54241900665292
2.94747474747475,104.919191919192,-2.45934220177971
3.01515151515152,104.919191919192,-2.37101806792532
3.08282828282828,104.919191919192,-2.27707179587679
3.15050505050505,104.919191919192,-2.1771285764212
3.21818181818182,104.919191919192,-2.07081360034559
3.28585858585859,104.919191919192,-1.95775205843702
3.35353535353535,104.919191919192,-1.83756914148256
3.42121212121212,104.919191919192,-1.70989004026927
3.48888888888889,104.919191919192,-1.57434153311948
3.55656565656566,104.919191919192,-1.43086559404909
3.62424242424242,104.919191919192,-1.2800972284196
3.69191919191919,104.919191919192,-1.12276365076651
3.75959595959596,104.919191919192,-0.959592075625275
3.82727272727273,104.919191919192,-0.791309717531378
3.8949494949495,104.919191919192,-0.618643791020294
3.96262626262626,104.919191919192,-0.442321510627496
4.03030303030303,104.919191919192,-0.263070090888459
4.0979797979798,104.919191919192,-0.0816167463386564
4.16565656565657,104.919191919192,0.101311308486432
4.23333333333333,104.919191919192,0.284986859051334
4.3010101010101,104.919191919192,0.468682690820581
4.36868686868687,104.919191919192,0.651671589258691
4.43636363636364,104.919191919192,0.83322633983019
4.5040404040404,104.919191919192,1.01261972799961
4.57171717171717,104.919191919192,1.18912453923146
4.63939393939394,104.919191919192,1.36201355899029
4.70707070707071,104.919191919192,1.5305595727406
4.77474747474747,104.919191919192,1.69403536594693
4.84242424242424,104.919191919192,1.85171372407381
4.91010101010101,104.919191919192,2.00286743258575
4.97777777777778,104.919191919192,2.14676927694728
5.04545454545454,104.919191919192,2.28273303637211
5.11313131313131,104.919191919192,2.41054053994459
5.18080808080808,104.919191919192,2.53027159553203
5.24848484848485,104.919191919192,2.64201080114101
5.31616161616162,104.919191919192,2.74584275477812
5.38383838383838,104.919191919192,2.84185205444994
5.45151515151515,104.919191919192,2.93012329816304
5.51919191919192,104.919191919192,3.01074108392401
5.58686868686869,104.919191919192,3.08379000973943
5.65454545454545,104.919191919192,3.14935467361587
5.72222222222222,104.919191919192,3.20751967355993
5.78989898989899,104.919191919192,3.25836960757817
5.85757575757576,104.919191919192,3.30198907367719
5.92525252525252,104.919191919192,3.33846266986356
5.99292929292929,104.919191919192,3.36787499414386
6.06060606060606,104.919191919192,3.39031064452467
6.12828282828283,104.919191919192,3.40585421901258
6.1959595959596,104.919191919192,3.41459031561417
6.26363636363636,104.919191919192,3.41660353233601
6.33131313131313,104.919191919192,3.41197846718468
6.3989898989899,104.919191919192,3.40079971816678
6.46666666666667,104.919191919192,3.38315188328887
6.53434343434343,104.919191919192,3.35911960958703
6.6020202020202,104.919191919192,3.32881481121292
6.66969696969697,104.919191919192,3.29242194610699
6.73737373737374,104.919191919192,3.25013740351867
6.8050505050505,104.919191919192,3.20215757269736
6.87272727272727,104.919191919192,3.14867884289248
6.94040404040404,104.919191919192,3.08989760335344
7.00808080808081,104.919191919192,3.02601024332966
7.07575757575758,104.919191919192,2.95721315207054
7.14343434343434,104.919191919192,2.88370271882551
7.21111111111111,104.919191919192,2.80567533284397
7.27878787878788,104.919191919192,2.72332738337534
7.34646464646465,104.919191919192,2.63685525966903
7.41414141414141,104.919191919192,2.54645535097445
7.48181818181818,104.919191919192,2.45232404654102
7.54949494949495,104.919191919192,2.35465773561816
7.61717171717172,104.919191919192,2.25365280745526
7.68484848484848,104.919191919192,2.14950565130176
7.75252525252525,104.919191919192,2.04241265640706
7.82020202020202,104.919191919192,1.93257021202057
7.88787878787879,104.919191919192,1.8201747073917
7.95555555555555,104.919191919192,1.70542253176988
8.02323232323232,104.919191919192,1.58851007440451
8.09090909090909,104.919191919192,1.46963372454501
8.15858585858586,104.919191919192,1.34898987144079
8.22626262626263,104.919191919192,1.22677490434127
8.29393939393939,104.919191919192,1.10318521249585
8.36161616161616,104.919191919192,0.978417185153948
8.42929292929293,104.919191919192,0.852667211564987
8.4969696969697,104.919191919192,0.726131680978367
8.56464646464647,104.919191919192,0.599006982643506
8.63232323232323,104.919191919192,0.471489505809826
8.7,104.919191919192,0.343775639726726
2,111.090909090909,-3.83244528178738
2.06767676767677,111.090909090909,-3.75738989444844
2.13535353535354,111.090909090909,-3.68199395707988
2.2030303030303,111.090909090909,-3.60591691965211
2.27070707070707,111.090909090909,-3.52881823213552
2.33838383838384,111.090909090909,-3.45035734450049
2.40606060606061,111.090909090909,-3.37019370671742
2.47373737373737,111.090909090909,-3.2879867687567
2.54141414141414,111.090909090909,-3.20339598058872
2.60909090909091,111.090909090909,-3.11608079218387
2.67676767676768,111.090909090909,-3.02570065351255
2.74444444444444,111.090909090909,-2.93191501454514
2.81212121212121,111.090909090909,-2.83438332525205
2.87979797979798,111.090909090909,-2.73276503560365
2.94747474747475,111.090909090909,-2.62671959557034
3.01515151515152,111.090909090909,-2.51590645512252
3.08282828282828,111.090909090909,-2.39998506423057
3.15050505050505,111.090909090909,-2.27861487286488
3.21818181818182,111.090909090909,-2.15145533099586
3.28585858585859,111.090909090909,-2.01816588859388
3.35353535353535,111.090909090909,-1.87840599562934
3.42121212121212,111.090909090909,-1.73183510207264
3.48888888888889,111.090909090909,-1.57811420942563
3.55656565656566,111.090909090909,-1.41721236653723
3.62424242424242,111.090909090909,-1.24977593629291
3.69191919191919,111.090909090909,-1.07654139953338
3.75959595959596,111.090909090909,-0.898245237099367
3.82727272727273,111.090909090909,-0.71562392983159
3.8949494949495,111.090909090909,-0.529413958570775
3.96262626262626,111.090909090909,-0.340351804157642
4.03030303030303,111.090909090909,-0.149173947432915
4.0979797979798,111.090909090909,0.0433831307626854
4.16565656565657,111.090909090909,0.23658294958843
4.23333333333333,111.090909090909,0.429689028203602
4.3010101010101,111.090909090909,0.621964885767482
4.36868686868687,111.090909090909,0.812674041439343
4.43636363636364,111.090909090909,1.00108001437846
4.5040404040404,111.090909090909,1.18644632374412
4.57171717171717,111.090909090909,1.36803648869559
4.63939393939394,111.090909090909,1.54511402839214
4.70707070707071,111.090909090909,1.71694246199307
4.77474747474747,111.090909090909,1.88278530865765
4.84242424242424,111.090909090909,2.04190608754515
4.91010101010101,111.090909090909,2.19356831781485
4.97777777777778,111.090909090909,2.33703551862603
5.04545454545454,111.090909090909,2.47161565791531
5.11313131313131,111.090909090909,2.59712420158939
5.18080808080808,111.090909090909,2.71369970853489
5.24848484848485,111.090909090909,2.82148593149937
5.31616161616162,111.090909090909,2.92062662323043
5.38383838383838,111.090909090909,3.01126553647567
5.45151515151515,111.090909090909,3.09354642398265
5.51919191919192,111.090909090909,3.16761303849898
5.58686868686869,111.090909090909,3.23360913277223
5.65454545454545,111.090909090909,3.29167845954999
5.72222222222222,111.090909090909,3.34196477157984
5.78989898989899,111.090909090909,3.38461182160938
5.85757575757576,111.090909090909,3.41976336238619
5.92525252525252,111.090909090909,3.44756314665786
5.99292929292929,111.090909090909,3.46815492717196
6.06060606060606,111.090909090909,3.48168245667609
6.12828282828283,111.090909090909,3.48828948791783
6.1959595959596,111.090909090909,3.48811977364478
6.26363636363636,111.090909090909,3.4813170666045
6.33131313131313,111.090909090909,3.4680251195446
6.3989898989899,111.090909090909,3.44838768521266
6.46666666666667,111.090909090909,3.42254851635626
6.53434343434343,111.090909090909,3.39065138365676
6.6020202020202,111.090909090909,3.35285003143725
6.66969696969697,111.090909090909,3.30932473875833
6.73737373737374,111.090909090909,3.26026014886065
6.8050505050505,111.090909090909,3.20584090498482
6.87272727272727,111.090909090909,3.14625165037147
6.94040404040404,111.090909090909,3.08167702826123
7.00808080808081,111.090909090909,3.01230168189472
7.07575757575758,111.090909090909,2.93831025451257
7.14343434343434,111.090909090909,2.8598873893554
7.21111111111111,111.090909090909,2.77721772966384
7.27878787878788,111.090909090909,2.69048591867851
7.34646464646465,111.090909090909,2.59987659964004
7.41414141414141,111.090909090909,2.50557441578907
7.48181818181818,111.090909090909,2.4077640103662
7.54949494949495,111.090909090909,2.30663002661207
7.61717171717172,111.090909090909,2.2023571077673
7.68484848484848,111.090909090909,2.09512989707253
7.75252525252525,111.090909090909,1.98513303776836
7.82020202020202,111.090909090909,1.87255117309544
7.88787878787879,111.090909090909,1.75756894629438
7.95555555555555,111.090909090909,1.64037100060582
8.02323232323232,111.090909090909,1.52114197927037
8.09090909090909,111.090909090909,1.40006652552866
8.15858585858586,111.090909090909,1.27732928262133
8.22626262626263,111.090909090909,1.15311489378899
8.29393939393939,111.090909090909,1.02760800227227
8.36161616161616,111.090909090909,0.900993251311788
8.42929292929293,111.090909090909,0.773455284148189
8.4969696969697,111.090909090909,0.64517874402208
8.56464646464647,111.090909090909,0.516348274174094
8.63232323232323,111.090909090909,0.387148517844863
8.7,111.090909090909,0.257764118275
2,117.262626262626,-4.33497482259928
2.06767676767677,117.262626262626,-4.23338309891773
2.13535353535354,117.262626262626,-4.13149024389825
2.2030303030303,117.262626262626,-4.02899512620293
2.27070707070707,117.262626262626,-3.92559661449384
2.33838383838384,117.262626262626,-3.82099357743307
2.40606060606061,117.262626262626,-3.71488488368269
2.47373737373737,117.262626262626,-3.60696940190477
2.54141414141414,117.262626262626,-3.49694600076141
2.60909090909091,117.262626262626,-3.38451354891467
2.67676767676768,117.262626262626,-3.26937091502664
2.74444444444444,117.262626262626,-3.15121696775938
2.81212121212121,117.262626262626,-3.02975057577499
2.87979797979798,117.262626262626,-2.90467060773554
2.94747474747475,117.262626262626,-2.7756759323031
3.01515151515152,117.262626262626,-2.64246541813977
3.08282828282828,117.262626262626,-2.5047379339076
3.15050505050505,117.262626262626,-2.36219234826869
3.21818181818182,117.262626262626,-2.21452752988511
3.28585858585859,117.262626262626,-2.06144234741893
3.35353535353535,117.262626262626,-1.90263566953225
3.42121212121212,117.262626262626,-1.73780636488712
3.48888888888889,117.262626262626,-1.56665479908715
3.55656565656566,117.262626262626,-1.38917854657021
3.62424242424242,117.262626262626,-1.2060286648091
3.69191919191919,117.262626262626,-1.01794315847059
3.75959595959596,117.262626262626,-0.825660032221441
3.82727272727273,117.262626262626,-0.629917290728406
3.8949494949495,117.262626262626,-0.431452938658253
3.96262626262626,117.262626262626,-0.231004980677742
4.03030303030303,117.262626262626,-0.0293114214536355
4.0979797979798,117.262626262626,0.172889734347306
4.16565656565657,117.262626262626,0.374860482058314
4.23333333333333,117.262626262626,0.575862817012631
4.3010101010101,117.262626262626,0.775158734543501
4.36868686868687,117.262626262626,0.972010229984154
4.43636363636364,117.262626262626,1.16567929866783
4.5040404040404,117.262626262626,1.35542793592777
4.57171717171717,117.262626262626,1.5405181370972
4.63939393939394,117.262626262626,1.72021189750938
4.70707070707071,117.262626262626,1.89377121249753
4.77474747474747,117.262626262626,2.06045807739489
4.84242424242424,117.262626262626,2.21953448753471
4.91010101010101,117.262626262626,2.37026243825021
4.97777777777778,117.262626262626,2.51190392487465
5.04545454545454,117.262626262626,2.64376846054785
5.11313131313131,117.262626262626,2.76570809730124
5.18080808080808,117.262626262626,2.87792028856195
5.24848484848485,117.262626262626,2.98060804023567
5.31616161616162,117.262626262626,3.07397435822804
5.38383838383838,117.262626262626,3.15822224844476
5.45151515151515,117.262626262626,3.23355471679147
5.51919191919192,117.262626262626,3.30017476917386
5.58686868686869,117.262626262626,3.35828541149758
5.65454545454545,117.262626262626,3.40808964966831
5.72222222222222,117.262626262626,3.44979048959171
5.78989898989899,117.262626262626,3.48359093717345
5.85757575757576,117.262626262626,3.5096939983192
5.92525252525252,117.262626262626,3.52830267893463
5.99292929292929,117.262626262626,3.5396199849254
6.06060606060606,117.262626262626,3.54384892219718
6.12828282828283,117.262626262626,3.54119249665565
6.1959595959596,117.262626262626,3.53185371420646
6.26363636363636,117.262626262626,3.51603558075529
6.33131313131313,117.262626262626,3.4939411022078
6.3989898989899,117.262626262626,3.46577328446966
6.46666666666667,117.262626262626,3.43173513344655
6.53434343434343,117.262626262626,3.39202964096246
6.6020202020202,117.262626262626,3.34685196750826
6.66969696969697,117.262626262626,3.29637643841993
6.73737373737374,117.262626262626,3.2407739522663
6.8050505050505,117.262626262626,3.18021540761622
6.87272727272727,117.262626262626,3.11487170303853
6.94040404040404,117.262626262626,3.04491373710207
7.00808080808081,117.262626262626,2.97051240837569
7.07575757575758,117.262626262626,2.89183861542823
7.14343434343434,117.262626262626,2.80906325682854
7.21111111111111,117.262626262626,2.72235723114544
7.27878787878788,117.262626262626,2.6318914369478
7.34646464646465,117.262626262626,2.53783677280445
7.41414141414141,117.262626262626,2.44036413728424
7.48181818181818,117.262626262626,2.339644428956
7.54949494949495,117.262626262626,2.23584854638859
7.61717171717172,117.262626262626,2.12914738815085
7.68484848484848,117.262626262626,2.01971185281161
7.75252525252525,117.262626262626,1.90771283893972
7.82020202020202,117.262626262626,1.79332124510403
7.88787878787879,117.262626262626,1.67670796987338
7.95555555555555,117.262626262626,1.55804391181661
8.02323232323232,117.262626262626,1.43749996950256
8.09090909090909,117.262626262626,1.31524704150008
8.15858585858586,117.262626262626,1.19145602637801
8.22626262626263,117.262626262626,1.0662978227052
8.29393939393939,117.262626262626,0.939943329050485
8.36161616161616,117.262626262626,0.812563443982709
8.42929292929293,117.262626262626,0.684329066070722
8.4969696969697,117.262626262626,0.555411093883356
8.56464646464647,117.262626262626,0.425980425989461
8.63232323232323,117.262626262626,0.296207960957885
8.7,117.262626262626,0.16626459735746
2,123.434343434343,-4.82290707656735
2.06767676767677,123.434343434343,-4.69442712272821
2.13535353535354,123.434343434343,-4.56569013228602
2.2030303030303,123.434343434343,-4.43643906863772
2.27070707070707,123.434343434343,-4.30641689518027
2.33838383838384,123.434343434343,-4.1753665753106
2.40606060606061,123.434343434343,-4.04303107242567
2.47373737373737,123.434343434343,-3.90915334992242
2.54141414141414,123.434343434343,-3.77347637119779
2.60909090909091,123.434343434343,-3.63574309964874
2.67676767676768,123.434343434343,-3.49569649867221
2.74444444444444,123.434343434343,-3.35307953166515
2.81212121212121,123.434343434343,-3.20763516202451
2.87979797979798,123.434343434343,-3.05910635314722
2.94747474747475,123.434343434343,-2.90723606843024
3.01515151515152,123.434343434343,-2.75176727127052
3.08282828282828,123.434343434343,-2.59244292506501
3.15050505050505,123.434343434343,-2.42900599321064
3.21818181818182,123.434343434343,-2.26119943910436
3.28585858585859,123.434343434343,-2.08876622614313
3.35353535353535,123.434343434343,-1.91144931772389
3.42121212121212,123.434343434343,-1.72899167724358
3.48888888888889,123.434343434343,-1.54113769339184
3.55656565656566,123.434343434343,-1.34791473824562
3.62424242424242,123.434343434343,-1.14997238894925
3.69191919191919,123.434343434343,-0.948043008246348
3.75959595959596,123.434343434343,-0.742858958880546
3.82727272727273,123.434343434343,-0.535152603595474
3.8949494949495,123.434343434343,-0.325656305134761
3.96262626262626,123.434343434343,-0.115102426242033
4.03030303030303,123.434343434343,0.0957766703390803
4.0979797979798,123.434343434343,0.306248621864952
4.16565656565657,123.434343434343,0.515581065591949
4.23333333333333,123.434343434343,0.723041638776445
4.3010101010101,123.434343434343,0.927897978674819
4.36868686868687,123.434343434343,1.12941772254343
4.43636363636364,123.434343434343,1.32686850763866
4.5040404040404,123.434343434343,1.51951797121688
4.57171717171717,123.434343434343,1.70663375053446
4.63939393939394,123.434343434343,1.88748348284776
4.70707070707071,123.434343434343,2.06133480541317
4.77474747474747,123.434343434343,2.22745535548705
4.84242424242424,123.434343434343,2.38511277032578
4.91010101010101,123.434343434343,2.53357468718572
4.97777777777778,123.434343434343,2.67210874332325
5.04545454545454,123.434343434343,2.80003279807983
5.11313131313131,123.434343434343,2.91723812603459
5.18080808080808,123.434343434343,3.02398106024735
5.24848484848485,123.434343434343,3.12052380225267
5.31616161616162,123.434343434343,3.2071285535851
5.38383838383838,123.434343434343,3.2840575157792
5.45151515151515,123.434343434343,3.35157289036952
5.51919191919192,123.434343434343,3.40993687889062
5.58686868686869,123.434343434343,3.45941168287706
5.65454545454545,123.434343434343,3.50025950386339
5.72222222222222,123.434343434343,3.53274254338417
5.78989898989899,123.434343434343,3.55712300297396
5.85757575757576,123.434343434343,3.57366308416732
5.92525252525252,123.434343434343,3.5826249884988
5.99292929292929,123.434343434343,3.58427091750295
6.06060606060606,123.434343434343,3.57886307271434
6.12828282828283,123.434343434343,3.56666365566752
6.1959595959596,123.434343434343,3.54793486789704
6.26363636363636,123.434343434343,3.52293891093747
6.33131313131313,123.434343434343,3.49193798632336
6.3989898989899,123.434343434343,3.45519429558927
6.46666666666667,123.434343434343,3.41297004026976
6.53434343434343,123.434343434343,3.36552737503244
6.6020202020202,123.434343434343,3.31310239010351
6.66969696969697,123.434343434343,3.2558618316186
6.73737373737374,123.434343434343,3.19396104066016
6.8050505050505,123.434343434343,3.12755535831064
6.87272727272727,123.434343434343,3.0568001256525
6.94040404040404,123.434343434343,2.98185068376818
7.00808080808081,123.434343434343,2.90286237374013
7.07575757575758,123.434343434343,2.81999053665081
7.14343434343434,123.434343434343,2.73339051358267
7.21111111111111,123.434343434343,2.64321764561815
7.27878787878788,123.434343434343,2.54962727383971
7.34646464646465,123.434343434343,2.4527747393298
7.41414141414141,123.434343434343,2.35281538317087
7.48181818181818,123.434343434343,2.24990454644537
7.54949494949495,123.434343434343,2.14419757023575
7.61717171717172,123.434343434343,2.03584979562447
7.68484848484848,123.434343434343,1.92501656369397
7.75252525252525,123.434343434343,1.8118532155267
7.82020202020202,123.434343434343,1.69651509220512
7.88787878787879,123.434343434343,1.57915753481168
7.95555555555555,123.434343434343,1.45993588442883
8.02323232323232,123.434343434343,1.33900548213901
8.09090909090909,123.434343434343,1.21652166902469
8.15858585858586,123.434343434343,1.09263978616831
8.22626262626263,123.434343434343,0.967515174652317
8.29393939393939,123.434343434343,0.84130317555917
8.36161616161616,123.434343434343,0.714159129971315
8.42929292929293,123.434343434343,0.58623837897121
8.4969696969697,123.434343434343,0.457696263641296
8.56464646464647,123.434343434343,0.328688125064028
8.63232323232323,123.434343434343,0.199369304321865
8.7,123.434343434343,0.0698951424972441
2,129.606060606061,-5.29611177321797
2.06767676767677,129.606060606061,-5.14048991709048
2.13535353535354,129.606060606061,-4.98465931167282
2.2030303030303,129.606060606061,-4.82841120767481
2.27070707070707,129.606060606061,-4.67153685580628
2.33838383838384,129.606060606061,-4.51382750677704
2.40606060606061,129.606060606061,-4.35507441129695
2.47373737373737,129.606060606061,-4.19506882007581
2.54141414141414,129.606060606061,-4.03360198382345
2.60909090909091,129.606060606061,-3.8704651532497
2.67676767676768,129.606060606061,-3.70544957906439
2.74444444444444,129.606060606061,-3.53834651197733
2.81212121212121,129.606060606061,-3.36894720269837
2.87979797979798,129.606060606061,-3.19704290193731
2.94747474747475,129.606060606061,-3.022424860404
3.01515151515152,129.606060606061,-2.84488432880825
3.08282828282828,129.606060606061,-2.66421255785989
3.15050505050505,129.606060606061,-2.48020079826875
3.21818181818182,129.606060606061,-2.29264030074465
3.28585858585859,129.606060606061,-2.10132231599743
3.35353535353535,129.606060606061,-1.9060380947369
3.42121212121212,129.606060606061,-1.70657888767289
3.48888888888889,129.606060606061,-1.50273728362751
3.55656565656566,129.606060606061,-1.29457154566109
3.62424242424242,129.606060606061,-1.08272408369441
3.69191919191919,129.606060606061,-0.867915029528842
3.75959595959596,129.606060606061,-0.650864514965733
3.82727272727273,129.606060606061,-0.432292671806443
3.8949494949495,129.606060606061,-0.212919631852332
3.96262626262626,129.606060606061,0.0065344730952455
4.03030303030303,129.606060606061,0.225349511234932
4.0979797979798,129.606060606061,0.442805350765372
4.16565656565657,129.606060606061,0.658181859885202
4.23333333333333,129.606060606061,0.870758906793068
4.3010101010101,129.606060606061,1.07981635968762
4.36868686868687,129.606060606061,1.28463408676749
4.43636363636364,129.606060606061,1.48449195623133
4.5040404040404,129.606060606061,1.67866983627778
4.57171717171717,129.606060606061,1.86644759510548
4.63939393939394,129.606060606061,2.04710510091307
4.70707070707071,129.606060606061,2.2199222218992
4.77474747474747,129.606060606061,2.38417882626251
4.84242424242424,129.606060606061,2.53915478220165
4.91010101010101,129.606060606061,2.68412995791524
4.97777777777778,129.606060606061,2.81838422160195
5.04545454545454,129.606060606061,2.94125002432132
5.11313131313131,129.606060606061,3.05266018674392
5.18080808080808,129.606060606061,3.15292974822521
5.24848484848485,129.606060606061,3.24237989245315
5.31616161616162,129.606060606061,3.32133180311575
5.38383838383838,129.606060606061,3.39010666390097
5.45151515151515,129.606060606061,3.4490256584968
5.51919191919192,129.606060606061,3.49840997059123
5.58686868686869,129.606060606061,3.53858078387223
5.65454545454545,129.606060606061,3.56985928202779
5.72222222222222,129.606060606061,3.5925666487459
5.78989898989899,129.606060606061,3.60702406771453
5.85757575757576,129.606060606061,3.61355272262166
5.92525252525252,129.606060606061,3.61247379715529
5.99292929292929,129.606060606061,3.60410847500339
6.06060606060606,129.606060606061,3.58877793985395
6.12828282828283,129.606060606061,3.56680337539495
6.1959595959596,129.606060606061,3.53850596531436
6.26363636363636,129.606060606061,3.50420689330019
6.33131313131313,129.606060606061,3.4642273430404
6.3989898989899,129.606060606061,3.41888849822297
6.46666666666667,129.606060606061,3.36851154253591
6.53434343434343,129.606060606061,3.31341757939503
6.6020202020202,129.606060606061,3.25388306990052
6.66969696969697,129.606060606061,3.19006570488115
6.73737373737374,129.606060606061,3.12210364096675
6.8050505050505,129.606060606061,3.05013503478716
6.87272727272727,129.606060606061,2.97429804297221
6.94040404040404,129.606060606061,2.89473082215174
7.00808080808081,129.606060606061,2.81157152895558
7.07575757575758,129.606060606061,2.72495832001356
7.14343434343434,129.606060606061,2.63502935195552
7.21111111111111,129.606060606061,2.5419227814113
7.27878787878788,129.606060606061,2.44577676501072
7.34646464646465,129.606060606061,2.34672945938362
7.41414141414141,129.606060606061,2.24491902115984
7.48181818181818,129.606060606061,2.14048360696921
7.54949494949495,129.606060606061,2.03356137344156
7.61717171717172,129.606060606061,1.92429047720674
7.68484848484848,129.606060606061,1.81280907489456
7.75252525252525,129.606060606061,1.69925532313487
7.82020202020202,129.606060606061,1.5837673785575
7.88787878787879,129.606060606061,1.46648339779229
7.95555555555555,129.606060606061,1.34754153746906
8.02323232323232,129.606060606061,1.22707995421766
8.09090909090909,129.606060606061,1.10523680466792
8.15858585858586,129.606060606061,0.98215024544967
8.22626262626263,129.606060606061,0.857958433192747
8.29393939393939,129.606060606061,0.732799524526985
8.36161616161616,129.606060606061,0.606811676082214
8.42929292929293,129.606060606061,0.480133044488278
8.4969696969697,129.606060606061,0.352901786374999
8.56464646464647,129.606060606061,0.225256058372217
8.63232323232323,129.606060606061,0.0973340171097739
8.7,129.606060606061,-0.0307261807825102
2,135.777777777778,-5.75445864207755
2.06767676767677,135.777777777778,-5.57153943321513
2.13535353535354,135.777777777778,-5.38846347148826
2.2030303030303,135.777777777778,-5.20507400403247
2.27070707070707,135.777777777778,-5.02121427798332
2.33838383838384,135.777777777778,-4.83672754047635
2.40606060606061,135.777777777778,-4.6514570386471
2.47373737373737,135.777777777778,-4.46524601963112
2.54141414141414,135.777777777778,-4.27793773056396
2.60909090909091,135.777777777778,-4.08937541858115
2.67676767676768,135.777777777778,-3.89940233081826
2.74444444444444,135.777777777778,-3.7078617144108
2.81212121212121,135.777777777778,-3.51459681649435
2.87979797979798,135.777777777778,-3.31945088420443
2.94747474747475,135.777777777778,-3.1222671646766
3.01515151515152,135.777777777778,-2.9228889050464
3.08282828282828,135.777777777778,-2.72115935244937
3.15050505050505,135.777777777778,-2.51692175402106
3.21818181818182,135.777777777778,-2.31001935689701
3.28585858585859,135.777777777778,-2.10029540821278
3.35353535353535,135.777777777778,-1.88759315510389
3.42121212121212,135.777777777778,-1.67175584470591
3.48888888888889,135.777777777778,-1.45262796108196
3.55656565656566,135.777777777778,-1.23029957291422
3.62424242424242,135.777777777778,-1.00540072402566
3.69191919191919,135.777777777778,-0.778633302986278
3.75959595959596,135.777777777778,-0.550699198366049
3.82727272727273,135.777777777778,-0.322300298734962
3.8949494949495,135.777777777778,-0.0941384926629999
3.96262626262626,135.777777777778,0.133084331279856
4.03030303030303,135.777777777778,0.35866628452362
4.0979797979798,135.777777777778,0.581905478498311
4.16565656565657,135.777777777778,0.802100024633938
4.23333333333333,135.777777777778,1.01854803436052
4.3010101010101,135.777777777778,1.23054761910809
4.36868686868687,135.777777777778,1.43739689030664
4.43636363636364,135.777777777778,1.6383939593862
4.5040404040404,135.777777777778,1.83283693777678
4.57171717171717,135.777777777778,2.0200239369084
4.63939393939394,135.777777777778,2.19925306821107
4.70707070707071,135.777777777778,2.36982244311482
4.77474747474747,135.777777777778,2.53103017304966
4.84242424242424,135.777777777778,2.6821743694456
4.91010101010101,135.777777777778,2.82255314373266
4.97777777777778,135.777777777778,2.95146460734086
5.04545454545454,135.777777777778,3.06826149308243
5.11313131313131,135.777777777778,3.1729201783837
5.18080808080808,135.777777777778,3.26581407712963
5.24848484848485,135.777777777778,3.34732298573988
5.31616161616162,135.777777777778,3.41782670063413
5.38383838383838,135.777777777778,3.47770501823206
5.45151515151515,135.777777777778,3.52733773495334
5.51919191919192,135.777777777778,3.56710464721765
5.58686868686869,135.777777777778,3.59738555144467
5.65454545454545,135.777777777778,3.61856024405407
5.72222222222222,135.777777777778,3.63100852146554
5.78989898989899,135.777777777778,3.63511018009873
5.85757575757576,135.777777777778,3.63124501637334
5.92525252525252,135.777777777778,3.61979282670904
5.99292929292929,135.777777777778,3.60113340752551
6.06060606060606,135.777777777778,3.57564655524241
6.12828282828283,135.777777777778,3.54371206627944
6.1959595959596,135.777777777778,3.50570973705626
6.26363636363636,135.777777777778,3.46201936399255
6.33131313131313,135.777777777778,3.41302074350799
6.3989898989899,135.777777777778,3.35909367202225
6.46666666666667,135.777777777778,3.30061794595502
6.53434343434343,135.777777777778,3.23797324757859
6.6020202020202,135.777777777778,3.17147577757685
6.66969696969697,135.777777777778,3.1012728447344
6.73737373737374,135.777777777778,3.02748398011061
6.8050505050505,135.777777777778,2.95022871476485
6.87272727272727,135.777777777778,2.86962657975651
6.94040404040404,135.777777777778,2.78579710614496
7.00808080808081,135.777777777778,2.69885982498958
7.07575757575758,135.777777777778,2.60893426734975
7.14343434343434,135.777777777778,2.51613996428485
7.21111111111111,135.777777777778,2.42059644685425
7.27878787878788,135.777777777778,2.32242324611733
7.34646464646465,135.777777777778,2.22173989313348
7.41414141414141,135.777777777778,2.11866591896206
7.48181818181818,135.777777777778,2.01332085466246
7.54949494949495,135.777777777778,1.90582423129406
7.61717171717172,135.777777777778,1.79629557991622
7.68484848484848,135.777777777778,1.68485443158834
7.75252525252525,135.777777777778,1.57162031736979
7.82020202020202,135.777777777778,1.45671276831995
7.88787878787879,135.777777777778,1.34025131549819
7.95555555555555,135.777777777778,1.22235548996389
8.02323232323232,135.777777777778,1.10314482277644
8.09090909090909,135.777777777778,0.982738844995201
8.15858585858586,135.777777777778,0.861257087679561
8.22626262626263,135.777777777778,0.738819081888899
8.29393939393939,135.777777777778,0.615544358682591
8.36161616161616,135.777777777778,0.491552449120012
8.42929292929293,135.777777777778,0.366962884260549
8.4969696969697,135.777777777778,0.241895195163567
8.56464646464647,135.777777777778,0.11646891288845
8.63232323232323,135.777777777778,-0.00919643150541515
8.7,135.777777777778,-0.134981306958666
2,141.949494949495,-6.1978174126725
2.06767676767677,141.949494949495,-5.98754362231276
2.13535353535354,141.949494949495,-5.77716830116196
2.2030303030303,141.949494949495,-5.56658991842901
2.27070707070707,141.949494949495,-5.35570694332287
2.33838383838384,141.949494949495,-5.14441784505245
2.40606060606061,141.949494949495,-4.93262109282669
2.47373737373737,141.949494949495,-4.72021515585453
2.54141414141414,141.949494949495,-4.50709850334489
2.60909090909091,141.949494949495,-4.29316960450671
2.67676767676768,141.949494949495,-4.07832692854892
2.74444444444444,141.949494949495,-3.86246894468045
2.81212121212121,141.949494949495,-3.64549412211023
2.87979797979798,141.949494949495,-3.4273009300472
2.94747474747475,141.949494949495,-3.20778783770029
3.01515151515152,141.949494949495,-2.98685331427843
3.08282828282828,141.949494949495,-2.76439582899055
3.15050505050505,141.949494949495,-2.54031385104559
3.21818181818182,141.949494949495,-2.31450584965247
3.28585858585859,141.949494949495,-2.08687029402013
3.35353535353535,141.949494949495,-1.8573056533575
3.42121212121212,141.949494949495,-1.62571039687352
3.48888888888889,141.949494949495,-1.39198411704299
3.55656565656566,141.949494949495,-1.15624942410262
3.62424242424242,141.949494949495,-0.91911928492406
3.69191919191919,141.949494949495,-0.681271909286855
3.75959595959596,141.949494949495,-0.443385506970545
3.82727272727273,141.949494949495,-0.206138287754677
3.8949494949495,141.949494949495,0.0297915385812046
3.96262626262626,141.949494949495,0.26372576225756
4.03030303030303,141.949494949495,0.494986173494845
4.0979797979798,141.949494949495,0.722894562513517
4.16565656565657,141.949494949495,0.946772719534027
4.23333333333333,141.949494949495,1.16594243477683
4.3010101010101,141.949494949495,1.3797254984624
4.36868686868687,141.949494949495,1.58744370081118
4.43636363636364,141.949494949495,1.78841883204363
4.5040404040404,141.949494949495,1.9819726823802
4.57171717171717,141.949494949495,2.16742704204136
4.63939393939394,141.949494949495,2.34410370124755
4.70707070707071,141.949494949495,2.51132445021923
4.77474747474747,141.949494949495,2.66841107917687
4.84242424242424,141.949494949495,2.81468537834092
4.91010101010101,141.949494949495,2.94946913793183
4.97777777777778,141.949494949495,3.07208414817007
5.04545454545454,141.949494949495,3.18190855817324
5.11313131313131,141.949494949495,3.27896399990841
5.18080808080808,141.949494949495,3.36368177159475
5.24848484848485,141.949494949495,3.43649975701562
5.31616161616162,141.949494949495,3.4978558399544
5.38383838383838,141.949494949495,3.54818790419446
5.45151515151515,141.949494949495,3.58793383351916
5.51919191919192,141.949494949495,3.61753151171187
5.58686868686869,141.949494949495,3.63741882255596
5.65454545454545,141.949494949495,3.64803364983479
5.72222222222222,141.949494949495,3.64981387733175
5.78989898989899,141.949494949495,3.64319738883018
5.85757575757576,141.949494949495,3.62862206811347
5.92525252525252,141.949494949495,3.60652579896497
5.99292929292929,141.949494949495,3.57734646516806
6.06060606060606,141.949494949495,3.54152195050611
6.12828282828283,141.949494949495,3.49949013876249
6.1959595959596,141.949494949495,3.45168891372055
6.26363636363636,141.949494949495,3.39855615916368
6.33131313131313,141.949494949495,3.34052975887523
6.3989898989899,141.949494949495,3.27804759663858
6.46666666666667,141.949494949495,3.21154755623709
6.53434343434343,141.949494949495,3.14146737311142
6.6020202020202,141.949494949495,3.06816228381004
6.66969696969697,141.949494949495,2.99176803770517
6.73737373737374,141.949494949495,2.91238428501627
6.8050505050505,141.949494949495,2.8301106759628
6.87272727272727,141.949494949495,2.74504686076424
6.94040404040404,141.949494949495,2.65729248964004
7.00808080808081,141.949494949495,2.56694721280969
7.07575757575758,141.949494949495,2.47411068049265
7.14343434343434,141.949494949495,2.37888254290838
7.21111111111111,141.949494949495,2.28136245027636
7.27878787878788,141.949494949495,2.18165005281604
7.34646464646465,141.949494949495,2.07984500074691
7.41414141414141,141.949494949495,1.97604694428842
7.48181818181818,141.949494949495,1.87035553366004
7.54949494949495,141.949494949495,1.76287041908125
7.61717171717172,141.949494949495,1.6536912507715
7.68484848484848,141.949494949495,1.54291767895028
7.75252525252525,141.949494949495,1.43064935383703
7.82020202020202,141.949494949495,1.31698592565124
7.88787878787879,141.949494949495,1.20202704461237
7.95555555555555,141.949494949495,1.08587236093989
8.02323232323232,141.949494949495,0.968621524853258
8.09090909090909,141.949494949495,0.850374186571954
8.15858585858586,141.949494949495,0.731229996315438
8.22626262626263,141.949494949495,0.611288604303183
8.29393939393939,141.949494949495,0.490649660754654
8.36161616161616,141.949494949495,0.369412815889317
8.42929292929293,141.949494949495,0.247677719926646
8.4969696969697,141.949494949495,0.125544023086099
8.56464646464647,141.949494949495,0.0031113755871486
8.63232323232323,141.949494949495,-0.119520572350731
8.7,141.949494949495,-0.242252170508084
2,148.121212121212,-6.62605781452921
2.06767676767677,148.121212121212,-6.38847043559397
2.13535353535354,148.121212121212,-6.15083949012354
2.2030303030303,148.121212121212,-5.91312141158274
2.27070707070707,148.121212121212,-5.67527263343639
2.33838383838384,148.121212121212,-5.43724958914931
2.40606060606061,148.121212121212,-5.19900871218631
2.47373737373737,148.121212121212,-4.96050643601222
2.54141414141414,148.121212121212,-4.72169919409184
2.60909090909091,148.121212121212,-4.48254341988999
2.67676767676768,148.121212121212,-4.24299554687149
2.74444444444444,148.121212121212,-4.00301200850115
2.81212121212121,148.121212121212,-3.7625492382438
2.87979797979798,148.121212121212,-3.52156366956425
2.94747474747475,148.121212121212,-3.28001173592731
3.01515151515152,148.121212121212,-3.0378498707978
3.08282828282828,148.121212121212,-2.79503450764055
3.15050505050505,148.121212121212,-2.55152207992036
3.21818181818182,148.121212121212,-2.30726902110205
3.28585858585859,148.121212121212,-2.06223176465044
3.35353535353535,148.121212121212,-1.81636674403034
3.42121212121212,148.121212121212,-1.56963039270658
3.48888888888889,148.121212121212,-1.32198014279839
3.55656565656566,148.121212121212,-1.07357170332391
3.62424242424242,148.121212121212,-0.824996741370676
3.69191919191919,148.121212121212,-0.576904929098774
3.75959595959596,148.121212121212,-0.32994593866827
3.82727272727273,148.121212121212,-0.0847694422392386
3.8949494949495,148.121212121212,0.157974888028248
3.96262626262626,148.121212121212,0.397637379974121
4.03030303030303,148.121212121212,0.633568361438307
4.0979797979798,148.121212121212,0.865118160260737
4.16565656565657,148.121212121212,1.09163710428133
4.23333333333333,148.121212121212,1.31247552134003
4.3010101010101,148.121212121212,1.52698373927675
4.36868686868687,148.121212121212,1.73451208593143
4.43636363636364,148.121212121212,1.93441088914399
4.5040404040404,148.121212121212,2.12603047675437
4.57171717171717,148.121212121212,2.30872117660248
4.63939393939394,148.121212121212,2.48183331652826
4.70707070707071,148.121212121212,2.64471722437164
4.77474747474747,148.121212121212,2.79672322797255
4.84242424242424,148.121212121212,2.93720165517091
4.91010101010101,148.121212121212,3.06550283380665
4.97777777777778,148.121212121212,3.1809770917197
5.04545454545454,148.121212121212,3.28303257340385
5.11313131313131,148.121212121212,3.3717375502725
5.18080808080808,148.121212121212,3.44758055625467
5.24848484848485,148.121212121212,3.51105688118314
5.31616161616162,148.121212121212,3.5626618148907
5.38383838383838,148.121212121212,3.60289064721015
5.45151515151515,148.121212121212,3.63223866797426
5.51919191919192,148.121212121212,3.65120116701584
5.58686868686869,148.121212121212,3.66027343416766
5.65454545454545,148.121212121212,3.65995075926251
5.72222222222222,148.121212121212,3.65072843213318
5.78989898989899,148.121212121212,3.63310174261246
5.85757575757576,148.121212121212,3.60756598053314
5.92525252525252,148.121212121212,3.57461643572801
5.99292929292929,148.121212121212,3.53474839802985
6.06060606060606,148.121212121212,3.48845715727145
6.12828282828283,148.121212121212,3.4362380032856
6.1959595959596,148.121212121212,3.37858622590508
6.26363636363636,148.121212121212,3.3159971149627
6.33131313131313,148.121212121212,3.24896596029122
6.3989898989899,148.121212121212,3.17798805172345
6.46666666666667,148.121212121212,3.10355867909216
6.53434343434343,148.121212121212,3.02617294952187
6.6020202020202,148.121212121212,2.94622435927764
6.66969696969697,148.121212121212,2.86383607032027
6.73737373737374,148.121212121212,2.77908678260825
6.8050505050505,148.121212121212,2.69205519610007
6.87272727272727,148.121212121212,2.60282001075422
6.94040404040404,148.121212121212,2.51145992652919
7.00808080808081,148.121212121212,2.41805364338346
7.07575757575758,148.121212121212,2.32267986127552
7.14343434343434,148.121212121212,2.22541728016386
7.21111111111111,148.121212121212,2.12634460000697
7.27878787878788,148.121212121212,2.02554052076334
7.34646464646465,148.121212121212,1.92308374239146
7.41414141414141,148.121212121212,1.81905296484981
7.48181818181818,148.121212121212,1.71352688809688
7.54949494949495,148.121212121212,1.60658421209117
7.61717171717172,148.121212121212,1.49830363679115
7.68484848484848,148.121212121212,1.38876386215532
7.75252525252525,148.121212121212,1.27804358814216
7.82020202020202,148.121212121212,1.16622151471017
7.88787878787879,148.121212121212,1.05337634181783
7.95555555555555,148.121212121212,0.939586769423633
8.02323232323232,148.121212121212,0.824931497486061
8.09090909090909,148.121212121212,0.70948922596361
8.15858585858586,148.121212121212,0.593338654814761
8.22626262626263,148.121212121212,0.476558483998008
8.29393939393939,148.121212121212,0.359227413471837
8.36161616161616,148.121212121212,0.241424143194733
8.42929292929293,148.121212121212,0.123227373125194
8.4969696969697,148.121212121212,0.00471580322169599
8.56464646464647,148.121212121212,-0.114031866557267
8.63232323232323,148.121212121212,-0.232936936253201
8.7,148.121212121212,-0.351920705907629
2,154.292929292929,-7.03904957717409
2.06767676767677,154.292929292929,-6.77428782426934
2.13535353535354,154.292929292929,-6.50954272780262
2.2030303030303,154.292929292929,-6.24483094421195
2.27070707070707,154.292929292929,-5.98016912993536
2.33838383838384,154.292929292929,-5.71557394141088
2.40606060606061,154.292929292929,-5.45106203507654
2.47373737373737,154.292929292929,-5.18665006737035
2.54141414141414,154.292929292929,-4.92235469473036
2.60909090909091,154.292929292929,-4.65819257359459
2.67676767676768,154.292929292929,-4.39418036040105
2.74444444444444,154.292929292929,-4.13033471158779
2.81212121212121,154.292929292929,-3.86667228359282
2.87979797979798,154.292929292929,-3.60320973285418
2.94747474747475,154.292929292929,-3.33996371580989
3.01515151515152,154.292929292929,-3.07695088889798
3.08282828282828,154.292929292929,-2.81418790855647
3.15050505050505,154.292929292929,-2.5516914312234
3.21818181818182,154.292929292929,-2.28947811333679
3.28585858585859,154.292929292929,-2.02756461133466
3.35353535353535,154.292929292929,-1.76596758165504
3.42121212121212,154.292929292929,-1.50470368073597
3.48888888888889,154.292929292929,-1.24379042963598
3.55656565656566,154.292929292929,-0.983417014675691
3.62424242424242,154.292929292929,-0.724150068346574
3.69191919191919,154.292929292929,-0.466606443090235
3.75959595959596,154.292929292929,-0.211402991348273
3.82727272727273,154.292929292929,0.0408434344377069
3.8949494949495,154.292929292929,0.289515981826098
3.96262626262626,154.292929292929,0.5339977983753
4.03030303030303,154.292929292929,0.773672031643707
4.0979797979798,154.292929292929,1.00792182918972
4.16565656565657,154.292929292929,1.23613033857172
4.23333333333333,154.292929292929,1.45768070734812
4.3010101010101,154.292929292929,1.67195608307732
4.36868686868687,154.292929292929,1.87833961331769
4.43636363636364,154.292929292929,2.07621444562765
4.5040404040404,154.292929292929,2.26496372756559
4.57171717171717,154.292929292929,2.44397060668991
4.63939393939394,154.292929292929,2.61261823055899
4.70707070707071,154.292929292929,2.77028974673125
4.77474747474747,154.292929292929,2.91636830276506
4.84242424242424,154.292929292929,3.05023704621884
4.91010101010101,154.292929292929,3.17127912465097
4.97777777777778,154.292929292929,3.27887768561986
5.04545454545454,154.292929292929,3.37247489258436
5.11313131313131,154.292929292929,3.45218672843046
5.18080808080808,154.292929292929,3.51855815574352
5.24848484848485,154.292929292929,3.5721410331452
5.31616161616162,154.292929292929,3.61348721925718
5.38383838383838,154.292929292929,3.64314857270112
5.45151515151515,154.292929292929,3.66167695209868
5.51919191919192,154.292929292929,3.66962421607153
5.58686868686869,154.292929292929,3.66754222324134
5.65454545454545,154.292929292929,3.65598283222977
5.72222222222222,154.292929292929,3.6354979016585
5.78989898989899,154.292929292929,3.60663929014918
5.85757575757576,154.292929292929,3.56995885632349
5.92525252525252,154.292929292929,3.52600845880308
5.99292929292929,154.292929292929,3.47533995620963
6.06060606060606,154.292929292929,3.4185052071648
6.12828282828283,154.292929292929,3.35605607029027
6.1959595959596,154.292929292929,3.28854440420769
6.26363636363636,154.292929292929,3.21652206753873
6.33131313131313,154.292929292929,3.14054091890505
6.3989898989899,154.292929292929,3.06115281692834
6.46666666666667,154.292929292929,2.97890962023024
6.53434343434343,154.292929292929,2.89436297033827
6.6020202020202,154.292929292929,2.80794377465718
6.66969696969697,154.292929292929,2.71976172910651
6.73737373737374,154.292929292929,2.62987369981109
6.8050505050505,154.292929292929,2.53833655289575
6.87272727272727,154.292929292929,2.44520715448531
6.94040404040404,154.292929292929,2.35054237070459
7.00808080808081,154.292929292929,2.25439906767842
7.07575757575758,154.292929292929,2.15683411153162
7.14343434343434,154.292929292929,2.05790436838902
7.21111111111111,154.292929292929,1.95766670437545
7.27878787878788,154.292929292929,1.85617798561573
7.34646464646465,154.292929292929,1.75349507823468
7.41414141414141,154.292929292929,1.64967484835713
7.48181818181818,154.292929292929,1.5447741621079
7.54949494949495,154.292929292929,1.43884988561182
7.61717171717172,154.292929292929,1.33195888499372
7.68484848484848,154.292929292929,1.22415802637842
7.75252525252525,154.292929292929,1.11550417589074
7.82020202020202,154.292929292929,1.00605419965551
7.88787878787879,154.292929292929,0.895864963797559
7.95555555555555,154.292929292929,0.784993334441704
8.02323232323232,154.292929292929,0.673496177712773
8.09090909090909,154.292929292929,0.561430359735594
8.15858585858586,154.292929292929,0.448852746634987
8.22626262626263,154.292929292929,0.335820204535782
8.29393939393939,154.292929292929,0.222389599562801
8.36161616161616,154.292929292929,0.108617797840868
8.42929292929293,154.292929292929,-0.00543833450518399
8.4969696969697,154.292929292929,-0.119721931350542
8.56464646464647,154.292929292929,-0.234176126570376
8.63232323232323,154.292929292929,-0.348744054039854
8.7,154.292929292929,-0.463368847634163
2,160.464646464646,-7.43666243013354
2.06767676767677,160.464646464646,-7.14496373954948
2.13535353535354,160.464646464646,-6.85334370362882
2.2030303030303,160.464646464646,-6.56188097703494
2.27070707070707,160.464646464646,-6.27065421443124
2.33838383838384,160.464646464646,-5.97974207048111
2.40606060606061,160.464646464646,-5.68922319984794
2.47373737373737,160.464646464646,-5.39917625719513
2.54141414141414,160.464646464646,-5.10967989718606
2.60909090909091,160.464646464646,-4.82081277448412
2.67676767676768,160.464646464646,-4.53265354375273
2.74444444444444,160.464646464646,-4.24528085965525
2.81212121212121,160.464646464646,-3.95877337685509
2.87979797979798,160.464646464646,-3.67320975001563
2.94747474747475,160.464646464646,-3.38866863380028
3.01515151515152,160.464646464646,-3.10522868287241
3.08282828282828,160.464646464646,-2.82296855189544
3.15050505050505,160.464646464646,-2.54196689553274
3.21818181818182,160.464646464646,-2.26230236844771
3.28585858585859,160.464646464646,-1.98405362530374
3.35353535353535,160.464646464646,-1.70729932076422
3.42121212121212,160.464646464646,-1.43211810949255
3.48888888888889,160.464646464646,-1.15858936884353
3.55656565656566,160.464646464646,-0.886935962255581
3.62424242424242,160.464646464646,-0.617696240832821
3.69191919191919,160.464646464646,-0.351450531929438
3.75959595959596,160.464646464646,-0.0887791628996006
3.82727272727273,160.464646464646,0.169737538902512
3.8949494949495,160.464646464646,0.423519246122722
3.96262626262626,160.464646464646,0.671985631406859
4.03030303030303,160.464646464646,0.914556367400746
4.0979797979798,160.464646464646,1.15065112675021
4.16565656565657,160.464646464646,1.37968958210106
4.23333333333333,160.464646464646,1.60109140609914
4.3010101010101,160.464646464646,1.81427627139028
4.36868686868687,160.464646464646,2.01866385062028
4.43636363636364,160.464646464646,2.21367381643498
4.5040404040404,160.464646464646,2.39872584148021
4.57171717171717,160.464646464646,2.57323959840178
4.63939393939394,160.464646464646,2.73663475984551
4.70707070707071,160.464646464646,2.88833099845725
4.77474747474747,160.464646464646,3.02774798688281
4.84242424242424,160.464646464646,3.15430539776801
4.91010101010101,160.464646464646,3.26742290375868
4.97777777777778,160.464646464646,3.36652017750065
5.04545454545454,160.464646464646,3.45107686952485
5.11313131313131,160.464646464646,3.52125743333675
5.18080808080808,160.464646464646,3.57766229469542
5.24848484848485,160.464646464646,3.62089888780458
5.31616161616162,160.464646464646,3.65157464686798
5.38383838383838,160.464646464646,3.67029700608935
5.45151515151515,160.464646464646,3.67767339967241
5.51919191919192,160.464646464646,3.67431126182091
5.58686868686869,160.464646464646,3.66081802673858
5.65454545454545,160.464646464646,3.63780112862915
5.72222222222222,160.464646464646,3.60586800169636
5.78989898989899,160.464646464646,3.56562608014393
5.85757575757576,160.464646464646,3.5176827981756
5.92525252525252,160.464646464646,3.46264558999511
5.99292929292929,160.464646464646,3.40112188980619
6.06060606060606,160.464646464646,3.33371913181258
6.12828282828283,160.464646464646,3.261044750218
6.1959595959596,160.464646464646,3.18370617922619
6.26363636363636,160.464646464646,3.10231085304089
6.33131313131313,160.464646464646,3.01746620586582
6.3989898989899,160.464646464646,2.92977967190473
6.46666666666667,160.464646464646,2.83985868536134
6.53434343434343,160.464646464646,2.74831042908894
6.6020202020202,160.464646464646,2.6556023006262
6.66969696969697,160.464646464646,2.56182980059071
6.73737373737374,160.464646464646,2.46702726354933
6.8050505050505,160.464646464646,2.37122902406891
6.87272727272727,160.464646464646,2.27446941671633
6.94040404040404,160.464646464646,2.17678277605845
7.00808080808081,160.464646464646,2.07820343666212
7.07575757575758,160.464646464646,1.97876573309422
7.14343434343434,160.464646464646,1.87850399992161
7.21111111111111,160.464646464646,1.77745257171114
7.27878787878788,160.464646464646,1.67564578302968
7.34646464646465,160.464646464646,1.5731179684441
7.41414141414141,160.464646464646,1.46990346252126
7.48181818181818,160.464646464646,1.36603659982802
7.54949494949495,160.464646464646,1.26155171493125
7.61717171717172,160.464646464646,1.1564831423978
7.68484848484848,160.464646464646,1.05086521679454
7.75252525252525,160.464646464646,0.944732272688338
7.82020202020202,160.464646464646,0.838118644646052
7.88787878787879,160.464646464646,0.731058667234545
7.95555555555555,160.464646464646,0.623586675020681
8.02323232323232,160.464646464646,0.515737002571321
8.09090909090909,160.464646464646,0.407543984453334
8.15858585858586,160.464646464646,0.299041955233575
8.22626262626263,160.464646464646,0.190265249478915
8.29393939393939,160.464646464646,0.0812482017562123
8.36161616161616,160.464646464646,-0.0279748533676713
8.42929292929293,160.464646464646,-0.137369581325865
8.4969696969697,160.464646464646,-0.246901647551516
8.56464646464647,160.464646464646,-0.356536717477757
8.63232323232323,160.464646464646,-0.466240456537718
8.7,160.464646464646,-0.575978530164548
2,166.636363636364,-7.81876610293394
2.06767676767677,166.636363636364,-7.50046613264498
2.13535353535354,166.636363636364,-7.18230810703176
2.2030303030303,166.636363636364,-6.86443397077002
2.27070707070707,166.636363636364,-6.5469856685355
2.33838383838384,166.636363636364,-6.23010514500394
2.40606060606061,166.636363636364,-5.9139343448511
2.47373737373737,166.636363636364,-5.5986152127527
2.54141414141414,166.636363636364,-5.28428969338449
2.60909090909091,166.636363636364,-4.97109973142221
2.67676767676768,166.636363636364,-4.6591872715416
2.74444444444444,166.636363636364,-4.3486942584184
2.81212121212121,166.636363636364,-4.03976263672836
2.87979797979798,166.636363636364,-3.73253435114721
2.94747474747475,166.636363636364,-3.4271513463507
3.01515151515152,166.636363636364,-3.12375556701457
3.08282828282828,166.636363636364,-2.82248895781455
3.15050505050505,166.636363636364,-2.5234934634264
3.21818181818182,166.636363636364,-2.22691102852584
3.28585858585859,166.636363636364,-1.93288359778863
3.35353535353535,166.636363636364,-1.6415531158905
3.42121212121212,166.636363636364,-1.3530615275072
3.48888888888889,166.636363636364,-1.06755135170887
3.55656565656566,166.636363636364,-0.785279150161189
3.62424242424242,166.636363636364,-0.506752233810483
3.69191919191919,166.636363636364,-0.232511276284583
3.75959595959596,166.636363636364,0.0369030487886949
3.82727272727273,166.636363636364,0.300950067781526
3.8949494949495,166.636363636364,0.559089107066088
3.96262626262626,166.636363636364,0.810779493014561
4.03030303030303,166.636363636364,1.05548055199912
4.0979797979798,166.636363636364,1.29265161039195
4.16565656565657,166.636363636364,1.52175199456523
4.23333333333333,166.636363636364,1.74224103089112
4.3010101010101,166.636363636364,1.95357804574182
4.36868686868687,166.636363636364,2.1552223654895
4.43636363636364,166.636363636364,2.34663331650634
4.5040404040404,166.636363636364,2.52727022516452
4.57171717171717,166.636363636364,2.69659241783621
4.63939393939394,166.636363636364,2.8540592208936
4.70707070707071,166.636363636364,2.99912996070886
4.77474747474747,166.636363636364,3.13126396365417
4.84242424242424,166.636363636364,3.2499205561017
4.91010101010101,166.636363636364,3.35455906442365
4.97777777777778,166.636363636364,3.44463881499218
5.04545454545454,166.636363636364,3.51967985803541
5.11313131313131,166.636363636364,3.57989556394584
5.18080808080808,166.636363636364,3.62594069774448
5.24848484848485,166.636363636364,3.65847712006404
5.31616161616162,166.636363636364,3.67816669153725
5.38383838383838,166.636363636364,3.68567127279683
5.45151515151515,166.636363636364,3.68165272447549
5.51919191919192,166.636363636364,3.66677290720596
5.58686868686869,166.636363636364,3.64169368162095
5.65454545454545,166.636363636364,3.6070769083532
5.72222222222222,166.636363636364,3.56358444803541
5.78989898989899,166.636363636364,3.5118781613003
5.85757575757576,166.636363636364,3.4526199087806
5.92525252525252,166.636363636364,3.38647155110903
5.99292929292929,166.636363636364,3.31409494891831
6.06060606060606,166.636363636364,3.23615196284116
6.12828282828283,166.636363636364,3.15330445351029
6.1959595959596,166.636363636364,3.06621428155843
6.26363636363636,166.636363636364,2.9755433076183
6.33131313131313,166.636363636364,2.88195339232262
6.3989898989899,166.636363636364,2.78610639630411
6.46666666666667,166.636363636364,2.68866418019548
6.53434343434343,166.636363636364,2.59028831930222
6.6020202020202,166.636363636364,2.49148170786227
6.66969696969697,166.636363636364,2.39232507129969
6.73737373737374,166.636363636364,2.29282970074748
6.8050505050505,166.636363636364,2.19300688733864
6.87272727272727,166.636363636364,2.09286792220614
6.94040404040404,166.636363636364,1.99242409648297
7.00808080808081,166.636363636364,1.89168670130212
7.07575757575758,166.636363636364,1.79066702779659
7.14343434343434,166.636363636364,1.68937636709935
7.21111111111111,166.636363636364,1.5878260103434
7.27878787878788,166.636363636364,1.48602724866171
7.34646464646465,166.636363636364,1.38399137318729
7.41414141414141,166.636363636364,1.28172967505312
7.48181818181818,166.636363636364,1.17925344539218
7.54949494949495,166.636363636364,1.07657397533746
7.61717171717172,166.636363636364,0.973702556021954
7.68484848484848,166.636363636364,0.870650478578646
7.75252525252525,166.636363636364,0.767429034140523
7.82020202020202,166.636363636364,0.664049513840571
7.88787878787879,166.636363636364,0.560523208811783
7.95555555555555,166.636363636364,0.456861410187142
8.02323232323232,166.636363636364,0.353075409099636
8.09090909090909,166.636363636364,0.249176496682257
8.15858585858586,166.636363636364,0.145175964067986
8.22626262626263,166.636363636364,0.0410851023898157
8.29393939393939,166.636363636364,-0.0630847972192676
8.36161616161616,166.636363636364,-0.167322443626279
8.42929292929293,166.636363636364,-0.271616545698223
8.4969696969697,166.636363636364,-0.375955812302124
8.56464646464647,166.636363636364,-0.480328952304987
8.63232323232323,166.636363636364,-0.58472467457382
8.7,166.636363636364,-0.689131687975646
2,172.808080808081,-8.18523032510172
2.06767676767677,172.808080808081,-7.84076295476643
2.13535353535354,172.808080808081,-7.49650162744105
2.2030303030303,172.808080808081,-7.15265238613547
2.27070707070707,172.808080808081,-6.8094212738596
2.33838383838384,172.808080808081,-6.46701433362333
2.40606060606061,172.808080808081,-6.12563760843659
2.47373737373737,172.808080808081,-5.78549714130925
2.54141414141414,172.808080808081,-5.44679897525124
2.60909090909091,172.808080808081,-5.10974915327245
2.67676767676768,172.808080808081,-4.77455371838278
2.74444444444444,172.808080808081,-4.44141871359214
2.81212121212121,172.808080808081,-4.11055018191043
2.87979797979798,172.808080808081,-3.78215416634755
2.94747474747475,172.808080808081,-3.4564367099134
3.01515151515152,172.808080808081,-3.13360385561789
3.08282828282828,172.808080808081,-2.81386164647093
3.15050505050505,172.808080808081,-2.4974161254824
3.21818181818182,172.808080808081,-2.18447333566222
3.28585858585859,172.808080808081,-1.87523932002029
3.35353535353535,172.808080808081,-1.56992012156651
3.42121212121212,172.808080808081,-1.26872178331078
3.48888888888889,172.808080808081,-0.971850769519788
3.55656565656566,172.808080808081,-0.679597182490127
3.62424242424242,172.808080808081,-0.392435022260627
3.69191919191919,172.808080808081,-0.110862756823871
3.75959595959596,172.808080808081,0.164621145827565
3.82727272727273,172.808080808081,0.433518217701103
3.8949494949495,172.808080808081,0.695329990804161
3.96262626262626,172.808080808081,0.949557997144166
4.03030303030303,172.808080808081,1.19570376872854
4.0979797979798,172.808080808081,1.4332688375647
4.16565656565657,172.808080808081,1.66175473566007
4.23333333333333,172.808080808081,1.88066299502207
4.3010101010101,172.808080808081,2.08949514765813
4.36868686868687,172.808080808081,2.28775272557567
4.43636363636364,172.808080808081,2.4749372607821
4.5040404040404,172.808080808081,2.65055028528486
4.57171717171717,172.808080808081,2.81409333109135
4.63939393939394,172.808080808081,2.96506793020902
4.70707070707071,172.808080808081,3.10297561464526
4.77474747474747,172.808080808081,3.22731791640752
4.84242424242424,172.808080808081,3.33759636750321
4.91010101010101,172.808080808081,3.43331249993975
4.97777777777778,172.808080808081,3.51396784572456
5.04545454545454,172.808080808081,3.57912521192614
5.11313131313131,172.808080808081,3.62904701921221
5.18080808080808,172.808080808081,3.66444108952483
5.24848484848485,172.808080808081,3.68602240482635
5.31616161616162,172.808080808081,3.69450594707914
5.38383838383838,172.808080808081,3.69060669824554
5.45151515151515,172.808080808081,3.67503964028792
5.51919191919192,172.808080808081,3.64851975516864
5.58686868686869,172.808080808081,3.61176202485003
5.65454545454545,172.808080808081,3.56548143129447
5.72222222222222,172.808080808081,3.51039295646431
5.78989898989899,172.808080808081,3.4472115823219
5.85757575757576,172.808080808081,3.3766522908296
5.92525252525252,172.808080808081,3.29943006394977
5.99292929292929,172.808080808081,3.21625988364476
6.06060606060606,172.808080808081,3.12785673187694
6.12828282828283,172.808080808081,3.03493559060864
6.1959595959596,172.808080808081,2.93821144180224
6.26363636363636,172.808080808081,2.83839926742009
6.33131313131313,172.808080808081,2.73621404942454
6.3989898989899,172.808080808081,2.63237076977795
6.46666666666667,172.808080808081,2.52758441044268
6.53434343434343,172.808080808081,2.42256963450645
6.6020202020202,172.808080808081,2.3178637670429
6.66969696969697,172.808080808081,2.21353232776025
6.73737373737374,172.808080808081,2.10956323833009
6.8050505050505,172.808080808081,2.005944420424
6.87272727272727,172.808080808081,1.90266379571356
6.94040404040404,172.808080808081,1.79970928587035
7.00808080808081,172.808080808081,1.69706881256597
7.07575757575758,172.808080808081,1.59473029747199
7.14343434343434,172.808080808081,1.49268166225999
7.21111111111111,172.808080808081,1.39091082860157
7.27878787878788,172.808080808081,1.28940571816831
7.34646464646465,172.808080808081,1.18815425263178
7.41414141414141,172.808080808081,1.08714435366358
7.48181818181818,172.808080808081,0.986363942935286
7.54949494949495,172.808080808081,0.885800942118484
7.61717171717172,172.808080808081,0.785443272884754
7.68484848484848,172.808080808081,0.685278856905685
7.75252525252525,172.808080808081,0.585295615852857
7.82020202020202,172.808080808081,0.485481471397855
7.88787878787879,172.808080808081,0.385824345212265
7.95555555555555,172.808080808081,0.286312158967668
8.02323232323232,172.808080808081,0.186932834335647
8.09090909090909,172.808080808081,0.0876742929877908
8.15858585858586,172.808080808081,-0.0114755434043228
8.22626262626263,172.808080808081,-0.110528753169105
8.29393939393939,172.808080808081,-0.209497414634974
8.36161616161616,172.808080808081,-0.308393606130348
8.42929292929293,172.808080808081,-0.407229405983636
8.4969696969697,172.808080808081,-0.506016892523265
8.56464646464647,172.808080808081,-0.604768144077646
8.63232323232323,172.808080808081,-0.703495238975189
8.7,172.808080808081,-0.80221025554432
2,178.979797979798,-8.53592482616326
2.06767676767677,178.979797979798,-8.16582215712444
2.13535353535354,178.979797979798,-7.79598995428632
2.2030303030303,178.979797979798,-7.4266986838496
2.27070707070707,178.979797979798,-7.05821881201501
2.33838383838384,178.979797979798,-6.69082080498323
2.40606060606061,178.979797979798,-6.32477512895499
2.47373737373737,178.979797979798,-5.96035225013097
2.54141414141414,178.979797979798,-5.5978226347119
2.60909090909091,178.979797979798,-5.23745674889846
2.67676767676768,178.979797979798,-4.87952505889138
2.74444444444444,178.979797979798,-4.52429803089134
2.81212121212121,178.979797979798,-4.17204613109907
2.87979797979798,178.979797979798,-3.82303982571526
2.94747474747475,178.979797979798,-3.47754958094062
3.01515151515152,178.979797979798,-3.13584586297586
3.08282828282828,178.979797979798,-2.79819913802168
3.15050505050505,178.979797979798,-2.46487987227878
3.21818181818182,178.979797979798,-2.13615853194788
3.28585858585859,178.979797979798,-1.81230558322967
3.35353535353535,178.979797979798,-1.49359149232486
3.42121212121212,178.979797979798,-1.18028672543416
3.48888888888889,178.979797979798,-0.872662013564083
3.55656565656566,178.979797979798,-0.571040663340006
3.62424242424242,178.979797979798,-0.275861581164317
3.69191919191919,178.979797979798,0.0124209457844967
3.75959595959596,178.979797979798,0.293352630327961
3.82727272727273,178.979797979798,0.566479185287593
3.8949494949495,178.979797979798,0.83134632348491
3.96262626262626,178.979797979798,1.08749975774144
4.03030303030303,178.979797979798,1.33448520087869
4.0979797979798,178.979797979798,1.5718483657182
4.16565656565657,178.979797979798,1.79913496508146
4.23333333333333,178.979797979798,2.01589071179002
4.3010101010101,178.979797979798,2.22166131866539
4.36868686868687,178.979797979798,2.41599249852908
4.43636363636364,178.979797979798,2.59842996420262
4.5040404040404,178.979797979798,2.76851942850754
4.57171717171717,178.979797979798,2.92580660426534
4.63939393939394,178.979797979798,3.06983720429754
4.70707070707071,178.979797979798,3.20015694142568
4.77474747474747,178.979797979798,3.31631152847126
4.84242424242424,178.979797979798,3.41784667825581
4.91010101010101,178.979797979798,3.50430810360086
4.97777777777778,178.979797979798,3.5752415173279
5.04545454545454,178.979797979798,3.63025428500712
5.11313131313131,178.979797979798,3.66965769809032
5.18080808080808,178.979797979798,3.69421119467058
5.24848484848485,178.979797979798,3.70468141699428
5.31616161616162,178.979797979798,3.70183500730779
5.38383838383838,178.979797979798,3.68643860785748
5.45151515151515,178.979797979798,3.65925886088973
5.51919191919192,178.979797979798,3.62106240865091
5.58686868686869,178.979797979798,3.57261589338738
5.65454545454545,178.979797979798,3.51468595734552
5.72222222222222,178.979797979798,3.44803924277171
5.78989898989899,178.979797979798,3.37344239191232
5.85757575757576,178.979797979798,3.2916620470137
5.92525252525252,178.979797979798,3.20346485032225
5.99292929292929,178.979797979798,3.10961744408433
6.06060606060606,178.979797979798,3.01088647054631
6.12828282828283,178.979797979798,2.90803857195456
6.1959595959596,178.979797979798,2.80184039055546
6.26363636363636,178.979797979798,2.69305856859538
6.33131313131313,178.979797979798,2.58245974832068
6.3989898989899,178.979797979798,2.47081057197775
6.46666666666667,178.979797979798,2.35887768181295
6.53434343434343,178.979797979798,2.24742736822995
6.6020202020202,178.979797979798,2.13703024884566
6.66969696969697,178.979797979798,2.02773635649923
6.73737373737374,178.979797979798,1.91951010322168
6.8050505050505,178.979797979798,1.81231590104408
6.87272727272727,178.979797979798,1.70611816199743
6.94040404040404,178.979797979798,1.60088129811279
7.00808080808081,178.979797979798,1.4965697214212
7.07575757575758,178.979797979798,1.39314784395368
7.14343434343434,178.979797979798,1.29058007774128
7.21111111111111,178.979797979798,1.18883083481503
7.27878787878788,178.979797979798,1.08786452720596
7.34646464646465,178.979797979798,0.987645566945126
7.41414141414141,178.979797979798,0.888138366063552
7.48181818181818,178.979797979798,0.789307336592277
7.54949494949495,178.979797979798,0.691116890562339
7.61717171717172,178.979797979798,0.593531440004773
7.68484848484848,178.979797979798,0.496515396950619
7.75252525252525,178.979797979798,0.40003317343091
7.82020202020202,178.979797979798,0.304049181476685
7.88787878787879,178.979797979798,0.208527833118982
7.95555555555555,178.979797979798,0.113433540388835
8.02323232323232,178.979797979798,0.0187307153172817
8.09090909090909,178.979797979798,-0.0756162300646381
8.15858585858586,178.979797979798,-0.169642883725892
8.22626262626263,178.979797979798,-0.263384833635439
8.29393939393939,178.979797979798,-0.356877667762244
8.36161616161616,178.979797979798,-0.450156974075272
8.42929292929293,178.979797979798,-0.54325834054348
8.4969696969697,178.979797979798,-0.636217355135841
8.56464646464647,178.979797979798,-0.729069605821312
8.63232323232323,178.979797979798,-0.821850680568851
8.7,178.979797979798,-0.914596167347433
2,185.151515151515,-8.87071933564498
2.06767676767677,185.151515151515,-8.47561169092959
2.13535353535354,185.151515151515,-8.08083877699718
2.2030303030303,185.151515151515,-7.68673532463072
2.27070707070707,185.151515151515,-7.2936360646132
2.33838383838384,185.151515151515,-6.90187572772759
2.40606060606061,185.151515151515,-6.51178904475687
2.47373737373737,185.151515151515,-6.12371074648402
2.54141414141414,185.151515151515,-5.73797556369202
2.60909090909091,185.151515151515,-5.35491822716385
2.67676767676768,185.151515151515,-4.97487346768248
2.74444444444444,185.151515151515,-4.59817601603089
2.81212121212121,185.151515151515,-4.22516060299206
2.87979797979798,185.151515151515,-3.85616195934897
2.94747474747475,185.151515151515,-3.49151481588459
3.01515151515152,185.151515151515,-3.13155390338191
3.08282828282828,185.151515151515,-2.77661395262391
3.15050505050505,185.151515151515,-2.42702969439356
3.21818181818182,185.151515151515,-2.08313585947383
3.28585858585859,185.151515151515,-1.74526717864771
3.35353535353535,185.151515151515,-1.41375838269818
3.42121212121212,185.151515151515,-1.08894420240822
3.48888888888889,185.151515151515,-0.771159475129556
3.55656565656566,185.151515151515,-0.460760196808436
3.62424242424242,185.151515151515,-0.158148885502621
3.69191919191919,185.151515151515,0.136265750872322
3.75959595959596,185.151515151515,0.422075004400834
3.82727272727273,185.151515151515,0.698870167167349
3.8949494949495,185.151515151515,0.966242531256303
3.96262626262626,185.151515151515,1.22378338875214
4.03030303030303,185.151515151515,1.47108403173928
4.0979797979798,185.151515151515,1.70773575230219
4.16565656565657,185.151515151515,1.93332984252528
4.23333333333333,185.151515151515,2.14745759449299
4.3010101010101,185.151515151515,2.34971030028978
4.36868686868687,185.151515151515,2.53967925200006
4.43636363636364,185.151515151515,2.71695574170828
4.5040404040404,185.151515151515,2.88113106149888
4.57171717171717,185.151515151515,3.03179650345629
4.63939393939394,185.151515151515,3.16854335966495
4.70707070707071,185.151515151515,3.2909629222093
4.77474747474747,185.151515151515,3.39864648317377
4.84242424242424,185.151515151515,3.49118533464281
4.91010101010101,185.151515151515,3.56817076870084
4.97777777777778,185.151515151515,3.62919407743231
5.04545454545454,185.151515151515,3.67390843108846
5.11313131313131,185.151515151515,3.70267349953464
5.18080808080808,185.151515151515,3.71629873781585
5.24848484848485,185.151515151515,3.71560083147059
5.31616161616162,185.151515151515,3.70139646603735
5.38383838383838,185.151515151515,3.67450232705463
5.45151515151515,185.151515151515,3.63573510006093
5.51919191919192,185.151515151515,3.58591147059475
5.58686868686869,185.151515151515,3.52584812419458
5.65454545454545,185.151515151515,3.45636174639893
5.72222222222222,185.151515151515,3.37826902274628
5.78989898989899,185.151515151515,3.29238663877515
5.85757575757576,185.151515151515,3.19953128002402
5.92525252525252,185.151515151515,3.1005196320314
5.99292929292929,185.151515151515,2.99616838033578
6.06060606060606,185.151515151515,2.88729421047566
6.12828282828283,185.151515151515,2.77471380798954
6.1959595959596,185.151515151515,2.65924385841591
6.26363636363636,185.151515151515,2.54170104729328
6.33131313131313,185.151515151515,2.42290206016013
6.3989898989899,185.151515151515,2.30366358255498
6.46666666666667,185.151515151515,2.18480230001632
6.53434343434343,185.151515151515,2.06713451400106
6.6020202020202,185.151515151515,1.95126292394808
6.66969696969697,185.151515151515,1.83722194404342
6.73737373737374,185.151515151515,1.72495252234679
6.8050505050505,185.151515151515,1.61439560691795
6.87272727272727,185.151515151515,1.5054921458166
6.94040404040404,185.151515151515,1.3981830871025
7.00808080808081,185.151515151515,1.29240937883537
7.07575757575758,185.151515151515,1.18811196907493
7.14343434343434,185.151515151515,1.08523180588094
7.21111111111111,185.151515151515,0.983709837313104
7.27878787878788,185.151515151515,0.883487011431169
7.34646464646465,185.151515151515,0.784504276294865
7.41414141414141,185.151515151515,0.686702579963921
7.48181818181818,185.151515151515,0.590022870498071
7.54949494949495,185.151515151515,0.494406095957047
7.61717171717172,185.151515151515,0.39979320440058
7.68484848484848,185.151515151515,0.306125143888403
7.75252525252525,185.151515151515,0.213342862480246
7.82020202020202,185.151515151515,0.121387308235841
7.88787878787879,185.151515151515,0.0301994292149243
7.95555555555555,185.151515151515,-0.0602798265227776
8.02323232323232,185.151515151515,-0.150109510917532
8.09090909090909,185.151515151515,-0.239348675909602
8.15858585858586,185.151515151515,-0.328056373439263
8.22626262626263,185.151515151515,-0.416291655446777
8.29393939393939,185.151515151515,-0.504113573872415
8.36161616161616,185.151515151515,-0.591581180656445
8.42929292929293,185.151515151515,-0.678753527739132
8.4969696969697,185.151515151515,-0.76568966706075
8.56464646464647,185.151515151515,-0.852448650561564
8.63232323232323,185.151515151515,-0.939089530181837
8.7,185.151515151515,-1.02567135786185
2,191.323232323232,-9.18948358307326
2.06767676767677,191.323232323232,-8.77009950739248
2.13535353535354,191.323232323232,-8.35111378500326
2.2030303030303,191.323232323232,-7.93292476919712
2.27070707070707,191.323232323232,-7.51593081326564
2.33838383838384,191.323232323232,-7.10053027050035
2.40606060606061,191.323232323232,-6.68712149419282
2.47373737373737,191.323232323232,-6.27610283763459
2.54141414141414,191.323232323232,-5.86787265411721
2.60909090909091,191.323232323232,-5.46282929693222
2.67676767676768,191.323232323232,-5.06137111937119
2.74444444444444,191.323232323232,-4.66389647472566
2.81212121212121,191.323232323232,-4.27080371628718
2.87979797979798,191.323232323232,-3.88249119734729
2.94747474747475,191.323232323232,-3.49935727119756
3.01515151515152,191.323232323232,-3.12180029112952
3.08282828282828,191.323232323232,-2.75021861043474
3.15050505050505,191.323232323232,-2.38501058240476
3.21818181818182,191.323232323232,-2.02657456033112
3.28585858585859,191.323232323232,-1.67530889750539
3.35353535353535,191.323232323232,-1.3316119472191
3.42121212121212,191.323232323232,-0.995882062763817
3.48888888888889,191.323232323232,-0.668517545504009
3.55656565656566,191.323232323232,-0.34990638699303
3.62424242424242,191.323232323232,-0.0404139102566033
3.69191919191919,191.323232323232,0.259597577771404
3.75959595959596,191.323232323232,0.549765770157134
3.82727272727273,191.323232323232,0.829728359966723
3.8949494949495,191.323232323232,1.09912304026631
3.96262626262626,191.323232323232,1.35758750412203
4.03030303030303,191.323232323232,1.60475944460002
4.0979797979798,191.323232323232,1.84027655476642
4.16565656565657,191.323232323232,2.06377652768737
4.23333333333333,191.323232323232,2.27489705642901
4.3010101010101,191.323232323232,2.47327583405748
4.36868686868687,191.323232323232,2.65855055363891
4.43636363636364,191.323232323232,2.83035890823944
4.5040404040404,191.323232323232,2.98833859092521
4.57171717171717,191.323232323232,3.13212729476235
4.63939393939394,191.323232323232,3.26136271281701
4.70707070707071,191.323232323232,3.37568253815533
4.77474747474747,191.323232323232,3.47472446384344
4.84242424242424,191.323232323232,3.55812618294748
4.91010101010101,191.323232323232,3.62552538853358
4.97777777777778,191.323232323232,3.67655977366789
5.04545454545454,191.323232323232,3.71092900398025
5.11313131313131,191.323232323232,3.72904032249965
5.18080808080808,191.323232323232,3.73175144359477
5.24848484848485,191.323232323232,3.71992732315805
5.31616161616162,191.323232323232,3.69443291708196
5.38383838383838,191.323232323232,3.65613318125897
5.45151515151515,191.323232323232,3.60589307158153
5.51919191919192,191.323232323232,3.54457754394212
5.58686868686869,191.323232323232,3.4730515542332
5.65454545454545,191.323232323232,3.39218005834723
5.72222222222222,191.323232323232,3.30282801217667
5.78989898989899,191.323232323232,3.205860371614
5.85757575757576,191.323232323232,3.10214209255167
5.92525252525252,191.323232323232,2.99253813088215
5.99292929292929,191.323232323232,2.8779134424979
6.06060606060606,191.323232323232,2.75913298329138
6.12828282828283,191.323232323232,2.63706170915507
6.1959595959596,191.323232323232,2.51256457598143
6.26363636363636,191.323232323232,2.38650653966291
6.33131313131313,191.323232323232,2.25975255609199
6.3989898989899,191.323232323232,2.13316758116113
6.46666666666667,191.323232323232,2.00761657076279
6.53434343434343,191.323232323232,1.8839640653481
6.6020202020202,191.323232323232,1.76284356302771
6.66969696969697,191.323232323232,1.64427387691964
6.73737373737374,191.323232323232,1.52817272262995
6.8050505050505,191.323232323232,1.41445781576469
6.87272727272727,191.323232323232,1.30304687192991
6.94040404040404,191.323232323232,1.19385760673167
7.00808080808081,191.323232323232,1.08680773577602
7.07575757575758,191.323232323232,0.981814974669014
7.14343434343434,191.323232323232,0.87879703901671
7.21111111111111,191.323232323232,0.777671644425162
7.27878787878788,191.323232323232,0.678356506500422
7.34646464646465,191.323232323232,0.580769340848545
7.41414141414141,191.323232323232,0.484827863075585
7.48181818181818,191.323232323232,0.390449788787595
7.54949494949495,191.323232323232,0.297552833590632
7.61717171717172,191.323232323232,0.206054713090747
7.68484848484848,191.323232323232,0.115873142893996
7.75252525252525,191.323232323232,0.0269258386064316
7.82020202020202,191.323232323232,-0.0608694841658904
7.88787878787879,191.323232323232,-0.147595109816915
7.95555555555555,191.323232323232,-0.233333322740591
8.02323232323232,191.323232323232,-0.318166407330864
8.09090909090909,191.323232323232,-0.402176647981675
8.15858585858586,191.323232323232,-0.485446329086977
8.22626262626263,191.323232323232,-0.56805773504071
8.29393939393939,191.323232323232,-0.650093150236822
8.36161616161616,191.323232323232,-0.73163485906926
8.42929292929293,191.323232323232,-0.812765145931966
8.4969696969697,191.323232323232,-0.893566295218892
8.56464646464647,191.323232323232,-0.974120591323981
8.63232323232323,191.323232323232,-1.05451031864117
8.7,191.323232323232,-1.13481776156443
2,197.49494949495,-9.49208729797452
2.06767676767677,197.49494949495,-9.04925355772371
2.13535353535354,197.49494949495,-8.60688066773416
2.2030303030303,197.49494949495,-8.1654294782671
2.27070707070707,197.49494949495,-7.72536083958379
2.33838383838384,197.49494949495,-7.28713560194547
2.40606060606061,197.49494949495,-6.85121461561341
2.47373737373737,197.49494949495,-6.41805873084884
2.54141414141414,197.49494949495,-5.98812879791302
2.60909090909091,197.49494949495,-5.5618856670672
2.67676767676768,197.49494949495,-5.13979018857262
2.74444444444444,197.49494949495,-4.72230321269053
2.81212121212121,197.49494949495,-4.3098855896822
2.87979797979798,197.49494949495,-3.90299816980885
2.94747474747475,197.49494949495,-3.50210180333175
3.01515151515152,197.49494949495,-3.10765734051214
3.08282828282828,197.49494949495,-2.72012563161128
3.15050505050505,197.49494949495,-2.33996752689041
3.21818181818182,197.49494949495,-1.96764387661077
3.28585858585859,197.49494949495,-1.60361553103363
3.35353535353535,197.49494949495,-1.24834334042024
3.42121212121212,197.49494949495,-0.902288155031828
3.48888888888889,197.49494949495,-0.565910615975241
3.55656565656566,197.49494949495,-0.239629837991399
3.62424242424242,197.49494949495,0.0762263695926685
3.69191919191919,197.49494949495,0.381342345813541
3.75959595959596,197.49494949495,0.675402429707813
3.82727272727273,197.49494949495,0.958090960312066
3.8949494949495,197.49494949495,1.22909227666289
3.96262626262626,197.49494949495,1.48809071779687
4.03030303030303,197.49494949495,1.73477062275059
4.0979797979798,197.49494949495,1.96881633056065
4.16565656565657,197.49494949495,2.18991218026362
4.23333333333333,197.49494949495,2.3977425108961
4.3010101010101,197.49494949495,2.59199166149468
4.36868686868687,197.49494949495,2.77234397109593
4.43636363636364,197.49494949495,2.93848377873646
4.5040404040404,197.49494949495,3.09009542345284
4.57171717171717,197.49494949495,3.22686324428166
4.63939393939394,197.49494949495,3.34847158025951
4.70707070707071,197.49494949495,3.45460477042297
4.77474747474747,197.49494949495,3.54494715380865
4.84242424242424,197.49494949495,3.61918306945311
4.91010101010101,197.49494949495,3.67699685639295
4.97777777777778,197.49494949495,3.71807285366476
5.04545454545454,197.49494949495,3.74215735749256
5.11313131313131,197.49494949495,3.74970406593982
5.18080808080808,197.49494949495,3.74161703664145
5.24848484848485,197.49494949495,3.71880756695943
5.31616161616162,197.49494949495,3.68218695425577
5.38383838383838,197.49494949495,3.63266649589248
5.45151515151515,197.49494949495,3.57115748923156
5.51919191919192,197.49494949495,3.498571231635
5.58686868686869,197.49494949495,3.41581902046481
5.65454545454545,197.49494949495,3.32381215308298
5.72222222222222,197.49494949495,3.22346192685154
5.78989898989899,197.49494949495,3.11567963913245
5.85757575757576,197.49494949495,3.00137658728775
5.92525252525252,197.49494949495,2.88146406867941
5.99292929292929,197.49494949495,2.75685338066946
6.06060606060606,197.49494949495,2.62845582061988
6.12828282828283,197.49494949495,2.49718268589268
6.1959595959596,197.49494949495,2.36394527384985
6.26363636363636,197.49494949495,2.22965488185341
6.33131313131313,197.49494949495,2.09522280726535
6.3989898989899,197.49494949495,1.96156034744767
6.46666666666667,197.49494949495,1.82957879976238
6.53434343434343,197.49494949495,1.70018901579941
6.6020202020202,197.49494949495,1.57405393676209
6.66969696969697,197.49494949495,1.45117694165472
6.73737373737374,197.49494949495,1.33145293099568
6.8050505050505,197.49494949495,1.21477680530338
6.87272727272727,197.49494949495,1.10104346509619
6.94040404040404,197.49494949495,0.990147810892495
7.00808080808081,197.49494949495,0.8819847432107
7.07575757575758,197.49494949495,0.776449162569185
7.14343434343434,197.49494949495,0.673435969486339
7.21111111111111,197.49494949495,0.572840064480554
7.27878787878788,197.49494949495,0.474556348070215
7.34646464646465,197.49494949495,0.378479720773714
7.41414141414141,197.49494949495,0.284505083109436
7.48181818181818,197.49494949495,0.192527335595773
7.54949494949495,197.49494949495,0.102441378751114
7.61717171717172,197.49494949495,0.0141421130938439
7.68484848484848,197.49494949495,-0.0724755608576447
7.75252525252525,197.49494949495,-0.157516742584966
7.82020202020202,197.49494949495,-0.241086531569729
7.88787878787879,197.49494949495,-0.323290027293545
7.95555555555555,197.49494949495,-0.404232329238027
8.02323232323232,197.49494949495,-0.484018536884786
8.09090909090909,197.49494949495,-0.56275374971543
8.15858585858586,197.49494949495,-0.640543067211575
8.22626262626263,197.49494949495,-0.717491588854828
8.29393939393939,197.49494949495,-0.793704414126803
8.36161616161616,197.49494949495,-0.869286642509112
8.42929292929293,197.49494949495,-0.94434337348336
8.4969696969697,197.49494949495,-1.01897970653117
8.56464646464647,197.49494949495,-1.09330074113414
8.63232323232323,197.49494949495,-1.16741157677389
8.7,197.49494949495,-1.24141731293203
2,203.666666666667,-9.77840020987515
2.06767676767677,203.666666666667,-9.31304179313388
2.13535353535354,203.666666666667,-8.84820511461951
2.2030303030303,203.666666666667,-8.38441191255895
2.27070707070707,203.666666666667,-7.92218392517912
2.33838383838384,203.666666666667,-7.4620428907069
2.40606060606061,203.666666666667,-7.00451054736922
2.47373737373737,203.666666666667,-6.55010863339296
2.54141414141414,203.666666666667,-6.09935888700505
2.60909090909091,203.666666666667,-5.65278304643238
2.67676767676768,203.666666666667,-5.21090284990187
2.74444444444444,203.666666666667,-4.7742400356404
2.81212121212121,203.666666666667,-4.3433163418749
2.87979797979798,203.666666666667,-3.91865350683227
2.94747474747475,203.666666666667,-3.50077326873941
3.01515151515152,203.666666666667,-3.09019736582323
3.08282828282828,203.666666666667,-2.68744753631063
3.15050505050505,203.666666666667,-2.29304551842853
3.21818181818182,203.666666666667,-1.90751305040382
3.28585858585859,203.666666666667,-1.53137187046341
3.35353535353535,203.666666666667,-1.16514371683421
3.42121212121212,203.666666666667,-0.809350327743122
3.48888888888889,203.666666666667,-0.464513077831053
3.55656565656566,203.666666666667,-0.131081153901153
3.62424242424242,203.666666666667,0.190654979064129
3.69191919191919,203.666666666667,0.500425974330535
3.75959595959596,203.666666666667,0.79796248516382
3.82727272727273,203.666666666667,1.08299516482973
3.8949494949495,203.666666666667,1.35525466659401
3.96262626262626,203.666666666667,1.61447164372242
4.03030303030303,203.666666666667,1.86037674948071
4.0979797979798,203.666666666667,2.09270063713461
4.16565656565657,203.666666666667,2.31117395994989
4.23333333333333,203.666666666667,2.51552737119228
4.3010101010101,203.666666666667,2.70549152412756
4.36868686868687,203.666666666667,2.88079707202145
4.43636363636364,203.666666666667,3.04117466813971
4.5040404040404,203.666666666667,3.18635496574809
4.57171717171717,203.666666666667,3.31606861811234
4.63939393939394,203.666666666667,3.4300462784982
4.70707070707071,203.666666666667,3.52801860017143
4.77474747474747,203.666666666667,3.60971623639778
4.84242424242424,203.666666666667,3.67486984044299
4.91010101010101,203.666666666667,3.72321006557282
4.97777777777778,203.666666666667,3.75446756505301
5.04545454545454,203.666666666667,3.76843484543551
5.11313131313131,203.666666666667,3.76561062880962
5.18080808080808,203.666666666667,3.74694324159
5.24848484848485,203.666666666667,3.71338823777749
5.31616161616162,203.666666666667,3.66590117137294
5.38383838383838,203.666666666667,3.60543759637717
5.45151515151515,203.666666666667,3.53295306679102
5.51919191919192,203.666666666667,3.44940313661535
5.58686868686869,203.666666666667,3.35574335985098
5.65454545454545,203.666666666667,3.25292929049876
5.72222222222222,203.666666666667,3.14191648255953
5.78989898989899,203.666666666667,3.02366049003412
5.85757575757576,203.666666666667,2.89911686692337
5.92525252525252,203.666666666667,2.76924116722813
5.99292929292929,203.666666666667,2.63498894494924
6.06060606060606,203.666666666667,2.49731575408753
6.12828282828283,203.666666666667,2.35717714864384
6.1959595959596,203.666666666667,2.21552868261901
6.26363636363636,203.666666666667,2.07332591001389
6.33131313131313,203.666666666667,1.9315243848293
6.3989898989899,203.666666666667,1.7910796610661
6.46666666666667,203.666666666667,1.65294729272512
6.53434343434343,203.666666666667,1.51808235888332
6.6020202020202,203.666666666667,1.38717581582877
6.66969696969697,203.666666666667,1.26021592477546
6.73737373737374,203.666666666667,1.13707537436853
6.8050505050505,203.666666666667,1.01762685325309
6.87272727272727,203.666666666667,0.901743050074272
6.94040404040404,203.666666666667,0.789296653477186
7.00808080808081,203.666666666667,0.680160352106961
7.07575757575758,203.666666666667,0.574206834608711
7.14343434343434,203.666666666667,0.471308789627561
7.21111111111111,203.666666666667,0.371338905808633
7.27878787878788,203.666666666667,0.274169871797044
7.34646464646465,203.666666666667,0.179674376237917
7.41414141414141,203.666666666667,0.0877251077763721
7.48181818181818,203.666666666667,-0.00180524494246925
7.54949494949495,203.666666666667,-0.0890439932734848
7.61717171717172,203.666666666667,-0.174118448571557
7.68484848484848,203.666666666667,-0.257155922191561
7.75252525252525,203.666666666667,-0.338283725488381
7.82020202020202,203.666666666667,-0.417629169816892
7.88787878787879,203.666666666667,-0.495319566531973
7.95555555555555,203.666666666667,-0.571482226988505
8.02323232323232,203.666666666667,-0.646244462541368
8.09090909090909,203.666666666667,-0.719733584545438
8.15858585858586,203.666666666667,-0.792076904355597
8.22626262626263,203.666666666667,-0.863401733326723
8.29393939393939,203.666666666667,-0.933835382813694
8.36161616161616,203.666666666667,-1.00350516417139
8.42929292929293,203.666666666667,-1.07253838875469
8.4969696969697,203.666666666667,-1.14106236791848
8.56464646464647,203.666666666667,-1.20920441301762
8.63232323232323,203.666666666667,-1.27709183540701
8.7,203.666666666667,-1.34485194644152
2,209.838383838384,-10.0482920483015
2.06767676767677,209.838383838384,-9.56143216483357
2.13535353535354,209.838383838384,-9.07515281508894
2.2030303030303,209.838383838384,-8.590034532791
2.27070707070707,209.838383838384,-8.1066578516631
2.33838383838384,209.838383838384,-7.62560330542859
2.40606060606061,209.838383838384,-7.14745142781082
2.47373737373737,209.838383838384,-6.67278275253313
2.54141414141414,209.838383838384,-6.20217781331887
2.60909090909091,209.838383838384,-5.73621714389138
2.67676767676768,209.838383838384,-5.27548127797403
2.74444444444444,209.838383838384,-4.82055074929013
2.81212121212121,209.838383838384,-4.37200609156307
2.87979797979798,209.838383838384,-3.93042783851617
2.94747474747475,209.838383838384,-3.49639652387277
3.01515151515152,209.838383838384,-3.07049268135624
3.08282828282828,209.838383838384,-2.65329684468992
3.15050505050505,209.838383838384,-2.24538954759716
3.21818181818182,209.838383838384,-1.84735132380129
3.28585858585859,209.838383838384,-1.45976270702567
3.35353535353535,209.838383838384,-1.08320423099365
3.42121212121212,209.838383838384,-0.718256429428567
3.48888888888889,209.838383838384,-0.365499322359245
3.55656565656566,209.838383838384,-0.0254109388199037
3.62424242424242,209.838383838384,0.301754943176712
3.69191919191919,209.838383838384,0.615774382654184
3.75959595959596,209.838383838384,0.916423438636108
3.82727272727273,209.838383838384,1.20347817014607
3.8949494949495,209.838383838384,1.47671463620765
3.96262626262626,209.838383838384,1.73590889584446
4.03030303030303,209.838383838384,1.98083700808006
4.0979797979798,209.838383838384,2.21127503193806
4.16565656565657,209.838383838384,2.42699902644204
4.23333333333333,209.838383838384,2.62778505061559
4.3010101010101,209.838383838384,2.8134091634823
4.36868686868687,209.838383838384,2.98364742406576
4.43636363636364,209.838383838384,3.13827589138956
4.5040404040404,209.838383838384,3.27707062447728
4.57171717171717,209.838383838384,3.39980768235252
4.63939393939394,209.838383838384,3.50626312403887
4.70707070707071,209.838383838384,3.5962130085599
4.77474747474747,209.838383838384,3.66943339493922
4.84242424242424,209.838383838384,3.72570034220041
4.91010101010101,209.838383838384,3.76478990936706
4.97777777777778,209.838383838384,3.78647815546276
5.04545454545454,209.838383838384,3.79060282161917
5.11313131313131,209.838383838384,3.77770591006351
5.18080808080808,209.838383838384,3.74877778307456
5.24848484848485,209.838383838384,3.70481601051501
5.31616161616162,209.838383838384,3.64681816224759
5.38383838383838,209.838383838384,3.575781808135
5.45151515151515,209.838383838384,3.49270451803995
5.51919191919192,209.838383838384,3.39858386182514
5.58686868686869,209.838383838384,3.29441740935329
5.65454545454545,209.838383838384,3.18120273048711
5.72222222222222,209.838383838384,3.05993739508931
5.78989898989899,209.838383838384,2.93161897302259
5.85757575757576,209.838383838384,2.79724503414966
5.92525252525252,209.838383838384,2.65781314833323
5.99292929292929,209.838383838384,2.51432088543602
6.06060606060606,209.838383838384,2.36776581532073
6.12828282828283,209.838383838384,2.21914550785006
6.1959595959596,209.838383838384,2.06945753288674
6.26363636363636,209.838383838384,1.91969946029346
6.33131313131313,209.838383838384,1.77086885993294
6.3989898989899,209.838383838384,1.62396330166789
6.46666666666667,209.838383838384,1.47998035536101
6.53434343434343,209.838383838384,1.33991708812817
6.6020202020202,209.838383838384,1.20449097090528
6.66969696969697,209.838383838384,1.07367561280868
6.73737373737374,209.838383838384,0.947322279673012
6.8050505050505,209.838383838384,0.825282237332911
6.87272727272727,209.838383838384,0.707406751623008
6.94040404040404,209.838383838384,0.59354708837794
7.00808080808081,209.838383838384,0.483554513432347
7.07575757575758,209.838383838384,0.37728029262086
7.14343434343434,209.838383838384,0.274575691778115
7.21111111111111,209.838383838384,0.175291976738751
7.27878787878788,209.838383838384,0.0792804133374009
7.34646464646465,209.838383838384,-0.0136077325912999
7.41414141414141,209.838383838384,-0.103521195212714
7.48181818181818,209.838383838384,-0.190608708692208
7.54949494949495,209.838383838384,-0.275019007195141
7.61717171717172,209.838383838384,-0.356900824886883
7.68484848484848,209.838383838384,-0.436402895932796
7.75252525252525,209.838383838384,-0.513673954498246
7.82020202020202,209.838383838384,-0.588862734748595
7.88787878787879,209.838383838384,-0.662117970849207
7.95555555555555,209.838383838384,-0.733588396965449
8.02323232323232,209.838383838384,-0.803422747262683
8.09090909090909,209.838383838384,-0.871769755906273
8.15858585858586,209.838383838384,-0.938778157061587
8.22626262626263,209.838383838384,-1.00459668489398
8.29393939393939,209.838383838384,-1.06937407356883
8.36161616161616,209.838383838384,-1.13325905725149
8.42929292929293,209.838383838384,-1.19640037010733
8.4969696969697,209.838383838384,-1.25894674630172
8.56464646464647,209.838383838384,-1.32104692000001
8.63232323232323,209.838383838384,-1.38284962536757
8.7,209.838383838384,-1.44450359656977
2,216.010101010101,-10.3016782707077
2.06767676767677,216.010101010101,-9.79442463328386
2.13535353535354,216.010101010101,-9.2878078112905
2.2030303030303,216.010101010101,-8.78246462015808
2.27070707070707,216.010101010101,-8.27903187531713
2.33838383838384,216.010101010101,-7.77814639219809
2.40606060606061,216.010101010101,-7.28044498623147
2.47373737373737,216.010101010101,-6.78656447284774
2.54141414141414,216.010101010101,-6.29714166747739
2.60909090909091,216.010101010101,-5.8128133855509
2.67676767676768,216.010101010101,-5.33421644249875
2.74444444444444,216.010101010101,-4.86198765375142
2.81212121212121,216.010101010101,-4.39676383473939
2.87979797979798,216.010101010101,-3.93918180089316
2.94747474747475,216.010101010101,-3.48987836764318
3.01515151515152,216.010101010101,-3.04949035041997
3.08282828282828,216.010101010101,-2.61865456465399
3.15050505050505,216.010101010101,-2.19800782577572
3.21818181818182,216.010101010101,-1.78818694921565
3.28585858585859,216.010101010101,-1.38982875040426
3.35353535353535,216.010101010101,-1.00357004477203
3.42121212121212,216.010101010101,-0.630047647749455
3.48888888888889,216.010101010101,-0.269897716622122
3.55656565656566,216.010101010101,0.0763742620764609
3.62424242424242,216.010101010101,0.40855011197927
3.69191919191919,216.010101010101,0.726449883897991
3.75959595959596,216.010101010101,1.02989362864433
3.82727272727273,216.010101010101,1.31870139702998
3.8949494949495,216.010101010101,1.59269323986663
3.96262626262626,216.010101010101,1.85168920796598
4.03030303030303,216.010101010101,2.09550935213974
4.0979797979798,216.010101010101,2.32397372319959
4.16565656565657,216.010101010101,2.53690237195723
4.23333333333333,216.010101010101,2.73411534922436
4.3010101010101,216.010101010101,2.91543270581268
4.36868686868687,216.010101010101,3.08067449253387
4.43636363636364,216.010101010101,3.22966076019965
4.5040404040404,216.010101010101,3.3622115596217
4.57171717171717,216.010101010101,3.47814694161172
4.63939393939394,216.010101010101,3.57728695698141
4.70707070707071,216.010101010101,3.65945165654246
4.77474747474747,216.010101010101,3.72446109110657
4.84242424242424,216.010101010101,3.77213531148543
4.91010101010101,216.010101010101,3.80229436849075
4.97777777777778,216.010101010101,3.81475831293422
5.04545454545454,216.010101010101,3.80940865808855
5.11313131313131,216.010101010101,3.78682867048171
5.18080808080808,216.010101010101,3.74804838010437
5.24848484848485,216.010101010101,3.69410499886528
5.31616161616162,216.010101010101,3.62603573867318
5.38383838383838,216.010101010101,3.54487781143683
5.45151515151515,216.010101010101,3.45166842906496
5.51919191919192,216.010101010101,3.34744480346632
5.58686868686869,216.010101010101,3.23324414654966
5.65454545454545,216.010101010101,3.11010367022373
5.72222222222222,216.010101010101,2.97906058639728
5.78989898989899,216.010101010101,2.84115210697904
5.85757575757576,216.010101010101,2.69741544387776
5.92525252525252,216.010101010101,2.5488878090022
5.99292929292929,216.010101010101,2.3966064142611
6.06060606060606,216.010101010101,2.2416084715632
6.12828282828283,216.010101010101,2.08493119281726
6.1959595959596,216.010101010101,1.92761178993201
6.26363636363636,216.010101010101,1.7706874748162
6.33131313131313,216.010101010101,1.61519545937859
6.3989898989899,216.010101010101,1.46217295552791
6.46666666666667,216.010101010101,1.31265717517292
6.53434343434343,216.010101010101,1.16768480111075
6.6020202020202,216.010101010101,1.02799825753899
6.66969696969697,216.010101010101,0.893557097668438
6.73737373737374,216.010101010101,0.764192115573255
6.8050505050505,216.010101010101,0.639734105327595
6.87272727272727,216.010101010101,0.520013861005608
6.94040404040404,216.010101010101,0.40486217668145
7.00808080808081,216.010101010101,0.294109846429278
7.07575757575758,216.010101010101,0.187587664323243
7.14343434343434,216.010101010101,0.0851264244375005
7.21111111111111,216.010101010101,-0.013443079153793
7.27878787878788,216.010101010101,-0.108290052376486
7.34646464646465,216.010101010101,-0.199583701156422
7.41414141414141,216.010101010101,-0.287493231419448
7.48181818181818,216.010101010101,-0.372187849091408
7.54949494949495,216.010101010101,-0.453836760098149
7.61717171717172,216.010101010101,-0.532609170365516
7.68484848484848,216.010101010101,-0.608674285819352
7.75252525252525,216.010101010101,-0.682201312385508
7.82020202020202,216.010101010101,-0.753359455989827
7.88787878787879,216.010101010101,-0.822317922558151
7.95555555555555,216.010101010101,-0.88924591801633
8.02323232323232,216.010101010101,-0.954312648290209
8.09090909090909,216.010101010101,-1.01768731930563
8.15858585858586,216.010101010101,-1.07953913698845
8.22626262626263,216.010101010101,-1.14003730726449
8.29393939393939,216.010101010101,-1.19935103605962
8.36161616161616,216.010101010101,-1.25764952929968
8.42929292929293,216.010101010101,-1.31510199291051
8.4969696969697,216.010101010101,-1.37187763281796
8.56464646464647,216.010101010101,-1.42814565494787
8.63232323232323,216.010101010101,-1.48407526522608
8.7,216.010101010101,-1.53983566957846
2,222.181818181818,-10.5387271695967
2.06767676767677,222.181818181818,-10.0121961418279
2.13535353535354,222.181818181818,-9.48635561969465
2.2030303030303,222.181818181818,-8.96189610883267
2.27070707070707,222.181818181818,-8.43950811487755
2.33838383838384,222.181818181818,-7.91988214346489
2.40606060606061,222.181818181818,-7.40370870023032
2.47373737373737,222.181818181818,-6.89167829080945
2.54141414141414,222.181818181818,-6.38448142083789
2.60909090909091,222.181818181818,-5.88280859595127
2.67676767676768,222.181818181818,-5.38735032178519
2.74444444444444,222.181818181818,-4.89879710397528
2.81212121212121,222.181818181818,-4.41783944815715
2.87979797979798,222.181818181818,-3.94516785996643
2.94747474747475,222.181818181818,-3.48147284503871
3.01515151515152,222.181818181818,-3.02744490900963
3.08282828282828,222.181818181818,-2.5837745575148
3.15050505050505,222.181818181818,-2.15115229618983
3.21818181818182,222.181818181818,-1.73026863067035
3.28585858585859,222.181818181818,-1.32181406659196
3.35353535353535,222.181818181818,-0.926479109590288
3.42121212121212,222.181818181818,-0.544954265300949
3.48888888888889,222.181818181818,-0.177929242695306
3.55656565656566,222.181818181818,0.174064422204799
3.62424242424242,222.181818181818,0.510842973548139
3.69191919191919,222.181818181818,0.832268928314343
3.75959595959596,222.181818181818,1.13820480348305
3.82727272727273,222.181818181818,1.4285131160339
3.8949494949495,222.181818181818,1.70305638294651
3.96262626262626,222.181818181818,1.96169712120054
4.03030303030303,222.181818181818,2.20429784777561
4.0979797979798,222.181818181818,2.43072107965136
4.16565656565657,222.181818181818,2.64082933380743
4.23333333333333,222.181818181818,2.83448512722344
4.3010101010101,222.181818181818,3.01155097687904
4.36868686868687,222.181818181818,3.17188939975387
4.43636363636364,222.181818181818,3.31536291282755
4.5040404040404,222.181818181818,3.44183403307973
4.57171717171717,222.181818181818,3.55116527749003
4.63939393939394,222.181818181818,3.6432191630381
4.70707070707071,222.181818181818,3.71785820670357
4.77474747474747,222.181818181818,3.77494492546607
4.84242424242424,222.181818181818,3.81434183630525
4.91010101010101,222.181818181818,3.83591145620073
4.97777777777778,222.181818181818,3.83951630213215
5.04545454545454,222.181818181818,3.82508009073991
5.11313131313131,222.181818181818,3.79322529137379
5.18080808080808,222.181818181818,3.74501922658185
5.24848484848485,222.181818181818,3.6815363701219
5.31616161616162,222.181818181818,3.60385119575176
5.38383838383838,222.181818181818,3.51303817722924
5.45151515151515,222.181818181818,3.41017178831215
5.51919191919192,222.181818181818,3.29632650275829
5.58686868686869,222.181818181818,3.17257679432547
5.65454545454545,222.181818181818,3.03999713677151
5.72222222222222,222.181818181818,2.89966200385422
5.78989898989899,222.181818181818,2.7526458693314
5.85757575757576,222.181818181818,2.60002320696087
5.92525252525252,222.181818181818,2.44286849050044
5.99292929292929,222.181818181818,2.28225619370791
6.06060606060606,222.181818181818,2.1192607903411
6.12828282828283,222.181818181818,1.95495675415782
6.1959595959596,222.181818181818,1.79041855891587
6.26363636363636,222.181818181818,1.62672067837307
6.33131313131313,222.181818181818,1.46493758628723
6.3989898989899,222.181818181818,1.30614375641615
6.46666666666667,222.181818181818,1.15141366251766
6.53434343434343,222.181818181818,1.00182122434738
6.6020202020202,222.181818181818,0.858132260500665
6.66969696969697,222.181818181818,0.72029289064207
6.73737373737374,222.181818181818,0.58811441819134
6.8050505050505,222.181818181818,0.461408146568213
6.87272727272727,222.181818181818,0.339985379192428
6.94040404040404,222.181818181818,0.223657419483719
7.00808080808081,222.181818181818,0.112235570861828
7.07575757575758,222.181818181818,0.00553113674649047
7.14343434343434,222.181818181818,-0.0966445794425554
7.21111111111111,222.181818181818,-0.19448027428557
7.27878787878788,222.181818181818,-0.288164644362818
7.34646464646465,222.181818181818,-0.377886386254561
7.41414141414141,222.181818181818,-0.463834196541062
7.48181818181818,222.181818181818,-0.54619677180258
7.54949494949495,222.181818181818,-0.625162808619379
7.61717171717172,222.181818181818,-0.700921003571722
7.68484848484848,222.181818181818,-0.77366005323987
7.75252525252525,222.181818181818,-0.843568654204087
7.82020202020202,222.181818181818,-0.910835503044633
7.88787878787879,222.181818181818,-0.97564929634177
7.95555555555555,222.181818181818,-1.03819873067576
8.02323232323232,222.181818181818,-1.09867250262687
8.09090909090909,222.181818181818,-1.15725930877536
8.15858585858586,222.181818181818,-1.21414784570148
8.22626262626263,222.181818181818,-1.26952680998551
8.29393939393939,222.181818181818,-1.32358489820771
8.36161616161616,222.181818181818,-1.37651080694833
8.42929292929293,222.181818181818,-1.42849323278764
8.4969696969697,222.181818181818,-1.4797208723059
8.56464646464647,222.181818181818,-1.53038242208338
8.63232323232323,222.181818181818,-1.58066657870033
8.7,222.181818181818,-1.63076203873702
2,228.353535353535,-10.7596939377225
2.06767676767677,228.353535353535,-10.2149844634165
2.13535353535354,228.353535353535,-9.6710166338355
2.2030303030303,228.353535353535,-9.12853209370467
2.27070707070707,228.353535353535,-8.58827248774904
2.33838383838384,228.353535353535,-8.05097946069367
2.40606060606061,228.353535353535,-7.51739465726363
2.47373737373737,228.353535353535,-6.98825972218399
2.54141414141414,228.353535353535,-6.46431630017982
2.60909090909091,228.353535353535,-5.94630603597617
2.67676767676768,228.353535353535,-5.43497057429812
2.74444444444444,228.353535353535,-4.93105155987073
2.81212121212121,228.353535353535,-4.43529063741907
2.87979797979798,228.353535353535,-3.94842945166821
2.94747474747475,228.353535353535,-3.4712096473432
3.01515151515152,228.353535353535,-3.00437286916912
3.08282828282828,228.353535353535,-2.54866076187103
3.15050505050505,228.353535353535,-2.10481497017401
3.21818181818182,228.353535353535,-1.67357713880311
3.28585858585859,228.353535353535,-1.25568891248339
3.35353535353535,228.353535353535,-0.851891935939941
3.42121212121212,228.353535353535,-0.462927853897813
3.48888888888889,228.353535353535,-0.0895373817370857
3.55656565656566,228.353535353535,0.2677232810834
3.62424242424242,228.353535353535,0.608703636451079
3.69191919191919,228.353535353535,0.933307165609779
3.75959595959596,228.353535353535,1.24143734980334
3.82727272727273,228.353535353535,1.53299767027559
3.8949494949495,228.353535353535,1.80789160827037
3.96262626262626,228.353535353535,2.06602264503151
4.03030303030303,228.353535353535,2.30729426180284
4.0979797979798,228.353535353535,2.5316099398282
4.16565656565657,228.353535353535,2.73887316035142
4.23333333333333,228.353535353535,2.92898740461634
4.3010101010101,228.353535353535,3.1018561538668
4.36868686868687,228.353535353535,3.25738288934661
4.43636363636364,228.353535353535,3.39547109229963
4.5040404040404,228.353535353535,3.51602424396968
4.57171717171717,228.353535353535,3.6189458256006
4.63939393939394,228.353535353535,3.70413931843622
4.70707070707071,228.353535353535,3.77150820372038
4.77474747474747,228.353535353535,3.8209559626969
4.84242424242424,228.353535353535,3.85238607660963
4.91010101010101,228.353535353535,3.8657020267024
4.97777777777778,228.353535353535,3.86080729421904
5.04545454545454,228.353535353535,3.83766625478913
5.11313131313131,228.353535353535,3.79693855124616
5.18080808080808,228.353535353535,3.73972646061337
5.24848484848485,228.353535353535,3.6671393754522
5.31616161616162,228.353535353535,3.58028668832409
5.38383838383838,228.353535353535,3.48027779179049
5.45151515151515,228.353535353535,3.36822207841283
5.51919191919192,228.353535353535,3.24522894075256
5.58686868686869,228.353535353535,3.11240777137111
5.65454545454545,228.353535353535,2.97086796282992
5.72222222222222,228.353535353535,2.82171890769045
5.78989898989899,228.353535353535,2.66606999851412
5.85757575757576,228.353535353535,2.50503062786238
5.92525252525252,228.353535353535,2.33971018829668
5.99292929292929,228.353535353535,2.17121807237844
6.06060606060606,228.353535353535,2.00066367266911
6.12828282828283,228.353535353535,1.82915638173014
6.1959595959596,228.353535353535,1.65780559212296
6.26363636363636,228.353535353535,1.48772069640901
6.33131313131313,228.353535353535,1.32001108714974
6.3989898989899,228.353535353535,1.15578615690658
6.46666666666667,228.353535353535,0.996155298240984
6.53434343434343,228.353535353535,0.84222732627287
6.6020202020202,228.353535353535,0.694789919469057
6.66969696969697,228.353535353535,0.553776376614998
6.73737373737374,228.353535353535,0.418979476292965
6.8050505050505,228.353535353535,0.290191997085224
6.87272727272727,228.353535353535,0.167206717574037
6.94040404040404,228.353535353535,0.04981641634167
7.00808080808081,228.353535353535,-0.0621861280296055
7.07575757575758,228.353535353535,-0.169008136957528
7.14343434343434,228.353535353535,-0.270856831859834
7.21111111111111,228.353535353535,-0.36793943415425
7.27878787878788,228.353535353535,-0.460463165258519
7.34646464646465,228.353535353535,-0.54863524659037
7.41414141414141,228.353535353535,-0.632662899567537
7.48181818181818,228.353535353535,-0.712753345607757
7.54949494949495,228.353535353535,-0.78911380612876
7.61717171717172,228.353535353535,-0.861951502548284
7.68484848484848,228.353535353535,-0.931473656284062
7.75252525252525,228.353535353535,-0.997887488753829
7.82020202020202,228.353535353535,-1.06140022137532
7.88787878787879,228.353535353535,-1.12221907556626
7.95555555555555,228.353535353535,-1.18055127274439
8.02323232323232,228.353535353535,-1.23660403432745
8.09090909090909,228.353535353535,-1.29058458173317
8.15858585858586,228.353535353535,-1.34270013637928
8.22626262626263,228.353535353535,-1.39315791968352
8.29393939393939,228.353535353535,-1.44216515306361
8.36161616161616,228.353535353535,-1.48992905793731
8.42929292929293,228.353535353535,-1.53665685572233
8.4969696969697,228.353535353535,-1.58255576783642
8.56464646464647,228.353535353535,-1.6278330156973
8.63232323232323,228.353535353535,-1.67269582072271
8.7,228.353535353535,-1.71735140433039
2,234.525252525253,-10.9648338470021
2.06767676767677,234.525252525253,-10.4030274264141
2.13535353535354,234.525252525253,-9.84201127901883
2.2030303030303,234.525252525253,-9.28257567800903
2.27070707070707,234.525252525253,-8.72551089657743
2.33838383838384,234.525252525253,-8.17160720791676
2.40606060606061,234.525252525253,-7.62165488521974
2.47373737373737,234.525252525253,-7.07644420167911
2.54141414141414,234.525252525253,-6.53676543048759
2.60909090909091,234.525252525253,-6.00340884483792
2.67676767676768,234.525252525253,-5.47716471792283
2.74444444444444,234.525252525253,-4.95882332293504
2.81212121212121,234.525252525253,-4.4491749330673
2.87979797979798,234.525252525253,-3.94900982151232
2.94747474747475,234.525252525253,-3.45911826146285
3.01515151515152,234.525252525253,-2.9802905261116
3.08282828282828,234.525252525253,-2.51331688865133
3.15050505050505,234.525252525253,-2.05898762227475
3.21818181818182,234.525252525253,-1.61809300017459
3.28585858585859,234.525252525253,-1.19142329554358
3.35353535353535,234.525252525253,-0.779768781574461
3.42121212121212,234.525252525253,-0.383919731459961
3.48888888888889,234.525252525253,-0.00466536211303762
3.55656565656566,234.525252525253,0.35741482762099
3.62424242424242,234.525252525253,0.702202453047865
3.69191919191919,234.525252525253,1.02964048161162
3.75959595959596,234.525252525253,1.33967188075628
3.82727272727273,234.525252525253,1.63223961792589
3.8949494949495,234.525252525253,1.90728666056448
3.96262626262626,234.525252525253,2.16475597611608
4.03030303030303,234.525252525253,2.40459053202473
4.0979797979798,234.525252525253,2.62673329573447
4.16565656565657,234.525252525253,2.83112723468932
4.23333333333333,234.525252525253,3.01771531633332
4.3010101010101,234.525252525253,3.18644050811051
4.36868686868687,234.525252525253,3.33724577746492
4.43636363636364,234.525252525253,3.47007409184057
4.5040404040404,234.525252525253,3.58486841868152
4.57171717171717,234.525252525253,3.68157172543179
4.63939393939394,234.525252525253,3.76012697953542
4.70707070707071,234.525252525253,3.82047714843643
4.77474747474747,234.525252525253,3.86256519957887
4.84242424242424,234.525252525253,3.88633410040677
4.91010101010101,234.525252525253,3.89172681836416
4.97777777777778,234.525252525253,3.87868632089507
5.04545454545454,234.525252525253,3.84721612275369
5.11313131313131,234.525252525253,3.79801104313088
5.18080808080808,234.525252525253,3.73220601255521
5.24848484848485,234.525252525253,3.65094303653753
5.31616161616162,234.525252525253,3.55536412058868
5.38383838383838,234.525252525253,3.44661127021947
5.45151515151515,234.525252525253,3.32582649094076
5.51919191919192,234.525252525253,3.19415178826338
5.58686868686869,234.525252525253,3.05272916769817
5.65454545454545,234.525252525253,2.90270063475595
5.72222222222222,234.525252525253,2.74520819494757
5.78989898989899,234.525252525253,2.58139385378386
5.85757575757576,234.525252525253,2.41239961677566
5.92525252525252,234.525252525253,2.23936748943381
5.99292929292929,234.525252525253,2.06343947726913
6.06060606060606,234.525252525253,1.88575758579247
6.12828282828283,234.525252525253,1.70746382051467
6.1959595959596,234.525252525253,1.52970018694655
6.26363636363636,234.525252525253,1.35360869059896
6.33131313131313,234.525252525253,1.18033133698273
6.3989898989899,234.525252525253,1.01101013160869
6.46666666666667,234.525252525253,0.846787079987687
6.53434343434343,234.525252525253,0.688803588177857
6.6020202020202,234.525252525253,0.537867684348818
6.66969696969697,234.525252525253,0.393900449349141
6.73737373737374,234.525252525253,0.256677087410139
6.8050505050505,234.525252525253,0.125972802763124
6.87272727272727,234.525252525253,0.00156279963940741
6.94040404040404,234.525252525253,-0.116777717729706
7.00808080808081,234.525252525253,-0.229273545112896
7.07575757575758,234.525252525253,-0.336149478278859
7.14343434343434,234.525252525253,-0.437630312996282
7.21111111111111,234.525252525253,-0.533940845033853
7.27878787878788,234.525252525253,-0.625305870160263
7.34646464646465,234.525252525253,-0.7119501841442
7.41414141414141,234.525252525253,-0.794098582754353
7.48181818181818,234.525252525253,-0.871975861759413
7.54949494949495,234.525252525253,-0.945806816928067
7.61717171717172,234.525252525253,-1.01581624402901
7.68484848484848,234.525252525253,-1.08222893883092
7.75252525252525,234.525252525253,-1.14526969710249
7.82020202020202,234.525252525253,-1.20516331461242
7.88787878787879,234.525252525253,-1.26213458712938
7.95555555555555,234.525252525253,-1.31640831042208
8.02323232323232,234.525252525253,-1.3682092802592
8.09090909090909,234.525252525253,-1.41776229240942
8.15858585858586,234.525252525253,-1.46529214264144
8.22626262626263,234.525252525253,-1.51102362672395
8.29393939393939,234.525252525253,-1.55518154042563
8.36161616161616,234.525252525253,-1.59799067951518
8.42929292929293,234.525252525253,-1.63967583976128
8.4969696969697,234.525252525253,-1.68046181693263
8.56464646464647,234.525252525253,-1.72057340679791
8.63232323232323,234.525252525253,-1.76023540512581
8.7,234.525252525253,-1.79967260768502
2,240.69696969697,-11.1544021693522
2.06767676767677,240.69696969697,-10.576562859185
2.13535353535354,240.69696969697,-9.99955998055037
2.2030303030303,240.69696969697,-9.42422996498071
2.27070707070707,240.69696969697,-8.8514092440086
2.33838383838384,240.69696969697,-8.28193424916652
2.40606060606061,240.69696969697,-7.71664141198699
2.47373737373737,240.69696969697,-7.15636716400252
2.54141414141414,240.69696969697,-6.60194793674563
2.60909090909091,240.69696969697,-6.05422016174882
2.67676767676768,240.69696969697,-5.5140202705446
2.74444444444444,240.69696969697,-4.98218469466549
2.81212121212121,240.69696969697,-4.45954986564399
2.87979797979798,240.69696969697,-3.94695221501261
2.94747474747475,240.69696969697,-3.44522817430387
3.01515151515152,240.69696969697,-2.95521417505027
3.08282828282828,240.69696969697,-2.47774664878433
3.15050505050505,240.69696969697,-2.01366202703856
3.21818181818182,240.69696969697,-1.56379674134545
3.28585858585859,240.69696969697,-1.12898722323754
3.35353535353535,240.69696969697,-0.710069904247321
3.42121212121212,240.69696969697,-0.307881215907311
3.48888888888889,240.69696969697,0.0767435878112589
3.55656565656566,240.69696969697,0.443203050726294
3.62424242424242,240.69696969697,0.791409775698274
3.69191919191919,240.69696969697,1.12134476214717
3.75959595959596,240.69696969697,1.43298900949296
3.82727272727273,240.69696969697,1.72632351715562
3.8949494949495,240.69696969697,2.00132928455513
3.96262626262626,240.69696969697,2.25798731111147
4.03030303030303,240.69696969697,2.49627859624461
4.0979797979798,240.69696969697,2.71618413937454
4.16565656565657,240.69696969697,2.91768493992122
4.23333333333333,240.69696969697,3.10076199730463
4.3010101010101,240.69696969697,3.26539631094477
4.36868686868687,240.69696969697,3.41156888026159
4.43636363636364,240.69696969697,3.53926070467509
4.5040404040404,240.69696969697,3.64845278360523
4.57171717171717,240.69696969697,3.73912611647199
4.63939393939394,240.69696969697,3.81126170269536
4.70707070707071,240.69696969697,3.8648405416953
4.77474747474747,240.69696969697,3.8998436328918
4.84242424242424,240.69696969697,3.91625197570484
4.91010101010101,240.69696969697,3.91404656955438
4.97777777777778,240.69696969697,3.89320841386041
5.04545454545454,240.69696969697,3.8537786671511
5.11313131313131,240.69696969697,3.79648536006001
5.18080808080808,240.69696969697,3.72249381276367
5.24848484848485,240.69696969697,3.63297637505928
5.31616161616162,240.69696969697,3.52910539674403
5.38383838383838,240.69696969697,3.4120532276151
5.45151515151515,240.69696969697,3.2829922174697
5.51919191919192,240.69696969697,3.14309471610501
5.58686868686869,240.69696969697,2.99353307331824
5.65454545454545,240.69696969697,2.83547963890656
5.72222222222222,240.69696969697,2.67010676266718
5.78989898989899,240.69696969697,2.49858679439728
5.85757575757576,240.69696969697,2.32209208389406
5.92525252525252,240.69696969697,2.14179498095472
5.99292929292929,240.69696969697,1.95886783537644
6.06060606060606,240.69696969697,1.77448299695642
6.12828282828283,240.69696969697,1.58981281549186
6.1959595959596,240.69696969697,1.40602964077994
6.26363636363636,240.69696969697,1.22430582261785
6.33131313131313,240.69696969697,1.0458137108028
6.3989898989899,240.69696969697,0.871725655131964
6.46666666666667,240.69696969697,0.70321400540255
6.53434343434343,240.69696969697,0.541450491352999
6.6020202020202,240.69696969697,0.387262005044605
6.66969696969697,240.69696969697,0.240558002606414
6.73737373737374,240.69696969697,0.101097049074869
6.8050505050505,240.69696969697,-0.0313622905135785
6.87272727272727,240.69696969697,-0.15706145112249
6.94040404040404,240.69696969697,-0.276241867715419
7.00808080808081,240.69696969697,-0.389144975255916
7.07575757575758,240.69696969697,-0.496012208707542
7.14343434343434,240.69696969697,-0.597085003033849
7.21111111111111,240.69696969697,-0.692604793198391
7.27878787878788,240.69696969697,-0.782813014164725
7.34646464646465,240.69696969697,-0.867951100896406
7.41414141414141,240.69696969697,-0.948260488356986
7.48181818181818,240.69696969697,-1.02398261151002
7.54949494949495,240.69696969697,-1.09535890531907
7.61717171717172,240.69696969697,-1.16263080474769
7.68484848484848,240.69696969697,-1.22603974475942
7.75252525252525,240.69696969697,-1.28582716031783
7.82020202020202,240.69696969697,-1.34223448638648
7.88787878787879,240.69696969697,-1.3955031579289
7.95555555555555,240.69696969697,-1.44587460990867
8.02323232323232,240.69696969697,-1.49359027728934
8.09090909090909,240.69696969697,-1.53889159503445
8.15858585858586,240.69696969697,-1.58201999810757
8.22626262626263,240.69696969697,-1.62321692147225
8.29393939393939,240.69696969697,-1.66272380009205
8.36161616161616,240.69696969697,-1.70078206893051
8.42929292929293,240.69696969697,-1.7376331629512
8.4969696969697,240.69696969697,-1.77351851711767
8.56464646464647,240.69696969697,-1.80867956639348
8.63232323232323,240.69696969697,-1.84335774574218
8.7,240.69696969697,-1.87779449012732
2,246.868686868687,-11.3286541766899
2.06767676767677,246.868686868687,-10.7358285900938
2.13535353535354,246.868686868687,-10.1438831637359
2.2030303030303,246.868686868687,-9.5536980578547
2.27070707070707,246.868686868687,-8.96615343268839
2.33838383838384,246.868686868687,-8.38212944847529
2.40606060606061,246.868686868687,-7.80250626545372
2.47373737373737,246.868686868687,-7.22816404386198
2.54141414141414,246.868686868687,-6.65998294393836
2.60909090909091,246.868686868687,-6.09884312592118
2.67676767676768,246.868686868687,-5.54562475004875
2.74444444444444,246.868686868687,-5.00120797655935
2.81212121212121,246.868686868687,-4.4664729656913
2.87979797979798,246.868686868687,-3.94229987768291
2.94747474747475,246.868686868687,-3.42956887277247
3.01515151515152,246.868686868687,-2.92916011119829
3.08282828282828,246.868686868687,-2.44195375319868
3.15050505050505,246.868686868687,-1.96882995901195
3.21818181818182,246.868686868687,-1.51066888887638
3.28585858585859,246.868686868687,-1.06835070303029
3.35353535353535,246.868686868687,-0.642755561711989
3.42121212121212,246.868686868687,-0.234763625159775
3.48888888888889,246.868686868687,0.154746239670227
3.55656565656566,246.868686868687,0.52515193930804
3.62424242424242,246.868686868687,0.876395956762082
3.69191919191919,246.868686868687,1.20849589304375
3.75959595959596,246.868686868687,1.52146934916446
3.82727272727273,246.868686868687,1.81533392613561
3.8949494949495,246.868686868687,2.09010722496861
3.96262626262626,246.868686868687,2.34580684667486
4.03030303030303,246.868686868687,2.58245039226578
4.0979797979798,246.868686868687,2.80005546275276
4.16565656565657,246.868686868687,2.99863965914721
4.23333333333333,246.868686868687,3.17822058246054
4.3010101010101,246.868686868687,3.33881583370416
4.36868686868687,246.868686868687,3.48044301388946
4.43636363636364,246.868686868687,3.60311972402786
4.5040404040404,246.868686868687,3.70686356513077
4.57171717171717,246.868686868687,3.79169213820958
4.63939393939394,246.868686868687,3.8576230442757
4.70707070707071,246.868686868687,3.90467388434055
4.77474747474747,246.868686868687,3.93286225941552
4.84242424242424,246.868686868687,3.94220577051202
4.91010101010101,246.868686868687,3.93272201864146
4.97777777777778,246.868686868687,3.90442860481525
5.04545454545454,246.868686868687,3.85740286049884
5.11313131313131,246.868686868687,3.79240409506561
5.18080808080808,246.868686868687,3.71062579159503
5.24848484848485,246.868686868687,3.61326841269881
5.31616161616162,246.868686868687,3.50153242098866
5.38383838383838,246.868686868687,3.37661827907628
5.45151515151515,246.868686868687,3.23972644957339
5.51919191919192,246.868686868687,3.0920573950917
5.58686868686869,246.868686868687,2.93481157824291
5.65454545454545,246.868686868687,2.76918946163872
5.72222222222222,246.868686868687,2.59639150789087
5.78989898989899,246.868686868687,2.41761817961104
5.85757575757576,246.868686868687,2.23406993941095
5.92525252525252,246.868686868687,2.04694724990231
5.99292929292929,246.868686868687,1.85745057369682
6.06060606060606,246.868686868687,1.6667803734062
6.12828282828283,246.868686868687,1.47613711164216
6.1959595959596,246.868686868687,1.28672125101639
6.26363636363636,246.868686868687,1.09973325414063
6.33131313131313,246.868686868687,0.916373583626555
6.3989898989899,246.868686868687,0.737842702085896
6.46666666666667,246.868686868687,0.565341072130356
6.53434343434343,246.868686868687,0.400068517088948
6.6020202020202,246.868686868687,0.242869331461075
6.66969696969697,246.868686868687,0.0936419301487328
6.73737373737374,246.868686868687,-0.047870841180835
6.8050505050505,246.868686868687,-0.181926136860385
6.87272727272727,246.868686868687,-0.308781111222682
6.94040404040404,246.868686868687,-0.42869291860048
7.00808080808081,246.868686868687,-0.54191871332654
7.07575757575758,246.868686868687,-0.648715649733621
7.14343434343434,246.868686868687,-0.749340882154483
7.21111111111111,246.868686868687,-0.844051564921885
7.27878787878788,246.868686868687,-0.933104852368583
7.34646464646465,246.868686868687,-1.01675789882734
7.41414141414141,246.868686868687,-1.09526785863092
7.48181818181818,246.868686868687,-1.16889188611207
7.54949494949495,246.868686868687,-1.23788713560355
7.61717171717172,246.868686868687,-1.30251076143813
7.68484848484848,246.868686868687,-1.36301991794857
7.75252525252525,246.868686868687,-1.41967175946762
7.82020202020202,246.868686868687,-1.47272344032803
7.88787878787879,246.868686868687,-1.52243211486258
7.95555555555555,246.868686868687,-1.56905493740402
8.02323232323232,246.868686868687,-1.61284906228511
8.09090909090909,246.868686868687,-1.65407164383861
8.15858585858586,246.868686868687,-1.69297983639728
8.22626262626263,246.868686868687,-1.72983079429387
8.29393939393939,246.868686868687,-1.76488167186115
8.36161616161616,246.868686868687,-1.79838962343187
8.42929292929293,246.868686868687,-1.8306118033388
8.4969696969697,246.868686868687,-1.86180536591469
8.56464646464647,246.868686868687,-1.8922274654923
8.63232323232323,246.868686868687,-1.9221352564044
8.7,246.868686868687,-1.95178589298373
2,253.040404040404,-11.4878451409319
2.06767676767677,253.040404040404,-10.8810624475046
2.13535353535354,253.040404040404,-10.2752012538812
2.2030303030303,253.040404040404,-9.67118305986592
2.27070707070707,253.040404040404,-9.06992936526265
2.33838383838384,253.040404040404,-8.47236166987543
2.40606060606061,253.040404040404,-7.87940147350828
2.47373737373737,253.040404040404,-7.2919702759652
2.54141414141414,253.040404040404,-6.71098957705021
2.60909090909091,253.040404040404,-6.13738087656732
2.67676767676768,253.040404040404,-5.57206567432055
2.74444444444444,253.040404040404,-5.0159654701139
2.81212121212121,253.040404040404,-4.47000176375139
2.87979797979798,253.040404040404,-3.93509605503704
2.94747474747475,253.040404040404,-3.41216984377485
3.01515151515152,253.040404040404,-2.90214462976884
3.08282828282828,253.040404040404,-2.40594191282303
3.15050505050505,253.040404040404,-1.92448319274142
3.21818181818182,253.040404040404,-1.45868996932803
3.28585858585859,253.040404040404,-1.00948374238686
3.35353535353535,253.040404040404,-0.577786011721935
3.42121212121212,253.040404040404,-0.164518277137268
3.48888888888889,253.040404040404,0.229399365098286
3.55656565656566,253.040404040404,0.603325482274951
3.62424242424242,253.040404040404,0.957231348599065
3.69191919191919,253.040404040404,1.29116976012868
3.75959595959596,253.040404040404,1.60519351292187
3.82727272727273,253.040404040404,1.89935540303669
3.8949494949495,253.040404040404,2.1737082265312
3.96262626262626,253.040404040404,2.42830477946347
4.03030303030303,253.040404040404,2.66319785789155
4.0979797979798,253.040404040404,2.87844025787351
4.16565656565657,253.040404040404,3.0740847754674
4.23333333333333,253.040404040404,3.25018420673129
4.3010101010101,253.040404040404,3.40679134772325
4.36868686868687,253.040404040404,3.54395899450133
4.43636363636364,253.040404040404,3.66173994312359
4.5040404040404,253.040404040404,3.7601869896481
4.57171717171717,253.040404040404,3.83935293013292
4.63939393939394,253.040404040404,3.8992905606361
4.70707070707071,253.040404040404,3.94005267721572
4.77474747474747,253.040404040404,3.96169207592983
4.84242424242424,253.040404040404,3.9642615528365
4.91010101010101,253.040404040404,3.94781390399378
4.97777777777778,253.040404040404,3.91240192545974
5.04545454545454,253.040404040404,3.85813767531442
5.11313131313131,253.040404040404,3.78580984117974
5.18080808080808,253.040404040404,3.69663787940557
5.24848484848485,253.040404040404,3.59184817113749
5.31616161616162,253.040404040404,3.47266709752108
5.38383838383838,253.040404040404,3.34032103970193
5.45151515151515,253.040404040404,3.1960363788256
5.51919191919192,253.040404040404,3.04103949603769
5.58686868686869,253.040404040404,2.87655677248377
5.65454545454545,253.040404040404,2.70381458930943
5.72222222222222,253.040404040404,2.52403932766024
5.78989898989899,253.040404040404,2.3384573686818
5.85757575757576,253.040404040404,2.14829509351967
5.92525252525252,253.040404040404,1.95477888331945
5.99292929292929,253.040404040404,1.75913511922671
6.06060606060606,253.040404040404,1.56259018238704
6.12828282828283,253.040404040404,1.36637045394601
6.1959595959596,253.040404040404,1.1717023150492
6.26363636363636,253.040404040404,0.979812146842212
6.33131313131313,253.040404040404,0.791926330470607
6.3989898989899,253.040404040404,0.609271247079971
6.46666666666667,253.040404040404,0.433073277815891
6.53434343434343,253.040404040404,0.26455814667636
6.6020202020202,253.040404040404,0.104586113502882
6.66969696969697,253.040404040404,-0.046954874261985
6.73737373737374,253.040404040404,-0.190336785824968
6.8050505050505,253.040404040404,-0.325831590392793
6.87272727272727,253.040404040404,-0.453711257172194
6.94040404040404,253.040404040404,-0.574247755369901
7.00808080808081,253.040404040404,-0.687713054192639
7.07575757575758,253.040404040404,-0.79437912284714
7.14343434343434,253.040404040404,-0.894517930540133
7.21111111111111,253.040404040404,-0.988401446478348
7.27878787878788,253.040404040404,-1.07630163986851
7.34646464646465,253.040404040404,-1.15849047991736
7.41414141414141,253.040404040404,-1.23523993583162
7.48181818181818,253.040404040404,-1.30682197681802
7.54949494949495,253.040404040404,-1.37350857208328
7.61717171717172,253.040404040404,-1.43557169083415
7.68484848484848,253.040404040404,-1.49328330227734
7.75252525252525,253.040404040404,-1.54691537561959
7.82020202020202,253.040404040404,-1.59673988006763
7.88787878787879,253.040404040404,-1.64302878482819
7.95555555555555,253.040404040404,-1.68605405910799
8.02323232323232,253.040404040404,-1.72608767211377
8.09090909090909,253.040404040404,-1.76340159305225
8.15858585858586,253.040404040404,-1.79826779113017
8.22626262626263,253.040404040404,-1.83095823555425
8.29393939393939,253.040404040404,-1.86174489553122
8.36161616161616,253.040404040404,-1.89089974026782
8.42929292929293,253.040404040404,-1.91869473897077
8.4969696969697,253.040404040404,-1.9454018608468
8.56464646464647,253.040404040404,-1.97129307510265
8.63232323232323,253.040404040404,-1.99664035094503
8.7,253.040404040404,-2.02171565758069
2,259.212121212121,-11.6322303339952
2.06767676767677,259.212121212121,-11.0125022597819
2.13535353535354,259.212121212121,-10.3937346762921
2.2030303030303,259.212121212121,-9.77688807424937
2.27070707070707,259.212121212121,-9.16292294437726
2.33838383838384,259.212121212121,-8.55279977739929
2.40606060606061,259.212121212121,-7.947479064039
2.47373737373737,259.212121212121,-7.34792129501992
2.54141414141414,259.212121212121,-6.75508696106559
2.60909090909091,259.212121212121,-6.16993655289953
2.67676767676768,259.212121212121,-5.5934305612453
2.74444444444444,259.212121212121,-5.02652947682642
2.81212121212121,259.212121212121,-4.47019379036642
2.87979797979798,259.212121212121,-3.92538399258885
2.94747474747475,259.212121212121,-3.39306057421723
3.01515151515152,259.212121212121,-2.87418402597511
3.08282828282828,259.212121212121,-2.36971483858602
3.15050505050505,259.212121212121,-1.88061350277349
3.21818181818182,259.212121212121,-1.40784050926106
3.28585858585859,259.212121212121,-0.952356348772259
3.35353535353535,259.212121212121,-0.51512151203063
3.42121212121212,259.212121212121,-0.0970964897597055
3.48888888888889,259.212121212121,0.300759735729862
3.55656565656566,259.212121212121,0.677787668535755
3.62424242424242,259.212121212121,1.033986303569
3.69191919191919,259.212121212121,1.36944224922928
3.75959595959596,259.212121212121,1.68424211391628
3.82727272727273,259.212121212121,1.9784725060297
3.8949494949495,259.212121212121,2.2522200339692
3.96262626262626,259.212121212121,2.50557130613448
4.03030303030303,259.212121212121,2.73861293092523
4.0979797979798,259.212121212121,2.95143151674114
4.16565656565657,259.212121212121,3.14411367198188
4.23333333333333,259.212121212121,3.31674600504715
4.3010101010101,259.212121212121,3.46941512433663
4.36868686868687,259.212121212121,3.60220763825001
4.43636363636364,259.212121212121,3.71521015518697
4.5040404040404,259.212121212121,3.80850928354721
4.57171717171717,259.212121212121,3.8821916317304
4.63939393939394,259.212121212121,3.93634380813623
4.70707070707071,259.212121212121,3.9710524211644
4.77474747474747,259.212121212121,3.98640407921458
4.84242424242424,259.212121212121,3.98248539068646
4.91010101010101,259.212121212121,3.95938296397973
4.97777777777778,259.212121212121,3.91718340749407
5.04545454545454,259.212121212121,3.85603208411532
5.11313131313131,259.212121212121,3.77674519143446
5.18080808080808,259.212121212121,3.68056600655159
5.24848484848485,259.212121212121,3.5687446720567
5.31616161616162,259.212121212121,3.44253133053981
5.38383838383838,259.212121212121,3.30317612459093
5.45151515151515,259.212121212121,3.15192919680007
5.51919191919192,259.212121212121,2.99004068975723
5.58686868686869,259.212121212121,2.81876074605241
5.65454545454545,259.212121212121,2.63933950827563
5.72222222222222,259.212121212121,2.4530271190169
5.78989898989899,259.212121212121,2.26107372086622
5.85757575757576,259.212121212121,2.0647294564136
5.92525252525252,259.212121212121,1.86524446824905
5.99292929292929,259.212121212121,1.66386889896257
6.06060606060606,259.212121212121,1.46185289114417
6.12828282828283,259.212121212121,1.26044658738387
6.1959595959596,259.212121212121,1.06090013027165
6.26363636363636,259.212121212121,0.864463662397551
6.33131313131313,259.212121212121,0.672387326351557
6.3989898989899,259.212121212121,0.485921264723683
6.46666666666667,259.212121212121,0.306315620103939
6.53434343434343,259.212121212121,0.134819861405887
6.6020202020202,259.212121212121,-0.0276911989253195
6.66969696969697,259.212121212121,-0.181339516863825
6.73737373737374,259.212121212121,-0.326410987325522
6.8050505050505,259.212121212121,-0.463191505226302
6.87272727272727,259.212121212121,-0.59196696548206
6.94040404040404,259.212121212121,-0.713023263008693
7.00808080808081,259.212121212121,-0.826646292722087
7.07575757575758,259.212121212121,-0.933121949538141
7.14343434343434,259.212121212121,-1.03273612837275
7.21111111111111,259.212121212121,-1.1257747241418
7.27878787878788,259.212121212121,-1.2125236317612
7.34646464646465,259.212121212121,-1.29326874614682
7.41414141414141,259.212121212121,-1.36829596221458
7.48181818181818,259.212121212121,-1.43789117488035
7.54949494949495,259.212121212121,-1.50234027906004
7.61717171717172,259.212121212121,-1.56192916966954
7.68484848484848,259.212121212121,-1.61694374162474
7.75252525252525,259.212121212121,-1.66766988984153
7.82020202020202,259.212121212121,-1.71439350923582
7.88787878787879,259.212121212121,-1.75740049472348
7.95555555555555,259.212121212121,-1.79697674122043
8.02323232323232,259.212121212121,-1.83340814364254
8.09090909090909,259.212121212121,-1.86698059690571
8.15858585858586,259.212121212121,-1.89797999592585
8.22626262626263,259.212121212121,-1.92669223561883
8.29393939393939,259.212121212121,-1.95340321090056
8.36161616161616,259.212121212121,-1.97839881668693
8.42929292929293,259.212121212121,-2.00196494789383
8.4969696969697,259.212121212121,-2.02438749943715
8.56464646464647,259.212121212121,-2.0459523662328
8.63232323232323,259.212121212121,-2.06694544319665
8.7,259.212121212121,-2.08765262524461
2,265.383838383838,-11.7620650277966
2.06767676767677,265.383838383838,-11.13038585529
2.13535353535354,265.383838383838,-10.4997038562742
2.2030303030303,265.383838383838,-9.87101620423998
2.27070707070707,265.383838383838,-9.24532007267806
2.33838383838384,265.383838383838,-8.62361263507921
2.40606060606061,265.383838383838,-8.00689106493423
2.47373737373737,265.383838383838,-7.39615253573387
2.54141414141414,265.383838383838,-6.79239422096892
2.60909090909091,265.383838383838,-6.19661329413014
2.67676767676768,265.383838383838,-5.6098069287083
2.74444444444444,265.383838383838,-5.03297229819418
2.81212121212121,265.383838383838,-4.46710657607854
2.87979797979798,265.383838383838,-3.91320693585216
2.94747474747475,265.383838383838,-3.37227055100581
3.01515151515152,265.383838383838,-2.84529459503026
3.08282828282828,265.383838383838,-2.33327624141629
3.15050505050505,265.383838383838,-1.83721266365466
3.21818181818182,265.383838383838,-1.35810103523614
3.28585858585859,265.383838383838,-0.896938529651513
3.35353535353535,265.383838383838,-0.454722320391542
3.42121212121212,265.383838383838,-0.0324495809470019
3.48888888888889,265.383838383838,0.368884123199375
3.55656565656566,265.383838383838,0.748602486999178
3.62424242424242,265.383838383838,1.10673117403167
3.69191919191919,265.383838383838,1.44338924617286
3.75959595959596,265.383838383838,1.75869576529878
3.82727272727273,265.383838383838,2.05276979328544
3.8949494949495,265.383838383838,2.32573039200888
3.96262626262626,265.383838383838,2.57769662334511
4.03030303030303,265.383838383838,2.80878754917015
4.0979797979798,265.383838383838,3.01912223136003
4.16565656565657,265.383838383838,3.20881973179075
4.23333333333333,265.383838383838,3.37799911233836
4.3010101010101,265.383838383838,3.52677943487888
4.36868686868687,265.383838383838,3.65527976128832
4.43636363636364,265.383838383838,3.7636191534427
4.5040404040404,265.383838383838,3.85191667321805
4.57171717171717,265.383838383838,3.92029138249039
4.63939393939394,265.383838383838,3.96886234313574
4.70707070707071,265.383838383838,3.99774861703012
4.77474747474747,265.383838383838,4.00706926604956
4.84242424242424,265.383838383838,3.99694335207007
4.91010101010101,265.383838383838,3.96748993696769
4.97777777777778,265.383838383838,3.91882808261842
5.04545454545454,265.383838383838,3.85113505941905
5.11313131313131,265.383838383838,3.76525273886182
5.18080808080808,265.383838383838,3.66244610338935
5.24848484848485,265.383838383838,3.5439869371378
5.31616161616162,265.383838383838,3.41114702424336
5.38383838383838,265.383838383838,3.26519814884222
5.45151515151515,265.383838383838,3.10741209507056
5.51919191919192,265.383838383838,2.93906064706457
5.58686868686869,265.383838383838,2.76141558896043
5.65454545454545,265.383838383838,2.57574870489432
5.72222222222222,265.383838383838,2.38333177900244
5.78989898989899,265.383838383838,2.18543659542097
5.85757575757576,265.383838383838,1.98333493828609
5.92525252525252,265.383838383838,1.77829859173398
5.99292929292929,265.383838383838,1.57159933990083
6.06060606060606,265.383838383838,1.36450896692284
6.12828282828283,265.383838383838,1.15829925693617
6.1959595959596,265.383838383838,0.954241994077022
6.26363636363636,265.383838383838,0.753608962481574
6.33131313131313,265.383838383838,0.557671946286011
6.3989898989899,265.383838383838,0.367702729626517
6.46666666666667,265.383838383838,0.184973096639284
6.53434343434343,265.383838383838,0.0107541425681809
6.6020202020202,265.383838383838,-0.154066155918875
6.66969696969697,265.383838383838,-0.309619103894873
6.73737373737374,265.383838383838,-0.456203648150491
6.8050505050505,265.383838383838,-0.594118735476408
6.87272727272727,265.383838383838,-0.723663312663308
6.94040404040404,265.383838383838,-0.845136326501865
7.00808080808081,265.383838383838,-0.958836723782758
7.07575757575758,265.383838383838,-1.06506345129667
7.14343434343434,265.383838383838,-1.16411545583428
7.21111111111111,265.383838383838,-1.25629168418626
7.27878787878788,265.383838383838,-1.3418910831433
7.34646464646465,265.383838383838,-1.42121259949608
7.41414141414141,265.383838383838,-1.49455518003526
7.48181818181818,265.383838383838,-1.56221777155155
7.54949494949495,265.383838383838,-1.6244993208356
7.61717171717172,265.383838383838,-1.6816987746781
7.68484848484848,265.383838383838,-1.73411507986974
7.75252525252525,265.383838383838,-1.78204718320119
7.82020202020202,265.383838383838,-1.82579403146312
7.88787878787879,265.383838383838,-1.86565457144623
7.95555555555555,265.383838383838,-1.90192774994118
8.02323232323232,265.383838383838,-1.93491251373867
8.09090909090909,265.383838383838,-1.96490780962935
8.15858585858586,265.383838383838,-1.99221258440393
8.22626262626263,265.383838383838,-2.01712578485307
8.29393939393939,265.383838383838,-2.03994635776745
8.36161616161616,265.383838383838,-2.06097324993776
8.42929292929293,265.383838383838,-2.08050540815467
8.4969696969697,265.383838383838,-2.09884177920887
8.56464646464647,265.383838383838,-2.11628130989103
8.63232323232323,265.383838383838,-2.13312294699183
8.7,265.383838383838,-2.14966563730195
2,271.555555555556,-11.8776044942529
2.06767676767677,271.555555555556,-11.2349510623934
2.13535353535354,271.555555555556,-10.5933292191334
2.2030303030303,271.555555555556,-9.95377055307273
2.27070707070707,271.555555555556,-9.3173066528109
2.33838383838384,271.555555555556,-8.68496910694755
2.40606060606061,271.555555555556,-8.05778950408231
2.47373737373737,271.555555555556,-7.4367994328148
2.54141414141414,271.555555555556,-6.82303048174463
2.60909090909091,271.555555555556,-6.21751423947144
2.67676767676768,271.555555555556,-5.62128229459485
2.74444444444444,271.555555555556,-5.03536623571446
2.81212121212121,271.555555555556,-4.46079765142991
2.87979797979798,271.555555555556,-3.89860813034082
2.94747474747475,271.555555555556,-3.3498292610468
3.01515151515152,271.555555555556,-2.81549263214748
3.08282828282828,271.555555555556,-2.29662983224249
3.15050505050505,271.555555555556,-1.79427244993144
3.21818181818182,271.555555555556,-1.30945207381395
3.28585858585859,271.555555555556,-0.84320029248964
3.35353535353535,271.555555555556,-0.396548694558141
3.42121212121212,271.555555555556,0.0294711313809292
3.48888888888889,271.555555555556,0.433829299141248
3.55656565656566,271.555555555556,0.815833926573946
3.62424242424242,271.555555555556,1.17553631234684
3.69191919191919,271.555555555556,1.51308663678673
3.75959595959596,271.555555555556,1.82863508022044
3.82727272727273,271.555555555556,2.12233182297477
3.8949494949495,271.555555555556,2.39432704537653
3.96262626262626,271.555555555556,2.64477092775254
4.03030303030303,271.555555555556,2.8738136504296
4.0979797979798,271.555555555556,3.08160539373452
4.16565656565657,271.555555555556,3.26829633799412
4.23333333333333,271.555555555556,3.4340366635352
4.3010101010101,271.555555555556,3.57897655068458
4.36868686868687,271.555555555556,3.70326617976907
4.43636363636364,271.555555555556,3.80705573111547
4.5040404040404,271.555555555556,3.8904953850506
4.57171717171717,271.555555555556,3.95373532190127
4.63939393939394,271.555555555556,3.99692572199429
4.70707070707071,271.555555555556,4.02021676565646
4.77474747474747,271.555555555556,4.02375863321461
4.84242424242424,271.555555555556,4.00770150499553
4.91010101010101,271.555555555556,3.97219556132604
4.97777777777778,271.555555555556,3.91739098253295
5.04545454545454,271.555555555556,3.84349557374308
5.11313131313131,271.555555555556,3.75137507649389
5.18080808080808,271.555555555556,3.64231410027515
5.24848484848485,271.555555555556,3.51760398806216
5.31616161616162,271.555555555556,3.37853608283023
5.38383838383838,271.555555555556,3.22640172755468
5.45151515151515,271.555555555556,3.06249226521082
5.51919191919192,271.555555555556,2.88809903877396
5.58686868686869,271.555555555556,2.7045133912194
5.65454545454545,271.555555555556,2.51302666552247
5.72222222222222,271.555555555556,2.31493020465846
5.78989898989899,271.555555555556,2.1115153516027
5.85757575757576,271.555555555556,1.90407344933049
5.92525252525252,271.555555555556,1.69389584081714
5.99292929292929,271.555555555556,1.48227386903796
6.06060606060606,271.555555555556,1.27049887696827
6.12828282828283,271.555555555556,1.05986220758338
6.1959595959596,271.555555555556,0.851655203858588
6.26363636363636,271.555555555556,0.647169208769217
6.33131313131313,271.555555555556,0.447695565290571
6.3989898989899,271.555555555556,0.254525616397963
6.46666666666667,271.555555555556,0.0689507050667068
6.53434343434343,271.555555555556,-0.107738528546106
6.6020202020202,271.555555555556,-0.274642307573127
6.66969696969697,271.555555555556,-0.43190074159321
6.73737373737374,271.555555555556,-0.579824970767869
6.8050505050505,271.555555555556,-0.718726135258614
6.87272727272727,271.555555555556,-0.848915375226964
6.94040404040404,271.555555555556,-0.970703830834431
7.00808080808081,271.555555555556,-1.08440264224253
7.07575757575758,271.555555555556,-1.19032294961277
7.14343434343434,271.555555555556,-1.28877589310667
7.21111111111111,271.555555555556,-1.38007261288575
7.27878787878788,271.555555555556,-1.46452424911151
7.34646464646465,271.555555555556,-1.54244194194548
7.41414141414141,271.555555555556,-1.61413683154916
7.48181818181818,271.555555555556,-1.67992005808408
7.54949494949495,271.555555555556,-1.74010276171173
7.61717171717172,271.555555555556,-1.79499608259365
7.68484848484848,271.555555555556,-1.84491116089134
7.75252525252525,271.555555555556,-1.89015913676632
7.82020202020202,271.555555555556,-1.9310511503801
7.88787878787879,271.555555555556,-1.96789834189419
7.95555555555555,271.555555555556,-2.00101185147012
8.02323232323232,271.555555555556,-2.03070281926939
8.09090909090909,271.555555555556,-2.05728238545351
8.15858585858586,271.555555555556,-2.08106169018401
8.22626262626263,271.555555555556,-2.1023518736224
8.29393939393939,271.555555555556,-2.12146407593019
8.36161616161616,271.555555555556,-2.13870943726889
8.42929292929293,271.555555555556,-2.15439909780002
8.4969696969697,271.555555555556,-2.16884419768509
8.56464646464647,271.555555555556,-2.18235587708562
8.63232323232323,271.555555555556,-2.19524527616313
8.7,271.555555555556,-2.20782353507912
2,277.727272727273,-11.9791040052812
2.06767676767677,277.727272727273,-11.3264357094563
2.13535353535354,277.727272727273,-10.6748311901755
2.2030303030303,277.727272727273,-10.0253542239826
2.27070707070707,277.727272727273,-9.37906858742165
2.33838383838384,277.727272727273,-8.73703805703665
2.40606060606061,277.727272727273,-8.10032640937158
2.47373737373737,277.727272727273,-7.46999742097042
2.54141414141414,277.727272727273,-6.84711486837714
2.60909090909091,277.727272727273,-6.23274252813575
2.67676767676768,277.727272727273,-5.62794417679022
2.74444444444444,277.727272727273,-5.03378359088453
2.81212121212121,277.727272727273,-4.45132454696268
2.87979797979798,277.727272727273,-3.88163082156864
2.94747474747475,277.727272727273,-3.32576619124639
3.01515151515152,277.727272727273,-2.78479443253994
3.08282828282828,277.727272727273,-2.25977932199326
3.15050505050505,277.727272727273,-1.75178463615033
3.21818181818182,277.727272727273,-1.26187415155513
3.28585858585859,277.727272727273,-0.791111644751662
3.35353535353535,277.727272727273,-0.340560892283899
3.42121212121212,277.727272727273,0.0887143293041704
3.48888888888889,277.727272727273,0.495652035189902
3.55656565656566,277.727272727273,0.879545976168784
3.62424242424242,277.727272727273,1.24047207087429
3.69191919191919,277.727272727273,1.57861030689822
3.75959595959596,277.727272727273,1.89414067183236
3.82727272727273,277.727272727273,2.1872431532685
3.8949494949495,277.727272727273,2.45809773879844
3.96262626262626,277.727272727273,2.70688441601398
4.03030303030303,277.727272727273,2.9337831725069
4.0979797979798,277.727272727273,3.138973995869
4.16565656565657,277.727272727273,3.32263687369207
4.23333333333333,277.727272727273,3.48495179356791
4.3010101010101,277.727272727273,3.62609874308832
4.36868686868687,277.727272727273,3.74625770984508
4.43636363636364,277.727272727273,3.84560868142998
4.5040404040404,277.727272727273,3.92433164543484
4.57171717171717,277.727272727273,3.98260658945142
4.63939393939394,277.727272727273,4.02061350107154
4.70707070707071,277.727272727273,4.03853236788698
4.77474747474747,277.727272727273,4.03654317748954
4.84242424242424,277.727272727273,4.01482591747101
4.91010101010101,277.727272727273,3.97356057542318
4.97777777777778,277.727272727273,3.91292713893785
5.04545454545454,277.727272727273,3.83316259960493
5.11313131313131,277.727272727273,3.73515479736273
5.18080808080808,277.727272727273,3.62020592756527
5.24848484848485,277.727272727273,3.48962484651115
5.31616161616162,277.727272727273,3.34472041049894
5.38383838383838,277.727272727273,3.18680147582724
5.45151515151515,277.727272727273,3.01717689879461
5.51919191919192,277.727272727273,2.83715553569965
5.58686868686869,277.727272727273,2.64804624284093
5.65454545454545,277.727272727273,2.45115787651704
5.72222222222222,277.727272727273,2.24779929302656
5.78989898989899,277.727272727273,2.03927934866808
5.85757575757576,277.727272727273,1.82690689974016
5.92525252525252,277.727272727273,1.61199080254141
5.99292929292929,277.727272727273,1.3958399133704
6.06060606060606,277.727272727273,1.17976308852571
6.12828282828283,277.727272727273,0.965069184305935
6.1959595959596,277.727272727273,0.753067057009639
6.26363636363636,277.727272727273,0.545065562935418
6.33131313131313,277.727272727273,0.342373558381846
6.3989898989899,277.727272727273,0.146299899647512
6.46666666666667,277.727272727273,-0.0418465569690036
6.53434343434343,277.727272727273,-0.220757670646318
6.6020202020202,277.727272727273,-0.389523203983421
6.66969696969697,277.727272727273,-0.548291536196922
6.73737373737374,277.727272727273,-0.697385157645645
6.8050505050505,277.727272727273,-0.837126558688412
6.87272727272727,277.727272727273,-0.967838229684055
6.94040404040404,277.727272727273,-1.0898426609914
7.00808080808081,277.727272727273,-1.20346234296926
7.07575757575758,277.727272727273,-1.30901976597648
7.14343434343434,277.727272727273,-1.40683742037188
7.21111111111111,277.727272727273,-1.49723779651428
7.27878787878788,277.727272727273,-1.5805433847625
7.34646464646465,277.727272727273,-1.65707667547539
7.41414141414141,277.727272727273,-1.72716015901175
7.48181818181818,277.727272727273,-1.79111632573042
7.54949494949495,277.727272727273,-1.84926766599022
7.61717171717172,277.727272727273,-1.90193667014998
7.68484848484848,277.727272727273,-1.94944582856853
7.75252525252525,277.727272727273,-1.99211763160469
7.82020202020202,277.727272727273,-2.03027456961728
7.88787878787879,277.727272727273,-2.06423913296514
7.95555555555555,277.727272727273,-2.09433381200709
8.02323232323232,277.727272727273,-2.12088109710195
8.09090909090909,277.727272727273,-2.14420347860854
8.15858585858586,277.727272727273,-2.16462344688571
8.22626262626263,277.727272727273,-2.18246349229227
8.29393939393939,277.727272727273,-2.19804610518705
8.36161616161616,277.727272727273,-2.21169377592887
8.42929292929293,277.727272727273,-2.22372899487656
8.4969696969697,277.727272727273,-2.23447425238895
8.56464646464647,277.727272727273,-2.24425203882486
8.63232323232323,277.727272727273,-2.25338484454312
8.7,277.727272727273,-2.26219515990255
2,283.89898989899,-12.0668188327981
2.06767676767677,283.89898989899,-11.4050776248432
2.13535353535354,283.89898989899,-10.7444301947061
2.2030303030303,283.89898989899,-10.0859703202045
2.27070707070707,283.89898989899,-9.43079177915616
2.33838383838384,283.89898989899,-8.77998834937886
2.40606060606061,283.89898989899,-8.13465380869038
2.47373737373737,283.89898989899,-7.49588193490847
2.54141414141414,283.89898989899,-6.86476650585088
2.60909090909091,283.89898989899,-6.24240129933537
2.67676767676768,283.89898989899,-5.62988009317972
2.74444444444444,283.89898989899,-5.02829666520168
2.81212121212121,283.89898989899,-4.43874479321901
2.87979797979798,283.89898989899,-3.86231825504947
2.94747474747475,283.89898989899,-3.30011082851081
3.01515151515152,283.89898989899,-2.75321629142082
3.08282828282828,283.89898989899,-2.22272842159724
3.15050505050505,283.89898989899,-1.70974099685784
3.21818181818182,283.89898989899,-1.21534779502037
3.28585858585859,283.89898989899,-0.740642593902597
3.35353535353535,283.89898989899,-0.286719171322285
3.42121212121212,283.89898989899,0.145328694902809
3.48888888888889,283.89898989899,0.554409102979761
3.55656565656566,283.89898989899,0.939802624692418
3.62424242424242,283.89898989899,1.30160880197381
3.69191919191919,283.89898989899,1.64003614233464
3.75959595959596,283.89898989899,1.95529315328562
3.82727272727273,283.89898989899,2.24758834233747
3.8949494949495,283.89898989899,2.5171302170009
3.96262626262626,283.89898989899,2.76412728478663
4.03030303030303,283.89898989899,2.98878805320536
4.0979797979798,283.89898989899,3.19132102976782
4.16565656565657,283.89898989899,3.37193472198472
4.23333333333333,283.89898989899,3.53083763736675
4.3010101010101,283.89898989899,3.66823828342467
4.36868686868687,283.89898989899,3.78434516766915
4.43636363636364,283.89898989899,3.87936679761093
4.5040404040404,283.89898989899,3.95351168076071
4.57171717171717,283.89898989899,4.00698832462922
4.63939393939394,283.89898989899,4.04000523672715
4.70707070707071,283.89898989899,4.05277092456523
4.77474747474747,283.89898989899,4.04549389565417
4.84242424242424,283.89898989899,4.01838265750469
4.91010101010101,283.89898989899,3.97164571762749
4.97777777777778,283.89898989899,3.90549158353329
5.04545454545454,283.89898989899,3.82018510952209
5.11313131313131,283.89898989899,3.71663449450038
5.18080808080808,283.89898989899,3.596157515616
5.24848484848485,283.89898989899,3.46007853416615
5.31616161616162,283.89898989899,3.30972191144801
5.38383838383838,283.89898989899,3.14641200875879
5.45151515151515,283.89898989899,2.97147318739568
5.51919191919192,283.89898989899,2.78622980865589
5.58686868686869,283.89898989899,2.5920062338366
5.65454545454545,283.89898989899,2.39012682423501
5.72222222222222,283.89898989899,2.18191594114834
5.78989898989899,283.89898989899,1.96869794587376
5.85757575757576,283.89898989899,1.75179719970848
5.92525252525252,283.89898989899,1.53253806394969
5.99292929292929,283.89898989899,1.3122448998946
6.06060606060606,283.89898989899,1.0922420688404
6.12828282828283,283.89898989899,0.873853932084286
6.1959595959596,283.89898989899,0.658404850923455
6.26363636363636,283.89898989899,0.447219186655109
6.33131313131313,283.89898989899,0.241621300576441
6.3989898989899,283.89898989899,0.0429355539846501
6.46666666666667,283.89898989899,-0.147513691823065
6.53434343434343,283.89898989899,-0.328402802441803
6.6020202020202,283.89898989899,-0.498812395245101
6.66969696969697,283.89898989899,-0.65889859394409
6.73737373737374,283.89898989899,-0.808994411251813
6.8050505050505,283.89898989899,-0.949432859881305
6.87272727272727,283.89898989899,-1.08054695254561
6.94040404040404,283.89898989899,-1.20266970195778
7.00808080808081,283.89898989899,-1.31613412083084
7.07575757575758,283.89898989899,-1.42127322187785
7.14343434343434,283.89898989899,-1.51842001781184
7.21111111111111,283.89898989899,-1.60790752134586
7.27878787878788,283.89898989899,-1.69006874519295
7.34646464646465,283.89898989899,-1.76523670206615
7.41414141414141,283.89898989899,-1.8337444046785
7.48181818181818,283.89898989899,-1.89592486574305
7.54949494949495,283.89898989899,-1.95211109797284
7.61717171717172,283.89898989899,-2.0026361140809
7.68484848484848,283.89898989899,-2.04783292678029
7.75252525252525,283.89898989899,-2.08803454878405
7.82020202020202,283.89898989899,-2.12357399280522
7.88787878787879,283.89898989899,-2.15478427155683
7.95555555555555,283.89898989899,-2.18199839775193
8.02323232323232,283.89898989899,-2.20554938410358
8.09090909090909,283.89898989899,-2.22577024332479
8.15858585858586,283.89898989899,-2.24299398812863
8.22626262626263,283.89898989899,-2.25755363122813
8.29393939393939,283.89898989899,-2.26978218533633
8.36161616161616,283.89898989899,-2.28001266316628
8.42929292929293,283.89898989899,-2.28857807743101
8.4969696969697,283.89898989899,-2.29581144084358
8.56464646464647,283.89898989899,-2.30204576611702
8.63232323232323,283.89898989899,-2.30761406596437
8.7,283.89898989899,-2.31284935309869
2,290.070707070707,-12.1410042487207
2.06767676767677,290.070707070707,-11.4711146369185
2.13535353535354,290.070707070707,-10.8023466580311
2.2030303030303,290.070707070707,-10.1358219449734
2.27070707070707,290.070707070707,-9.47266213066029
2.33838383838384,290.070707070707,-8.81398884800655
2.40606060606061,290.070707070707,-8.16092372992707
2.47373737373737,290.070707070707,-7.51458840933669
2.54141414141414,290.070707070707,-6.87610451915026
2.60909090909091,290.070707070707,-6.24659369228263
2.67676767676768,290.070707070707,-5.62717756164866
2.74444444444444,290.070707070707,-5.01897776016318
2.81212121212121,290.070707070707,-4.42311592074105
2.87979797979798,290.070707070707,-3.84071367629714
2.94747474747475,290.070707070707,-3.27289265974626
3.01515151515152,290.070707070707,-2.7207745040033
3.08282828282828,290.070707070707,-2.18548084198309
3.15050505050505,290.070707070707,-1.66813330660048
3.21818181818182,290.070707070707,-1.16985353077032
3.28585858585859,290.070707070707,-0.691763147407467
3.35353535353535,290.070707070707,-0.234983789426766
3.42121212121212,290.070707070707,0.199362910256929
3.48888888888889,290.070707070707,0.610157274145246
3.55656565656566,290.070707070707,0.996667861053576
3.62424242424242,290.070707070707,1.35901685800516
3.69191919191919,290.070707070707,1.6974400289233
3.75959595959596,290.070707070707,2.01217313773131
3.82727272727273,290.070707070707,2.3034519483525
3.8949494949495,290.070707070707,2.57151222471019
3.96262626262626,290.070707070707,2.81658973072768
4.03030303030303,290.070707070707,3.0389202303283
4.0979797979798,290.070707070707,3.23873948743535
4.16565656565657,290.070707070707,3.41628326597214
4.23333333333333,290.070707070707,3.57178732986199
4.3010101010101,290.070707070707,3.70548744302821
4.36868686868687,290.070707070707,3.81761936939411
4.43636363636364,290.070707070707,3.90841887288301
4.5040404040404,290.070707070707,3.97812171741821
4.57171717171717,290.070707070707,4.02696366692303
4.63939393939394,290.070707070707,4.05518048532078
4.70707070707071,290.070707070707,4.06300793653478
4.77474747474747,290.070707070707,4.05068178448833
4.84242424242424,290.070707070707,4.01843779310475
4.91010101010101,290.070707070707,3.96651172630735
4.97777777777778,290.070707070707,3.89513934801945
5.04545454545454,290.070707070707,3.80461207601204
5.11313131313131,290.070707070707,3.69585676093892
5.18080808080808,290.070707070707,3.57020479478363
5.24848484848485,290.070707070707,3.42899407270852
5.31616161616162,290.070707070707,3.27356248987594
5.38383838383838,290.070707070707,3.10524794144825
5.45151515151515,290.070707070707,2.92538832258779
5.51919191919192,290.070707070707,2.73532152845692
5.58686868686869,290.070707070707,2.536385454218
5.65454545454545,290.070707070707,2.32991799503337
5.72222222222222,290.070707070707,2.11725704606539
5.78989898989899,290.070707070707,1.89974050247641
5.85757575757576,290.070707070707,1.67870625942878
5.92525252525252,290.070707070707,1.45549221208487
5.99292929292929,290.070707070707,1.23143625560701
6.06060606060606,290.070707070707,1.00787628515756
6.12828282828283,290.070707070707,0.786150195898881
6.1959595959596,290.070707070707,0.567595882993319
6.26363636363636,290.070707070707,0.353551241603228
6.33131313131313,290.070707070707,0.145354166890961
6.3989898989899,290.070707070707,-0.0556574459811324
6.46666666666667,290.070707070707,-0.248145701850692
6.53434343434343,290.070707070707,-0.430773442641907
6.6020202020202,290.070707070707,-0.602613431453514
6.66969696969697,290.070707070707,-0.763829021072805
6.73737373737374,290.070707070707,-0.914762934054367
6.8050505050505,290.070707070707,-1.05575789295279
6.87272727272727,290.070707070707,-1.18715662032266
6.94040404040404,290.070707070707,-1.30930183871859
7.00808080808081,290.070707070707,-1.42253627069514
7.07575757575758,290.070707070707,-1.52720263880692
7.14343434343434,290.070707070707,-1.62364366560852
7.21111111111111,290.070707070707,-1.71220207365453
7.27878787878788,290.070707070707,-1.79322058549953
7.34646464646465,290.070707070707,-1.86704192369812
7.41414141414141,290.070707070707,-1.9340088108049
7.48181818181818,290.070707070707,-1.99446396937445
7.54949494949495,290.070707070707,-2.04875012196135
7.61717171717172,290.070707070707,-2.09720999112022
7.68484848484848,290.070707070707,-2.14018629940563
7.75252525252525,290.070707070707,-2.17802176937217
7.82020202020202,290.070707070707,-2.21105912357444
7.88787878787879,290.070707070707,-2.23964108456703
7.95555555555555,290.070707070707,-2.26411037490452
8.02323232323232,290.070707070707,-2.28480971714152
8.09090909090909,290.070707070707,-2.30208183383261
8.15858585858586,290.070707070707,-2.31626944753237
8.22626262626263,290.070707070707,-2.32771528079541
8.29393939393939,290.070707070707,-2.33676205617632
8.36161616161616,290.070707070707,-2.34375249622967
8.42929292929293,290.070707070707,-2.34902932351008
8.4969696969697,290.070707070707,-2.35293526057211
8.56464646464647,290.070707070707,-2.35581302997038
8.63232323232323,290.070707070707,-2.35800535425946
8.7,290.070707070707,-2.35985495599396
2,296.242424242424,-12.2019155249658
2.06767676767677,296.242424242424,-11.5247845740464
2.13535353535354,296.242424242424,-10.8488010054562
2.2030303030303,296.242424242424,-10.1751122015243
2.27070707070707,296.242424242424,-9.50486554457989
2.33838383838384,296.242424242424,-8.83920841695205
2.40606060606061,296.242424242424,-8.17928820096997
2.47373737373737,296.242424242424,-7.5262522789628
2.54141414141414,296.242424242424,-6.8812480332597
2.60909090909091,296.242424242424,-6.24542284618981
2.67676767676768,296.242424242424,-5.6199241000823
2.74444444444444,296.242424242424,-5.0058991772663
2.81212121212121,296.242424242424,-4.40449546007097
2.87979797979798,296.242424242424,-3.81686033082547
2.94747474747475,296.242424242424,-3.24414117185894
3.01515151515152,296.242424242424,-2.68748536550055
3.08282828282828,296.242424242424,-2.14804029407944
3.15050505050505,296.242424242424,-1.62695333992475
3.21818181818182,296.242424242424,-1.12537188536565
3.28585858585859,296.242424242424,-0.64444331273129
3.35353535353535,296.242424242424,-0.185315004350816
3.42121212121212,296.242424242424,0.250865657446617
3.48888888888889,296.242424242424,0.662953320320778
3.55656565656566,296.242424242424,1.05020567416098
3.62424242424242,296.242424242424,1.41276659132812
3.69191919191919,296.242424242424,1.75089785249152
3.75959595959596,296.242424242424,2.06486123832051
3.82727272727273,296.242424242424,2.35491852948442
3.8949494949495,296.242424242424,2.62133150665259
3.96262626262626,296.242424242424,2.86436195049435
4.03030303030303,296.242424242424,3.08427164167902
4.0979797979798,296.242424242424,3.28132236087595
4.16565656565657,296.242424242424,3.45577588875445
4.23333333333333,296.242424242424,3.60789400598387
4.3010101010101,296.242424242424,3.73793849323353
4.36868686868687,296.242424242424,3.84617113117277
4.43636363636364,296.242424242424,3.93285370047091
4.5040404040404,296.242424242424,3.99824798179729
4.57171717171717,296.242424242424,4.04261575582125
4.63939393939394,296.242424242424,4.0662188032121
4.70707070707071,296.242424242424,4.06931890463919
4.77474747474747,296.242424242424,4.05217784077184
4.84242424242424,296.242424242424,4.01505739227938
4.91010101010101,296.242424242424,3.95821933983116
4.97777777777778,296.242424242424,3.88192546409649
5.04545454545454,296.242424242424,3.78649247159228
5.11313131313131,296.242424242424,3.6728641897104
5.18080808080808,296.242424242424,3.54238369542443
5.24848484848485,296.242424242424,3.39640048381964
5.31616161616162,296.242424242424,3.23626404998125
5.38383838383838,296.242424242424,3.06332388899452
5.45151515151515,296.242424242424,2.87892949594469
5.51919191919192,296.242424242424,2.68443036591701
5.58686868686869,296.242424242424,2.48117599399672
5.65454545454545,296.242424242424,2.27051587526907
5.72222222222222,296.242424242424,2.05379950481932
5.78989898989899,296.242424242424,1.83237637773269
5.85757575757576,296.242424242424,1.60759598909444
5.92525252525252,296.242424242424,1.38080783398982
5.99292929292929,296.242424242424,1.15336140750407
6.06060606060606,296.242424242424,0.926606204722437
6.12828282828283,296.242424242424,0.70189172073017
6.1959595959596,296.242424242424,0.48056745061251
6.26363636363636,296.242424242424,0.263982889454709
6.33131313131313,296.242424242424,0.0534875323420088
6.3989898989899,296.242424242424,-0.149569125640346
6.46666666666667,296.242424242424,-0.343837589407101
6.53434343434343,296.242424242424,-0.527969109955977
6.6020202020202,296.242424242424,-0.701029862704002
6.66969696969697,296.242424242424,-0.863189923821145
6.73737373737374,296.242424242424,-1.0148009285213
6.8050505050505,296.242424242424,-1.15621451201836
6.87272727272727,296.242424242424,-1.28778230952624
6.94040404040404,296.242424242424,-1.40985595625883
7.00808080808081,296.242424242424,-1.52278708743002
7.07575757575758,296.242424242424,-1.62692733825373
7.14343434343434,296.242424242424,-1.72262834394385
7.21111111111111,296.242424242424,-1.81024173971428
7.27878787878788,296.242424242424,-1.89011916077892
7.34646464646465,296.242424242424,-1.96261224235167
7.41414141414141,296.242424242424,-2.02807261964642
7.48181818181818,296.242424242424,-2.08685192787708
7.54949494949495,296.242424242424,-2.13930180225755
7.61717171717172,296.242424242424,-2.18577387800173
7.68484848484848,296.242424242424,-2.22661979032351
7.75252525252525,296.242424242424,-2.2621911744368
7.82020202020202,296.242424242424,-2.2928396655555
7.88787878787879,296.242424242424,-2.3189168988935
7.95555555555555,296.242424242424,-2.34077450966471
8.02323232323232,296.242424242424,-2.35876413308302
8.09090909090909,296.242424242424,-2.37323740436233
8.15858585858586,296.242424242424,-2.38454595871655
8.22626262626263,296.242424242424,-2.39304143135957
8.29393939393939,296.242424242424,-2.3990754575053
8.36161616161616,296.242424242424,-2.40299967236763
8.42929292929293,296.242424242424,-2.40516571116045
8.4969696969697,296.242424242424,-2.40592520909769
8.56464646464647,296.242424242424,-2.40562980139322
8.63232323232323,296.242424242424,-2.40463112326095
8.7,296.242424242424,-2.40328080991478
2,302.414141414141,-12.2498079334502
2.06767676767677,302.414141414141,-11.5663252645915
2.13535353535354,302.414141414141,-10.8840136622873
2.2030303030303,302.414141414141,-10.2040441930922
2.27070707070707,302.414141414141,-9.52758792356082
2.33838383838384,302.414141414141,-8.85581592024771
2.40606060606061,302.414141414141,-8.18989924970743
2.47373737373737,302.414141414141,-7.53100897849455
2.54141414141414,302.414141414141,-6.88031617316363
2.60909090909091,302.414141414141,-6.23899190026924
2.67676767676768,302.414141414141,-5.60820722636595
2.74444444444444,302.414141414141,-4.98913321800832
2.81212121212121,302.414141414141,-4.38294094175092
2.87979797979798,302.414141414141,-3.79080146414832
2.94747474747475,302.414141414141,-3.21388585175507
3.01515151515152,302.414141414141,-2.65336517112575
3.08282828282828,302.414141414141,-2.11041048881493
3.15050505050505,302.414141414141,-1.58619287137717
3.21818181818182,302.414141414141,-1.08188338536703
3.28585858585859,302.414141414141,-0.598653097339088
3.35353535353535,302.414141414141,-0.137673073847902
3.42121212121212,302.414141414141,0.299885618551957
3.48888888888889,302.414141414141,0.712854013140781
3.55656565656566,302.414141414141,1.10048005292336
3.62424242424242,302.414141414141,1.46292835430247
3.69191919191919,302.414141414141,1.80048549886662
3.75959595959596,302.414141414141,2.11343806820431
3.82727272727273,302.414141414141,2.40207264390407
3.8949494949495,302.414141414141,2.6666758075544
3.96262626262626,302.414141414141,2.90753414074382
4.03030303030303,302.414141414141,3.12493422506085
4.0979797979798,302.414141414141,3.31916264209399
4.16565656565657,302.414141414141,3.49050597343175
4.23333333333333,302.414141414141,3.63925080066265
4.3010101010101,302.414141414141,3.76568370537521
4.36868686868687,302.414141414141,3.87009126915793
4.43636363636364,302.414141414141,3.95276007359934
4.5040404040404,302.414141414141,4.01397670028793
4.57171717171717,302.414141414141,4.05402773081224
4.63939393939394,302.414141414141,4.07319974676076
4.70707070707071,302.414141414141,4.07177932972201
4.77474747474747,302.414141414141,4.05005306128451
4.84242424242424,302.414141414141,4.00830752303676
4.91010101010101,302.414141414141,3.94682929656729
4.97777777777778,302.414141414141,3.8659049634646
5.04545454545454,302.414141414141,3.76587526878031
5.11313131313131,302.414141414141,3.64769937384688
5.18080808080808,302.414141414141,3.5127301478947
5.24848484848485,302.414141414141,3.36232678918087
5.31616161616162,302.414141414141,3.19784849596244
5.38383838383838,302.414141414141,3.02065446649651
5.45151515151515,302.414141414141,2.83210389904013
5.51919191919192,302.414141414141,2.63355599185039
5.58686868686869,302.414141414141,2.42636994318435
5.65454545454545,302.414141414141,2.2119049512991
5.72222222222222,302.414141414141,1.99152021445171
5.78989898989899,302.414141414141,1.76657493089926
5.85757575757576,302.414141414141,1.53842829889881
5.92525252525252,302.414141414141,1.30843951670745
5.99292929292929,302.414141414141,1.07796778258224
6.06060606060606,302.414141414141,0.848372294780264
6.12828282828283,302.414141414141,0.6210122515586
6.1959595959596,302.414141414141,0.397246851174315
6.26363636363636,302.414141414141,0.178435291884488
6.33131313131313,302.414141414141,-0.0340632280538096
6.3989898989899,302.414141414141,-0.2388895103835
6.46666666666667,302.414141414141,-0.434684356847508
6.53434343434343,302.414141414141,-0.620089323093361
6.6020202020202,302.414141414141,-0.794165239091913
6.66969696969697,302.414141414141,-0.957088408427193
6.73737373737374,302.414141414141,-1.1092185971206
6.8050505050505,302.414141414141,-1.25091557119352
6.87272727272727,302.414141414141,-1.38253909666736
6.94040404040404,302.414141414141,-1.50444893956351
7.00808080808081,302.414141414141,-1.61700486590337
7.07575757575758,302.414141414141,-1.72056664170833
7.14343434343434,302.414141414141,-1.8154940329998
7.21111111111111,302.414141414141,-1.90214680579915
7.27878787878788,302.414141414141,-1.9808847261278
7.34646464646465,302.414141414141,-2.05206756000713
7.41414141414141,302.414141414141,-2.11605507345854
7.48181818181818,302.414141414141,-2.17320703250344
7.54949494949495,302.414141414141,-2.2238832031632
7.61717171717172,302.414141414141,-2.26844335145924
7.68484848484848,302.414141414141,-2.30724724341294
7.75252525252525,302.414141414141,-2.34065464504571
7.82020202020202,302.414141414141,-2.36902532237893
7.88787878787879,302.414141414141,-2.39271904143401
7.95555555555555,302.414141414141,-2.41209556823233
8.02323232323232,302.414141414141,-2.42751466879531
8.09090909090909,302.414141414141,-2.43933610914432
8.15858585858586,302.414141414141,-2.44791965530077
8.22626262626263,302.414141414141,-2.45362507328605
8.29393939393939,302.414141414141,-2.45681212912156
8.36161616161616,302.414141414141,-2.4578405888287
8.42929292929293,302.414141414141,-2.45707021842886
8.4969696969697,302.414141414141,-2.45486078394343
8.56464646464647,302.414141414141,-2.45157205139382
8.63232323232323,302.414141414141,-2.44756378680141
8.7,302.414141414141,-2.44319575618761
2,308.585858585859,-12.2849367460909
2.06767676767677,308.585858585859,-11.595974536918
2.13535353535354,308.585858585859,-10.90820505383
2.2030303030303,308.585858585859,-10.222821022912
2.27070707070707,308.585858585859,-9.54101517024894
2.33838383838384,308.585858585859,-8.86398022192588
2.40606060606061,308.585858585859,-8.19290890402779
2.47373737373737,308.585858585859,-7.52899394263966
2.54141414141414,308.585858585859,-6.87342806384647
2.60909090909091,308.585858585859,-6.22740399373322
2.67676767676768,308.585858585859,-5.59211445838491
2.74444444444444,308.585858585859,-4.96875218388652
2.81212121212121,308.585858585859,-4.35850989632306
2.87979797979798,308.585858585859,-3.7625803217795
2.94747474747475,308.585858585859,-3.18215618634084
3.01515151515152,308.585858585859,-2.61843021609209
3.08282828282828,308.585858585859,-2.07259513711822
3.15050505050505,308.585858585859,-1.54584367550424
3.21818181818182,308.585858585859,-1.03936855733513
3.28585858585859,308.585858585859,-0.554362508695881
3.35353535353535,308.585858585859,-0.0920182556714964
3.42121212121212,308.585858585859,0.346471475653035
3.48888888888889,308.585858585859,0.759916124239677
3.55656565656566,308.585858585859,1.14755498624944
3.62424242424242,308.585858585859,1.50957249928799
3.69191919191919,308.585858585859,1.84627885387591
3.75959595959596,308.585858585859,2.1579842405338
3.82727272727273,308.585858585859,2.44499884978227
3.8949494949495,308.585858585859,2.7076328721419
3.96262626262626,308.585858585859,2.94619649813331
4.03030303030303,308.585858585859,3.16099991827708
4.0979797979798,308.585858585859,3.35235332309382
4.16565656565657,308.585858585859,3.52056690310412
4.23333333333333,308.585858585859,3.66595084882859
4.3010101010101,308.585858585859,3.78881535078782
4.36868686868687,308.585858585859,3.88947059950242
4.43636363636364,308.585858585859,3.96822678549298
4.5040404040404,308.585858585859,4.0253940992801
4.57171717171717,308.585858585859,4.06128273138438
4.63939393939394,308.585858585859,4.07620287232642
4.70707070707071,308.585858585859,4.07046471262681
4.77474747474747,308.585858585859,4.04437844280616
4.84242424242424,308.585858585859,3.99825425338507
4.91010101010101,308.585858585859,3.93240233488413
4.97777777777778,308.585858585859,3.84713287782395
5.04545454545454,308.585858585859,3.74280944009362
5.11313131313131,308.585858585859,3.62040490638041
5.18080808080808,308.585858585859,3.48128008255072
5.24848484848485,308.585858585859,3.32680201047358
5.31616161616162,308.585858585859,3.15833773201804
5.38383838383838,308.585858585859,2.97725428905312
5.45151515151515,308.585858585859,2.78491872344786
5.51919191919192,308.585858585859,2.58269807707131
5.58686868686869,308.585858585859,2.37195939179249
5.65454545454545,308.585858585859,2.15406970948043
5.72222222222222,308.585858585859,1.93039607200418
5.78989898989899,308.585858585859,1.70230552123277
5.85757575757576,308.585858585859,1.47116509903524
5.92525252525252,308.585858585859,1.23834184728063
5.99292929292929,308.585858585859,1.00520280783796
6.06060606060606,308.585858585859,0.773115022576278
6.12828282828283,308.585858585859,0.543445533364618
6.1959595959596,308.585858585859,0.317561382072012
6.26363636363636,308.585858585859,0.0968296105674993
6.33131313131313,308.585858585859,-0.117382739279886
6.3989898989899,308.585858585859,-0.323708625601108
6.46666666666667,308.585858585859,-0.520781006527129
6.53434343434343,308.585858585859,-0.707233600763404
6.6020202020202,308.585858585859,-0.882123110712589
6.66969696969697,308.585858585859,-1.04563158112904
6.73737373737374,308.585858585859,-1.19812614232027
6.8050505050505,308.585858585859,-1.33997392459377
6.87272727272727,308.585858585859,-1.47154205825707
6.94040404040404,308.585858585859,-1.59319767361766
7.00808080808081,308.585858585859,-1.70530790098306
7.07575757575758,308.585858585859,-1.80823987066076
7.14343434343434,308.585858585859,-1.90236071295829
7.21111111111111,308.585858585859,-1.98803755818315
7.27878787878788,308.585858585859,-2.06563753664284
7.34646464646465,308.585858585859,-2.13552777864487
7.41414141414141,308.585858585859,-2.19807541449675
7.48181818181818,308.585858585859,-2.25364757450598
7.54949494949495,308.585858585859,-2.30261138898008
7.61717171717172,308.585858585859,-2.34533398822656
7.68484848484848,308.585858585859,-2.38218250255291
7.75252525252525,308.585858585859,-2.41352406226665
7.82020202020202,308.585858585859,-2.43972579767528
7.88787878787879,308.585858585859,-2.46115483908632
7.95555555555555,308.585858585859,-2.47817831680726
8.02323232323232,308.585858585859,-2.49116336114563
8.09090909090909,308.585858585859,-2.50047710240891
8.15858585858586,308.585858585859,-2.50648667090463
8.22626262626263,308.585858585859,-2.50955919694029
8.29393939393939,308.585858585859,-2.5100618108234
8.36161616161616,308.585858585859,-2.50836164286146
8.42929292929293,308.585858585859,-2.50482582336199
8.4969696969697,308.585858585859,-2.49982148263248
8.56464646464647,308.585858585859,-2.49371575098045
8.63232323232323,308.585858585859,-2.48687575871341
8.7,308.585858585859,-2.47966863613886
2,314.757575757576,-12.3075572348047
2.06767676767677,314.757575757576,-11.6139702193903
2.13535353535354,314.757575757576,-10.9215956053901
2.2030303030303,314.757575757576,-10.2316457942186
2.27070707070707,314.757575757576,-9.5453331872901
2.33838383838384,314.757575757576,-8.86387018601892
2.40606060606061,314.757575757576,-8.1884691918194
2.47373737373737,314.757575757576,-7.52034260610586
2.54141414141414,314.757575757576,-6.86070283029264
2.60909090909091,314.757575757576,-6.21076226579406
2.67676767676768,314.757575757576,-5.57173331402447
2.74444444444444,314.757575757576,-4.94482837639818
2.81212121212121,314.757575757576,-4.33125985432953
2.87979797979798,314.757575757576,-3.73224014923285
2.94747474747475,314.757575757576,-3.14898166252247
3.01515151515152,314.757575757576,-2.58269679561273
3.08282828282828,314.757575757576,-2.03459794991795
3.15050505050505,314.757575757576,-1.50589752685246
3.21818181818182,314.757575757576,-0.997807927830597
3.28585858585859,314.757575757576,-0.511541554266688
3.35353535353535,314.757575757576,-0.0483108075750665
3.42121212121212,314.757575757576,0.390671910829936
3.48888888888889,314.757575757576,0.804196425251886
3.55656565656566,314.757575757576,1.19149446304795
3.62424242424242,314.757575757576,1.55276937864445
3.69191919191919,314.757575757576,1.88835380334671
3.75959595959596,314.757575757576,2.19858036846007
3.82727272727273,314.757575757576,2.48378170528985
3.8949494949495,314.757575757576,2.74429044514138
3.96262626262626,314.757575757576,2.98043921931999
4.03030303030303,314.757575757576,3.19256065913103
4.0979797979798,314.757575757576,3.38098739587981
4.16565656565657,314.757575757576,3.54605206087167
4.23333333333333,314.757575757576,3.68808728541194
4.3010101010101,314.757575757576,3.80742570080596
4.36868686868687,314.757575757576,3.90439993835904
4.43636363636364,314.757575757576,3.97934262937653
4.5040404040404,314.757575757576,4.03258640516376
4.57171717171717,314.757575757576,4.06446389702605
4.63939393939394,314.757575757576,4.07530773626874
4.70707070707071,314.757575757576,4.06545055419715
4.77474747474747,314.757575757576,4.03522498211662
4.84242424242424,314.757575757576,3.98496365133249
4.91010101010101,314.757575757576,3.91499919315007
4.97777777777778,314.757575757576,3.82566423887471
5.04545454545454,314.757575757576,3.71734395804971
5.11313131313131,314.757575757576,3.59102338034306
5.18080808080808,314.757575757576,3.44806942974877
5.24848484848485,314.757575757576,3.28985516937916
5.31616161616162,314.757575757576,3.11775366234655
5.38383838383838,314.757575757576,2.93313797176327
5.45151515151515,314.757575757576,2.73738116074165
5.51919191919192,314.757575757576,2.53185629239403
5.58686868686869,314.757575757576,2.31793642983271
5.65454545454545,314.757575757576,2.09699463617003
5.72222222222222,314.757575757576,1.87040397451832
5.78989898989899,314.757575757576,1.63953750798991
5.85757575757576,314.757575757576,1.40576829969711
5.92525252525252,314.757575757576,1.17046941275226
5.99292929292929,314.757575757576,0.935013910267687
6.06060606060606,314.757575757576,0.700774855355716
6.12828282828283,314.757575757576,0.469125311128674
6.1959595959596,314.757575757576,0.241438340698884
6.26363636363636,314.757575757576,0.01908700717868
6.33131313131313,314.757575757576,-0.196555626319619
6.3989898989899,314.757575757576,-0.404116496683681
6.46666666666667,314.757575757576,-0.60222254080118
6.53434343434343,314.757575757576,-0.789501461675455
6.6020202020202,314.757575757576,-0.965007027661374
6.66969696969697,314.757575757576,-1.12892654816476
6.73737373737374,314.757575757576,-1.28163376658829
6.8050505050505,314.757575757576,-1.4235024263346
6.87272727272727,314.757575757576,-1.55490627080638
6.94040404040404,314.757575757576,-1.67621904340627
7.00808080808081,314.757575757576,-1.78781448753695
7.07575757575758,314.757575757576,-1.89006634660107
7.14343434343434,314.757575757576,-1.9833483640013
7.21111111111111,314.757575757576,-2.06803428314029
7.27878787878788,314.757575757576,-2.14449784742071
7.34646464646465,314.757575757576,-2.21311280024523
7.41414141414141,314.757575757576,-2.27425288501651
7.48181818181818,314.757575757576,-2.3282918451372
7.54949494949495,314.757575757576,-2.37560342400997
7.61717171717172,314.757575757576,-2.41656136503748
7.68484848484848,314.757575757576,-2.4515394116224
7.75252525252525,314.757575757576,-2.48091130716738
7.82020202020202,314.757575757576,-2.50505079507509
7.88787878787879,314.757575757576,-2.52433161874819
7.95555555555555,314.757575757576,-2.53912752158935
8.02323232323232,314.757575757576,-2.54981224700122
8.09090909090909,314.757575757576,-2.55675953838647
8.15858585858586,314.757575757576,-2.56034313914775
8.22626262626263,314.757575757576,-2.56093679268775
8.29393939393939,314.757575757576,-2.5589142424091
8.36161616161616,314.757575757576,-2.55464923171448
8.42929292929293,314.757575757576,-2.54851550400655
8.4969696969697,314.757575757576,-2.54088680268797
8.56464646464647,314.757575757576,-2.5321368711614
8.63232323232323,314.757575757576,-2.52263945282951
8.7,314.757575757576,-2.51276829109496
2,320.929292929293,-12.3179246715085
2.06767676767677,320.929292929293,-11.6205501403727
2.13535353535354,320.929292929293,-10.9244057422734
2.2030303030303,320.929292929293,-10.2307216102471
2.27070707070707,320.929292929293,-9.54072787733016
2.33838383838384,320.929292929293,-8.85565467655917
2.40606060606061,320.929292929293,-8.1767321409706
2.47373737373737,320.929292929293,-7.50519040360089
2.54141414141414,320.929292929293,-6.84225959748656
2.60909090909091,320.929292929293,-6.18916985566408
2.67676767676768,320.929292929293,-5.54715131116992
2.74444444444444,320.929292929293,-4.91743409704056
2.81212121212121,320.929292929293,-4.3012483463125
2.87979797979798,320.929292929293,-3.69982419202221
2.94747474747475,320.929292929293,-3.11439176720616
3.01515151515152,320.929292929293,-2.54618120490085
3.08282828282828,320.929292929293,-1.99642263814275
3.15050505050505,320.929292929293,-1.46634619996835
3.21818181818182,320.929292929293,-0.957182023414112
3.28585858585859,320.929292929293,-0.47016024151653
3.35353535353535,320.929292929293,-0.00651098731208395
3.42121212121212,320.929292929293,0.432535606162746
3.48888888888889,320.929292929293,0.845751687811833
3.55656565656566,320.929292929293,1.23236247222761
3.62424242424242,320.929292929293,1.59258934473163
3.69191919191919,320.929292929293,1.92678623310634
3.75959595959596,320.929292929293,2.23530706513419
3.82727272727273,320.929292929293,2.51850576859763
3.8949494949495,320.929292929293,2.77673627127911
3.96262626262626,320.929292929293,3.01035250096109
4.03030303030303,320.929292929293,3.21970838542601
4.0979797979798,320.929292929293,3.40515785245634
4.16565656565657,320.929292929293,3.5670548298345
4.23333333333333,320.929292929293,3.70575324534297
4.3010101010101,320.929292929293,3.8216070267642
4.36868686868687,320.929292929293,3.91497010188062
4.43636363636364,320.929292929293,3.9861963984747
4.5040404040404,320.929292929293,4.03563984432888
4.57171717171717,320.929292929293,4.06365436722563
4.63939393939394,320.929292929293,4.07059389494738
4.70707070707071,320.929292929293,4.05681235527659
4.77474747474747,320.929292929293,4.02266367599571
4.84242424242424,320.929292929293,3.9685017848872
4.91010101010101,320.929292929293,3.8946806097335
4.97777777777778,320.929292929293,3.80155407831706
5.04545454545454,320.929292929293,3.68952779516606
5.11313131313131,320.929292929293,3.55959738876689
5.18080808080808,320.929292929293,3.41313411984514
5.24848484848485,320.929292929293,3.25151528757895
5.31616161616162,320.929292929293,3.07611819114648
5.38383838383838,320.929292929293,2.88832012972586
5.45151515151515,320.929292929293,2.68949840249525
5.51919191919192,320.929292929293,2.48103030863279
5.58686868686869,320.929292929293,2.26429314731661
5.65454545454545,320.929292929293,2.04066421772488
5.72222222222222,320.929292929293,1.81152081903573
5.78989898989899,320.929292929293,1.57824025042731
5.85757575757576,320.929292929293,1.34219981107776
5.92525252525252,320.929292929293,1.10477680016523
5.99292929292929,320.929292929293,0.867348516867866
6.06060606060606,320.929292929293,0.631292260363812
6.12828282828283,320.929292929293,0.397985329831216
6.1959595959596,320.929292929293,0.168805024448215
6.26363636363636,320.929292929293,-0.0548713566070365
6.33131313131313,320.929292929293,-0.2716665141564
6.3989898989899,320.929292929293,-0.48020314902173
6.46666666666667,320.929292929293,-0.679103962024875
6.53434343434343,320.929292929293,-0.86699242453886
6.6020202020202,320.929292929293,-1.04292054003361
6.66969696969697,320.929292929293,-1.20708041577245
6.73737373737374,320.929292929293,-1.35985167239266
6.8050505050505,320.929292929293,-1.50161393053152
6.87272727272727,320.929292929293,-1.63274681082633
6.94040404040404,320.929292929293,-1.75362993391437
7.00808080808081,320.929292929293,-1.86464292043292
7.07575757575758,320.929292929293,-1.96616539101929
7.14343434343434,320.929292929293,-2.05857696631075
7.21111111111111,320.929292929293,-2.1422572669446
7.27878787878788,320.929292929293,-2.21758591355811
7.34646464646465,320.929292929293,-2.28494252678858
7.41414141414141,320.929292929293,-2.34470672727331
7.48181818181818,320.929292929293,-2.39725813564956
7.54949494949495,320.929292929293,-2.44297637255463
7.61717171717172,320.929292929293,-2.48224105862582
7.68484848484848,320.929292929293,-2.5154318145004
7.75252525252525,320.929292929293,-2.54292826081566
7.82020202020202,320.929292929293,-2.5651100182089
7.88787878787879,320.929292929293,-2.58235670731739
7.95555555555555,320.929292929293,-2.59504794877844
8.02323232323232,320.929292929293,-2.60356336322932
8.09090909090909,320.929292929293,-2.60828257130732
8.15858585858586,320.929292929293,-2.60958519364974
8.22626262626263,320.929292929293,-2.60785085089385
8.29393939393939,320.929292929293,-2.60345916367695
8.36161616161616,320.929292929293,-2.59678975263632
8.42929292929293,320.929292929293,-2.58822223840925
8.4969696969697,320.929292929293,-2.57813624163303
8.56464646464647,320.929292929293,-2.56691138294495
8.63232323232323,320.929292929293,-2.5549272829823
8.7,320.929292929293,-2.54256356238236
2,327.10101010101,-12.3162943281192
2.06767676767677,327.10101010101,-11.6159521282298
2.13535353535354,327.10101010101,-10.9168558897857
2.2030303030303,327.10101010101,-10.2202515742323
2.27070707070707,327.10101010101,-9.52738514301498
2.33838383838384,327.10101010101,-8.83950255757899
2.40606060606061,327.10101010101,-8.15784977936971
2.47373737373737,327.10101010101,-7.48367276983249
2.54141414141414,327.10101010101,-6.81821749041266
2.60909090909091,327.10101010101,-6.16272990255557
2.67676767676768,327.10101010101,-5.51845596770656
2.74444444444444,327.10101010101,-4.88664164731096
2.81212121212121,327.10101010101,-4.26853290281413
2.87979797979798,327.10101010101,-3.66537569566141
2.94747474747475,327.10101010101,-3.07841598729813
3.01515151515152,327.10101010101,-2.50889973916964
3.08282828282828,327.10101010101,-1.95807291272129
3.15050505050505,327.10101010101,-1.4271814693984
3.21818181818182,327.10101010101,-0.917471370646337
3.28585858585859,327.10101010101,-0.430188577910427
3.35353535353535,327.10101010101,0.0334209473639828
3.42121212121212,327.10101010101,0.472111243731549
3.48888888888889,327.10101010101,0.884638683553939
3.55656565656566,327.10101010101,1.27022300269715
3.62424242424242,327.10101010101,1.62910274990931
3.69191919191919,327.10101010101,1.96165202898211
3.75959595959596,327.10101010101,2.26824494370726
3.82727272727273,327.10101010101,2.54925559787646
3.8949494949495,327.10101010101,2.8050580952814
3.96262626262626,327.10101010101,3.0360265397138
4.03030303030303,327.10101010101,3.24253503496535
4.0979797979798,327.10101010101,3.42495768482775
4.16565656565657,327.10101010101,3.58366859309271
4.23333333333333,327.10101010101,3.71904186355193
4.3010101010101,327.10101010101,3.83145159999712
4.36868686868687,327.10101010101,3.92127190621996
4.43636363636364,327.10101010101,3.98887688601217
4.5040404040404,327.10101010101,4.03464064316544
4.57171717171717,327.10101010101,4.05893728147148
4.63939393939394,327.10101010101,4.062140904722
4.70707070707071,327.10101010101,4.04462561670868
4.77474747474747,327.10101010101,4.00676552122325
4.84242424242424,327.10101010101,3.94893472205738
4.91010101010101,327.10101010101,3.87150732300279
4.97777777777778,327.10101010101,3.77485742785118
5.04545454545454,327.10101010101,3.65940992396019
5.11313131313131,327.10101010101,3.52616952468395
5.18080808080808,327.10101010101,3.37651008319611
5.24848484848485,327.10101010101,3.21181138675435
5.31616161616162,327.10101010101,3.03345322261635
5.38383838383838,327.10101010101,2.84281537803981
5.45151515151515,327.10101010101,2.6412776402824
5.51919191919192,327.10101010101,2.43021979660184
5.58686868686869,327.10101010101,2.21102163425579
5.65454545454545,327.10101010101,1.98506294050195
5.72222222222222,327.10101010101,1.75372350259801
5.78989898989899,327.10101010101,1.51838310780164
5.85757575757576,327.10101010101,1.28042154337055
5.92525252525252,327.10101010101,1.04121859656243
5.99292929292929,327.10101010101,0.802154054634948
6.06060606060606,327.10101010101,0.564607704845805
6.12828282828283,327.10101010101,0.329959334452691
6.1959595959596,327.10101010101,0.0995887307132862
6.26363636363636,327.10101010101,-0.125124319114715
6.33131313131313,327.10101010101,-0.342800027773627
6.3989898989899,327.10101010101,-0.552058608005763
6.46666666666667,327.10101010101,-0.75152027255343
6.53434343434343,327.10101010101,-0.939806008062964
6.6020202020202,327.10101010101,-1.11596719792465
6.66969696969697,327.10101010101,-1.28020029019018
6.73737373737374,327.10101010101,-1.43289006220137
6.8050505050505,327.10101010101,-1.57442129130002
6.87272727272727,327.10101010101,-1.70517875482794
6.94040404040404,327.10101010101,-1.82554723012695
7.00808080808081,327.10101010101,-1.93591149453885
7.07575757575758,327.10101010101,-2.03665632540547
7.14343434343434,327.10101010101,-2.12816650006861
7.21111111111111,327.10101010101,-2.21082679587008
7.27878787878788,327.10101010101,-2.2850219901517
7.34646464646465,327.10101010101,-2.35113686025528
7.41414141414141,327.10101010101,-2.40955618352262
7.48181818181818,327.10101010101,-2.46066473729554
7.54949494949495,327.10101010101,-2.50484729891585
7.61717171717172,327.10101010101,-2.54248864572537
7.68484848484848,327.10101010101,-2.5739735550659
7.75252525252525,327.10101010101,-2.59968680427925
7.82020202020202,327.10101010101,-2.62001317070725
7.88787878787879,327.10101010101,-2.63533743169169
7.95555555555555,327.10101010101,-2.6460443645744
8.02323232323232,327.10101010101,-2.65251874669717
8.09090909090909,327.10101010101,-2.65514535540183
8.15858585858586,327.10101010101,-2.65430896803019
8.22626262626263,327.10101010101,-2.65039436192405
8.29393939393939,327.10101010101,-2.64378631442523
8.36161616161616,327.10101010101,-2.63486960287554
8.42929292929293,327.10101010101,-2.6240290046168
8.4969696969697,327.10101010101,-2.61164929699081
8.56464646464647,327.10101010101,-2.59811525733938
8.63232323232323,327.10101010101,-2.58381166300433
8.7,327.10101010101,-2.56912329132747
2,333.272727272727,-12.3029214765536
2.06767676767677,333.272727272727,-11.6004140113258
2.13535353535354,333.272727272727,-10.8991664732327
2.2030303030303,333.272727272727,-10.2004387894093
2.27070707070707,333.272727272727,-9.5054908869904
2.33838383838384,333.272727272727,-8.81558269311071
2.40606060606061,333.272727272727,-8.1319741349051
2.47373737373737,333.272727272727,-7.45592513950838
2.54141414141414,333.272727272727,-6.78869563405535
2.60909090909091,333.272727272727,-6.13154554568084
2.67676767676768,333.272727272727,-5.48573480151967
2.74444444444444,333.272727272727,-4.85252332870664
2.81212121212121,333.272727272727,-4.23317105437657
2.87979797979798,333.272727272727,-3.62893790566427
2.94747474747475,333.272727272727,-3.04108380970457
3.01515151515152,333.272727272727,-2.47086869363226
3.08282828282828,333.272727272727,-1.91955248458219
3.15050505050505,333.272727272727,-1.38839510968914
3.21818181818182,333.272727272727,-0.878656496087937
3.28585858585859,333.272727272727,-0.391596570913398
3.35353535353535,333.272727272727,0.0715247386996627
3.42121212121212,333.272727272727,0.50944750561643
3.48888888888889,333.272727272727,0.920914184112627
3.55656565656566,333.272727272727,1.3051400433653
3.62424242424242,333.272727272727,1.66237994653726
3.69191919191919,333.272727272727,1.99302707680134
3.75959595959596,333.272727272727,2.29747461733036
3.82727272727273,333.272727272727,2.57611575129715
3.8949494949495,333.272727272727,2.82934366187452
3.96262626262626,333.272727272727,3.05755153223531
4.03030303030303,333.272727272727,3.26113254555233
4.0979797979798,333.272727272727,3.44047988499842
4.16565656565657,333.272727272727,3.59598673374639
4.23333333333333,333.272727272727,3.72804627496907
4.3010101010101,333.272727272727,3.8370516918393
4.36868686868687,333.272727272727,3.92339616752987
4.43636363636364,333.272727272727,3.98747288521363
4.5040404040404,333.272727272727,4.0296750280634
4.57171717171717,333.272727272727,4.050395779252
4.63939393939394,333.272727272727,4.05002832195226
4.70707070707071,333.272727272727,4.028965839337
4.77474747474747,333.272727272727,3.98760151457904
4.84242424242424,333.272727272727,3.92632853085122
4.91010101010101,333.272727272727,3.84554007132634
4.97777777777778,333.272727272727,3.74562931917724
5.04545454545454,333.272727272727,3.62703931694957
5.11313131313131,333.272727272727,3.49078238112631
5.18080808080808,333.272727272727,3.33823325015797
5.24848484848485,333.272727272727,3.1707724885867
5.31616161616162,333.272727272727,2.98978066095467
5.38383838383838,333.272727272727,2.796638331804
5.45151515151515,333.272727272727,2.59272606567687
5.51919191919192,333.272727272727,2.37942442711543
5.58686868686869,333.272727272727,2.15811398066183
5.65454545454545,333.272727272727,1.93017529085821
5.72222222222222,333.272727272727,1.69698892224675
5.78989898989899,333.272727272727,1.45993543936957
5.85757575757576,333.272727272727,1.22039540676885
5.92525252525252,333.272727272727,0.979749388986738
5.99292929292929,333.272727272727,0.739377950565378
6.06060606060606,333.272727272727,0.50066165604693
6.12828282828283,333.272727272727,0.264981069973548
6.1959595959596,333.272727272727,0.0337167568873788
6.26363636363636,333.272727272727,-0.191750718669416
6.33131313131313,333.272727272727,-0.410040792154694
6.3989898989899,333.272727272727,-0.619772899026295
6.46666666666667,333.272727272727,-0.819566474742062
6.53434343434343,333.272727272727,-1.00804173095712
6.6020202020202,333.272727272727,-1.18425055142984
6.66969696969697,333.272727272727,-1.34839327765605
6.73737373737374,333.272727272727,-1.50085913848242
6.8050505050505,333.272727272727,-1.64203736275559
6.87272727272727,333.272727272727,-1.77231717932225
6.94040404040404,333.272727272727,-1.89208781702903
7.00808080808081,333.272727272727,-2.00173850472262
7.07575757575758,333.272727272727,-2.10165847124966
7.14343434343434,333.272727272727,-2.19223694545683
7.21111111111111,333.272727272727,-2.27386315619077
7.27878787878788,333.272727272727,-2.34692633229816
7.34646464646465,333.272727272727,-2.41181570262566
7.41414141414141,333.272727272727,-2.46892049601993
7.48181818181818,333.272727272727,-2.51862994132762
7.54949494949495,333.272727272727,-2.5613332673954
7.61717171717172,333.272727272727,-2.59741970306994
7.68484848484848,333.272727272727,-2.62727847719789
7.75252525252525,333.272727272727,-2.65129881862592
7.82020202020202,333.272727272727,-2.66986995620068
7.88787878787879,333.272727272727,-2.68338111876884
7.95555555555555,333.272727272727,-2.69222153517707
8.02323232323232,333.272727272727,-2.69678043427201
8.09090909090909,333.272727272727,-2.69744704490034
8.15858585858586,333.272727272727,-2.69461059590871
8.22626262626263,333.272727272727,-2.6886603161438
8.29393939393939,333.272727272727,-2.67998543445224
8.36161616161616,333.272727272727,-2.66897517968072
8.42929292929293,333.272727272727,-2.6560187806759
8.4969696969697,333.272727272727,-2.64150546628442
8.56464646464647,333.272727272727,-2.62582446535296
8.63232323232323,333.272727272727,-2.60936500672818
8.7,333.272727272727,-2.59251631925673
2,339.444444444444,-12.2780613887286
2.06767676767677,339.444444444444,-11.574173618025
2.13535353535354,339.444444444444,-10.8715579179203
2.2030303030303,339.444444444444,-10.1714863590131
2.27070707070707,339.444444444444,-9.4752310119023
2.33838383838384,339.444444444444,-8.78406394718671
2.40606060606061,339.444444444444,-8.09925723546511
2.47373737373737,339.444444444444,-7.42208294733629
2.54141414141414,339.444444444444,-6.75381315339907
2.60909090909091,339.444444444444,-6.09571992425222
2.67676767676768,339.444444444444,-5.44907533049456
2.74444444444444,339.444444444444,-4.81515144272487
2.81212121212121,339.444444444444,-4.19522033154197
2.87979797979798,339.444444444444,-3.59055406754465
2.94747474747475,339.444444444444,-3.00242472133169
3.01515151515152,339.444444444444,-2.43210436350191
3.08282828282828,339.444444444444,-1.8808650646541
3.15050505050505,339.444444444444,-1.34997889538706
3.21818181818182,339.444444444444,-0.84071792629958
3.28585858585859,339.444444444444,-0.354354227990465
3.35353535353535,339.444444444444,0.107840128941486
3.42121212121212,339.444444444444,0.544593073897475
3.48888888888889,339.444444444444,0.954634961122316
3.55656565656566,339.444444444444,1.33717758314077
3.62424242424242,339.444444444444,1.69249128697526
3.69191919191919,339.444444444444,2.02098726239134
3.75959595959596,339.444444444444,2.32307669915458
3.82727272727273,339.444444444444,2.59917078703053
3.8949494949495,339.444444444444,2.84968071578476
3.96262626262626,339.444444444444,3.07501767518283
4.03030303030303,339.444444444444,3.27559285499029
4.0979797979798,339.444444444444,3.45181744497271
4.16565656565657,339.444444444444,3.60410263489565
4.23333333333333,339.444444444444,3.73285961452466
4.3010101010101,339.444444444444,3.83849957362532
4.36868686868687,339.444444444444,3.92143370196318
4.43636363636364,339.444444444444,3.9820731893038
4.5040404040404,339.444444444444,4.02082922541274
4.57171717171717,339.444444444444,4.03811300005556
4.63939393939394,339.444444444444,4.03433570299783
4.70707070707071,339.444444444444,4.0099085240051
4.77474747474747,339.444444444444,3.96524265284293
4.84242424242424,339.444444444444,3.90074927927689
4.91010101010101,339.444444444444,3.81683959307253
4.97777777777778,339.444444444444,3.71392478399542
5.04545454545454,339.444444444444,3.5924649466517
5.11313131313131,339.444444444444,3.45347855112602
5.18080808080808,339.444444444444,3.298339551087
5.24848484848485,339.444444444444,3.1284276147574
5.31616161616162,339.444444444444,2.94512241035994
5.38383838383838,339.444444444444,2.74980360611737
5.45151515151515,339.444444444444,2.54385087025241
5.51919191919192,339.444444444444,2.32864387098782
5.58686868686869,339.444444444444,2.10556227654632
5.65454545454545,339.444444444444,1.87598575515065
5.72222222222222,339.444444444444,1.64129397502355
5.78989898989899,339.444444444444,1.40286660438776
5.85757575757576,339.444444444444,1.16208331146601
5.92525252525252,339.444444444444,0.920323764481054
5.99292929292929,339.444444444444,0.678967631655609
6.06060606060606,339.444444444444,0.439394581212424
6.12828282828283,339.444444444444,0.202984281374237
6.1959595959596,339.444444444444,-0.0288835996362234
6.26363636363636,339.444444444444,-0.254829393596211
6.33131313131313,339.444444444444,-0.473473432282993
6.3989898989899,339.444444444444,-0.683436047473832
6.46666666666667,339.444444444444,-0.883337570945987
6.53434343434343,339.444444444444,-1.07179911193066
6.6020202020202,339.444444444444,-1.24787415064451
6.66969696969697,339.444444444444,-1.41176648440813
6.73737373737374,339.444444444444,-1.56386910370379
6.8050505050505,339.444444444444,-1.70457499901375
6.87272727272727,339.444444444444,-1.83427716082027
6.94040404040404,339.444444444444,-1.95336857960563
7.00808080808081,339.444444444444,-2.06224224585208
7.07575757575758,339.444444444444,-2.16129115004189
7.14343434343434,339.444444444444,-2.25090828265734
7.21111111111111,339.444444444444,-2.33148663418067
7.27878787878788,339.444444444444,-2.40341919509417
7.34646464646465,339.444444444444,-2.46709895588009
7.41414141414141,339.444444444444,-2.5229189070207
7.48181818181818,339.444444444444,-2.57127203899827
7.54949494949495,339.444444444444,-2.61255134229506
7.61717171717172,339.444444444444,-2.64714980739334
7.68484848484848,339.444444444444,-2.67546042477536
7.75252525252525,339.444444444444,-2.69787618492341
7.82020202020202,339.444444444444,-2.71479007831974
7.88787878787879,339.444444444444,-2.72659509544662
7.95555555555555,339.444444444444,-2.73368422678631
8.02323232323232,339.444444444444,-2.73645046282108
8.09090909090909,339.444444444444,-2.7352867940332
8.15858585858586,339.444444444444,-2.73058621090492
8.22626262626263,339.444444444444,-2.72274170391853
8.29393939393939,339.444444444444,-2.71214626355627
8.36161616161616,339.444444444444,-2.69919288030042
8.42929292929293,339.444444444444,-2.68427454463325
8.4969696969697,339.444444444444,-2.66778424703701
8.56464646464647,339.444444444444,-2.65011497799398
8.63232323232323,339.444444444444,-2.63165972798641
8.7,339.444444444444,-2.61281148749658
2,345.616161616162,-12.2419693365611
2.06767676767677,345.616161616162,-11.537468776692
2.13535353535354,345.616161616162,-10.8342506491541
2.2030303030303,345.616161616162,-10.1335973862785
2.27070707070707,345.616161616162,-9.43679142039652
2.33838383838384,345.616161616162,-8.74511518383931
2.40606060606061,345.616161616162,-8.05985110893806
2.47373737373737,345.616161616162,-7.38228162802396
2.54141414141414,345.616161616162,-6.71368917342822
2.60909090909091,345.616161616162,-6.055356177482
2.67676767676768,345.616161616162,-5.40856507251652
2.74444444444444,345.616161616162,-4.77459829086295
2.81212121212121,345.616161616162,-4.1547382648525
2.87979797979798,345.616161616162,-3.55026742681636
2.94747474747475,345.616161616162,-2.9624682090857
3.01515151515152,345.616161616162,-2.39262304399174
3.08282828282828,345.616161616162,-1.84201436386567
3.15050505050505,345.616161616162,-1.31192460103867
3.21818181818182,345.616161616162,-0.803636187841928
3.28585858585859,345.616161616162,-0.318431556606648
3.35353535353535,345.616161616162,0.142406860335983
3.42121212121212,345.616161616162,0.57759663065477
3.48888888888889,345.616161616162,0.985857786217432
3.55656565656566,345.616161616162,1.3663996109323
3.62424242424242,345.616161616162,1.71950712358308
3.69191919191919,345.616161616162,2.04560847157943
3.75959595959596,345.616161616162,2.345131802331
3.82727272727273,345.616161616162,2.61850526324745
3.8949494949495,345.616161616162,2.86615700173841
3.96262626262626,345.616161616162,3.08851516521355
4.03030303030303,345.616161616162,3.28600790108253
4.0979797979798,345.616161616162,3.45906335675498
4.16565656565657,345.616161616162,3.60810967964057
4.23333333333333,345.616161616162,3.73357501714895
4.3010101010101,345.616161616162,3.83588751668978
4.36868686868687,345.616161616162,3.91547532567269
4.43636363636364,345.616161616162,3.97276659150735
4.5040404040404,345.616161616162,4.00818946160342
4.57171717171717,345.616161616162,4.02217208337053
4.63939393939394,345.616161616162,4.01514260421835
4.70707070707071,345.616161616162,3.98752917155654
4.77474747474747,345.616161616162,3.93975993279472
4.84242424242424,345.616161616162,3.87226303534258
4.91010101010101,345.616161616162,3.78546662660975
4.97777777777778,345.616161616162,3.67979885400589
5.04545454545454,345.616161616162,3.55573578558409
5.11313131313131,345.616161616162,3.41430062771514
5.18080808080808,345.616161616162,3.2568649163395
5.24848484848485,345.616161616162,3.0848057869478
5.31616161616162,345.616161616162,2.89950037503069
5.38383838383838,345.616161616162,2.7023258160788
5.45151515151515,345.616161616162,2.49465924558277
5.51919191919192,345.616161616162,2.27787779903324
5.58686868686869,345.616161616162,2.05335861192084
5.65454545454545,345.616161616162,1.82247881973622
5.72222222222222,345.616161616162,1.58661555797002
5.78989898989899,345.616161616162,1.34714596211286
5.85757575757576,345.616161616162,1.10544716765539
5.92525252525252,345.616161616162,0.86289631008826
5.99292929292929,345.616161616162,0.620870524902087
6.06060606060606,345.616161616162,0.380746947587522
6.12828282828283,345.616161616162,0.143902713635201
6.1959595959596,345.616161616162,-0.0882850414642398
6.26363636363636,345.616161616162,-0.31443918222016
6.33131313131313,345.616161616162,-0.533182573141923
6.3989898989899,345.616161616162,-0.74313807873889
6.46666666666667,345.616161616162,-0.942928563520419
6.53434343434343,345.616161616162,-1.13117766969295
6.6020202020202,345.616161616162,-1.30694154566402
6.66969696969697,345.616161616162,-1.47042701668451
6.73737373737374,345.616161616162,-1.62203016033348
6.8050505050505,345.616161616162,-1.76214705418998
6.87272727272727,345.616161616162,-1.89117377583305
6.94040404040404,345.616161616162,-2.00950640284174
7.00808080808081,345.616161616162,-2.11754101279512
7.07575757575758,345.616161616162,-2.21567368327222
7.14343434343434,345.616161616162,-2.3043004918521
7.21111111111111,345.616161616162,-2.38381751611381
7.27878787878788,345.616161616162,-2.4546208336364
7.34646464646465,345.616161616162,-2.51710652199893
7.41414141414141,345.616161616162,-2.57167065878043
7.48181818181818,345.616161616162,-2.61870932155998
7.54949494949495,345.616161616162,-2.6586185879166
7.61717171717172,345.616161616162,-2.69179453542936
7.68484848484848,345.616161616162,-2.71863324167731
7.75252525252525,345.616161616162,-2.73953078423949
7.82020202020202,345.616161616162,-2.75488324069496
7.88787878787879,345.616161616162,-2.76508668862277
7.95555555555555,345.616161616162,-2.77053720560198
8.02323232323232,345.616161616162,-2.77163086921162
8.09090909090909,345.616161616162,-2.76876375703075
8.15858585858586,345.616161616162,-2.76233194663842
8.22626262626263,345.616161616162,-2.75273151561369
8.29393939393939,345.616161616162,-2.7403585415356
8.36161616161616,345.616161616162,-2.72560910198321
8.42929292929293,345.616161616162,-2.70887927453556
8.4969696969697,345.616161616162,-2.69056513677171
8.56464646464647,345.616161616162,-2.6710627662707
8.63232323232323,345.616161616162,-2.6507682406116
8.7,345.616161616162,-2.63007763737344
2,351.787878787879,-12.194900591968
2.06767676767677,351.787878787879,-11.490537315691
2.13535353535354,351.787878787879,-10.7874650922399
2.2030303030303,351.787878787879,-10.0869749744405
2.27070707070707,351.787878787879,-9.39035801511892
2.33838383838384,351.787878787879,-8.69890526710087
2.40606060606061,351.787878787879,-8.01390778321231
2.47373737373737,351.787878787879,-7.33665661627913
2.54141414141414,351.787878787879,-6.66844281912723
2.60909090909091,351.787878787879,-6.0105574445825
2.67676767676768,351.787878787879,-5.36429154547084
2.74444444444444,351.787878787879,-4.73093617461814
2.81212121212121,351.787878787879,-4.11178238485031
2.87979797979798,351.787878787879,-3.50812122899324
2.94747474747475,351.787878787879,-2.92124375987282
3.01515151515152,351.787878787879,-2.35244103031495
3.08282828282828,351.787878787879,-1.80300409314554
3.15050505050505,351.787878787879,-1.27422400119048
3.21818181818182,351.787878787879,-0.76739180727565
3.28585858585859,351.787878787879,-0.283798564226964
3.35353535353535,351.787878787879,0.175264675129684
3.42121212121212,351.787878787879,0.6085068579684
3.48888888888889,351.787878787879,1.0146394310324
3.55656565656566,351.787878787879,1.39287011564861
3.62424242424242,351.787878787879,1.74349780872051
3.69191919191919,351.787878787879,2.06696659019293
3.75959595959596,351.787878787879,2.36372054001072
3.82727272727273,351.787878787879,2.63420373811871
3.8949494949495,351.787878787879,2.87886026446175
3.96262626262626,351.787878787879,3.09813419898469
4.03030303030303,351.787878787879,3.29246962163235
4.0979797979798,351.787878787879,3.4623106123496
4.16565656565657,351.787878787879,3.60810125108127
4.23333333333333,351.787878787879,3.7302856177722
4.3010101010101,351.787878787879,3.82930779236724
4.36868686868687,351.787878787879,3.90561185481122
4.43636363636364,351.787878787879,3.959641885049
4.5040404040404,351.787878787879,3.99184196302541
4.57171717171717,351.787878787879,4.0026561686853
4.63939393939394,351.787878787879,3.9925285819735
4.70707070707071,351.787878787879,3.96190328283487
4.77474747474747,351.787878787879,3.91122435121425
4.84242424242424,351.787878787879,3.84093586705647
4.91010101010101,351.787878787879,3.75148191030638
4.97777777777778,351.787878787879,3.64330656090883
5.04545454545454,351.787878787879,3.51690080626421
5.11313131313131,351.787878787879,3.37329120392573
5.18080808080808,351.787878787879,3.21384527627173
5.24848484848485,351.787878787879,3.03993602683928
5.31616161616162,351.787878787879,2.85293645916543
5.38383838383838,351.787878787879,2.65421957678722
5.45151515151515,351.787878787879,2.44515838324171
5.51919191919192,351.787878787879,2.22712588206595
5.58686868686869,351.787878787879,2.001495076797
5.65454545454545,351.787878787879,1.76963897097192
5.72222222222222,351.787878787879,1.53293056812775
5.78989898989899,351.787878787879,1.29274287180154
5.85757575757576,351.787878787879,1.05044888553036
5.92525252525252,351.787878787879,0.807421612851247
5.99292929292929,351.787878787879,0.565034057301262
6.06060606060606,351.787878787879,0.324659222417461
6.12828282828283,351.787878787879,0.087670111736895
6.1959595959596,351.787878787879,-0.144560271203389
6.26363636363636,351.787878787879,-0.370658922866327
6.33131313131313,351.787878787879,-0.589252839714876
6.3989898989899,351.787878787879,-0.798969018211977
6.46666666666667,351.787878787879,-0.998434454820576
6.53434343434343,351.787878787879,-1.18627692295332
6.6020202020202,351.787878787879,-1.3615562865837
6.66969696969697,351.787878787879,-1.52448198072328
6.73737373737374,351.787878787879,-1.67545251083949
6.8050505050505,351.787878787879,-1.81486638239978
6.87272727272727,351.787878787879,-1.9431221008716
6.94040404040404,351.787878787879,-2.06061817172239
7.00808080808081,351.787878787879,-2.1677531004196
7.07575757575758,351.787878787879,-2.26492539243068
7.14343434343434,351.787878787879,-2.35253355322306
7.21111111111111,351.787878787879,-2.4309760882642
7.27878787878788,351.787878787879,-2.50065150302154
7.34646464646465,351.787878787879,-2.56195830296252
7.41414141414141,351.787878787879,-2.61529499355459
7.48181818181818,351.787878787879,-2.6610600802652
7.54949494949495,351.787878787879,-2.6996520685618
7.61717171717172,351.787878787879,-2.73146946391182
7.68484848484848,351.787878787879,-2.75691077178271
7.75252525252525,351.787878787879,-2.77637449764192
7.82020202020202,351.787878787879,-2.7902591469569
7.88787878787879,351.787878787879,-2.79896322519508
7.95555555555555,351.787878787879,-2.80288523782392
8.02323232323232,351.787878787879,-2.80242369031086
8.09090909090909,351.787878787879,-2.79797708812334
8.15858585858586,351.787878787879,-2.78994393672882
8.22626262626263,351.787878787879,-2.77872274159473
8.29393939393939,351.787878787879,-2.76471200818852
8.36161616161616,351.787878787879,-2.74831024197764
8.42929292929293,351.787878787879,-2.72991594842954
8.4969696969697,351.787878787879,-2.70992763301165
8.56464646464647,351.787878787879,-2.68874380119143
8.63232323232323,351.787878787879,-2.66676295843631
8.7,351.787878787879,-2.64438361021375
2,357.959595959596,-12.1371104268661
2.06767676767677,357.959595959596,-11.4336170633864
2.13535353535354,357.959595959596,-10.7314216724835
2.2030303030303,357.959595959596,-10.0318222267342
2.27070707070707,357.959595959596,-9.33611669871536
2.33838383838384,357.959595959596,-8.64560306100375
2.40606060606061,357.959595959596,-7.9615792861762
2.47373737373737,357.959595959596,-7.28534334680952
2.54141414141414,357.959595959596,-6.61819321548052
2.60909090909091,357.959595959596,-5.96142686476601
2.67676767676768,357.959595959596,-5.31634226724281
2.74444444444444,357.959595959596,-4.68423739548771
2.81212121212121,357.959595959596,-4.06641022207755
2.87979797979798,357.959595959596,-3.46415871958912
2.94747474747475,357.959595959596,-2.87878086059923
3.01515151515152,357.959595959596,-2.31157461768471
3.08282828282828,357.959595959596,-1.76383796342236
3.15050505050505,357.959595959596,-1.23686887038899
3.21818181818182,357.959595959596,-0.731965311161411
3.28585858585859,357.959595959596,-0.250425258316437
3.35353535353535,357.959595959596,0.206453315569121
3.42121212121212,357.959595959596,0.637372437918449
3.48888888888889,357.959595959596,1.04103666720163
3.55656565656566,357.959595959596,1.41665308619843
3.62424242424242,357.959595959596,1.76453369474732
3.69191919191919,357.959595959596,2.08513750405915
3.75959595959596,357.959595959596,2.37892352534481
3.82727272727273,357.959595959596,2.64635076981516
3.8949494949495,357.959595959596,2.88787824868107
3.96262626262626,357.959595959596,3.10396497315342
4.03030303030303,357.959595959596,3.29506995444309
4.0979797979798,357.959595959596,3.46165220376093
4.16565656565657,357.959595959596,3.60417073231783
4.23333333333333,357.959595959596,3.72308455132465
4.3010101010101,357.959595959596,3.81885267199228
4.36868686868687,357.959595959596,3.89193410553158
4.43636363636364,357.959595959596,3.94278786315342
4.5040404040404,357.959595959596,3.97187295606868
4.57171717171717,357.959595959596,3.97964839548823
4.63939393939394,357.959595959596,3.96657319262293
4.70707070707071,357.959595959596,3.93310635868367
4.77474747474747,357.959595959596,3.87970690488132
4.84242424242424,357.959595959596,3.80683384242674
4.91010101010101,357.959595959596,3.71494618253081
4.97777777777778,357.959595959596,3.6045029364044
5.04545454545454,357.959595959596,3.47600898120957
5.11313131313131,357.959595959596,3.33049287278984
5.18080808080808,357.959595959596,3.16931656124
5.24848484848485,357.959595959596,2.99384735611321
5.31616161616162,357.959595959596,2.80545256696265
5.38383838383838,357.959595959596,2.60549950334152
5.45151515151515,357.959595959596,2.39535547480297
5.51919191919192,357.959595959596,2.1763877909002
5.58686868686869,357.959595959596,1.94996376118639
5.65454545454545,357.959595959596,1.7174506952147
5.72222222222222,357.959595959596,1.48021590253834
5.78989898989899,357.959595959596,1.23962669271046
5.85757575757576,357.959595959596,0.997050375284255
5.92525252525252,357.959595959596,0.753854259812905
5.99292929292929,357.959595959596,0.511405655849584
6.06060606060606,357.959595959596,0.271071872947477
6.12828282828283,357.959595959596,0.0342202206597619
6.1959595959596,357.959595959596,-0.197781991460386
6.26363636363636,357.959595959596,-0.42356745385978
6.33131313131313,357.959595959596,-0.641768856985246
6.3989898989899,357.959595959596,-0.851018891283605
6.46666666666667,357.959595959596,-1.04995024720167
6.53434343434343,357.959595959596,-1.23719639042113
6.6020202020202,357.959595959596,-1.41182192349891
6.66969696969697,357.959595959596,-1.57403848276251
6.73737373737374,357.959595959596,-1.7242463576898
6.8050505050505,357.959595959596,-1.86284583775866
6.87272727272727,357.959595959596,-1.99023721244696
6.94040404040404,357.959595959596,-2.10682077123259
7.00808080808081,357.959595959596,-2.21299680359341
7.07575757575758,357.959595959596,-2.30916559900731
7.14343434343434,357.959595959596,-2.39572744695217
7.21111111111111,357.959595959596,-2.47308263690585
7.27878787878788,357.959595959596,-2.54163145834624
7.34646464646465,357.959595959596,-2.60177420075122
7.41414141414141,357.959595959596,-2.65391115359866
7.48181818181818,357.959595959596,-2.69844260636644
7.54949494949495,357.959595959596,-2.73576884853243
7.61717171717172,357.959595959596,-2.76629016957451
7.68484848484848,357.959595959596,-2.79040685897056
7.75252525252525,357.959595959596,-2.80851920619846
7.82020202020202,357.959595959596,-2.82102750073608
7.88787878787879,357.959595959596,-2.8283320320613
7.95555555555555,357.959595959596,-2.830833089652
8.02323232323232,357.959595959596,-2.82893096298605
8.09090909090909,357.959595959596,-2.82302594154133
8.15858585858586,357.959595959596,-2.81351831479572
8.22626262626263,357.959595959596,-2.80080837222709
8.29393939393939,357.959595959596,-2.78529640331333
8.36161616161616,357.959595959596,-2.7673826975323
8.42929292929293,357.959595959596,-2.74746754436189
8.4969696969697,357.959595959596,-2.72595123327997
8.56464646464647,357.959595959596,-2.70323405376442
8.63232323232323,357.959595959596,-2.67971629529312
8.7,357.959595959596,-2.65579824734393
2,364.131313131313,-12.0688541131723
2.06767676767677,364.131313131313,-11.3669458481426
2.13535353535354,364.131313131313,-10.6663408151907
2.2030303030303,364.131313131313,-9.96834224639442
2.27070707070707,364.131313131313,-9.27425337383168
2.33838383838384,364.131313131313,-8.58537742958029
2.40606060606061,364.131313131313,-7.90301764571807
2.47373737373737,364.131313131313,-7.22847725432287
2.54141414141414,364.131313131313,-6.56305948747252
2.60909090909091,364.131313131313,-5.90806757724487
2.67676767676768,364.131313131313,-5.26480475571774
2.74444444444444,364.131313131313,-4.63457425496896
2.81212121212121,364.131313131313,-4.01867930707638
2.87979797979798,364.131313131313,-3.41842314411784
2.94747474747475,364.131313131313,-2.83510899817116
3.01515151515152,364.131313131313,-2.27004010131419
3.08282828282828,364.131313131313,-1.72451968562477
3.15050505050505,364.131313131313,-1.19985098318071
3.21818181818182,364.131313131313,-0.697337226059875
3.28585858585859,364.131313131313,-0.218281646340084
3.35353535353535,364.131313131313,0.236012523900821
3.42121212121212,364.131313131313,0.664242052585005
3.48888888888889,364.131313131313,1.06510626635955
3.55656565656566,364.131313131313,1.43781251149049
3.62424242424242,364.131313131313,1.78268513402328
3.69191919191919,364.131313131313,2.10019709900541
3.75959595959596,364.131313131313,2.39082137148436
3.82727272727273,364.131313131313,2.65503091650762
3.8949494949495,364.131313131313,2.89329869912266
3.96262626262626,364.131313131313,3.10609768437697
4.03030303030303,364.131313131313,3.29390083731803
4.0979797979798,364.131313131313,3.45718112299334
4.16565656565657,364.131313131313,3.59641150645036
4.23333333333333,364.131313131313,3.71206495273658
4.3010101010101,364.131313131313,3.8046144268995
4.36868686868687,364.131313131313,3.87453289398658
4.43636363636364,364.131313131313,3.92229331904532
4.5040404040404,364.131313131313,3.9483686671232
4.57171717171717,364.131313131313,3.9532319032677
4.63939393939394,364.131313131313,3.9373559925263
4.70707070707071,364.131313131313,3.90121389994649
4.77474747474747,364.131313131313,3.84527859057575
4.84242424242424,364.131313131313,3.77002302946157
4.91010101010101,364.131313131313,3.67592018165142
4.97777777777778,364.131313131313,3.5634430121928
5.04545454545454,364.131313131313,3.43310928293766
5.11313131313131,364.131313131313,3.28594822733955
5.18080808080808,364.131313131313,3.12331470160058
5.24848484848485,364.131313131313,2.94656879645095
5.31616161616162,364.131313131313,2.75707060262089
5.38383838383838,364.131313131313,2.55618021084061
5.45151515151515,364.131313131313,2.34525771184032
5.51919191919192,364.131313131313,2.12566319635024
5.58686868686869,364.131313131313,1.89875675510058
5.65454545454545,364.131313131313,1.66589847882155
5.72222222222222,364.131313131313,1.42844845824338
5.78989898989899,364.131313131313,1.18776678409628
5.85757575757576,364.131313131313,0.945213547110449
5.92525252525252,364.131313131313,0.702148838016121
5.99292929292929,364.131313131313,0.459932747543499
6.06060606060606,364.131313131313,0.219925366422805
6.12828282828283,364.131313131313,-0.0165132146157488
6.1959595959596,364.131313131313,-0.248022904841952
6.26363636363636,364.131313131313,-0.473243613525582
6.33131313131313,364.131313131313,-0.690815249936433
6.3989898989899,364.131313131313,-0.899377723344284
6.46666666666667,364.131313131313,-1.09757094301892
6.53434343434343,364.131313131313,-1.28403559080572
6.6020202020202,364.131313131313,-1.45784200650499
6.66969696969697,364.131313131313,-1.6192036290403
6.73737373737374,364.131313131313,-1.76852190335241
6.8050505050505,364.131313131313,-1.9061982743821
6.87272727272727,364.131313131313,-2.03263418707016
6.94040404040404,364.131313131313,-2.14823108635734
7.00808080808081,364.131313131313,-2.25339041718442
7.07575757575758,364.131313131313,-2.34851362449217
7.14343434343434,364.131313131313,-2.43400215322137
7.21111111111111,364.131313131313,-2.51025744831279
7.27878787878788,364.131313131313,-2.57768095470721
7.34646464646465,364.131313131313,-2.63667411734539
7.41414141414141,364.131313131313,-2.68763838116811
7.48181818181818,364.131313131313,-2.73097519111615
7.54949494949495,364.131313131313,-2.76708599213026
7.61717171717172,364.131313131313,-2.79637222915124
7.68484848484848,364.131313131313,-2.81923534711985
7.75252525252525,364.131313131313,-2.83607679097686
7.82020202020202,364.131313131313,-2.84729800566306
7.88787878787879,364.131313131313,-2.8533004361192
7.95555555555555,364.131313131313,-2.85448552728606
8.02323232323232,364.131313131313,-2.85125472410443
8.09090909090909,364.131313131313,-2.84400947151506
8.15858585858586,364.131313131313,-2.83315121445873
8.22626262626263,364.131313131313,-2.81908139787622
8.29393939393939,364.131313131313,-2.8022014667083
8.36161616161616,364.131313131313,-2.78291286589574
8.42929292929293,364.131313131313,-2.76161704037932
8.4969696969697,364.131313131313,-2.7387154350998
8.56464646464647,364.131313131313,-2.71460949499796
8.63232323232323,364.131313131313,-2.68970066501458
8.7,364.131313131313,-2.66439039009043
2,370.30303030303,-11.9903869228036
2.06767676767677,370.30303030303,-11.2907614983239
2.13535353535354,370.30303030303,-10.5924429456672
2.2030303030303,370.30303030303,-9.89673813665617
2.27070707070707,370.30303030303,-9.20495394311376
2.33838383838384,370.30303030303,-8.51839723686284
2.40606060606061,370.30303030303,-7.83837488972626
2.47373737373737,370.30303030303,-7.16619377352691
2.54141414141414,370.30303030303,-6.50316076008765
2.60909090909091,370.30303030303,-5.85058272123136
2.67676767676768,370.30303030303,-5.20976652878091
2.74444444444444,370.30303030303,-4.58201905455915
2.81212121212121,370.30303030303,-3.96864717038897
2.87979797979798,370.30303030303,-3.37095774809323
2.94747474747475,370.30303030303,-2.79025765949481
3.01515151515152,370.30303030303,-2.22785377641658
3.08282828282828,370.30303030303,-1.68505297068141
3.15050505050505,370.30303030303,-1.16316211411216
3.21818181818182,370.30303030303,-0.663488078531711
3.28585858585859,370.30303030303,-0.187337735762928
3.35353535353535,370.30303030303,0.263982042371315
3.42121212121212,370.30303030303,0.689164384048148
3.48888888888889,370.30303030303,1.08690500014059
3.55656565656566,370.30303030303,1.45641238043351
3.62424242424242,370.30303030303,1.79802247890818
3.69191919191919,370.30303030303,2.11222126085903
3.75959595959596,370.30303030303,2.39949469158047
3.82727272727273,370.30303030303,2.66032873636692
3.8949494949495,370.30303030303,2.8952093605128
3.96262626262626,370.30303030303,3.10462252931252
4.03030303030303,370.30303030303,3.28905420806051
4.0979797979798,370.30303030303,3.44899036205118
4.16565656565657,370.30303030303,3.58491695657895
4.23333333333333,370.30303030303,3.69731995693824
4.3010101010101,370.30303030303,3.78668532842347
4.36868686868687,370.30303030303,3.85349903632905
4.43636363636364,370.30303030303,3.8982470459494
4.5040404040404,370.30303030303,3.92141532257894
4.57171717171717,370.30303030303,3.9234898315121
4.63939393939394,370.30303030303,3.90495653804327
4.70707070707071,370.30303030303,3.8663014074669
4.77474747474747,370.30303030303,3.80801040507738
4.84242424242424,370.30303030303,3.73056949616914
4.91010101010101,370.30303030303,3.6344646460366
4.97777777777778,370.30303030303,3.52018181997418
5.04545454545454,370.30303030303,3.38825068396598
5.11313131313131,370.30303030303,3.2396998606069
5.18080808080808,370.30303030303,3.07587562770975
5.24848484848485,370.30303030303,2.89812936953389
5.31616161616162,370.30303030303,2.70781247033865
5.38383838383838,370.30303030303,2.50627631438341
5.45151515151515,370.30303030303,2.2948722859275
5.51919191919192,370.30303030303,2.07495176923031
5.58686868686869,370.30303030303,1.84786614855117
5.65454545454545,370.30303030303,1.61496680814944
5.72222222222222,370.30303030303,1.37760513228449
5.78989898989899,370.30303030303,1.13713250521565
5.85757575757576,370.30303030303,0.8949003112023
5.92525252525252,370.30303030303,0.652259934503786
5.99292929292929,370.30303030303,0.410562759379459
6.06060606060606,370.30303030303,0.171160170088684
6.12828282828283,370.30303030303,-0.0645964491091859
6.1959595959596,370.30303030303,-0.295355713954801
6.26363636363636,370.30303030303,-0.519766240188796
6.33131313131313,370.30303030303,-0.736476643551825
6.3989898989899,370.30303030303,-0.944135539784525
6.46666666666667,370.30303030303,-1.14139154462754
6.53434343434343,370.30303030303,-1.32689404281644
6.6020202020202,370.30303030303,-1.49972008569728
6.66969696969697,370.30303030303,-1.66008452579471
6.73737373737374,370.30303030303,-1.80838935029531
6.8050505050505,370.30303030303,-1.94503654638562
6.87272727272727,370.30303030303,-2.07042810125221
6.94040404040404,370.30303030303,-2.18496600208165
7.00808080808081,370.30303030303,-2.28905223606049
7.07575757575758,370.30303030303,-2.38308879037529
7.14343434343434,370.30303030303,-2.46747765221262
7.21111111111111,370.30303030303,-2.54262080875904
7.27878787878788,370.30303030303,-2.6089202472011
7.34646464646465,370.30303030303,-2.66677795472538
7.41414141414141,370.30303030303,-2.71659591851843
7.48181818181818,370.30303030303,-2.75877612576681
7.54949494949495,370.30303030303,-2.79372056365708
7.61717171717172,370.30303030303,-2.82183121937582
7.68484848484848,370.30303030303,-2.84351008010957
7.75252525252525,370.30303030303,-2.85915913304489
7.82020202020202,370.30303030303,-2.86918036536836
7.88787878787879,370.30303030303,-2.87397576426653
7.95555555555555,370.30303030303,-2.87394731692597
8.02323232323232,370.30303030303,-2.86949701053323
8.09090909090909,370.30303030303,-2.86102683227487
8.15858585858586,370.30303030303,-2.84893876933746
8.22626262626263,370.30303030303,-2.83363480890756
8.29393939393939,370.30303030303,-2.81551693817173
8.36161616161616,370.30303030303,-2.79498714431653
8.42929292929293,370.30303030303,-2.77244741452853
8.4969696969697,370.30303030303,-2.74829973599427
8.56464646464647,370.30303030303,-2.72294609590034
8.63232323232323,370.30303030303,-2.69678848143328
8.7,370.30303030303,-2.67022887977966
2,376.474747474748,-11.9019641276767
2.06767676767677,376.474747474748,-11.2053018422948
2.13535353535354,376.474747474748,-10.5099484892188
2.2030303030303,376.474747474748,-9.8172130007544
2.27070707070707,376.474747474748,-9.12840430920745
2.33838383838384,376.474747474748,-8.44483134688374
2.40606060606061,376.474747474748,-7.76780304608911
2.47373737373737,376.474747474748,-7.09862833912937
2.54141414141414,376.474747474748,-6.43861615831033
2.60909090909091,376.474747474748,-5.7890754359378
2.67676767676768,376.474747474748,-5.15131510431761
2.74444444444444,376.474747474748,-4.52664409575555
2.81212121212121,376.474747474748,-3.91637134255745
2.87979797979798,376.474747474748,-3.32180577702913
2.94747474747475,376.474747474748,-2.74425633147639
3.01515151515152,376.474747474748,-2.18503193820505
3.08282828282828,376.474747474748,-1.64544152952093
3.15050505050505,376.474747474748,-1.12679403772983
3.21818181818182,376.474747474748,-0.630398395137581
3.28585858585859,376.474747474748,-0.157563534049987
3.35353535353535,376.474747474748,0.290401613227134
3.42121212121212,376.474747474748,0.712188114387968
3.48888888888889,376.474747474748,1.10648964017917
3.55656565656566,376.474747474748,1.47251668193621
3.62424242424242,376.474747474748,1.81061608176179
3.69191919191919,376.474747474748,2.12128587544731
3.75959595959596,376.474747474748,2.40502409878421
3.82727272727273,376.474747474748,2.66232878756389
3.8949494949495,376.474747474748,2.89369797757777
3.96262626262626,376.474747474748,3.09962970461728
4.03030303030303,376.474747474748,3.28062200447383
4.0979797979798,376.474747474748,3.43717291293883
4.16565656565657,376.474747474748,3.56978046580371
4.23333333333333,376.474747474748,3.67894269885988
4.3010101010101,376.474747474748,3.76515764789877
4.36868686868687,376.474747474748,3.82892334871178
4.43636363636364,376.474747474748,3.87073783709035
4.5040404040404,376.474747474748,3.89109914882588
4.57171717171717,376.474747474748,3.89050531970979
4.63939393939394,376.474747474748,3.8694543855335
4.70707070707071,376.474747474748,3.82844438208844
4.77474747474747,376.474747474748,3.76797334516601
4.84242424242424,376.474747474748,3.68853931055764
4.91010101010101,376.474747474748,3.59064031405474
4.97777777777778,376.474747474748,3.47477439144873
5.04545454545454,376.474747474748,3.34148215681201
5.11313131313131,376.474747474748,3.19179036562396
5.18080808080808,376.474747474748,3.02703526992382
5.24848484848485,376.474747474748,2.84855809704338
5.31616161616162,376.474747474748,2.65770007431444
5.38383838383838,376.474747474748,2.45580242906881
5.45151515151515,376.474747474748,2.24420638863829
5.51919191919192,376.474747474748,2.02425318035467
5.58686868686869,376.474747474748,1.79728403154976
5.65454545454545,376.474747474748,1.56464016955534
5.72222222222222,376.474747474748,1.32766282170325
5.78989898989899,376.474747474748,1.08769321532525
5.85757575757576,376.474747474748,0.846072577753163
5.92525252525252,376.474747474748,0.604142136318786
5.99292929292929,376.474747474748,0.363243118353912
6.06060606060606,376.474747474748,0.124716751190347
6.12828282828283,376.474747474748,-0.110095737840106
6.1959595959596,376.474747474748,-0.339853121405654
6.26363636363636,376.474747474748,-0.56321417217449
6.33131313131313,376.474747474748,-0.778837662814821
6.3989898989899,376.474747474748,-0.985382365994842
6.46666666666667,376.474747474748,-1.18150705438275
6.53434343434343,376.474747474748,-1.36587126516263
6.6020202020202,376.474747474748,-1.53755971117112
6.66969696969697,376.474747474748,-1.69678827926385
6.73737373737374,376.474747474748,-1.84395890098649
6.8050505050505,376.474747474748,-1.97947350788471
6.87272727272727,376.474747474748,-2.10373403150416
6.94040404040404,376.474747474748,-2.21714240339054
7.00808080808081,376.474747474748,-2.3201005550895
7.07575757575758,376.474747474748,-2.41301041814672
7.14343434343434,376.474747474748,-2.49627392410786
7.21111111111111,376.474747474748,-2.5702930045186
7.27878787878788,376.474747474748,-2.6354695909246
7.34646464646465,376.474747474748,-2.69220561487154
7.41414141414141,376.474747474748,-2.74090300790509
7.48181818181818,376.474747474748,-2.7819637015709
7.54949494949495,376.474747474748,-2.81578962741466
7.61717171717172,376.474747474748,-2.84278271698204
7.68484848484848,376.474747474748,-2.8633449018187
7.75252525252525,376.474747474748,-2.87787811347031
7.82020202020202,376.474747474748,-2.88678428348255
7.88787878787879,376.474747474748,-2.89046534340107
7.95555555555555,376.474747474748,-2.88932322477157
8.02323232323232,376.474747474748,-2.88375985913969
8.09090909090909,376.474747474748,-2.87417717805112
8.15858585858586,376.474747474748,-2.86097711305151
8.22626262626263,376.474747474748,-2.84456159568656
8.29393939393939,376.474747474748,-2.82533255750191
8.36161616161616,376.474747474748,-2.80369193004324
8.42929292929293,376.474747474748,-2.78004164485622
8.4969696969697,376.474747474748,-2.75478363348653
8.56464646464647,376.474747474748,-2.72831982747982
8.63232323232323,376.474747474748,-2.70105215838178
8.7,376.474747474748,-2.67338255773807
2,382.646464646465,-11.8038409997085
2.06767676767677,382.646464646465,-11.1108047084196
2.13535353535354,382.646464646465,-10.4190778711513
2.2030303030303,382.646464646465,-9.72996994192408
2.27070707070707,382.646464646465,-9.04479037475859
2.33838383838384,382.646464646465,-8.36484862367536
2.40606060606061,382.646464646465,-7.69145414269497
2.47373737373737,382.646464646465,-7.02591638583799
2.54141414141414,382.646464646465,-6.36954480712498
2.60909090909091,382.646464646465,-5.72364886057651
2.67676767676768,382.646464646465,-5.08953800021315
2.74444444444444,382.646464646465,-4.46852168005545
2.81212121212121,382.646464646465,-3.861909354124
2.87979797979798,382.646464646465,-3.27101047643936
2.94747474747475,382.646464646465,-2.6971345010221
3.01515151515152,382.646464646465,-2.14159088189277
3.08282828282828,382.646464646465,-1.60568907307197
3.15050505050505,382.646464646465,-1.09073852858024
3.21818181818182,382.646464646465,-0.598048702438154
3.28585858585859,382.646464646465,-0.128929048666283
3.35353535353535,382.646464646465,0.315310978714809
3.42121212121212,382.646464646465,0.733361925684549
3.48888888888889,382.646464646465,1.1239169581097
3.55656565656566,382.646464646465,1.48618940490732
3.62424242424242,382.646464646465,1.82053629494388
3.69191919191919,382.646464646465,2.12746682859758
3.75959595959596,382.646464646465,2.40749020624667
3.82727272727273,382.646464646465,2.66111562826936
3.8949494949495,382.646464646465,2.88885229504387
3.96262626262626,382.646464646465,3.09120940694845
4.03030303030303,382.646464646465,3.26869616436129
4.0979797979798,382.646464646465,3.42182176766065
4.16565656565657,382.646464646465,3.55109541722473
4.23333333333333,382.646464646465,3.65702631343176
4.3010101010101,382.646464646465,3.74012365665999
4.36868686868687,382.646464646465,3.80089664728761
4.43636363636364,382.646464646465,3.83985448569286
4.5040404040404,382.646464646465,3.85750637225397
4.57171717171717,382.646464646465,3.85436150734916
4.63939393939394,382.646464646465,3.83092909135666
4.70707070707071,382.646464646465,3.78771832465469
4.77474747474747,382.646464646465,3.72523840762147
4.84242424242424,382.646464646465,3.64399854063525
4.91010101010101,382.646464646465,3.54450792407422
4.97777777777778,382.646464646465,3.42727575831663
5.04545454545454,382.646464646465,3.29285267399326
5.11313131313131,382.646464646465,3.14226233542278
5.18080808080808,382.646464646465,2.97682955859905
5.24848484848485,382.646464646465,2.7978840006608
5.31616161616162,382.646464646465,2.60675531874678
5.38383838383838,382.646464646465,2.40477316999573
5.45151515151515,382.646464646465,2.19326721154641
5.51919191919192,382.646464646465,1.97356710053756
5.58686868686869,382.646464646465,1.74700249410792
5.65454545454545,382.646464646465,1.51490304939624
5.72222222222222,382.646464646465,1.27859842354126
5.78989898989899,382.646464646465,1.03941827368173
5.85757575757576,382.646464646465,0.798692256956402
5.92525252525252,382.646464646465,0.557750030504012
5.99292929292929,382.646464646465,0.317921251463307
6.06060606060606,382.646464646465,0.0805355769730346
6.12828282828283,382.646464646465,-0.153077335828056
6.1959595959596,382.646464646465,-0.381587829801227
6.26363636363636,382.646464646465,-0.603666247807727
6.33131313131313,382.646464646465,-0.817982932708814
6.3989898989899,382.646464646465,-1.02320822736574
6.46666666666667,382.646464646465,-1.21801247463976
6.53434343434343,382.646464646465,-1.40106677655365
6.6020202020202,382.646464646465,-1.57146443302187
6.66969696969697,382.646464646465,-1.7294219956858
6.73737373737374,382.646464646465,-1.87534075789395
6.8050505050505,382.646464646465,-2.00962201299485
6.87272727272727,382.646464646465,-2.13266705433703
6.94040404040404,382.646464646465,-2.24487717526902
7.00808080808081,382.646464646465,-2.34665366913933
7.07575757575758,382.646464646465,-2.4383978292965
7.14343434343434,382.646464646465,-2.52051094908905
7.21111111111111,382.646464646465,-2.5933943218655
7.27878787878788,382.646464646465,-2.65744924097439
7.34646464646465,382.646464646465,-2.71307699976424
7.41414141414141,382.646464646465,-2.76067889158357
7.48181818181818,382.646464646465,-2.8006562097809
7.54949494949495,382.646464646465,-2.83341024770478
7.61717171717172,382.646464646465,-2.85934229870371
7.68484848484848,382.646464646465,-2.87885365612624
7.75252525252525,382.646464646465,-2.89234561332087
7.82020202020202,382.646464646465,-2.90021946363615
7.88787878787879,382.646464646465,-2.90287650042058
7.95555555555555,382.646464646465,-2.90071801702271
8.02323232323232,382.646464646465,-2.89414530679106
8.09090909090909,382.646464646465,-2.88355966307415
8.15858585858586,382.646464646465,-2.8693623792205
8.22626262626263,382.646464646465,-2.85195474857865
8.29393939393939,382.646464646465,-2.83173806449712
8.36161616161616,382.646464646465,-2.80911362032443
8.42929292929293,382.646464646465,-2.78448270940911
8.4969696969697,382.646464646465,-2.75824662509969
8.56464646464647,382.646464646465,-2.7308066607447
8.63232323232323,382.646464646465,-2.70256410969265
8.7,382.646464646465,-2.67392026529207
2,388.818181818182,-11.696272810816
2.06767676767677,388.818181818182,-11.0075079250627
2.13535353535354,388.818181818182,-10.3200515167704
2.2030303030303,388.818181818182,-9.63521206340017
2.27070707070707,388.818181818182,-8.95429804241305
2.33838383838384,388.818181818182,-8.27861793127004
2.40606060606061,388.818181818182,-7.60948020743218
2.47373737373737,388.818181818182,-6.9481933483605
2.54141414141414,388.818181818182,-6.29606583151602
2.60909090909091,388.818181818182,-5.65440613435978
2.67676767676768,388.818181818182,-5.02452273435281
2.74444444444444,388.818181818182,-4.40772410895612
2.81212121212121,388.818181818182,-3.80531873563077
2.87979797979798,388.818181818182,-3.21861509183776
2.94747474747475,388.818181818182,-2.64892165503814
3.01515151515152,388.818181818182,-2.09754690269294
3.08282828282828,388.818181818182,-1.56579931226318
3.15050505050505,388.818181818182,-1.05498736120989
3.21818181818182,388.818181818182,-0.566419526994094
3.28585858585859,388.818181818182,-0.101404287076833
3.35353535353535,388.818181818182,0.338749881080867
3.42121212121212,388.818181818182,0.752734500017975
3.48888888888889,388.818181818182,1.13924372556661
3.55656565656566,388.818181818182,1.49749453825558
3.62424242424242,388.818181818182,1.82785347081424
3.69191919191919,388.818181818182,2.13084000613716
3.75959595959596,388.818181818182,2.40697362711894
3.82727272727273,388.818181818182,2.65677381665416
3.8949494949495,388.818181818182,2.88076005763739
3.96262626262626,388.818181818182,3.07945183296322
4.03030303030303,388.818181818182,3.25336862552622
4.0979797979798,388.818181818182,3.403029918221
4.16565656565657,388.818181818182,3.52895519394211
4.23333333333333,388.818181818182,3.63166393558414
4.3010101010101,388.818181818182,3.71167562604169
4.36868686868687,388.818181818182,3.76950974820933
4.43636363636364,388.818181818182,3.80568578498163
4.5040404040404,388.818181818182,3.82072321925319
4.57171717171717,388.818181818182,3.81514153391858
4.63939393939394,388.818181818182,3.7894602118724
4.70707070707071,388.818181818182,3.7441987360092
4.77474747474747,388.818181818182,3.67987658922359
4.84242424242424,388.818181818182,3.59701325441014
4.91010101010101,388.818181818182,3.49612821446343
4.97777777777778,388.818181818182,3.37774095227805
5.04545454545454,388.818181818182,3.24241120802722
5.11313131313131,388.818181818182,3.09115836303543
5.18080808080808,388.818181818182,2.92529442409173
5.24848484848485,388.818181818182,2.74613610206751
5.31616161616162,388.818181818182,2.55500010783417
5.38383838383838,388.818181818182,2.35320315226308
5.45151515151515,388.818181818182,2.14206194622564
5.51919191919192,388.818181818182,1.92289320059323
5.58686868686869,388.818181818182,1.69701362623725
5.65454545454545,388.818181818182,1.46573993402909
5.72222222222222,388.818181818182,1.23038883484013
5.78989898989899,388.818181818182,0.992277039541757
5.85757575757576,388.818181818182,0.752721259005368
5.92525252525252,388.818181818182,0.513038204102351
5.99292929292929,388.818181818182,0.274544585704091
6.06060606060606,388.818181818182,0.0385571146819795
6.12828282828283,388.818181818182,-0.193607498092591
6.1959595959596,388.818181818182,-0.42063254174824
6.26363636363636,388.818181818182,-0.641201305413571
6.33131313131313,388.818181818182,-0.853997078217201
6.3989898989899,388.818181818182,-1.05770314928774
6.46666666666667,388.818181818182,-1.25100280775379
6.53434343434343,388.818181818182,-1.43258009569883
6.6020202020202,388.818181818182,-1.60153780134487
6.66969696969697,388.818181818182,-1.75809278129863
6.73737373737374,388.818181818182,-1.90264512348568
6.8050505050505,388.818181818182,-2.03559491583157
6.87272727272727,388.818181818182,-2.15734224626185
6.94040404040404,388.818181818182,-2.2682872027021
7.00808080808081,388.818181818182,-2.36882987307785
7.07575757575758,388.818181818182,-2.45937034531468
7.14343434343434,388.818181818182,-2.54030870733813
7.21111111111111,388.818181818182,-2.61204504707376
7.27878787878788,388.818181818182,-2.67497945244714
7.34646464646465,388.818181818182,-2.72951201138381
7.41414141414141,388.818181818182,-2.77604281180934
7.48181818181818,388.818181818182,-2.81497194164929
7.54949494949495,388.818181818182,-2.8466994888292
7.61717171717172,388.818181818182,-2.87162554127464
7.68484848484848,388.818181818182,-2.89015018691117
7.75252525252525,388.818181818182,-2.90267351366434
7.82020202020202,388.818181818182,-2.9095956094597
7.88787878787879,388.818181818182,-2.91131656222283
7.95555555555555,388.818181818182,-2.90823645987926
8.02323232323232,388.818181818182,-2.90075539035457
8.09090909090909,388.818181818182,-2.88927344157431
8.15858585858586,388.818181818182,-2.87419070146403
8.22626262626263,388.818181818182,-2.85590725794929
8.29393939393939,388.818181818182,-2.83482319895565
8.36161616161616,388.818181818182,-2.81133861240867
8.42929292929293,388.818181818182,-2.7858535862339
8.4969696969697,388.818181818182,-2.75876820835691
8.56464646464647,388.818181818182,-2.73048256670324
8.63232323232323,388.818181818182,-2.70139674919846
8.7,388.818181818182,-2.67191084376812
2,394.989898989899,-11.5795148329159
2.06767676767677,394.989898989899,-10.8956493205884
2.13535353535354,394.989898989899,-10.2130898513819
2.2030303030303,394.989898989899,-9.53314246841764
2.27070707070707,394.989898989899,-8.85711321481669
2.33838383838384,394.989898989899,-8.18630813370013
2.40606060606061,394.989898989899,-7.52203326818908
2.47373737373737,394.989898989899,-6.86559466140462
2.54141414141414,394.989898989899,-6.21829835646787
2.60909090909091,394.989898989899,-5.58145039649993
2.67676767676768,394.989898989899,-4.95635682462189
2.74444444444444,394.989898989899,-4.34432368395484
2.81212121212121,394.989898989899,-3.74665701761991
2.87979797979798,394.989898989899,-3.16466286873817
2.94747474747475,394.989898989899,-2.59964728043074
3.01515151515152,394.989898989899,-2.05291629581871
3.08282828282828,394.989898989899,-1.52577595802319
3.15050505050505,394.989898989899,-1.01953231016528
3.21818181818182,394.989898989899,-0.535491395366067
3.28585858585859,394.989898989899,-0.074959256746661
3.35353535353535,394.989898989899,0.36075806257184
3.42121212121212,394.989898989899,0.770354519468332
3.48888888888889,394.989898989899,1.15252671418433
3.55656565656566,394.989898989899,1.5064960708897
3.62424242424242,394.989898989899,1.83263796173263
3.69191919191919,394.989898989899,2.13148129389335
3.75959595959596,394.989898989899,2.40355497455211
3.82727272727273,394.989898989899,2.64938791088911
3.8949494949495,394.989898989899,2.86950901008459
3.96262626262626,394.989898989899,3.06444717931879
4.03030303030303,394.989898989899,3.23473132577193
4.0979797979798,394.989898989899,3.38089035662424
4.16565656565657,394.989898989899,3.50345317905594
4.23333333333333,394.989898989899,3.60294870024728
4.3010101010101,394.989898989899,3.67990582737848
4.36868686868687,394.989898989899,3.73485346762976
4.43636363636364,394.989898989899,3.76832052818136
4.5040404040404,394.989898989899,3.78083591621351
4.57171717171717,394.989898989899,3.77292853890644
4.63939393939394,394.989898989899,3.74512730344037
4.70707070707071,394.989898989899,3.69796111699554
4.77474747474747,394.989898989899,3.63195888675217
4.84242424242424,394.989898989899,3.5476495198905
4.91010101010101,394.989898989899,3.44556192359075
4.97777777777778,394.989898989899,3.32622500503315
5.04545454545454,394.989898989899,3.19020673143138
5.11313131313131,394.989898989899,3.03852104149395
5.18080808080808,394.989898989899,2.87246579675815
5.24848484848485,394.989898989899,2.6933434229449
5.31616161616162,394.989898989899,2.50245634577513
5.38383838383838,394.989898989899,2.30110699096976
5.45151515151515,394.989898989899,2.09059778424972
5.51919191919192,394.989898989899,1.87223115133594
5.58686868686869,394.989898989899,1.64730951794935
5.65454545454545,394.989898989899,1.41713530981087
5.72222222222222,394.989898989899,1.18301095264145
5.78989898989899,394.989898989899,0.946238872161986
5.85757575757576,394.989898989899,0.708121494093425
5.92525252525252,394.989898989899,0.469961244156694
5.99292929292929,394.989898989899,0.233060548072714
6.06060606060606,394.989898989899,-0.00127816843758061
6.12828282828283,394.989898989899,-0.231752479653263
6.1959595959596,394.989898989899,-0.45705995985341
6.26363636363636,394.989898989899,-0.675898183317087
6.33131313131313,394.989898989899,-0.886964724323373
6.3989898989899,394.989898989899,-1.08895715715134
6.46666666666667,394.989898989899,-1.28057305608005
6.53434343434343,394.989898989899,-1.46051074130753
6.6020202020202,394.989898989899,-1.62788336623545
6.66969696969697,394.989898989899,-1.78290774234044
6.73737373737374,394.989898989899,-1.92598220022967
6.8050505050505,394.989898989899,-2.05750507051034
6.87272727272727,394.989898989899,-2.17787468378965
6.94040404040404,394.989898989899,-2.28748937067478
7.00808080808081,394.989898989899,-2.38674746177293
7.07575757575758,394.989898989899,-2.47604728769129
7.14343434343434,394.989898989899,-2.55578717903704
7.21111111111111,394.989898989899,-2.62636546641739
7.27878787878788,394.989898989899,-2.68818048043952
7.34646464646465,394.989898989899,-2.74163055171063
7.41414141414141,394.989898989899,-2.7871140108379
7.48181818181818,394.989898989899,-2.82502918842853
7.54949494949495,394.989898989899,-2.85577441508971
7.61717171717172,394.989898989899,-2.87974802142863
7.68484848484848,394.989898989899,-2.89734833805249
7.75252525252525,394.989898989899,-2.90897369556847
7.82020202020202,394.989898989899,-2.91502242458376
7.88787878787879,394.989898989899,-2.91589285570557
7.95555555555555,394.989898989899,-2.91198331954107
8.02323232323232,394.989898989899,-2.90369214669747
8.09090909090909,394.989898989899,-2.89141766778195
8.15858585858586,394.989898989899,-2.8755582134017
8.22626262626263,394.989898989899,-2.85651211416392
8.29393939393939,394.989898989899,-2.8346777006758
8.36161616161616,394.989898989899,-2.81045330354453
8.42929292929293,394.989898989899,-2.7842372533773
8.4969696969697,394.989898989899,-2.7564278807813
8.56464646464647,394.989898989899,-2.72742351636373
8.63232323232323,394.989898989899,-2.69762249073177
8.7,394.989898989899,-2.66742313449263
2,401.161616161616,-11.4538223379252
2.06767676767677,401.161616161616,-10.7754667233611
2.13535353535354,401.161616161616,-10.0984133002916
2.2030303030303,401.161616161616,-9.42396426021144
2.27070707070707,401.161616161616,-8.75342179461536
2.33838383838384,401.161616161616,-8.08808809499798
2.40606060606061,401.161616161616,-7.429265352854
2.47373737373737,401.161616161616,-6.77825575967811
2.54141414141414,401.161616161616,-6.13636150696497
2.60909090909091,401.161616161616,-5.50488478620926
2.67676767676768,401.161616161616,-4.88512778890568
2.74444444444444,401.161616161616,-4.27839270654889
2.81212121212121,401.161616161616,-3.68598173063358
2.87979797979798,401.161616161616,-3.10919705265442
2.94747474747475,401.161616161616,-2.54934086410609
3.01515151515152,401.161616161616,-2.00771535648328
3.08282828282828,401.161616161616,-1.48562272128067
3.15050505050505,401.161616161616,-0.984365149992928
3.21818181818182,401.161616161616,-0.50524483411474
3.28585858585859,401.161616161616,-0.0495639651407835
3.35353535353535,401.161616161616,0.381375265434259
3.42121212121212,401.161616161616,0.786270666115707
3.48888888888889,401.161616161616,1.16382269559727
3.55656565656566,401.161616161616,1.5132579917184
3.62424242424242,401.161616161616,1.83496012005884
3.69191919191919,401.161616161616,2.12946657769349
3.75959595959596,401.161616161616,2.39731486169725
3.82727272727273,401.161616161616,2.63904246914505
3.8949494949495,401.161616161616,2.85518689711179
3.96262626262626,401.161616161616,3.04628564267237
4.03030303030303,401.161616161616,3.21287620290172
4.0979797979798,401.161616161616,3.35549607487474
4.16565656565657,401.161616161616,3.47468275566634
4.23333333333333,401.161616161616,3.57097374235142
4.3010101010101,401.161616161616,3.64490653200492
4.36868686868687,401.161616161616,3.69701862170172
4.43636363636364,401.161616161616,3.72784750851674
4.5040404040404,401.161616161616,3.7379306895249
4.57171717171717,401.161616161616,3.7278056618011
4.63939393939394,401.161616161616,3.69800992242025
4.70707070707071,401.161616161616,3.64908096845726
4.77474747474747,401.161616161616,3.58155629698704
4.84242424242424,401.161616161616,3.49597340508451
4.91010101010101,401.161616161616,3.39286978982456
4.97777777777778,401.161616161616,3.27278294828213
5.04545454545454,401.161616161616,3.13628821672324
5.11313131313131,401.161616161616,2.98439296383042
5.18080808080808,401.161616161616,2.8183796069546
5.24848484848485,401.161616161616,2.63953498497433
5.31616161616162,401.161616161616,2.44914593676817
5.38383838383838,401.161616161616,2.24849930121467
5.45151515151515,401.161616161616,2.03888191719241
5.51919191919192,401.161616161616,1.82158062357993
5.58686868686869,401.161616161616,1.5978822592558
5.65454545454545,401.161616161616,1.36907366309857
5.72222222222222,401.161616161616,1.13644167398682
5.78989898989899,401.161616161616,0.901273130799081
5.85757575757576,401.161616161616,0.664854872413931
5.92525252525252,401.161616161616,0.42847373770993
5.99292929292929,401.161616161616,0.193416565565628
6.06060606060606,401.161616161616,-0.0390298051404088
6.12828282828283,401.161616161616,-0.267578535529619
6.1959595959596,401.161616161616,-0.490942786723452
6.26363636363636,401.161616161616,-0.707835719843339
6.33131313131313,401.161616161616,-0.916970496010729
6.3989898989899,401.161616161616,-1.11706027634706
6.46666666666667,401.161616161616,-1.30681822197376
6.53434343434343,401.161616161616,-1.48495823208909
6.6020202020202,401.161616161616,-1.65060467778897
6.66969696969697,401.161616161616,-1.8039739850493
6.73737373737374,401.161616161616,-1.94546219059391
6.8050505050505,401.161616161616,-2.07546533114668
6.87272727272727,401.161616161616,-2.19437944343145
6.94040404040404,401.161616161616,-2.30260056417209
7.00808080808081,401.161616161616,-2.40052473009245
7.07575757575758,401.161616161616,-2.48854797791638
7.14343434343434,401.161616161616,-2.56706634436775
7.21111111111111,401.161616161616,-2.63647586617041
7.27878787878788,401.161616161616,-2.69717258004822
7.34646464646465,401.161616161616,-2.74955252272504
7.41414141414141,401.161616161616,-2.79401173092471
7.48181818181818,401.161616161616,-2.83094624137111
7.54949494949495,401.161616161616,-2.86075209078808
7.61717171717172,401.161616161616,-2.88382531589948
7.68484848484848,401.161616161616,-2.90056195342918
7.75252525252525,401.161616161616,-2.91135804010102
7.82020202020202,401.161616161616,-2.91660961263886
7.88787878787879,401.161616161616,-2.91671270776657
7.95555555555555,401.161616161616,-2.91206336220799
8.02323232323232,401.161616161616,-2.90305761268698
8.09090909090909,401.161616161616,-2.89009149592741
8.15858585858586,401.161616161616,-2.87356104865312
8.22626262626263,401.161616161616,-2.85386230758799
8.29393939393939,401.161616161616,-2.83139130945585
8.36161616161616,401.161616161616,-2.80654409098057
8.42929292929293,401.161616161616,-2.779716688886
8.4969696969697,401.161616161616,-2.75130513989601
8.56464646464647,401.161616161616,-2.72170548073445
8.63232323232323,401.161616161616,-2.69131374812517
8.7,401.161616161616,-2.66052597879204
2,407.333333333333,-11.3194505977608
2.06767676767677,407.333333333333,-10.6471979617452
2.13535353535354,407.333333333333,-9.97624228880519
2.2030303030303,407.333333333333,-9.30788054201654
2.27070707070707,407.333333333333,-8.64340968445491
2.33838383838384,407.333333333333,-7.98412667919594
2.40606060606061,407.333333333333,-7.3313284893153
2.47373737373737,407.333333333333,-6.68631207788867
2.54141414141414,407.333333333333,-6.05037440799172
2.60909090909091,407.333333333333,-5.42481244270009
2.67676767676768,407.333333333333,-4.81092314508948
2.74444444444444,407.333333333333,-4.21000347823553
2.81212121212121,407.333333333333,-3.62335040521393
2.87979797979798,407.333333333333,-3.05226088910033
2.94747474747475,407.333333333333,-2.4980318929704
3.01515151515152,407.333333333333,-1.96196037989981
3.08282828282828,407.333333333333,-1.44534331296424
3.15050505050505,407.333333333333,-0.949477655239336
3.21818181818182,407.333333333333,-0.475660369800775
3.28585858585859,407.333333333333,-0.0251884197242219
3.35353535353535,407.333333333333,0.400641231914653
3.42121212121212,407.333333333333,0.800531622040184
3.48888888888889,407.333333333333,1.17318844143986
3.55656565656566,407.333333333333,1.51784428965043
3.62424242424242,407.333333333333,1.83489029815265
3.69191919191919,407.333333333333,2.12487174336487
3.75959595959596,407.333333333333,2.38833390170547
3.82727272727273,407.333333333333,2.6258220495928
3.8949494949495,407.333333333333,2.83788146344525
3.96262626262626,407.333333333333,3.02505741968116
4.03030303030303,407.333333333333,3.18789519471891
4.0979797979798,407.333333333333,3.32694006497686
4.16565656565657,407.333333333333,3.44273730687339
4.23333333333333,407.333333333333,3.53583219682684
4.3010101010101,407.333333333333,3.6067700112556
4.36868686868687,407.333333333333,3.65609602657802
4.43636363636364,407.333333333333,3.68435551921247
4.5040404040404,407.333333333333,3.69209376557732
4.57171717171717,407.333333333333,3.67985604209094
4.63939393939394,407.333333333333,3.64818762517169
4.70707070707071,407.333333333333,3.59763379123792
4.77474747474747,407.333333333333,3.52873981670802
4.84242424242424,407.333333333333,3.44205097800035
4.91010101010101,407.333333333333,3.33811255153327
4.97777777777778,407.333333333333,3.21746981372514
5.04545454545454,407.333333333333,3.08070463642028
5.11313131313131,407.333333333333,2.92881672307689
5.18080808080808,407.333333333333,2.76307178503736
5.24848484848485,407.333333333333,2.58473980983717
5.31616161616162,407.333333333333,2.3950907850118
5.38383838383838,407.333333333333,2.19539469809673
5.45151515151515,407.333333333333,1.98692153662746
5.51919191919192,407.333333333333,1.77094128813945
5.58686868686869,407.333333333333,1.54872394016818
5.65454545454545,407.333333333333,1.32153948024915
5.72222222222222,407.333333333333,1.09065789591783
5.78989898989899,407.333333333333,0.857349174709699
5.85757575757576,407.333333333333,0.622883304160242
5.92525252525252,407.333333333333,0.388530271804943
5.99292929292929,407.333333333333,0.155560065179276
6.06060606060606,407.333333333333,-0.0747573281812716
6.12828282828283,407.333333333333,-0.301151920741219
6.1959595959596,407.333333333333,-0.52235372496509
6.26363636363636,407.333333333333,-0.737092753317395
6.33131313131313,407.333333333333,-0.944099018262663
6.3989898989899,407.333333333333,-1.1421025322654
6.46666666666667,407.333333333333,-1.32983330779014
6.53434343434343,407.333333333333,-1.50602208675286
6.6020202020202,407.333333333333,-1.66980528610078
6.66969696969697,407.333333333333,-1.8213986156633
6.73737373737374,407.333333333333,-1.96119529704641
6.8050505050505,407.333333333333,-2.08958855185608
6.87272727272727,407.333333333333,-2.20697160169829
6.94040404040404,407.333333333333,-2.31373766817903
7.00808080808081,407.333333333333,-2.41027997290427
7.07575757575758,407.333333333333,-2.49699173748
7.14343434343434,407.333333333333,-2.5742661835122
7.21111111111111,407.333333333333,-2.64249653260684
7.27878787878788,407.333333333333,-2.70207600636991
7.34646464646465,407.333333333333,-2.75339782640739
7.41414141414141,407.333333333333,-2.79685521432526
7.48181818181818,407.333333333333,-2.8328413917295
7.54949494949495,407.333333333333,-2.86174958022609
7.61717171717172,407.333333333333,-2.883973001421
7.68484848484848,407.333333333333,-2.89990487692023
7.75252525252525,407.333333333333,-2.90993842832975
7.82020202020202,407.333333333333,-2.91446687725555
7.88787878787879,407.333333333333,-2.91388344530359
7.95555555555555,407.333333333333,-2.90858135407987
8.02323232323232,407.333333333333,-2.89895382519036
8.09090909090909,407.333333333333,-2.88539408024105
8.15858585858586,407.333333333333,-2.86829534083791
8.22626262626263,407.333333333333,-2.84805082858693
8.29393939393939,407.333333333333,-2.82505376509408
8.36161616161616,407.333333333333,-2.79969737196535
8.42929292929293,407.333333333333,-2.77237487080672
8.4969696969697,407.333333333333,-2.74347948322416
8.56464646464647,407.333333333333,-2.71340443082367
8.63232323232323,407.333333333333,-2.68254293521121
8.7,407.333333333333,-2.65128821799277
2,413.50505050505,-11.1766548843395
2.06767676767677,413.50505050505,-10.511080864105
2.13535353535354,413.50505050505,-9.84679724222849
2.2030303030303,413.50505050505,-9.1850944170679
2.27070707070707,413.50505050505,-8.52726278698121
2.33838383838384,413.50505050505,-7.87459275032635
2.40606060606061,413.50505050505,-7.22837470546132
2.47373737373737,413.50505050505,-6.58989905074406
2.54141414141414,413.50505050505,-5.96045618453255
2.60909090909091,413.50505050505,-5.34133650518473
2.67676767676768,413.50505050505,-4.73383041105858
2.74444444444444,413.50505050505,-4.13922830051206
2.81212121212121,413.50505050505,-3.55882057190313
2.87979797979798,413.50505050505,-2.99389762358975
2.94747474747475,413.50505050505,-2.44574985392988
3.01515151515152,413.50505050505,-1.91566766128149
3.08282828282828,413.50505050505,-1.40494144400255
3.15050505050505,413.50505050505,-0.914861600451016
3.21818181818182,413.50505050505,-0.446718528984842
3.28585858585859,413.50505050505,-0.0018026279619984
3.35353535353535,413.50505050505,0.418595704259552
3.42121212121212,413.50505050505,0.813186069321846
3.48888888888889,413.50505050505,1.18068072334652
3.55656565656566,413.50505050505,1.5203189535945
3.62424242424242,413.50505050505,1.83249884837382
3.69191919191919,413.50505050505,2.11777267673482
3.75959595959596,413.50505050505,2.37669270772783
3.82727272727273,413.50505050505,2.6098112104032
3.8949494949495,413.50505050505,2.81768045381126
3.96262626262626,413.50505050505,3.00085270700235
4.03030303030303,413.50505050505,3.15988023902681
4.0979797979798,413.50505050505,3.29531531893498
4.16565656565657,413.50505050505,3.40771021577719
4.23333333333333,413.50505050505,3.49761719860378
4.3010101010101,413.50505050505,3.5655885364651
4.36868686868687,413.50505050505,3.61217649841147
4.43636363636364,413.50505050505,3.63793335349325
4.5040404040404,413.50505050505,3.64341137076076
4.57171717171717,413.50505050505,3.62916281926434
4.63939393939394,413.50505050505,3.59573996805434
4.70707070707071,413.50505050505,3.54369508618109
4.77474747474747,413.50505050505,3.47358044269494
4.84242424242424,413.50505050505,3.3859483066462
4.91010101010101,413.50505050505,3.28135094708524
4.97777777777778,413.50505050505,3.16034063306238
5.04545454545454,413.50505050505,3.02350496304002
5.11313131313131,413.50505050505,2.87183491226541
5.18080808080808,413.50505050505,2.7065782613627
5.24848484848485,413.50505050505,2.52898691921478
5.31616161616162,413.50505050505,2.34031279470454
5.38383838383838,413.50505050505,2.14180779671485
5.45151515151515,413.50505050505,1.93472383412862
5.51919191919192,413.50505050505,1.72031281582875
5.58686868686869,413.50505050505,1.4998266506981
5.65454545454545,413.50505050505,1.27451724761959
5.72222222222222,413.50505050505,1.0456365154761
5.78989898989899,413.50505050505,0.814436363150509
5.85757575757576,413.50505050505,0.582168699525721
5.92525252525252,413.50505050505,0.350085433484628
5.99292929292929,413.50505050505,0.119438473910112
6.06060606060606,413.50505050505,-0.10852027031493
6.12828282828283,413.50505050505,-0.332538890307607
6.1959595959596,413.50505050505,-0.551365477185035
6.26363636363636,413.50505050505,-0.763748122064315
6.33131313131313,413.50505050505,-0.968434916062565
6.3989898989899,413.50505050505,-1.16417395029689
6.46666666666667,413.50505050505,-1.34971331588439
6.53434343434343,413.50505050505,-1.52380182400818
6.6020202020202,413.50505050505,-1.6855887412662
6.66969696969697,413.50505050505,-1.83528874042053
6.73737373737374,413.50505050505,-1.97329172205514
6.8050505050505,413.50505050505,-2.09998758675403
6.87272727272727,413.50505050505,-2.21576623510119
6.94040404040404,413.50505050505,-2.32101756768061
7.00808080808081,413.50505050505,-2.41613148507628
7.07575757575758,413.50505050505,-2.50149788787219
7.14343434343434,413.50505050505,-2.57750667665233
7.21111111111111,413.50505050505,-2.6445477520007
7.27878787878788,413.50505050505,-2.70301101450127
7.34646464646465,413.50505050505,-2.75328636473805
7.41414141414141,413.50505050505,-2.79576370329502
7.48181818181818,413.50505050505,-2.83083293075617
7.54949494949495,413.50505050505,-2.8588839477055
7.61717171717172,413.50505050505,-2.88030665472699
7.68484848484848,413.50505050505,-2.89549095240464
7.75252525252525,413.50505050505,-2.90482674132243
7.82020202020202,413.50505050505,-2.90870392206435
7.88787878787879,413.50505050505,-2.9075123952144
7.95555555555555,413.50505050505,-2.90164206135657
8.02323232323232,413.50505050505,-2.89148282107484
8.09090909090909,413.50505050505,-2.87742457495321
8.15858585858586,413.50505050505,-2.85985722357566
8.22626262626263,413.50505050505,-2.8391706675262
8.29393939393939,413.50505050505,-2.8157548073888
8.36161616161616,413.50505050505,-2.78999954374745
8.42929292929293,413.50505050505,-2.76229477718616
8.4969696969697,413.50505050505,-2.7330304082889
8.56464646464647,413.50505050505,-2.70259633763967
8.63232323232323,413.50505050505,-2.67138246582247
8.7,413.50505050505,-2.63977869342127
2,419.676767676768,-11.0256904695781
2.06767676767677,419.676767676768,-10.367353258805
2.13535353535354,419.676767676768,-9.71029858586726
2.2030303030303,419.676767676768,-9.05580898860048
2.27070707070707,419.676767676768,-8.4051670048401
2.33838383838384,419.676767676768,-7.75965517242158
2.40606060606061,419.676767676768,-7.1205560291804
2.47373737373737,419.676767676768,-6.489152112952
2.54141414141414,419.676767676768,-5.86672596157188
2.60909090909091,419.676767676768,-5.25456011287548
2.67676767676768,419.676767676768,-4.65393710469828
2.74444444444444,419.676767676768,-4.06613947487573
2.81212121212121,419.676767676768,-3.49244976124332
2.87979797979798,419.676767676768,-2.9341505016365
2.94747474747475,419.676767676768,-2.39252423389073
3.01515151515152,419.676767676768,-1.8688534958415
3.08282828282828,419.676767676768,-1.36442082532425
3.15050505050505,419.676767676768,-0.880508760174468
3.21818181818182,419.676767676768,-0.418399838227605
3.28585858585859,419.676767676768,0.0206234026808694
3.35353535353535,419.676767676768,0.435278424715487
3.42121212121212,419.676767676768,0.824282690040782
3.48888888888889,419.676767676768,1.18635631295166
3.55656565656566,419.676767676768,1.52074597245933
3.62424242424242,419.676767676768,1.82785612308214
3.69191919191919,419.676767676768,2.10824526363065
3.75959595959596,419.676767676768,2.36247189291544
3.82727272727273,419.676767676768,2.59109450974707
3.8949494949495,419.676767676768,2.79467161293612
3.96262626262626,419.676767676768,2.97376170129315
4.03030303030303,419.676767676768,3.12892327362873
4.0979797979798,419.676767676768,3.26071482875344
4.16565656565657,419.676767676768,3.36969486547784
4.23333333333333,419.676767676768,3.4564218826125
4.3010101010101,419.676767676768,3.521454378968
4.36868686868687,419.676767676768,3.56535085335489
4.43636363636364,419.676767676768,3.58866980458376
4.5040404040404,419.676767676768,3.59196973146517
4.57171717171717,419.676767676768,3.57580913280968
4.63939393939394,419.676767676768,3.54074650742788
4.70707070707071,419.676767676768,3.48734035413033
4.77474747474747,419.676767676768,3.4161491717276
4.84242424242424,419.676767676768,3.32773145903025
4.91010101010101,419.676767676768,3.22264571484887
4.97777777777778,419.676767676768,3.10145043799401
5.04545454545454,419.676767676768,2.96473816909993
5.11313131313131,419.676767676768,2.81349012442806
5.18080808080808,419.676767676768,2.64893496628693
5.24848484848485,419.676767676768,2.47230533478855
5.31616161616162,419.676767676768,2.28483387004489
5.38383838383838,419.676767676768,2.08775321216793
5.45151515151515,419.676767676768,1.88229600126966
5.51919191919192,419.676767676768,1.66969487746207
5.58686868686869,419.676767676768,1.45118248085714
5.65454545454545,419.676767676768,1.22799145156686
5.72222222222222,419.676767676768,1.0013544297032
5.78989898989899,419.676767676768,0.772504055378163
5.85757575757576,419.676767676768,0.542672968703723
5.92525252525252,419.676767676768,0.313093809791869
5.99292929292929,419.676767676768,0.0849992187545817
6.06060606060606,419.676767676768,-0.14037816429615
6.12828282828283,419.676767676768,-0.36180569924834
6.1959595959596,419.676767676768,-0.57805074599001
6.26363636363636,419.676767676768,-0.787880664409168
6.33131313131313,419.676767676768,-0.990062814393836
6.3989898989899,419.676767676768,-1.18336455583203
6.46666666666667,419.676767676768,-1.36655324861175
6.53434343434343,419.676767676768,-1.53839696256441
6.6020202020202,419.676767676768,-1.6980585933806
6.66969696969697,419.676767676768,-1.84575146555906
6.73737373737374,419.676767676768,-1.9818616680881
6.8050505050505,419.676767676768,-2.10677528995603
6.87272727272727,419.676767676768,-2.22087842015118
6.94040404040404,419.676767676768,-2.32455714766184
7.00808080808081,419.676767676768,-2.41819756147634
7.07575757575758,419.676767676768,-2.50218575058299
7.14343434343434,419.676767676768,-2.5769078039701
7.21111111111111,419.676767676768,-2.64274981062599
7.27878787878788,419.676767676768,-2.70009785953897
7.34646464646465,419.676767676768,-2.74933803969736
7.41414141414141,419.676767676768,-2.79085644008947
7.48181818181818,419.676767676768,-2.82503914970362
7.54949494949495,419.676767676768,-2.8522722575281
7.61717171717172,419.676767676768,-2.87294185255126
7.68484848484848,419.676767676768,-2.88743402376139
7.75252525252525,419.676767676768,-2.89613486014681
7.82020202020202,419.676767676768,-2.89943045069583
7.88787878787879,419.676767676768,-2.89770688439677
7.95555555555555,419.676767676768,-2.89135025023794
8.02323232323232,419.676767676768,-2.88074663720766
8.09090909090909,419.676767676768,-2.86628213429424
8.15858585858586,419.676767676768,-2.84834283048599
8.22626262626263,419.676767676768,-2.82731481477123
8.29393939393939,419.676767676768,-2.80358417613828
8.36161616161616,419.676767676768,-2.77753700357543
8.42929292929293,419.676767676768,-2.74955938607102
8.4969696969697,419.676767676768,-2.72003741261336
8.56464646464647,419.676767676768,-2.68935717219075
8.63232323232323,419.676767676768,-2.65790475379151
8.7,419.676767676768,-2.62606624640396
2,425.848484848485,-10.8668126253937
2.06767676767677,425.848484848485,-10.2162529742094
2.13535353535354,425.848484848485,-9.56696674502727
2.2030303030303,425.848484848485,-8.92022735984924
2.27070707070707,425.848484848485,-8.27730824067745
2.33838383838384,425.848484848485,-7.63948280951397
2.40606060606061,425.848484848485,-7.00802448836087
2.47373737373737,425.848484848485,-6.38420669922023
2.54141414141414,425.848484848485,-5.76930286409413
2.60909090909091,425.848484848485,-5.16458640498465
2.67676767676768,425.848484848485,-4.57133074389387
2.74444444444444,425.848484848485,-3.99080930282384
2.81212121212121,425.848484848485,-3.42429550377667
2.87979797979798,425.848484848485,-2.87306276875442
2.94747474747475,425.848484848485,-2.33838451975917
3.01515151515152,425.848484848485,-1.821534178793
3.08282828282828,425.848484848485,-1.32378516785799
3.15050505050505,425.848484848485,-0.846410908956205
3.21818181818182,425.848484848485,-0.39068482408973
3.28585858585859,425.848484848485,0.0421196647393606
3.35353535353535,425.848484848485,0.450729135528988
3.42121212121212,425.848484848485,0.833870166277073
3.48888888888889,425.848484848485,1.19027198188972
3.55656565656566,425.848484848485,1.51918933515366
3.62424242424242,425.848484848485,1.82103247463738
3.69191919191919,425.848484848485,2.09636538987968
3.75959595959596,425.848484848485,2.34575207041937
3.82727272727273,425.848484848485,2.56975650579524
3.8949494949495,425.848484848485,2.7689426855461
3.96262626262626,425.848484848485,2.94387459921075
4.03030303030303,425.848484848485,3.09511623632799
4.0979797979798,425.848484848485,3.22323158643662
4.16565656565657,425.848484848485,3.32878463907544
4.23333333333333,425.848484848485,3.41233938378326
4.3010101010101,425.848484848485,3.47445981009888
4.36868686868687,425.848484848485,3.51570990756109
4.43636363636364,425.848484848485,3.5366536657087
4.5040404040404,425.848484848485,3.53785507408052
4.57171717171717,425.848484848485,3.51987812221534
4.63939393939394,425.848484848485,3.48328679965196
4.70707070707071,425.848484848485,3.4286450959292
4.77474747474747,425.848484848485,3.35651700058583
4.84242424242424,425.848484848485,3.26746650316068
4.91010101010101,425.848484848485,3.16205759319254
4.97777777777778,425.848484848485,3.04085426022021
5.04545454545454,425.848484848485,2.90445322711752
5.11313131313131,425.848484848485,2.75382495259687
5.18080808080808,425.848484848485,2.59017783016633
5.24848484848485,425.848484848485,2.41472407823984
5.31616161616162,425.848484848485,2.22867591523137
5.38383838383838,425.848484848485,2.03324555955488
5.45151515151515,425.848484848485,1.82964522962432
5.51919191919192,425.848484848485,1.61908714385368
5.58686868686869,425.848484848485,1.40278352065689
5.65454545454545,425.848484848485,1.18194657844793
5.72222222222222,425.848484848485,0.957788535640758
5.78989898989899,425.848484848485,0.731521610649329
5.85757575757576,425.848484848485,0.504358021887608
5.92525252525252,425.848484848485,0.27750998776956
5.99292929292929,425.848484848485,0.0521897267091369
6.06060606060606,425.848484848485,-0.170390542879692
6.12828282828283,425.848484848485,-0.389018602582966
6.1959595959596,425.848484848485,-0.602482233986731
6.26363636363636,425.848484848485,-0.809569218677015
6.33131313131313,425.848484848485,-1.00906733823987
6.3989898989899,425.848484848485,-1.19976437426132
6.46666666666667,425.848484848485,-1.38044810832742
6.53434343434343,425.848484848485,-1.54990702113088
6.6020202020202,425.848484848485,-1.70731839253931
6.66969696969697,425.848484848485,-1.85289389731699
6.73737373737374,425.848484848485,-1.98701533761329
6.8050505050505,425.848484848485,-2.11006451557759
6.87272727272727,425.848484848485,-2.22242323335928
6.94040404040404,425.848484848485,-2.32447329310773
7.00808080808081,425.848484848485,-2.41659649697232
7.07575757575758,425.848484848485,-2.49917464710244
7.14343434343434,425.848484848485,-2.57258954564745
7.21111111111111,425.848484848485,-2.63722299475675
7.27878787878788,425.848484848485,-2.6934567965797
7.34646464646465,425.848484848485,-2.74167275326569
7.41414141414141,425.848484848485,-2.78225266696409
7.48181818181818,425.848484848485,-2.8155783398243
7.54949494949495,425.848484848485,-2.84203157399567
7.61717171717172,425.848484848485,-2.8619941716276
7.68484848484848,425.848484848485,-2.87584793486947
7.75252525252525,425.848484848485,-2.88397466587064
7.82020202020202,425.848484848485,-2.88675616678051
7.88787878787879,425.848484848485,-2.88457423974845
7.95555555555555,425.848484848485,-2.87781068692384
8.02323232323232,425.848484848485,-2.86684731045606
8.09090909090909,425.848484848485,-2.85206591249449
8.15858585858586,425.848484848485,-2.8338482951885
8.22626262626263,425.848484848485,-2.81257626068748
8.29393939393939,425.848484848485,-2.78863161114081
8.36161616161616,425.848484848485,-2.76239614869786
8.42929292929293,425.848484848485,-2.73425167550802
8.4969696969697,425.848484848485,-2.70457999372066
8.56464646464647,425.848484848485,-2.67376290548516
8.63232323232323,425.848484848485,-2.64218221295091
8.7,425.848484848485,-2.61021971826727
2,432.020202020202,-10.700276623703
2.06767676767677,432.020202020202,-10.0580178386828
2.13535353535354,432.020202020202,-9.41702214501427
2.2030303030303,432.020202020202,-8.77855263404915
2.27070707070707,432.020202020202,-8.14387239713912
2.33838383838384,432.020202020202,-7.51424452563586
2.40606060606061,432.020202020202,-6.89093211089108
2.47373737373737,432.020202020202,-6.27519824425647
2.54141414141414,432.020202020202,-5.66830601708373
2.60909090909091,432.020202020202,-5.07151852072455
2.67676767676768,432.020202020202,-4.48609884653063
2.74444444444444,432.020202020202,-3.91331008585365
2.81212121212121,432.020202020202,-3.35441533004533
2.87979797979798,432.020202020202,-2.81067767045735
2.94747474747475,432.020202020202,-2.2833601984414
3.01515151515152,432.020202020202,-1.77372600534918
3.08282828282828,432.020202020202,-1.2830381825324
3.15050505050505,432.020202020202,-0.81255982134273
3.21818181818182,432.020202020202,-0.363554013131881
3.28585858585859,432.020202020202,0.0627161507484558
3.35353535353535,432.020202020202,0.464987578946584
3.42121212121212,432.020202020202,0.841997180110809
3.48888888888889,432.020202020202,1.19248450179512
3.55656565656566,432.020202020202,1.51571303058621
3.62424242424242,432.020202020202,1.81209825539933
3.69191919191919,432.020202020202,2.08220894130923
3.75959595959596,432.020202020202,2.32661385339072
3.82727272727273,432.020202020202,2.54588175671855
3.8949494949495,432.020202020202,2.7405814163675
3.96262626262626,432.020202020202,2.91128159741236
4.03030303030303,432.020202020202,3.05855106492789
4.0979797979798,432.020202020202,3.18295858398888
4.16565656565657,432.020202020202,3.2850729196701
4.23333333333333,432.020202020202,3.36546283704631
4.3010101010101,432.020202020202,3.42469710119232
4.36868686868687,432.020202020202,3.46334447718288
4.43636363636364,432.020202020202,3.48197373009278
4.5040404040404,432.020202020202,3.48115362499679
4.57171717171717,432.020202020202,3.46145292696969
4.63939393939394,432.020202020202,3.42344040108625
4.70707070707071,432.020202020202,3.36768481242124
4.77474747474747,432.020202020202,3.29475492604945
4.84242424242424,432.020202020202,3.20521950704566
4.91010101010101,432.020202020202,3.09964732048463
4.97777777777778,432.020202020202,2.97860713144115
5.04545454545454,432.020202020202,2.84269910961028
5.11313131313131,432.020202020202,2.69288198980393
5.18080808080808,432.020202020202,2.53034278335717
5.24848484848485,432.020202020202,2.35627217125002
5.31616161616162,432.020202020202,2.17186083446249
5.38383838383838,432.020202020202,1.9782994539746
5.45151515151515,432.020202020202,1.77677871076636
5.51919191919192,432.020202020202,1.56848928581781
5.58686868686869,432.020202020202,1.35462186010894
5.65454545454545,432.020202020202,1.13636711461978
5.72222222222222,432.020202020202,0.914915730330355
5.78989898989899,432.020202020202,0.691458388220664
5.85757575757576,432.020202020202,0.467185769270735
5.92525252525252,432.020202020202,0.243288554460584
5.99292929292929,432.020202020202,0.0209574247702235
6.06060606060606,432.020202020202,-0.198616938820323
6.12828282828283,432.020202020202,-0.41424385533104
6.1959595959596,432.020202020202,-0.624732643781915
6.26363636363636,432.020202020202,-0.828892623192924
6.33131313131313,432.020202020202,-1.02553311258406
6.3989898989899,432.020202020202,-1.21346343097529
6.46666666666667,432.020202020202,-1.39149289738661
6.53434343434343,432.020202020202,-1.55843151841696
6.6020202020202,432.020202020202,-1.71347168883768
6.66969696969697,432.020202020202,-1.85682314193239
6.73737373737374,432.020202020202,-1.9888629330987
6.8050505050505,432.020202020202,-2.10996811773421
6.87272727272727,432.020202020202,-2.22051575123654
6.94040404040404,432.020202020202,-2.32088288900331
7.00808080808081,432.020202020202,-2.41144658643212
7.07575757575758,432.020202020202,-2.49258389892059
7.14343434343434,432.020202020202,-2.56467188186634
7.21111111111111,432.020202020202,-2.62808759066698
7.27878787878788,432.020202020202,-2.68320808072012
7.34646464646465,432.020202020202,-2.73041040742338
7.41414141414141,432.020202020202,-2.77007162617436
7.48181818181818,432.020202020202,-2.80256879237069
7.54949494949495,432.020202020202,-2.82827896140997
7.61717171717172,432.020202020202,-2.84757918868983
7.68484848484848,432.020202020202,-2.86084652960787
7.75252525252525,432.020202020202,-2.8684580395617
7.82020202020202,432.020202020202,-2.87079077394895
7.88787878787879,432.020202020202,-2.86822178816721
7.95555555555555,432.020202020202,-2.86112813761412
8.02323232323232,432.020202020202,-2.84988687768728
8.09090909090909,432.020202020202,-2.8348750637843
8.15858585858586,432.020202020202,-2.8164697513028
8.22626262626263,432.020202020202,-2.79504799564039
8.29393939393939,432.020202020202,-2.77098685219469
8.36161616161616,432.020202020202,-2.7446633763633
8.42929292929293,432.020202020202,-2.71645462354385
8.4969696969697,432.020202020202,-2.68673764913395
8.56464646464647,432.020202020202,-2.6558895085312
8.63232323232323,432.020202020202,-2.62428725713323
8.7,432.020202020202,-2.59230795033764
2,438.191919191919,-10.5263377364229
2.06767676767677,438.191919191919,-9.89288568058936
2.13535353535354,438.191919191919,-9.26068521113404
2.2030303030303,438.191919191919,-8.63098791443516
2.27070707070707,438.191919191919,-8.00504537687095
2.33838383838384,438.191919191919,-7.38410918481961
2.40606060606061,438.191919191919,-6.76943092465938
2.47373737373737,438.191919191919,-6.16226218276847
2.54141414141414,438.191919191919,-5.5638545455251
2.60909090909091,438.191919191919,-4.97545959930749
2.67676767676768,438.191919191919,-4.39832893049388
2.74444444444444,438.191919191919,-3.83371412546245
2.81212121212121,438.191919191919,-3.28286677059146
2.87979797979798,438.191919191919,-2.74703845225911
2.94747474747475,438.191919191919,-2.22748075684362
3.01515151515152,438.191919191919,-1.72544527072322
3.08282828282828,438.191919191919,-1.24218358027612
3.15050505050505,438.191919191919,-0.778947271880553
3.21818181818182,438.191919191919,-0.336987931914726
3.28585858585859,438.191919191919,0.0824428532431336
3.35353535353535,438.191919191919,0.478093497214806
3.42121212121212,438.191919191919,0.848712413622072
3.48888888888889,438.191919191919,1.19305064430228
3.55656565656566,438.191919191919,1.51038104766571
3.62424242424242,438.191919191919,1.80112381772774
3.69191919191919,438.191919191919,2.06585180374661
3.75959595959596,438.191919191919,2.30513785498056
3.82727272727273,438.191919191919,2.51955482068781
3.8949494949495,438.191919191919,2.7096755501266
3.96262626262626,438.191919191919,2.87607289255517
4.03030303030303,438.191919191919,3.01931969723175
4.0979797979798,438.191919191919,3.13998881341458
4.16565656565657,438.191919191919,3.23865309036189
4.23333333333333,438.191919191919,3.31588537733192
4.3010101010101,438.191919191919,3.37225852358291
4.36868686868687,438.191919191919,3.40834537837309
4.43636363636364,438.191919191919,3.42471879096068
4.5040404040404,438.191919191919,3.42195161060394
4.57171717171717,438.191919191919,3.4006166865611
4.63939393939394,438.191919191919,3.36128686809039
4.70707070707071,438.191919191919,3.30453500445004
4.77474747474747,438.191919191919,3.23093394489829
4.84242424242424,438.191919191919,3.14105653869338
4.91010101010101,438.191919191919,3.03547563509354
4.97777777777778,438.191919191919,2.91476408335701
5.04545454545454,438.191919191919,2.7795247890957
5.11313131313131,438.191919191919,2.63070382908127
5.18080808080808,438.191919191919,2.46946575621574
5.24848484848485,438.191919191919,2.29697863550046
5.31616161616162,438.191919191919,2.11441053193676
5.38383838383838,438.191919191919,1.922929510526
5.45151515151515,438.191919191919,1.72370363626954
5.51919191919192,438.191919191919,1.51790097416872
5.58686868686869,438.191919191919,1.30668958922488
5.65454545454545,438.191919191919,1.09123754643939
5.72222222222222,438.191919191919,0.872712910813593
5.78989898989899,438.191919191919,0.652283747348831
5.85757575757576,438.191919191919,0.43111812104646
5.92525252525252,438.191919191919,0.210384096907833
5.99292929292929,438.191919191919,-0.0087502600657069
6.06060606060606,438.191919191919,-0.225116884872805
6.12828282828283,438.191919191919,-0.437547712512112
6.1959595959596,438.191919191919,-0.644874677982282
6.26363636363636,438.191919191919,-0.845929716281957
6.33131313131313,438.191919191919,-1.0395447624098
6.3989898989899,438.191919191919,-1.22455175136444
6.46666666666667,438.191919191919,-1.39978261814455
6.53434343434343,438.191919191919,-1.56406997313197
6.6020202020202,438.191919191919,-1.71662203237106
6.66969696969697,438.191919191919,-1.85764630564336
6.73737373737374,438.191919191919,-1.98751465701232
6.8050505050505,438.191919191919,-2.10659895054137
6.87272727272727,438.191919191919,-2.21527105029397
6.94040404040404,438.191919191919,-2.31390282033356
7.00808080808081,438.191919191919,-2.40286612472358
7.07575757575758,438.191919191919,-2.48253282752748
7.14343434343434,438.191919191919,-2.55327479280871
7.21111111111111,438.191919191919,-2.61546388463071
7.27878787878788,438.191919191919,-2.66947196705692
7.34646464646465,438.191919191919,-2.71567090415078
7.41414141414141,438.191919191919,-2.75443255997576
7.48181818181818,438.191919191919,-2.78612879859528
7.54949494949495,438.191919191919,-2.81113148407279
7.61717171717172,438.191919191919,-2.82981248047174
7.68484848484848,438.191919191919,-2.84254365185557
7.75252525252525,438.191919191919,-2.84969686228774
7.82020202020202,438.191919191919,-2.85164397583167
7.88787878787879,438.191919191919,-2.84875685655082
7.95555555555555,438.191919191919,-2.84140736850863
8.02323232323232,438.191919191919,-2.82996737576855
8.09090909090909,438.191919191919,-2.81480874239403
8.15858585858586,438.191919191919,-2.79630333244849
8.22626262626263,438.191919191919,-2.7748230099954
8.29393939393939,438.191919191919,-2.7507396390982
8.36161616161616,438.191919191919,-2.72442508382033
8.42929292929293,438.191919191919,-2.69625120822523
8.4969696969697,438.191919191919,-2.66658987637635
8.56464646464647,438.191919191919,-2.63581295233714
8.63232323232323,438.191919191919,-2.60429230017104
8.7,438.191919191919,-2.5723997839415
2,444.363636363636,-10.3452512354703
2.06767676767677,444.363636363636,-9.72109432829355
2.13535353535354,444.363636363636,-9.09817636869235
2.2030303030303,444.363636363636,-8.47773630424224
2.27070707070707,444.363636363636,-7.8610130825188
2.33838383838384,444.363636363636,-7.24924565109757
2.40606060606061,444.363636363636,-6.6436729575541
2.47373737373737,444.363636363636,-6.04553394946395
2.54141414141414,444.363636363636,-5.45606757440266
2.60909090909091,444.363636363636,-4.87651277994579
2.67676767676768,444.363636363636,-4.30810851366889
2.74444444444444,444.363636363636,-3.75209372314751
2.81212121212121,444.363636363636,-3.20970735595721
2.87979797979798,444.363636363636,-2.68218835967354
2.94747474747475,444.363636363636,-2.17077568187205
3.01515151515152,444.363636363636,-1.67670827012829
3.08282828282828,444.363636363636,-1.20122507201781
3.15050505050505,444.363636363636,-0.74556503511618
3.21818181818182,444.363636363636,-0.310967106998932
3.28585858585859,444.363636363636,0.101329764758375
3.35353535353535,444.363636363636,0.490086632580186
3.42121212121212,444.363636363636,0.854064548890948
3.48888888888889,444.363636363636,1.19202718104561
3.55656565656566,444.363636363636,1.50325737530088
3.62424242424242,444.363636363636,1.78817951398242
3.69191919191919,444.363636363636,2.04736986301914
3.75959595959596,444.363636363636,2.28140468833999
3.82727272727273,444.363636363636,2.49086025587386
3.8949494949495,444.363636363636,2.67631283154968
3.96262626262626,444.363636363636,2.83833868129638
4.03030303030303,444.363636363636,2.97751407104288
4.0979797979798,444.363636363636,3.09441526671809
4.16565656565657,444.363636363636,3.18961853425094
4.23333333333333,444.363636363636,3.26370013957034
4.3010101010101,444.363636363636,3.31723634860523
4.36868686868687,444.363636363636,3.35080342728451
4.43636363636364,444.363636363636,3.36497764153711
4.5040404040404,444.363636363636,3.36033525729195
4.57171717171717,444.363636363636,3.33745254047796
4.63939393939394,444.363636363636,3.29690575702405
4.70707070707071,444.363636363636,3.23927117285914
4.77474747474747,444.363636363636,3.16512505391216
4.84242424242424,444.363636363636,3.07504366611203
4.91010101010101,444.363636363636,2.96960327538765
4.97777777777778,444.363636363636,2.84938014766797
5.04545454545454,444.363636363636,2.71497923809127
5.11313131313131,444.363636363636,2.56733306346097
5.18080808080808,444.363636363636,2.40758267909834
5.24848484848485,444.363636363636,2.23687249267253
5.31616161616162,444.363636363636,2.0563469118527
5.38383838383838,444.363636363636,1.867150344308
5.45151515151515,444.363636363636,1.6704271977076
5.51919191919192,444.363636363636,1.46732187972065
5.58686868686869,444.363636363636,1.25897879801631
5.65454545454545,444.363636363636,1.04654236026372
5.72222222222222,444.363636363636,0.83115697413207
5.78989898989899,444.363636363636,0.61396704729049
5.85757575757576,444.363636363636,0.396116987408146
5.92525252525252,444.363636363636,0.178751202154195
5.99292929292929,444.363636363636,-0.0369859008022083
6.06060606060606,444.363636363636,-0.249949913791904
6.12828282828283,444.363636363636,-0.458996429145734
6.1959595959596,444.363636363636,-0.662981039194546
6.26363636363636,444.363636363636,-0.860759336269179
6.33131313131313,444.363636363636,-1.05118691270048
6.3989898989899,444.363636363636,-1.23311936081929
6.46666666666667,444.363636363636,-1.40541227295645
6.53434343434343,444.363636363636,-1.56692190398528
6.6020202020202,444.363636363636,-1.71687297323478
6.66969696969697,444.363636363636,-1.85547049468797
6.73737373737374,444.363636363636,-1.98308071182214
6.8050505050505,444.363636363636,-2.10006986811458
6.87272727272727,444.363636363636,-2.2068042070426
6.94040404040404,444.363636363636,-2.30364997208351
7.00808080808081,444.363636363636,-2.39097340671459
7.07575757575758,444.363636363636,-2.46914075441316
7.14343434343434,444.363636363636,-2.53851825865651
7.21111111111111,444.363636363636,-2.59947216292195
7.27878787878788,444.363636363636,-2.65236871068677
7.34646464646465,444.363636363636,-2.69757414542827
7.41414141414141,444.363636363636,-2.73545471062376
7.48181818181818,444.363636363636,-2.76637664975053
7.54949494949495,444.363636363636,-2.79070620628589
7.61717171717172,444.363636363636,-2.80880962370714
7.68484848484848,444.363636363636,-2.82105314549158
7.75252525252525,444.363636363636,-2.82780301511651
7.82020202020202,444.363636363636,-2.82942547605923
7.88787878787879,444.363636363636,-2.82628677179704
7.95555555555555,444.363636363636,-2.81875314580724
8.02323232323232,444.363636363636,-2.80719084156713
8.09090909090909,444.363636363636,-2.79196610255401
8.15858585858586,444.363636363636,-2.77344517224519
8.22626262626263,444.363636363636,-2.75199429411796
8.29393939393939,444.363636363636,-2.72797971164963
8.36161616161616,444.363636363636,-2.70176766831749
8.42929292929293,444.363636363636,-2.67372440759885
8.4969696969697,444.363636363636,-2.64421617297101
8.56464646464647,444.363636363636,-2.61360920791126
8.63232323232323,444.363636363636,-2.58226975589692
8.7,444.363636363636,-2.55056406040527
2,450.535353535354,-10.1572723927621
2.06767676767677,450.535353535354,-9.54288161015971
2.13535353535354,450.535353535354,-8.92971604299494
2.2030303030303,450.535353535354,-8.31900090670535
2.27070707070707,450.535353535354,-7.71196141672854
2.33838383838384,450.535353535354,-7.10982278850209
2.40606060606061,450.535353535354,-6.51381023746359
2.47373737373737,450.535353535354,-5.92514897905064
2.54141414141414,450.535353535354,-5.34506422870082
2.60909090909091,450.535353535354,-4.77478120185174
2.67676767676768,450.535353535354,-4.21552511394097
2.74444444444444,450.535353535354,-3.6685211804061
2.81212121212121,450.535353535354,-3.13499461668474
2.87979797979798,450.535353535354,-2.61617063821447
2.94747474747475,450.535353535354,-2.11327446043288
3.01515151515152,450.535353535354,-1.62753129877756
3.08282828282828,450.535353535354,-1.16016636868611
3.15050505050505,450.535353535354,-0.712404885596116
3.21818181818182,450.535353535354,-0.285472064945161
3.28585858585859,450.535353535354,0.119406877829158
3.35353535353535,450.535353535354,0.50100672728925
3.42121212121212,450.535353535354,0.858102267997522
3.48888888888889,450.535353535354,1.18947088365955
3.55656565656566,450.535353535354,1.49440600240044
3.62424242424242,450.535353535354,1.77333569652312
3.69191919191919,450.535353535354,2.02683900495414
3.75959595959596,450.535353535354,2.25549496662008
3.82727272727273,450.535353535354,2.45988262044753
3.8949494949495,450.535353535354,2.64058100536304
3.96262626262626,450.535353535354,2.7981691602932
4.03030303030303,450.535353535354,2.93322612416459
4.0979797979798,450.535353535354,3.04633093590377
4.16565656565657,450.535353535354,3.13806263443732
4.23333333333333,450.535353535354,3.20900025869182
4.3010101010101,450.535353535354,3.25972284759385
4.36868686868687,450.535353535354,3.29080944006996
4.43636363636364,450.535353535354,3.30283907504675
4.5040404040404,450.535353535354,3.29639079145079
4.57171717171717,450.535353535354,3.27204362820864
4.63939393939394,450.535353535354,3.23037662424689
4.70707070707071,450.535353535354,3.17196881849212
4.77474747474747,450.535353535354,3.09739924987088
4.84242424242424,450.535353535354,3.00724695730977
4.91010101010101,450.535353535354,2.90209097973535
4.97777777777778,450.535353535354,2.7825103560742
5.04545454545454,450.535353535354,2.6491114291145
5.11313131313131,450.535353535354,2.50281228597508
5.18080808080808,450.535353535354,2.34472948236124
5.24848484848485,450.535353535354,2.1759827644476
5.31616161616162,450.535353535354,1.99769187840881
5.38383838383838,450.535353535354,1.8109765704195
5.45151515151515,450.535353535354,1.6169565866543
5.51919191919192,450.535353535354,1.41675167328786
5.58686868686869,450.535353535354,1.2114815764948
5.65454545454545,450.535353535354,1.00226604244976
5.72222222222222,450.535353535354,0.790224817327386
5.78989898989899,450.535353535354,0.576477647302302
5.85757575757576,450.535353535354,0.362144278549147
5.92525252525252,450.535353535354,0.14834445724256
5.99292929292929,450.535353535354,-0.0638020704428291
6.06060606060606,450.535353535354,-0.273175558332381
6.12828282828283,450.535353535354,-0.478656260251457
6.1959595959596,450.535353535354,-0.67912443002543
6.26363636363636,450.535353535354,-0.873460321479656
6.33131313131313,450.535353535354,-1.0605441884395
6.3989898989899,450.535353535354,-1.23925628473034
6.46666666666667,450.535353535354,-1.40847686417752
6.53434343434343,450.535353535354,-1.56708682968622
6.6020202020202,450.535353535354,-1.7143280615242
6.66969696969697,450.535353535354,-1.85040281530431
6.73737373737374,450.535353535354,-1.97567129999615
6.8050505050505,450.535353535354,-2.09049372456934
6.87272727272727,450.535353535354,-2.19523029799347
6.94040404040404,450.535353535354,-2.29024122923817
7.00808080808081,450.535353535354,-2.37588672727303
7.07575757575758,450.535353535354,-2.45252700106767
7.14343434343434,450.535353535354,-2.5205222595917
7.21111111111111,450.535353535354,-2.58023271181472
7.27878787878788,450.535353535354,-2.63201856670634
7.34646464646465,450.535353535354,-2.67624003323618
7.41414141414141,450.535353535354,-2.71325732037384
7.48181818181818,450.535353535354,-2.74343063708893
7.54949494949495,450.535353535354,-2.76712019235106
7.61717171717172,450.535353535354,-2.78468619512984
7.68484848484848,450.535353535354,-2.79648885439488
7.75252525252525,450.535353535354,-2.80288837911578
7.82020202020202,450.535353535354,-2.80424497826216
7.88787878787879,450.535353535354,-2.80091886080362
7.95555555555555,450.535353535354,-2.79327023570978
8.02323232323232,450.535353535354,-2.78165931195024
8.09090909090909,450.535353535354,-2.76644629849461
8.15858585858586,450.535353535354,-2.7479914043125
8.22626262626263,450.535353535354,-2.72665483837351
8.29393939393939,450.535353535354,-2.70279680964727
8.36161616161616,450.535353535354,-2.67677752710337
8.42929292929293,450.535353535354,-2.64895719971143
8.4969696969697,450.535353535354,-2.61969603644105
8.56464646464647,450.535353535354,-2.58935424626184
8.63232323232323,450.535353535354,-2.55829203814342
8.7,450.535353535354,-2.52686962105539
2,456.707070707071,-9.96265648021509
2.06767676767677,456.707070707071,-9.35848535455224
2.13535353535354,456.707070707071,-8.75552465934761
2.2030303030303,456.707070707071,-8.15498482505946
2.27070707070707,456.707070707071,-7.55807628214602
2.33838383838384,456.707070707071,-6.96600946106551
2.40606060606061,456.707070707071,-6.37999479227619
2.47373737373737,456.707070707071,-5.80124270623628
2.54141414141414,456.707070707071,-5.23096363340403
2.60909090909091,456.707070707071,-4.67036800423765
2.67676767676768,456.707070707071,-4.12066624919541
2.74444444444444,456.707070707071,-3.58306879873551
2.81212121212121,456.707070707071,-3.05878608331621
2.87979797979798,456.707070707071,-2.54902853339575
2.94747474747475,456.707070707071,-2.05500657943234
3.01515151515152,456.707070707071,-1.57793065188423
3.08282828282828,456.707070707071,-1.11901118120967
3.15050505050505,456.707070707071,-0.679458597866871
3.21818181818182,456.707070707071,-0.260483332314081
3.28585858585859,456.707070707071,0.136704184990465
3.35353535353535,456.707070707071,0.510893523588531
3.42121212121212,456.707070707071,0.860874253021881
3.48888888888889,456.707070707071,1.18543852377851
3.55656565656566,456.707070707071,1.48389091787313
3.62424242424242,456.707070707071,1.75666271770963
3.69191919191919,456.707070707071,2.00433511537891
3.75959595959596,456.707070707071,2.22748930297194
3.82727272727273,456.707070707071,2.42670647257964
3.8949494949495,456.707070707071,2.60256781629296
3.96262626262626,456.707070707071,2.75565452620283
4.03030303030303,456.707070707071,2.88654779440019
4.0979797979798,456.707070707071,2.99582881297599
4.16565656565657,456.707070707071,3.08407877402115
4.23333333333333,456.707070707071,3.15187886962663
4.3010101010101,456.707070707071,3.19981029188336
4.36868686868687,456.707070707071,3.22845423288227
4.43636363636364,456.707070707071,3.23839188471431
4.5040404040404,456.707070707071,3.23020443947041
4.57171717171717,456.707070707071,3.20447308924152
4.63939393939394,456.707070707071,3.16177902611858
4.70707070707071,456.707070707071,3.10270344219252
4.77474747474747,456.707070707071,3.02782752955427
4.84242424242424,456.707070707071,2.93773248029479
4.91010101010101,456.707070707071,2.83299948650501
4.97777777777778,456.707070707071,2.71420974027587
5.04545454545454,456.707070707071,2.58197033468288
5.11313131313131,456.707070707071,2.43718408965566
5.18080808080808,456.707070707071,2.28094209636073
5.24848484848485,456.707070707071,2.11433847250705
5.31616161616162,456.707070707071,1.93846733580361
5.38383838383838,456.707070707071,1.7544228039594
5.45151515151515,456.707070707071,1.5632989946834
5.51919191919192,456.707070707071,1.36619002568459
5.58686868686869,456.707070707071,1.16419001467195
5.65454545454545,456.707070707071,0.958393079354473
5.72222222222222,456.707070707071,0.74989333744114
5.78989898989899,456.707070707071,0.539784906640929
5.85757575757576,456.707070707071,0.329161904662826
5.92525252525252,456.707070707071,0.119118449215817
5.99292929292929,456.707070707071,-0.0892513419911208
6.06060606060606,456.707070707071,-0.294853351248999
6.12828282828283,456.707070707071,-0.496593460848834
6.1959595959596,456.707070707071,-0.693377553081647
6.26363636363636,456.707070707071,-0.88411151023845
6.33131313131313,456.707070707071,-1.06770121461026
6.3989898989899,456.707070707071,-1.2430525484881
6.46666666666667,456.707070707071,-1.40907139416298
6.53434343434343,456.707070707071,-1.56466426894414
6.6020202020202,456.707070707071,-1.70909084733466
6.66969696969697,456.707070707071,-1.84255037373046
6.73737373737374,456.707070707071,-1.96539662400236
6.8050505050505,456.707070707071,-2.07798337402114
6.87272727272727,456.707070707071,-2.1806643996576
6.94040404040404,456.707070707071,-2.27379347678254
7.00808080808081,456.707070707071,-2.35772438126676
7.07575757575758,456.707070707071,-2.43281088898105
7.14343434343434,456.707070707071,-2.49940677579621
7.21111111111111,456.707070707071,-2.55786581758303
7.27878787878788,456.707070707071,-2.60854179021232
7.34646464646465,456.707070707071,-2.65178846955488
7.41414141414141,456.707070707071,-2.68795963148149
7.48181818181818,456.707070707071,-2.71740905186295
7.54949494949495,456.707070707071,-2.74049050657007
7.61717171717172,456.707070707071,-2.75755777147364
7.68484848484848,456.707070707071,-2.76896462244445
7.75252525252525,456.707070707071,-2.77506483535331
7.82020202020202,456.707070707071,-2.77621218607101
7.88787878787879,456.707070707071,-2.77276045046835
7.95555555555555,456.707070707071,-2.76506340441612
8.02323232323232,456.707070707071,-2.75347482378513
8.09090909090909,456.707070707071,-2.73834848444616
8.15858585858586,456.707070707071,-2.72003816227002
8.22626262626263,456.707070707071,-2.6988976331275
8.29393939393939,456.707070707071,-2.67528067288941
8.36161616161616,456.707070707071,-2.64954105742653
8.42929292929293,456.707070707071,-2.62203256260966
8.4969696969697,456.707070707071,-2.59310896430961
8.56464646464647,456.707070707071,-2.56312403839717
8.63232323232323,456.707070707071,-2.53243156074313
8.7,456.707070707071,-2.5013853072183
2,462.878787878788,-9.76165876974623
2.06767676767677,462.878787878788,-9.16814338983548
2.13535353535354,462.878787878788,-8.57582264305611
2.2030303030303,462.878787878788,-7.98589116253952
2.27070707070707,462.878787878788,-7.39954358141708
2.33838383838384,462.878787878788,-6.81797453282019
2.40606060606061,462.878787878788,-6.24237864988024
2.47373737373737,462.878787878788,-5.6739505657286
2.54141414141414,462.878787878788,-5.11388491349668
2.60909090909091,462.878787878788,-4.56337632631585
2.67676767676768,462.878787878788,-4.0236194373175
2.74444444444444,462.878787878788,-3.49580887963301
2.81212121212121,462.878787878788,-2.98113928639378
2.87979797979798,462.878787878788,-2.48080529073118
2.94747474747475,462.878787878788,-1.99600152577661
3.01515151515152,462.878787878788,-1.52792262466146
3.08282828282828,462.878787878788,-1.07776322051711
3.15050505050505,462.878787878788,-0.64671794647495
3.21818181818182,462.878787878788,-0.235981435666358
3.28585858585859,462.878787878788,0.153251678777274
3.35353535353535,462.878787878788,0.519786763724558
3.42121212121212,462.878787878788,0.862429186044109
3.48888888888889,462.878787878788,1.17998687303691
3.55656565656566,462.878787878788,1.47177611062768
3.62424242424242,462.878787878788,1.73823092990172
3.69191919191919,462.878787878788,1.97993408012079
3.75959595959596,462.878787878788,2.19746831054664
3.82727272727273,462.878787878788,2.39141637044103
3.8949494949495,462.878787878788,2.56236100906572
3.96262626262626,462.878787878788,2.71088497568246
4.03030303030303,462.878787878788,2.837571019553
4.0979797979798,462.878787878788,2.94300188993911
4.16565656565657,462.878787878788,3.02776033610252
4.23333333333333,462.878787878788,3.09242910730501
4.3010101010101,462.878787878788,3.13759095280834
4.36868686868687,462.878787878788,3.16382862187423
4.43636363636364,462.878787878788,3.17172486376447
4.5040404040404,462.878787878788,3.1618624277408
4.57171717171717,462.878787878788,3.13482406306498
4.63939393939394,462.878787878788,3.09119251899876
4.70707070707071,462.878787878788,3.03155054480391
4.77474747474747,462.878787878788,2.95648088974216
4.84242424242424,462.878787878788,2.86656630307529
4.91010101010101,462.878787878788,2.76238953406503
4.97777777777778,462.878787878788,2.64453333197316
5.04545454545454,462.878787878788,2.5136049273139
5.11313131313131,462.878787878788,2.37049106753477
5.18080808080808,462.878787878788,2.21625645145309
5.24848484848485,462.878787878788,2.05196863853224
5.31616161616162,462.878787878788,1.87869518823561
5.38383838383838,462.878787878788,1.69750366002662
5.45151515151515,462.878787878788,1.50946161336864
5.51919191919192,462.878787878788,1.31563660772509
5.58686868686869,462.878787878788,1.11709620255936
5.65454545454545,462.878787878788,0.914907957334834
5.72222222222222,462.878787878788,0.71013943151493
5.78989898989899,462.878787878788,0.50385818456303
5.85757575757576,462.878787878788,0.297131775942539
5.92525252525252,462.878787878788,0.0910277651168522
5.99292929292929,462.878787878788,-0.113386288450636
6.06060606060606,462.878787878788,-0.315042825296524
6.12828282828283,462.878787878788,-0.512874285957416
6.1959595959596,462.878787878788,-0.705813110969918
6.26363636363636,462.878787878788,-0.892791740870629
6.33131313131313,462.878787878788,-1.07274261619615
6.3989898989899,462.878787878788,-1.2445981774831
6.46666666666667,462.878787878788,-1.40729086526806
6.53434343434343,462.878787878788,-1.5597537404684
6.6020202020202,462.878787878788,-1.70126488076149
6.66969696969697,462.878787878788,-1.83202027620452
6.73737373737374,462.878787878788,-1.95236688630875
6.8050505050505,462.878787878788,-2.06265167058549
6.87272727272727,462.878787878788,-2.16322158854602
6.94040404040404,462.878787878788,-2.25442359970165
7.00808080808081,462.878787878788,-2.33660466356365
7.07575757575758,462.878787878788,-2.41011173964334
7.14343434343434,462.878787878788,-2.475291787452
7.21111111111111,462.878787878788,-2.53249176650091
7.27878787878788,462.878787878788,-2.58205863630139
7.34646464646465,462.878787878788,-2.62433935636471
7.41414141414141,462.878787878788,-2.65968088620217
7.48181818181818,462.878787878788,-2.68843018532507
7.54949494949495,462.878787878788,-2.71093421324469
7.61717171717172,462.878787878788,-2.72753992947234
7.68484848484848,462.878787878788,-2.73859429351929
7.75252525252525,462.878787878788,-2.74444426489686
7.82020202020202,462.878787878788,-2.74543680311632
7.88787878787879,462.878787878788,-2.74191886768897
7.95555555555555,462.878787878788,-2.73423741812611
8.02323232323232,462.878787878788,-2.72273941393903
8.09090909090909,462.878787878788,-2.70777181463902
8.15858585858586,462.878787878788,-2.68968157973737
8.22626262626263,462.878787878788,-2.66881566874537
8.29393939393939,462.878787878788,-2.64552104117433
8.36161616161616,462.878787878788,-2.62014465653553
8.42929292929293,462.878787878788,-2.59303347434026
8.4969696969697,462.878787878788,-2.56453445409983
8.56464646464647,462.878787878788,-2.53499455532551
8.63232323232323,462.878787878788,-2.50476073752861
8.7,462.878787878788,-2.47417996022041
2,469.050505050505,-9.55453453327237
2.06767676767677,469.050505050505,-8.97209354437381
2.13535353535354,469.050505050505,-8.39083041942621
2.2030303030303,469.050505050505,-7.81192302238049
2.27070707070707,469.050505050505,-7.2365492171876
2.33838383838384,469.050505050505,-6.66588686779848
2.40606060606061,469.050505050505,-6.10111383816408
2.47373737373737,469.050505050505,-5.54340799223534
2.54141414141414,469.050505050505,-4.99394719396321
2.60909090909091,469.050505050505,-4.45390930729862
2.67676767676768,469.050505050505,-3.92447219619253
2.74444444444444,469.050505050505,-3.40681372459587
2.81212121212121,469.050505050505,-2.90211175645959
2.87979797979798,469.050505050505,-2.41154415573462
2.94747474747475,469.050505050505,-1.93628878637192
3.01515151515152,469.050505050505,-1.47752351232244
3.08282828282828,469.050505050505,-1.0364261975371
3.15050505050505,469.050505050505,-0.61417470596686
3.21818181818182,469.050505050505,-0.211946901562656
3.28585858585859,469.050505050505,0.169079351724566
3.35353535353535,469.050505050505,0.527726189943863
3.42121212121212,469.050505050505,0.862815749144289
3.48888888888889,469.050505050505,1.17317270306919
3.55656565656566,469.050505050505,1.4581255695728
3.62424242424242,469.050505050505,1.71811068545917
3.69191919191919,469.050505050505,1.95371178500707
3.75959595959596,469.050505050505,2.16551260249527
3.82727272727273,469.050505050505,2.35409687220253
3.8949494949495,469.050505050505,2.52004832840761
3.96262626262626,469.050505050505,2.66395070538929
4.03030303030303,469.050505050505,2.78638773742632
4.0979797979798,469.050505050505,2.88794315879749
4.16565656565657,469.050505050505,2.96920070378153
4.23333333333333,469.050505050505,3.03074410665723
4.3010101010101,469.050505050505,3.07315710170336
4.36868686868687,469.050505050505,3.09702342319867
4.43636363636364,469.050505050505,3.10292680542194
4.5040404040404,469.050505050505,3.09145098265193
4.57171717171717,469.050505050505,3.06317968916739
4.63939393939394,469.050505050505,3.01869665924711
4.70707070707071,469.050505050505,2.95858562716984
4.77474747474747,469.050505050505,2.88343032721436
4.84242424242424,469.050505050505,2.79381449365942
4.91010101010101,469.050505050505,2.69032186078379
4.97777777777778,469.050505050505,2.57353616286625
5.04545454545454,469.050505050505,2.44406417952505
5.11313131313131,469.050505050505,2.30277581264447
5.18080808080808,469.050505050505,2.15070847799461
5.24848484848485,469.050505050505,1.98890228420454
5.31616161616162,469.050505050505,1.81839733990333
5.38383838383838,469.050505050505,1.64023375372005
5.45151515151515,469.050505050505,1.45545163428379
5.51919191919192,469.050505050505,1.26509109022362
5.58686868686869,469.050505050505,1.0701922301686
5.65454545454545,469.050505050505,0.871795162747818
5.72222222222222,469.050505050505,0.670939996590353
5.78989898989899,469.050505050505,0.468666840325267
5.85757575757576,469.050505050505,0.266015802581643
5.92525252525252,469.050505050505,0.0640269919885559
5.99292929292929,469.050505050505,-0.136259482824926
6.06060606060606,469.050505050505,-0.333803513229721
6.12828282828283,469.050505050505,-0.527564990596757
6.1959595959596,469.050505050505,-0.716503806296962
6.26363636363636,469.050505050505,-0.899579851701257
6.33131313131313,469.050505050505,-1.07575301818057
6.3989898989899,469.050505050505,-1.24398319710583
6.46666666666667,469.050505050505,-1.40323027984795
6.53434343434343,469.050505050505,-1.55245476296833
6.6020202020202,469.050505050505,-1.69095371190006
6.66969696969697,469.050505050505,-1.81891962896455
6.73737373737374,469.050505050505,-1.93669228938331
6.8050505050505,469.050505050505,-2.04461146837787
6.87272727272727,469.050505050505,-2.14301694116976
6.94040404040404,469.050505050505,-2.23224848298049
7.00808080808081,469.050505050505,-2.31264586903159
7.07575757575758,469.050505050505,-2.38454887454459
7.14343434343434,469.050505050505,-2.44829727474101
7.21111111111111,469.050505050505,-2.50423084484238
7.27878787878788,469.050505050505,-2.55268936007021
7.34646464646465,469.050505050505,-2.59401259564603
7.41414141414141,469.050505050505,-2.62854032679138
7.48181818181818,469.050505050505,-2.65661232872776
7.54949494949495,469.050505050505,-2.6785683766767
7.61717171717172,469.050505050505,-2.69474824585974
7.68484848484848,469.050505050505,-2.70549171149839
7.75252525252525,469.050505050505,-2.71113854881418
7.82020202020202,469.050505050505,-2.71202853302863
7.88787878787879,469.050505050505,-2.70850143936326
7.95555555555555,469.050505050505,-2.70089704303961
8.02323232323232,469.050505050505,-2.68955511927919
8.09090909090909,469.050505050505,-2.67481544330352
8.15858585858586,469.050505050505,-2.65701779033414
8.22626262626263,469.050505050505,-2.63650193559257
8.29393939393939,469.050505050505,-2.61360765430033
8.36161616161616,469.050505050505,-2.58867472167894
8.42929292929293,469.050505050505,-2.56204291294993
8.4969696969697,469.050505050505,-2.53405200333483
8.56464646464647,469.050505050505,-2.50504176805515
8.63232323232323,469.050505050505,-2.47535198233242
8.7,469.050505050505,-2.44532242138817
2,475.222222222222,-9.34153904271037
2.06767676767677,475.222222222222,-8.77057364653162
2.13535353535354,475.222222222222,-8.20076841376368
2.2030303030303,475.222222222222,-7.63328350781734
2.27070707070707,475.222222222222,-7.06927909210342
2.33838383838384,475.222222222222,-6.50991533003272
2.40606060606061,475.222222222222,-5.95635238501606
2.47373737373737,475.222222222222,-5.40975042046423
2.54141414141414,475.222222222222,-4.87126959978804
2.60909090909091,475.222222222222,-4.3420700863983
2.67676767676768,475.222222222222,-3.82331204370581
2.74444444444444,475.222222222222,-3.31615563512137
2.81212121212121,475.222222222222,-2.8217610240558
2.87979797979798,475.222222222222,-2.3412883739199
2.94747474747475,475.222222222222,-1.87589784812447
3.01515151515152,475.222222222222,-1.42674961008033
3.08282828282828,475.222222222222,-0.995003823198274
3.15050505050505,475.222222222222,-0.58182065088911
3.21818181818182,475.222222222222,-0.188360256563642
3.28585858585859,475.222222222222,0.184217196367321
3.35353535353535,475.222222222222,0.534751544492974
3.42121212121212,475.222222222222,0.86208262440251
3.48888888888889,475.222222222222,1.16505278550975
3.55656565656566,475.222222222222,1.44300328361722
3.62424242424242,475.222222222222,1.69637233674176
3.69191919191919,475.222222222222,1.92574411586508
3.75959595959596,475.222222222222,2.13170279196891
3.82727272727273,475.222222222222,2.31483253603496
3.8949494949495,475.222222222222,2.47571751904492
3.96262626262626,475.222222222222,2.61494191198052
4.03030303030303,475.222222222222,2.73308988582348
4.0979797979798,475.222222222222,2.83074561155549
4.16565656565657,475.222222222222,2.90849326015828
4.23333333333333,475.222222222222,2.96691700261355
4.3010101010101,475.222222222222,3.00660100990302
4.36868686868687,475.222222222222,3.0281294530084
4.43636363636364,475.222222222222,3.03208650291141
4.5040404040404,475.222222222222,3.01905633059375
4.57171717171717,475.222222222222,2.98962310703713
4.63939393939394,475.222222222222,2.94437100322328
4.70707070707071,475.222222222222,2.88388419013389
4.77474747474747,475.222222222222,2.80874683875069
4.84242424242424,475.222222222222,2.71954312005538
4.91010101010101,475.222222222222,2.61685720502968
4.97777777777778,475.222222222222,2.5012732646553
5.04545454545454,475.222222222222,2.37339706383383
5.11313131313131,475.222222222222,2.23408091801682
5.18080808080808,475.222222222222,2.08433410634158
5.24848484848485,475.222222222222,1.92516843120532
5.31616161616162,475.222222222222,1.75759569500527
5.38383838383838,475.222222222222,1.58262770013862
5.45151515151515,475.222222222222,1.40127624900259
5.51919191919192,475.222222222222,1.21455314399441
5.58686868686869,475.222222222222,1.02347018751128
5.65454545454545,475.222222222222,0.829039181950401
5.72222222222222,475.222222222222,0.632271929709009
5.78989898989899,475.222222222222,0.434180233184303
5.85757575757576,475.222222222222,0.235775894773501
5.92525252525252,475.222222222222,0.0380707168738181
5.99292929292929,475.222222222222,-0.157923498117539
6.06060606060606,475.222222222222,-0.351194947803351
6.12828282828283,475.222222222222,-0.540731829786405
6.1959595959596,475.222222222222,-0.725522341669493
6.26363636363636,475.222222222222,-0.904554681055396
6.33131313131313,475.222222222222,-1.0768170455469
6.3989898989899,475.222222222222,-1.24129763274681
6.46666666666667,475.222222222222,-1.39698464025788
6.53434343434343,475.222222222222,-1.54286685515328
6.6020202020202,475.222222222222,-1.6782608908457
6.66969696969697,475.222222222222,-1.80335553824865
6.73737373737374,475.222222222222,-1.91848303569404
6.8050505050505,475.222222222222,-2.0239756215138
6.87272727272727,475.222222222222,-2.12016553403984
6.94040404040404,475.222222222222,-2.20738501160408
7.00808080808081,475.222222222222,-2.28596629253845
7.07575757575758,475.222222222222,-2.35624161517485
7.14343434343434,475.222222222222,-2.4185432178452
7.21111111111111,475.222222222222,-2.47320333888144
7.27878787878788,475.222222222222,-2.52055421661547
7.34646464646465,475.222222222222,-2.5609280893792
7.41414141414141,475.222222222222,-2.59465719550458
7.48181818181818,475.222222222222,-2.6220737733235
7.54949494949495,475.222222222222,-2.64351006116788
7.61717171717172,475.222222222222,-2.65929829736966
7.68484848484848,475.222222222222,-2.66977072026073
7.75252525252525,475.222222222222,-2.67525956817303
7.82020202020202,475.222222222222,-2.67609707943848
7.88787878787879,475.222222222222,-2.67261549238898
7.95555555555555,475.222222222222,-2.66514704535646
8.02323232323232,475.222222222222,-2.65402397667284
8.09090909090909,475.222222222222,-2.63957852467003
8.15858585858586,475.222222222222,-2.62214292767996
8.22626262626263,475.222222222222,-2.60204942403454
8.29393939393939,475.222222222222,-2.57963025206569
8.36161616161616,475.222222222222,-2.55521765010533
8.42929292929293,475.222222222222,-2.52914385648538
8.4969696969697,475.222222222222,-2.50174110953775
8.56464646464647,475.222222222222,-2.47334164759437
8.63232323232323,475.222222222222,-2.44427770898715
8.7,475.222222222222,-2.41488153204801
2,481.393939393939,-9.12292756997712
2.06767676767677,481.393939393939,-8.56382152467326
2.13535353535354,481.393939393939,-8.00585705137427
2.2030303030303,481.393939393939,-7.45017572208502
2.27070707070707,481.393939393939,-6.89791910881041
2.33838383838384,481.393939393939,-6.35022878355528
2.40606060606061,481.393939393939,-5.80824631832451
2.47373737373737,481.393939393939,-5.27311328512299
2.54141414141414,481.393939393939,-4.74597125595559
2.60909090909091,481.393939393939,-4.22796180282717
2.67676767676768,481.393939393939,-3.72022649774262
2.74444444444444,481.393939393939,-3.22390691270679
2.81212121212121,481.393939393939,-2.74014461972458
2.87979797979798,481.393939393939,-2.27008119080085
2.94747474747475,481.393939393939,-1.81485819794047
3.01515151515152,481.393939393939,-1.37561721314832
3.08282828282828,481.393939393939,-0.953499808429274
3.15050505050505,481.393939393939,-0.549647555788204
3.21818181818182,481.393939393939,-0.165202027229982
3.28585858585859,481.393939393939,0.198695205240518
3.35353535353535,481.393939393939,0.540902569618423
3.42121212121212,481.393939393939,0.860278493898856
3.48888888888889,481.393939393939,1.15568389199303
3.55656565656566,481.393939393939,1.42647324166966
3.62424242424242,481.393939393939,1.67308623610926
3.69191919191919,481.393939393939,1.89610695852214
3.75959595959596,481.393939393939,2.09611949211866
3.82727272727273,481.393939393939,2.27370792010914
3.8949494949495,481.393939393939,2.42945632570393
3.96262626262626,481.393939393939,2.56394879211336
4.03030303030303,481.393939393939,2.67776940254777
4.0979797979798,481.393939393939,2.77150224021749
4.16565656565657,481.393939393939,2.84573138833286
4.23333333333333,481.393939393939,2.90104093010422
4.3010101010101,481.393939393939,2.9380149487419
4.36868686868687,481.393939393939,2.95723752745624
4.43636363636364,481.393939393939,2.95929274945757
4.5040404040404,481.393939393939,2.94476469795624
4.57171717171717,481.393939393939,2.91423745616258
4.63939393939394,481.393939393939,2.86829510728692
4.70707070707071,481.393939393939,2.80752173453961
4.77474747474747,481.393939393939,2.73250142113097
4.84242424242424,481.393939393939,2.64381825027136
4.91010101010101,481.393939393939,2.54205630517109
4.97777777777778,481.393939393939,2.42779966904051
5.04545454545454,481.393939393939,2.30165255275774
5.11313131313131,481.393939393939,2.16444897668387
5.18080808080808,481.393939393939,2.01716926685027
5.24848484848485,481.393939393939,1.86079610121596
5.31616161616162,481.393939393939,1.69631215773994
5.38383838383838,481.393939393939,1.52470011438122
5.45151515151515,481.393939393939,1.34694264909881
5.51919191919192,481.393939393939,1.16402243985172
5.58686868686869,481.393939393939,0.976922164598969
5.65454545454545,481.393939393939,0.786624501299555
5.72222222222222,481.393939393939,0.594112127912496
5.78989898989899,481.393939393939,0.400367722396796
5.85757575757576,481.393939393939,0.206373962711469
5.92525252525252,481.393939393939,0.0131135268155252
5.99292929292929,481.393939393939,-0.178430907332029
6.06060606060606,481.393939393939,-0.367276661772179
6.12828282828283,481.393939393939,-0.552441058545915
6.1959595959596,481.393939393939,-0.732941419694232
6.26363636363636,481.393939393939,-0.907795067258114
6.33131313131313,481.393939393939,-1.07601932327856
6.3989898989899,481.393939393939,-1.23663150979654
6.46666666666667,481.393939393939,-1.38864894885307
6.53434343434343,481.393939393939,-1.53108953573261
6.6020202020202,481.393939393939,-1.66328996769375
6.66969696969697,481.393939393939,-1.7854351102949
6.73737373737374,481.393939393939,-1.89784932770893
6.8050505050505,481.393939393939,-2.00085698410876
6.87272727272727,481.393939393939,-2.0947824436673
6.94040404040404,481.393939393939,-2.17995007055744
7.00808080808081,481.393939393939,-2.25668422895209
7.07575757575758,481.393939393939,-2.32530928302415
7.14343434343434,481.393939393939,-2.38614959694652
7.21111111111111,481.393939393939,-2.43952953489212
7.27878787878788,481.393939393939,-2.48577346103383
7.34646464646465,481.393939393939,-2.52520573954458
7.41414141414141,481.393939393939,-2.55815073459725
7.48181818181818,481.393939393939,-2.58493281036476
7.54949494949495,481.393939393939,-2.60587633102
7.61717171717172,481.393939393939,-2.62130566073588
7.68484848484848,481.393939393939,-2.63154516368531
7.75252525252525,481.393939393939,-2.63691920404119
7.82020202020202,481.393939393939,-2.63775214597641
7.88787878787879,481.393939393939,-2.63436835366389
7.95555555555555,481.393939393939,-2.62709219127653
8.02323232323232,481.393939393939,-2.61624802298723
8.09090909090909,481.393939393939,-2.60216021296889
8.15858585858586,481.393939393939,-2.58515312539442
8.22626262626263,481.393939393939,-2.56555112443672
8.29393939393939,481.393939393939,-2.5436785742687
8.36161616161616,481.393939393939,-2.51985983906326
8.42929292929293,481.393939393939,-2.4944192829933
8.4969696969697,481.393939393939,-2.46768127023172
8.56464646464647,481.393939393939,-2.43997016495144
8.63232323232323,481.393939393939,-2.41161033132535
8.7,481.393939393939,-2.38292613352635
2,487.565656565657,-8.8989553869895
2.06767676767677,487.565656565657,-8.35207500716311
2.13535353535354,487.565656565657,-7.80631675756377
2.2030303030303,487.565656565657,-7.26280276841852
2.27070707070707,487.565656565657,-6.72265516995441
2.33838383838384,487.565656565657,-6.18699609239848
2.40606060606061,487.565656565657,-5.65694766597779
2.47373737373737,487.565656565657,-5.13363202091937
2.54141414141414,487.565656565657,-4.61817128745028
2.60909090909091,487.565656565657,-4.11168759579756
2.67676767676768,487.565656565657,-3.61530307618825
2.74444444444444,487.565656565657,-3.13013985884941
2.81212121212121,487.565656565657,-2.65732007400808
2.87979797979798,487.565656565657,-2.1979658518913
2.94747474747475,487.565656565657,-1.75319932272611
3.01515151515152,487.565656565657,-1.32414261673958
3.08282828282828,487.565656565657,-0.911917864158748
3.15050505050505,487.565656565657,-0.517647195210652
3.21818181818182,487.565656565657,-0.142452740122342
3.28585858585859,487.565656565657,0.212543370879137
3.35353535353535,487.565656565657,0.546219007566738
3.42121212121212,487.565656565657,0.85745203971341
3.48888888888889,487.565656565657,1.14512279415345
3.55656565656566,487.565656565657,1.40859943263887
3.62424242424242,487.565656565657,1.64832273592145
3.69191919191919,487.565656565657,1.86487619880556
3.75959595959596,487.565656565657,2.0588433160956
3.82727272727273,487.565656565657,2.23080758259593
3.8949494949495,487.565656565657,2.38135249311094
3.96262626262626,487.565656565657,2.51106154244501
4.03030303030303,487.565656565657,2.62051822540252
4.0979797979798,487.565656565657,2.71030603678785
4.16565656565657,487.565656565657,2.78100847140538
4.23333333333333,487.565656565657,2.83320902405949
4.3010101010101,487.565656565657,2.86749118955457
4.36868686868687,487.565656565657,2.88443846269498
4.43636363636364,487.565656565657,2.88463433828513
4.5040404040404,487.565656565657,2.86866231112938
4.57171717171717,487.565656565657,2.83710587603211
4.63939393939394,487.565656565657,2.79054852779771
4.70707070707071,487.565656565657,2.72957376123056
4.77474747474747,487.565656565657,2.65476507113503
4.84242424242424,487.565656565657,2.56670595231552
4.91010101010101,487.565656565657,2.46597989957639
4.97777777777778,487.565656565657,2.35317040772203
5.04545454545454,487.565656565657,2.22887961881426
5.11313131313131,487.565656565657,2.09392258167768
5.18080808080808,487.565656565657,1.94924988987698
5.24848484848485,487.565656565657,1.79581431591782
5.31616161616162,487.565656565657,1.63456863230586
5.38383838383838,487.565656565657,1.46646561154676
5.45151515151515,487.565656565657,1.29245802614619
5.51919191919192,487.565656565657,1.11349864860981
5.58686868686869,487.565656565657,0.930540251443275
5.65454545454545,487.565656565657,0.744535607152254
5.72222222222222,487.565656565657,0.556437488242414
5.78989898989899,487.565656565657,0.367198667219408
5.85757575757576,487.565656565657,0.177771916588906
5.92525252525252,487.565656565657,-0.0108899911434323
5.99292929292929,487.565656565657,-0.197834283471946
6.06060606060606,487.565656565657,-0.382108187890969
6.12828282828283,487.565656565657,-0.562758931894837
6.1959595959596,487.565656565657,-0.738833742977895
6.26363636363636,487.565656565657,-0.909379848634474
6.33131313131313,487.565656565657,-1.07344447635891
6.3989898989899,487.565656565657,-1.23007485364555
6.46666666666667,487.565656565657,-1.37831820798872
6.53434343434343,487.565656565657,-1.51722232341565
6.6020202020202,487.565656565657,-1.64614449253957
6.66969696969697,487.565656565657,-1.76526545134138
6.73737373737374,487.565656565657,-1.87490136789597
6.8050505050505,487.565656565657,-1.97536841027826
6.87272727272727,487.565656565657,-2.06698274656316
6.94040404040404,487.565656565657,-2.15006054482557
7.00808080808081,487.565656565657,-2.22491797314039
7.07575757575758,487.565656565657,-2.29187119958254
7.14343434343434,487.565656565657,-2.35123639222691
7.21111111111111,487.565656565657,-2.40332971914843
7.27878787878788,487.565656565657,-2.44846734842199
7.34646464646465,487.565656565657,-2.48696544812251
7.41414141414141,487.565656565657,-2.51914018632488
7.48181818181818,487.565656565657,-2.54530773110402
7.54949494949495,487.565656565657,-2.56578425053484
7.61717171717172,487.565656565657,-2.58088591269223
7.68484848484848,487.565656565657,-2.59092888565111
7.75252525252525,487.565656565657,-2.59622933748639
7.82020202020202,487.565656565657,-2.59710343627297
7.88787878787879,487.565656565657,-2.59386735008576
7.95555555555555,487.565656565657,-2.58683724699966
8.02323232323232,487.565656565657,-2.57632929508958
8.09090909090909,487.565656565657,-2.56265966243044
8.15858585858586,487.565656565657,-2.54614451709713
8.22626262626263,487.565656565657,-2.52710002716457
8.29393939393939,487.565656565657,-2.50584236070765
8.36161616161616,487.565656565657,-2.4826876858013
8.42929292929293,487.565656565657,-2.45795217052041
8.4969696969697,487.565656565657,-2.43195198293989
8.56464646464647,487.565656565657,-2.40500329113465
8.63232323232323,487.565656565657,-2.3774222631796
8.7,487.565656565657,-2.34952506714964
2,493.737373737374,-8.66987776566436
2.06767676767677,493.737373737374,-8.13557192236553
2.13535353535354,493.737373737374,-7.60236795763793
2.2030303030303,493.737373737374,-7.07136775005277
2.27070707070707,493.737373737374,-6.54367317818128
2.33838383838384,493.737373737374,-6.02038612059469
2.40606060606061,493.737373737374,-5.50260845586422
2.47373737373737,493.737373737374,-4.99144206256109
2.54141414141414,493.737373737374,-4.48798881925653
2.60909090909091,493.737373737374,-3.99335060452176
2.67676767676768,493.737373737374,-3.50862929692801
2.74444444444444,493.737373737374,-3.03492677504649
2.81212121212121,493.737373737374,-2.57334491744844
2.87979797979798,493.737373737374,-2.12498560270508
2.94747474747475,493.737373737374,-1.69095070938762
3.01515151515152,493.737373737374,-1.2723421160673
3.08282828282828,493.737373737374,-0.870261701315339
3.15050505050505,493.737373737374,-0.485811343702959
3.21818181818182,493.737373737374,-0.120092921801385
3.28585858585859,493.737373737374,0.22579168581816
3.35353535353535,493.737373737374,0.55074060058445
3.42121212121212,493.737373737374,0.853651943926261
3.48888888888889,493.737373737374,1.13342626362542
3.55656565656566,493.737373737374,1.38944584543355
3.62424242424242,493.737373737374,1.6221521885381
3.69191919191919,493.737373737374,1.83212772254266
3.75959595959596,493.737373737374,2.01995487705081
3.82727272727273,493.737373737374,2.18621608166613
3.8949494949495,493.737373737374,2.33149376599221
3.96262626262626,493.737373737374,2.45637035963265
4.03030303030303,493.737373737374,2.56142829219102
4.0979797979798,493.737373737374,2.64724999327092
4.16565656565657,493.737373737374,2.71441789247592
4.23333333333333,493.737373737374,2.76351441940962
4.3010101010101,493.737373737374,2.79512200367561
4.36868686868687,493.737373737374,2.80982307487746
4.43636363636364,493.737373737374,2.80820006261877
4.5040404040404,493.737373737374,2.79083539650312
4.57171717171717,493.737373737374,2.7583115061341
4.63939393939394,493.737373737374,2.7112108211153
4.70707070707071,493.737373737374,2.6501157710503
4.77474747474747,493.737373737374,2.57560878554269
4.84242424242424,493.737373737374,2.48827229419605
4.91010101010101,493.737373737374,2.38868872661398
4.97777777777778,493.737373737374,2.27744051240005
5.04545454545454,493.737373737374,2.1551272345209
5.11313131313131,493.737373737374,2.02254432603032
5.18080808080808,493.737373737374,1.88061190577799
5.24848484848485,493.737373737374,1.73025209699228
5.31616161616162,493.737373737374,1.57238702290154
5.38383838383838,493.737373737374,1.40793880673416
5.45151515151515,493.737373737374,1.23782957171849
5.51919191919192,493.737373737374,1.06298144108291
5.58686868686869,493.737373737374,0.88431653805578
5.65454545454545,493.737373737374,0.702756985865473
5.72222222222222,493.737373737374,0.519224907740359
5.78989898989899,493.737373737374,0.3346424269088
5.85757575757576,493.737373737374,0.149931666599169
5.92525252525252,493.737373737374,-0.0339852499601663
5.99292929292929,493.737373737374,-0.216186199540841
6.06060606060606,493.737373737374,-0.395749058914483
6.12828282828283,493.737373737374,-0.571751704852724
6.1959595959596,493.737373737374,-0.743272014127201
6.26363636363636,493.737373737374,-0.90938786350954
6.33131313131313,493.737373737374,-1.06917712977138
6.3989898989899,493.737373737374,-1.22171768968434
6.46666666666667,493.737373737374,-1.36608742002006
6.53434343434343,493.737373737374,-1.50136473691175
6.6020202020202,493.737373737374,-1.62692801547849
6.66969696969697,493.737373737374,-1.74295366762618
6.73737373737374,493.737373737374,-1.84974935872316
6.8050505050505,493.737373737374,-1.9476227541378
6.87272727272727,493.737373737374,-2.03688151923845
6.94040404040404,493.737373737374,-2.11783331939348
7.00808080808081,493.737373737374,-2.19078581997123
7.07575757575758,493.737373737374,-2.25604668634006
7.14343434343434,493.737373737374,-2.31392358386833
7.21111111111111,493.737373737374,-2.3647241779244
7.27878787878788,493.737373737374,-2.40875613387661
7.34646464646465,493.737373737374,-2.44632711709335
7.41414141414141,493.737373737374,-2.47774479294294
7.48181818181818,493.737373737374,-2.50331682679376
7.54949494949495,493.737373737374,-2.52335088401416
7.61717171717172,493.737373737374,-2.5381546299725
7.68484848484848,493.737373737374,-2.54803573003713
7.75252525252525,493.737373737374,-2.55330184957641
7.82020202020202,493.737373737374,-2.55426065395869
7.88787878787879,493.737373737374,-2.55121980855234
7.95555555555555,493.737373737374,-2.54448697872571
8.02323232323232,493.737373737374,-2.53436982984716
8.09090909090909,493.737373737374,-2.52117602728503
8.15858585858586,493.737373737374,-2.5052132364077
8.22626262626263,493.737373737374,-2.48678912258352
8.29393939393939,493.737373737374,-2.46621135118084
8.36161616161616,493.737373737374,-2.44378758756801
8.42929292929293,493.737373737374,-2.41982549711341
8.4969696969697,493.737373737374,-2.39463274518538
8.56464646464647,493.737373737374,-2.36851699715227
8.63232323232323,493.737373737374,-2.34178591838246
8.7,493.737373737374,-2.31474717424429
2,499.909090909091,-8.4359499779186
2.06767676767677,499.909090909091,-7.91455009864491
2.13535353535354,499.909090909091,-7.39423107690252
2.2030303030303,499.909090909091,-6.87607377022274
2.27070707070707,499.909090909091,-6.36115903613689
2.33838383838384,499.909090909091,-5.85056773217626
2.40606060606061,499.909090909091,-5.34538071587216
2.47373737373737,499.909090909091,-4.84667884475589
2.54141414141414,499.909090909091,-4.35554297635877
2.60909090909091,499.909090909091,-3.8730539682121
2.67676767676768,499.909090909091,-3.40029267784719
2.74444444444444,499.909090909091,-2.93833996279533
2.81212121212121,499.909090909091,-2.48827668058784
2.87979797979798,499.909090909091,-2.05118368875603
2.94747474747475,499.909090909091,-1.62814184483119
3.01515151515152,499.909090909091,-1.22023200634464
3.08282828282828,499.909090909091,-0.82853503082769
3.15050505050505,499.909090909091,-0.454131775811634
3.21818181818182,499.909090909091,-0.0981030988277806
3.28585858585859,499.909090909091,0.238470142592563
3.35353535353535,499.909090909091,0.55450709091809
3.42121212121212,499.909090909091,0.848926888617492
3.48888888888889,499.909090909091,1.12065107204337
3.55656565656566,499.909090909091,1.36907646896244
3.62424242424242,499.909090909091,1.594644946319
3.69191919191919,499.909090909091,1.79793741556075
3.75959595959596,499.909090909091,1.97953478813538
3.82727272727273,499.909090909091,2.14001797549058
3.8949494949495,499.909090909091,2.27996788907406
3.96262626262626,499.909090909091,2.3999654403335
4.03030303030303,499.909090909091,2.50059154071661
4.0979797979798,499.909090909091,2.58242710167108
4.16565656565657,499.909090909091,2.6460530346446
4.23333333333333,499.909090909091,2.69205025108488
4.3010101010101,499.909090909091,2.72099966243961
4.36868686868687,499.909090909091,2.73348218015648
4.43636363636364,499.909090909091,2.7300787156832
4.5040404040404,499.909090909091,2.71137018046745
4.57171717171717,499.909090909091,2.67793748595693
4.63939393939394,499.909090909091,2.63036154359935
4.70707070707071,499.909090909091,2.56922326484239
4.77474747474747,499.909090909091,2.49510356113376
4.84242424242424,499.909090909091,2.40858334392114
4.91010101010101,499.909090909091,2.31024352465223
4.97777777777778,499.909090909091,2.20066501477474
5.04545454545454,499.909090909091,2.08044437239514
5.11313131313131,499.909090909091,1.95035680277384
5.18080808080808,499.909090909091,1.81129124490959
5.24848484848485,499.909090909091,1.6641384661207
5.31616161616162,499.909090909091,1.5097892337255
5.38383838383838,499.909090909091,1.34913431504231
5.45151515151515,499.909090909091,1.18306447738946
5.51919191919192,499.909090909091,1.01247048808528
5.58686868686869,499.909090909091,0.838243114448077
5.65454545454545,499.909090909091,0.661273123796186
5.72222222222222,499.909090909091,0.482451283447932
5.78989898989899,499.909090909091,0.302668360721634
5.85757575757576,499.909090909091,0.122815122935619
5.92525252525252,499.909090909091,-0.0562176625917878
5.99292929292929,499.909090909091,-0.233539228542265
6.06060606060606,499.909090909091,-0.408258807597487
6.12828282828283,499.909090909091,-0.579485632439127
6.1959595959596,499.909090909091,-0.746328935748867
6.26363636363636,499.909090909091,-0.907897950208378
6.33131313131313,499.909090909091,-1.06330190849934
6.3989898989899,499.909090909091,-1.21165004330342
6.46666666666667,499.909090909091,-1.35205158730231
6.53434343434343,499.909090909091,-1.48361629493027
6.6020202020202,499.909090909091,-1.60574408660587
6.66969696969697,499.909090909091,-1.71860686538738
6.73737373737374,499.909090909091,-1.82250350265849
6.8050505050505,499.909090909091,-1.91773286980287
6.87272727272727,499.909090909091,-2.00459383820421
6.94040404040404,499.909090909091,-2.08338527924618
7.00808080808081,499.909090909091,-2.15440606431247
7.07575757575758,499.909090909091,-2.21795506478675
7.14343434343434,499.909090909091,-2.27433115205271
7.21111111111111,499.909090909091,-2.32383319749403
7.27878787878788,499.909090909091,-2.36676007249438
7.34646464646465,499.909090909091,-2.40341064843745
7.41414141414141,499.909090909091,-2.43408379670692
7.48181818181818,499.909090909091,-2.45907838868646
7.54949494949495,499.909090909091,-2.47869329575976
7.61717171717172,499.909090909091,-2.49322738931049
7.68484848484848,499.909090909091,-2.50297954072235
7.75252525252525,499.909090909091,-2.508248621379
7.82020202020202,499.909090909091,-2.50933350266413
7.88787878787879,499.909090909091,-2.50653305596141
7.95555555555555,499.909090909091,-2.50014615265454
8.02323232323232,499.909090909091,-2.49047166412718
8.09090909090909,499.909090909091,-2.47780846176302
8.15858585858586,499.909090909091,-2.46245541694574
8.22626262626263,499.909090909091,-2.44471140105902
8.29393939393939,499.909090909091,-2.42487528548654
8.36161616161616,499.909090909091,-2.40324594161197
8.42929292929293,499.909090909091,-2.38012224081901
8.4969696969697,499.909090909091,-2.35580305449132
8.56464646464647,499.909090909091,-2.33058725401259
8.63232323232323,499.909090909091,-2.30477371076651
8.7,499.909090909091,-2.27866129613674
2,506.080808080808,-8.19742729566909
2.06767676767677,506.080808080808,-7.6892473643656
2.13535353535354,506.080808080808,-7.18212654066332
2.2030303030303,506.080808080808,-6.67712393216341
2.27070707070707,506.080808080808,-6.17529864646709
2.33838383838384,506.080808080808,-5.67770979117553
2.40606060606061,506.080808080808,-5.18541647388994
2.47373737373737,506.080808080808,-4.6994778022115
2.54141414141414,506.080808080808,-4.22095288374142
2.60909090909091,506.080808080808,-3.75090082608088
2.67676767676768,506.080808080808,-3.29038073683107
2.74444444444444,506.080808080808,-2.84045172359319
2.81212121212121,506.080808080808,-2.40217289396843
2.87979797979798,506.080808080808,-1.97660335555798
2.94747474747475,506.080808080808,-1.56480221596304
3.01515151515152,506.080808080808,-1.1678285827848
3.08282828282828,506.080808080808,-0.786741563624448
3.15050505050505,506.080808080808,-0.422600266083182
3.21818181818182,506.080808080808,-0.0764637977621915
3.28585858585859,506.080808080808,0.250608733737329
3.35353535353535,506.080808080808,0.557558220814186
3.42121212121212,506.080808080808,0.843325555867188
3.48888888888889,506.080808080808,1.10685399104172
3.55656565656566,506.080808080808,1.34755529213426
3.62424242424242,506.080808080808,1.56587136162392
3.69191919191919,506.080808080808,1.76238116368715
3.75959595959596,506.080808080808,1.9376636625004
3.82727272727273,506.080808080808,2.09229782224011
3.8949494949495,506.080808080808,2.22686260708275
3.96262626262626,506.080808080808,2.34193698120475
4.03030303030303,506.080808080808,2.43809990878258
4.0979797979798,506.080808080808,2.51593035399268
4.16565656565657,506.080808080808,2.57600728101151
4.23333333333333,506.080808080808,2.61890965401551
4.3010101010101,506.080808080808,2.64521643718115
4.36868686868687,506.080808080808,2.65550659468486
4.43636363636364,506.080808080808,2.6503590907031
4.5040404040404,506.080808080808,2.63035288941232
4.57171717171717,506.080808080808,2.59606695498898
4.63939393939394,506.080808080808,2.54808025160952
4.70707070707071,506.080808080808,2.4869717434504
4.77474747474747,506.080808080808,2.41332039468806
4.84242424242424,506.080808080808,2.32770516949896
4.91010101010101,506.080808080808,2.23070503205955
4.97777777777778,506.080808080808,2.12289894654628
5.04545454545454,506.080808080808,2.00488000495448
5.11313131313131,506.080808080808,1.8774026049403
5.18080808080808,506.080808080808,1.74132383762805
5.24848484848485,506.080808080808,1.59750244498445
5.31616161616162,506.080808080808,1.44679716897624
5.38383838383838,506.080808080808,1.29006675157013
5.45151515151515,506.080808080808,1.12816993473286
5.51919191919192,506.080808080808,0.961965460431162
5.58686868686869,506.080808080808,0.792312070631754
5.65454545454545,506.080808080808,0.620068507301365
5.72222222222222,506.080808080808,0.446093512406731
5.78989898989899,506.080808080808,0.271245827914569
5.85757575757576,506.080808080808,0.096384195791614
5.92525252525252,506.080808080808,-0.0776326419954066
5.99292929292929,506.080808080808,-0.24994594347977
6.06060606060606,506.080808080808,-0.419696966694743
6.12828282828283,506.080808080808,-0.586026969673599
6.1959595959596,506.080808080808,-0.748077210449612
6.26363636363636,506.080808080808,-0.904988947056052
6.33131313131313,506.080808080808,-1.05590343752619
6.3989898989899,506.080808080808,-1.19996193989331
6.46666666666667,506.080808080808,-1.33630571219067
6.53434343434343,506.080808080808,-1.46407651618055
6.6020202020202,506.080808080808,-1.58269625601704
6.66969696969697,506.080808080808,-1.69233215086307
6.73737373737374,506.080808080808,-1.79327400216994
6.8050505050505,506.080808080808,-1.88581161138897
6.87272727272727,506.080808080808,-1.97023477997145
6.94040404040404,506.080808080808,-2.04683330936869
7.00808080808081,506.080808080808,-2.11589700103199
7.07575757575758,506.080808080808,-2.17771565641267
7.14343434343434,506.080808080808,-2.23257907696202
7.21111111111111,506.080808080808,-2.28077706413135
7.27878787878788,506.080808080808,-2.32259941937196
7.34646464646465,506.080808080808,-2.35833594413517
7.41414141414141,506.080808080808,-2.38827643987228
7.48181818181818,506.080808080808,-2.41271070803458
7.54949494949495,506.080808080808,-2.43192855007339
7.61717171717172,506.080808080808,-2.44621976744002
7.68484848484848,506.080808080808,-2.45587416158576
7.75252525252525,506.080808080808,-2.46118153396192
7.82020202020202,506.080808080808,-2.46243168601981
7.88787878787879,506.080808080808,-2.45991441921073
7.95555555555555,506.080808080808,-2.45391953498599
8.02323232323232,506.080808080808,-2.4447368347969
8.09090909090909,506.080808080808,-2.43265612009475
8.15858585858586,506.080808080808,-2.41796719233085
8.22626262626263,506.080808080808,-2.40095985295652
8.29393939393939,506.080808080808,-2.38192390342304
8.36161616161616,506.080808080808,-2.36114914518174
8.42929292929293,506.080808080808,-2.33892537968391
8.4969696969697,506.080808080808,-2.31554240838085
8.56464646464647,506.080808080808,-2.29129003272389
8.63232323232323,506.080808080808,-2.26645805416431
8.7,506.080808080808,-2.24133627415343
2,512.252525252525,-7.9545649908327
2.06767676767677,512.252525252525,-7.459901547892
2.13535353535354,512.252525252525,-6.96627477422608
2.2030303030303,512.252525252525,-6.47472133910972
2.27070707070707,512.252525252525,-5.98627791181772
2.33838383838384,512.252525252525,-5.50198116162486
2.40606060606061,512.252525252525,-5.02286775780591
2.47373737373737,512.252525252525,-4.54997436963566
2.54141414141414,512.252525252525,-4.0843376663889
2.60909090909091,512.252525252525,-3.6269943173404
2.67676767676768,512.252525252525,-3.17898099176496
2.74444444444444,512.252525252525,-2.74133435893735
2.81212121212121,512.252525252525,-2.31509108813236
2.87979797979798,512.252525252525,-1.90128784862477
2.94747474747475,512.252525252525,-1.50096130968937
3.01515151515152,512.252525252525,-1.11514814060093
3.08282828282828,512.252525252525,-0.744885010634254
3.15050505050505,512.252525252525,-0.391208589064111
3.21818181818182,512.252525252525,-0.055155545165285
3.28585858585859,512.252525252525,0.262237451787436
3.35353535353535,512.252525252525,0.559933732519271
3.42121212121212,512.252525252525,0.836896627755436
3.48888888888889,512.252525252525,1.09209179225489
3.55656565656566,512.252525252525,1.32494630385774
3.62424242424242,512.252525252525,1.53590178681264
3.69191919191919,512.252525252525,1.72553485274918
3.75959595959596,512.252525252525,1.89442211329695
3.82727272727273,512.252525252525,2.04314018008555
3.8949494949495,512.252525252525,2.17226566474457
3.96262626262626,512.252525252525,2.28237517890361
4.03030303030303,512.252525252525,2.37404533419225
4.0979797979798,512.252525252525,2.4478527422401
4.16565656565657,512.252525252525,2.50437401467675
4.23333333333333,512.252525252525,2.54418576313178
4.3010101010101,512.252525252525,2.5678645992348
4.36868686868687,512.252525252525,2.5759871346154
4.43636363636364,512.252525252525,2.56912998090318
4.5040404040404,512.252525252525,2.54786974972772
4.57171717171717,512.252525252525,2.51278305271862
4.63939393939394,512.252525252525,2.46444650150547
4.70707070707071,512.252525252525,2.40343670771787
4.77474747474747,512.252525252525,2.33033028298542
4.84242424242424,512.252525252525,2.2457038389377
4.91010101010101,512.252525252525,2.15013398720431
4.97777777777778,512.252525252525,2.04419733941484
5.04545454545454,512.252525252525,1.92848310471642
5.11313131313131,512.252525252525,1.80372432556176
5.18080808080808,512.252525252525,1.67074561428967
5.24848484848485,512.252525252525,1.53037305526491
5.31616161616162,512.252525252525,1.38343273285227
5.38383838383838,512.252525252525,1.23075073141652
5.45151515151515,512.252525252525,1.07315313532244
5.51919191919192,512.252525252525,0.911466028934812
5.58686868686869,512.252525252525,0.746515496618401
5.65454545454545,512.252525252525,0.579127622737988
5.72222222222222,512.252525252525,0.410128491658354
5.78989898989899,512.252525252525,0.240344187744269
5.85757575757576,512.252525252525,0.0706007953605125
5.92525252525252,512.252525252525,-0.0982756011281359
5.99292929292929,512.252525252525,-0.265458917356906
6.06060606060606,512.252525252525,-0.430123068961015
6.12828282828283,512.252525252525,-0.591441971575689
6.1959595959596,512.252525252525,-0.748589540836153
6.26363636363636,512.252525252525,-0.900739692377626
6.33131313131313,512.252525252525,-1.04706634183534
6.3989898989899,512.252525252525,-1.18674340484451
6.46666666666667,512.252525252525,-1.31894479704036
6.53434343434343,512.252525252525,-1.44284491937192
6.6020202020202,512.252525252525,-1.55788807380735
6.66969696969697,512.252525252525,-1.66423663029133
6.73737373737374,512.252525252525,-1.76217105972552
6.8050505050505,512.252525252525,-1.8519718330116
6.87272727272727,512.252525252525,-1.93391942105121
6.94040404040404,512.252525252525,-2.00829429474601
7.00808080808081,512.252525252525,-2.07537692499767
7.07575757575758,512.252525252525,-2.13544778270784
7.14343434343434,512.252525252525,-2.18878733877819
7.21111111111111,512.252525252525,-2.23567606411037
7.27878787878788,512.252525252525,-2.27639442960604
7.34646464646465,512.252525252525,-2.31122290616687
7.41414141414141,512.252525252525,-2.3404419646945
7.48181818181818,512.252525252525,-2.36433207609061
7.54949494949495,512.252525252525,-2.38317371125685
7.61717171717172,512.252525252525,-2.39724734109487
7.68484848484848,512.252525252525,-2.40683343650635
7.75252525252525,512.252525252525,-2.41221246839293
7.82020202020202,512.252525252525,-2.41366490765629
7.88787878787879,512.252525252525,-2.41147122519806
7.95555555555555,512.252525252525,-2.40591189191993
8.02323232323232,512.252525252525,-2.39726737872354
8.09090909090909,512.252525252525,-2.38581815651056
8.15858585858586,512.252525252525,-2.37184469618264
8.22626262626263,512.252525252525,-2.35562746864145
8.29393939393939,512.252525252525,-2.33744694478864
8.36161616161616,512.252525252525,-2.31758359552588
8.42929292929293,512.252525252525,-2.29631789175481
8.4969696969697,512.252525252525,-2.27393030437711
8.56464646464647,512.252525252525,-2.25070130429443
8.63232323232323,512.252525252525,-2.22691136240844
8.7,512.252525252525,-2.20284094962078
2,518.424242424242,-7.7076183353263
2.06767676767677,518.424242424242,-7.22675047758845
2.13535353535354,518.424242424242,-6.74689620289657
2.2030303030303,518.424242424242,-6.26906909429665
2.27070707070707,518.424242424242,-5.79428273483466
2.33838383838384,518.424242424242,-5.32355070755659
2.40606060606061,518.424242424242,-4.8578865955084
2.47373737373737,518.424242424242,-4.39830398173609
2.54141414141414,518.424242424242,-3.94581644928562
2.60909090909091,518.424242424242,-3.50143758120298
2.67676767676768,518.424242424242,-3.06618096053414
2.74444444444444,518.424242424242,-2.64106017032508
2.81212121212121,518.424242424242,-2.22708879362179
2.87979797979798,518.424242424242,-1.82528041347023
2.94747474747475,518.424242424242,-1.43664861291638
3.01515151515152,518.424242424242,-1.06220697500623
3.08282828282828,518.424242424242,-0.702969082785753
3.15050505050505,518.424242424242,-0.359948519300927
3.21818181818182,518.424242424242,-0.0341588675977273
3.28585858585859,518.424242424242,0.273386289277866
3.35353535353535,518.424242424242,0.561673368279874
3.42121212121212,518.424242424242,0.829688786362318
3.48888888888889,518.424242424242,1.07642124731731
3.55656565656566,518.424242424242,1.3013134930416
3.62424242424242,518.424242424242,1.50480657424493
3.69191919191919,518.424242424242,1.68747436857414
3.75959595959596,518.424242424242,1.84989075367612
3.82727272727273,518.424242424242,1.99262960719772
3.8949494949495,518.424242424242,2.11626480678581
3.96262626262626,518.424242424242,2.22137023008726
4.03030303030303,518.424242424242,2.30851975474893
4.0979797979798,518.424242424242,2.37828725841769
4.16565656565657,518.424242424242,2.43124661874041
4.23333333333333,518.424242424242,2.46797171336394
4.3010101010101,518.424242424242,2.48903641993516
4.36868686868687,518.424242424242,2.49501461610093
4.43636363636364,518.424242424242,2.48648017950812
4.5040404040404,518.424242424242,2.4640069878036
4.57171717171717,518.424242424242,2.42816891863422
4.63939393939394,518.424242424242,2.37953984964686
4.70707070707071,518.424242424242,2.31869365848838
4.77474747474747,518.424242424242,2.24620422280565
4.84242424242424,518.424242424242,2.16264542024553
4.91010101010101,518.424242424242,2.06859112845489
4.97777777777778,518.424242424242,1.96461522508059
5.04545454545454,518.424242424242,1.85130264419845
5.11313131313131,518.424242424242,1.72936455767028
5.18080808080808,518.424242424242,1.59959250525072
5.24848484848485,518.424242424242,1.46277931864344
5.31616161616162,518.424242424242,1.31971782955211
5.38383838383838,518.424242424242,1.1712008696804
5.45151515151515,518.424242424242,1.01802127073196
5.51919191919192,518.424242424242,0.860971864410475
5.58686868686869,518.424242424242,0.700845482419608
5.65454545454545,518.424242424242,0.538434956463025
5.72222222222222,518.424242424242,0.374533118244399
5.78989898989899,518.424242424242,0.209932799467391
5.85757575757576,518.424242424242,0.0454268318356733
5.92525252525252,518.424242424242,-0.118191952947086
5.99292929292929,518.424242424242,-0.280130723177224
6.06060606060606,518.424242424242,-0.439596647151068
6.12828282828283,518.424242424242,-0.59579689316495
6.1959595959596,518.424242424242,-0.747938629515208
6.26363636363636,518.424242424242,-0.895229024498167
6.33131313131313,518.424242424242,-1.03687524641016
6.3989898989899,518.424242424242,-1.17208446354753
6.46666666666667,518.424242424242,-1.3000638442066
6.53434343434343,518.424242424242,-1.42002102321375
6.6020202020202,518.424242424242,-1.53142309007214
6.66969696969697,518.424242424242,-1.63442740991024
6.73737373737374,518.424242424242,-1.72930487779322
6.8050505050505,518.424242424242,-1.81632638878625
6.87272727272727,518.424242424242,-1.89576283795451
6.94040404040404,518.424242424242,-1.96788512036316
7.00808080808081,518.424242424242,-2.03296413107738
7.07575757575758,518.424242424242,-2.09127076516233
7.14343434343434,518.424242424242,-2.14307591768319
7.21111111111111,518.424242424242,-2.18865048370512
7.27878787878788,518.424242424242,-2.2282653582933
7.34646464646465,518.424242424242,-2.26219143651289
7.41414141414141,518.424242424242,-2.29069961342908
7.48181818181818,518.424242424242,-2.31406078410702
7.54949494949495,518.424242424242,-2.33254584361189
7.61717171717172,518.424242424242,-2.34642568700887
7.68484848484848,518.424242424242,-2.35597120936311
7.75252525252525,518.424242424242,-2.3614533057398
7.82020202020202,518.424242424242,-2.36314287120409
7.88787878787879,518.424242424242,-2.36131080082117
7.95555555555555,518.424242424242,-2.3562279896562
8.02323232323232,518.424242424242,-2.34816533277436
8.09090909090909,518.424242424242,-2.33739372524081
8.15858585858586,518.424242424242,-2.32418406212072
8.22626262626263,518.424242424242,-2.30880723847927
8.29393939393939,518.424242424242,-2.29153414938162
8.36161616161616,518.424242424242,-2.27263568989295
8.42929292929293,518.424242424242,-2.25238275507843
8.4969696969697,518.424242424242,-2.23104624000323
8.56464646464647,518.424242424242,-2.20889703973251
8.63232323232323,518.424242424242,-2.18620604933146
8.7,518.424242424242,-2.16324416386523
2,524.59595959596,-7.45684260106678
2.06767676767677,524.59595959596,-6.99003198181934
2.13535353535354,524.59595959596,-6.52421125198056
2.2030303030303,524.59595959596,-6.06037030095914
2.27070707070707,524.59595959596,-5.59949901816376
2.33838383838384,524.59595959596,-5.14258729300307
2.40606060606061,524.59595959596,-4.69062501488577
2.47373737373737,524.59595959596,-4.24460207322053
2.54141414141414,524.59595959596,-3.80550835741602
2.60909090909091,524.59595959596,-3.37433375688093
2.67676767676768,524.59595959596,-2.95206816102392
2.74444444444444,524.59595959596,-2.53970145925367
2.81212121212121,524.59595959596,-2.13822354097887
2.87979797979798,524.59595959596,-1.74862429560818
2.94747474747475,524.59595959596,-1.37189361255029
3.01515151515152,524.59595959596,-1.00902138121387
3.08282828282828,524.59595959596,-0.660997491007591
3.15050505050505,524.59595959596,-0.328811831340138
3.21818181818182,524.59595959596,-0.0134542916201829
3.28585858585859,524.59595959596,0.284085238743597
3.35353535353535,524.59595959596,0.562816870342524
3.42121212121212,524.59595959596,0.821750713767924
3.48888888888889,524.59595959596,1.0598991278634
3.55656565656566,524.59595959596,1.27672084859458
3.62424242424242,524.59595959596,1.47265607628057
3.69191919191919,524.59595959596,1.64827559698937
3.75959595959596,524.59595959596,1.804150196789
3.82727272727273,524.59595959596,1.94085066174746
3.8949494949495,524.59595959596,2.05894777793277
3.96262626262626,524.59595959596,2.15901233141292
4.03030303030303,524.59595959596,2.24161510825594
4.0979797979798,524.59595959596,2.30732689452983
4.16565656565657,524.59595959596,2.35671847630259
4.23333333333333,524.59595959596,2.39036063964225
4.3010101010101,524.59595959596,2.4088241706168
4.36868686868687,524.59595959596,2.41267985529426
4.43636363636364,524.59595959596,2.40249847974264
4.5040404040404,524.59595959596,2.37885083002994
4.57171717171717,524.59595959596,2.34230769222417
4.63939393939394,524.59595959596,2.29343985239335
4.70707070707071,524.59595959596,2.23281809660548
4.77474747474747,524.59595959596,2.16101321092858
4.84242424242424,524.59595959596,2.07859598143064
4.91010101010101,524.59595959596,1.98613719417969
4.97777777777778,524.59595959596,1.88420763524372
5.04545454545454,524.59595959596,1.77338759591807
5.11313131313131,524.59595959596,1.65436589429792
5.18080808080808,524.59595959596,1.5279004408675
5.24848484848485,524.59595959596,1.39475025680142
5.31616161616162,524.59595959596,1.25567436327428
5.38383838383838,524.59595959596,1.11143178146066
5.45151515151515,524.59595959596,0.962781532535165
5.51919191919192,524.59595959596,0.810482637672404
5.58686868686869,524.59595959596,0.655294118046966
5.65454545454545,524.59595959596,0.497974994833452
5.72222222222222,524.59595959596,0.339284289206467
5.78989898989899,524.59595959596,0.179981022340599
5.85757575757576,524.59595959596,0.0208242154104548
5.92525252525252,524.59595959596,-0.137427110409369
5.99292929292929,524.59595959596,-0.294013933944277
6.06060606060606,524.59595959596,-0.448177234019664
6.12828282828283,524.59595959596,-0.599157989460936
6.1959595959596,524.59595959596,-0.746197179093495
6.26363636363636,524.59595959596,-0.888535781742738
6.33131313131313,524.59595959596,-1.02541477623407
6.3989898989899,524.59595959596,-1.15607514139289
6.46666666666667,524.59595959596,-1.2797578560446
6.53434343434343,524.59595959596,-1.39570434641538
6.6020202020202,524.59595959596,-1.50340485490676
6.66969696969697,524.59595959596,-1.60301159595789
6.73737373737374,524.59595959596,-1.69478565884103
6.8050505050505,524.59595959596,-1.77898813282844
6.87272727272727,524.59595959596,-1.85588010719239
6.94040404040404,524.59595959596,-1.92572267120515
7.00808080808081,524.59595959596,-1.98877691413898
7.07575757575758,524.59595959596,-2.04530392526616
7.14343434343434,524.59595959596,-2.09556479385894
7.21111111111111,524.59595959596,-2.1398206091896
7.27878787878788,524.59595959596,-2.1783324605304
7.34646464646465,524.59595959596,-2.2113614371536
7.41414141414141,524.59595959596,-2.23916862833148
7.48181818181818,524.59595959596,-2.26201512333629
7.54949494949495,524.59595959596,-2.28016201144031
7.61717171717172,524.59595959596,-2.2938703819158
7.68484848484848,524.59595959596,-2.30340132403503
7.75252525252525,524.59595959596,-2.30901592707027
7.82020202020202,524.59595959596,-2.31097528029378
7.88787878787879,524.59595959596,-2.30954047297782
7.95555555555555,524.59595959596,-2.30497259439467
8.02323232323232,524.59595959596,-2.29753273381658
8.09090909090909,524.59595959596,-2.28748198051584
8.15858585858586,524.59595959596,-2.27508142376469
8.22626262626263,524.59595959596,-2.26059215283542
8.29393939393939,524.59595959596,-2.24427525700028
8.36161616161616,524.59595959596,-2.22639182553154
8.42929292929293,524.59595959596,-2.20720294770147
8.4969696969697,524.59595959596,-2.18696971278234
8.56464646464647,524.59595959596,-2.1659532100464
8.63232323232323,524.59595959596,-2.14441452876594
8.7,524.59595959596,-2.1226147582132
2,530.767676767677,-7.202493059971
2.06767676767677,530.767676767677,-6.74998388894902
2.13535353535354,530.767676767677,-6.29844034678382
2.2030303030303,530.767676767677,-5.84882806233217
2.27070707070707,530.767676767677,-5.40211266445086
2.33838383838384,530.767676767677,-4.95925978199666
2.40606060606061,530.767676767677,-4.52123504382635
2.47373737373737,530.767676767677,-4.08900407879671
2.54141414141414,530.767676767677,-3.66353251576452
2.60909090909091,530.767676767677,-3.24578598358655
2.67676767676768,530.767676767677,-2.83673011111958
2.74444444444444,530.767676767677,-2.43733052722039
2.81212121212121,530.767676767677,-2.04855286074577
2.87979797979798,530.767676767677,-1.67136274055248
2.94747474747475,530.767676767677,-1.3067257954973
3.01515151515152,530.767676767677,-0.955607654437019
3.08282828282828,530.767676767677,-0.618973946228411
3.15050505050505,530.767676767677,-0.297790299728251
3.21818181818182,530.767676767677,0.00697765620668204
3.28585858585859,530.767676767677,0.29436429271961
3.35353535353535,530.767676767677,0.563403980953754
3.42121212121212,530.767676767677,0.813131092052334
3.48888888888889,530.767676767677,1.04258220552757
3.55656565656566,530.767676767677,1.25123235942539
3.62424242424242,530.767676767677,1.43952064527933
3.69191919191919,530.767676767677,1.60801442382217
3.75959595959596,530.767676767677,1.75728105578667
3.82727272727273,530.767676767677,1.8878879019056
3.8949494949495,530.767676767677,2.00040232291171
3.96262626262626,530.767676767677,2.09539167953778
4.03030303030303,530.767676767677,2.17342333251658
4.0979797979798,530.767676767677,2.23506464258086
4.16565656565657,530.767676767677,2.2808829704634
4.23333333333333,530.767676767677,2.31144567689696
4.3010101010101,530.767676767677,2.3273201226143
4.36868686868687,530.767676767677,2.3290736683482
4.43636363636364,530.767676767677,2.31727367483141
4.5040404040404,530.767676767677,2.2924875027967
4.57171717171717,530.767676767677,2.25528251297685
4.63939393939394,530.767676767677,2.2062260661046
4.70707070707071,530.767676767677,2.14588552291274
4.77474747474747,530.767676767677,2.07482824413402
4.84242424242424,530.767676767677,1.99362159050122
4.91010101010101,530.767676767677,1.90283292274709
4.97777777777778,530.767676767677,1.8030296016044
5.04545454545454,530.767676767677,1.69478693239276
5.11313131313131,530.767676767677,1.57877092847673
5.18080808080808,530.767676767677,1.4557053514963
5.24848484848485,530.767676767677,1.32631489142022
5.31616161616162,530.767676767677,1.19132423821727
5.38383838383838,530.767676767677,1.05145808185621
5.45151515151515,530.767676767677,0.907441112305814
5.51919191919192,530.767676767677,0.759998019534844
5.58686868686869,530.767676767677,0.609853493512064
5.65454545454545,530.767676767677,0.457732224206244
5.72222222222222,530.767676767677,0.304358901586154
5.78989898989899,530.767676767677,0.150458215620555
5.85757575757576,530.767676767677,-0.00324514372178494
5.92525252525252,530.767676767677,-0.156026486472094
5.99292929292929,530.767676767677,-0.307161122661612
6.06060606060606,530.767676767677,-0.455924362321569
6.12828282828283,530.767676767677,-0.601591515483195
6.1959595959596,530.767676767677,-0.743437892177731
6.26363636363636,530.767676767677,-0.880738802436403
6.33131313131313,530.767676767677,-1.01276955629045
6.3989898989899,530.767676767677,-1.1388054637711
6.46666666666667,530.767676767677,-1.25812183490959
6.53434343434343,530.767676767677,-1.36999440768616
6.6020202020202,530.767676767677,-1.47393691840656
6.66969696969697,530.767676767677,-1.57009629467236
6.73737373737374,530.767676767677,-1.65872360533693
6.8050505050505,530.767676767677,-1.74006991925364
6.87272727272727,530.767676767677,-1.81438630527587
6.94040404040404,530.767676767677,-1.88192383225698
7.00808080808081,530.767676767677,-1.94293356905036
7.07575757575758,530.767676767677,-1.99766658450938
7.14343434343434,530.767676767677,-2.04637394748742
7.21111111111111,530.767676767677,-2.08930672683784
7.27878787878788,530.767676767677,-2.12671599141402
7.34646464646465,530.767676767677,-2.15885281006934
7.41414141414141,530.767676767677,-2.18596825165718
7.48181818181818,530.767676767677,-2.20831338503089
7.54949494949495,530.767676767677,-2.22613927904387
7.61717171717172,530.767676767677,-2.23969700254948
7.68484848484848,530.767676767677,-2.24923762440111
7.75252525252525,530.767676767677,-2.25501221345211
7.82020202020202,530.767676767677,-2.25727183855588
7.88787878787879,530.767676767677,-2.25626756856577
7.95555555555555,530.767676767677,-2.25225047233517
8.02323232323232,530.767676767677,-2.24547161871746
8.09090909090909,530.767676767677,-2.236182076566
8.15858585858586,530.767676767677,-2.22463291473417
8.22626262626263,530.767676767677,-2.21107520207534
8.29393939393939,530.767676767677,-2.19576000744289
8.36161616161616,530.767676767677,-2.1789383996902
8.42929292929293,530.767676767677,-2.16086144767063
8.4969696969697,530.767676767677,-2.14178022023757
8.56464646464647,530.767676767677,-2.12194578624438
8.63232323232323,530.767676767677,-2.10160921454445
8.7,530.767676767677,-2.08102157399114
2,536.939393939394,-6.94482498395585
2.06767676767677,536.939393939394,-6.50684402734189
2.13535353535354,536.939393939394,-6.06980391261212
2.2030303030303,536.939393939394,-5.6346454816507
2.27070707070707,536.939393939394,-5.20230957634184
2.33838383838384,536.939393939394,-4.7737370385697
2.40606060606061,536.939393939394,-4.34986871021848
2.47373737373737,536.939393939394,-3.93164543317236
2.54141414141414,536.939393939394,-3.52000804931552
2.60909090909091,536.939393939394,-3.11589740053215
2.67676767676768,536.939393939394,-2.72025432870642
2.74444444444444,536.939393939394,-2.33401967572252
2.81212121212121,536.939393939394,-1.95813428346463
2.87979797979798,536.939393939394,-1.59353899381694
2.94747474747475,536.939393939394,-1.24117464866362
3.01515151515152,536.939393939394,-0.901982089888866
3.08282828282828,536.939393939394,-0.576902159376856
3.15050505050505,536.939393939394,-0.266875699011773
3.21818181818182,536.939393939394,0.0271564493222018
3.28585858585859,536.939393939394,0.304253443740884
3.35353535353535,536.939393939394,0.56347444236009
3.42121212121212,536.939393939394,0.803878603295638
3.48888888888889,536.939393939394,1.02452725194426
3.55656565656566,536.939393939394,1.22491201444276
3.62424242424242,536.939393939394,1.405470633601
3.69191919191919,536.939393939394,1.56676673489986
3.75959595959596,536.939393939394,1.70936394382022
3.82727272727273,536.939393939394,1.83382588584295
3.8949494949495,536.939393939394,1.94071618644893
3.96262626262626,536.939393939394,2.03059847111905
4.03030303030303,536.939393939394,2.10403636533416
4.0979797979798,536.939393939394,2.16159349457517
4.16565656565657,536.939393939394,2.20383348432293
4.23333333333333,536.939393939394,2.23131996005833
4.3010101010101,536.939393939394,2.24461654726225
4.36868686868687,536.939393939394,2.24428687141556
4.43636363636364,536.939393939394,2.23089455799914
4.5040404040404,536.939393939394,2.20500323249387
4.57171717171717,536.939393939394,2.16717652038062
4.63939393939394,536.939393939394,2.11797804714028
4.70707070707071,536.939393939394,2.05797143825371
4.77474747474747,536.939393939394,1.9877203192018
4.84242424242424,536.939393939394,1.90778831546543
4.91010101010101,536.939393939394,1.81873905252547
4.97777777777778,536.939393939394,1.7211361558628
5.04545454545454,536.939393939394,1.61554962614003
5.11313131313131,536.939393939394,1.50262225323878
5.18080808080808,536.939393939394,1.38304316749338
5.24848484848485,536.939393939394,1.2575022441812
5.31616161616162,536.939393939394,1.12668935857961
5.38383838383838,536.939393939394,0.991294385965973
5.45151515151515,536.939393939394,0.85200720161766
5.51919191919192,536.939393939394,0.709517680812045
5.58686868686869,536.939393939394,0.564515698826493
5.65454545454545,536.939393939394,0.417691130938373
5.72222222222222,536.939393939394,0.269733852425059
5.78989898989899,536.939393939394,0.121333738563916
5.85757575757576,536.939393939394,-0.0268193353676856
5.92525252525252,536.939393939394,-0.174035494092375
5.99292929292929,536.939393939394,-0.319624862332785
6.06060606060606,536.939393939394,-0.462897564811545
6.12828282828283,536.939393939394,-0.603163726251283
6.1959595959596,536.939393939394,-0.739733471374635
6.26363636363636,536.939393939394,-0.871916924904227
6.33131313131313,536.939393939394,-0.999024211562694
6.3989898989899,536.939393939394,-1.12036545607266
6.46666666666667,536.939393939394,-1.23525078315676
6.53434343434343,536.939393939394,-1.34299072573542
6.6020202020202,536.939393939394,-1.44312283066688
6.66969696969697,536.939393939394,-1.53578861229174
6.73737373737374,536.939393939394,-1.62122891974894
6.8050505050505,536.939393939394,-1.69968460217737
6.87272727272727,536.939393939394,-1.77139650871598
6.94040404040404,536.939393939394,-1.83660548850368
7.00808080808081,536.939393939394,-1.89555239067939
7.07575757575758,536.939393939394,-1.94847806438204
7.14343434343434,536.939393939394,-1.99562335875056
7.21111111111111,536.939393939394,-2.03722912292385
7.27878787878788,536.939393939394,-2.07353620604085
7.34646464646465,536.939393939394,-2.10478545724048
7.41414141414141,536.939393939394,-2.13121772566166
7.48181818181818,536.939393939394,-2.15307386044331
7.54949494949495,536.939393939394,-2.17059471072435
7.61717171717172,536.939393939394,-2.18402112564372
7.68484848484848,536.939393939394,-2.19359395434032
7.75252525252525,536.939393939394,-2.19955404595308
7.82020202020202,536.939393939394,-2.20214224962093
7.88787878787879,536.939393939394,-2.20159941448279
7.95555555555555,536.939393939394,-2.19816638967758
8.02323232323232,536.939393939394,-2.19208402434422
8.09090909090909,536.939393939394,-2.18359316762164
8.15858585858586,536.939393939394,-2.17293466864875
8.22626262626263,536.939393939394,-2.16034937656448
8.29393939393939,536.939393939394,-2.14607814050776
8.36161616161616,536.939393939394,-2.1303618096175
8.42929292929293,536.939393939394,-2.11344123303263
8.4969696969697,536.939393939394,-2.09555725989206
8.56464646464647,536.939393939394,-2.07695073933473
8.63232323232323,536.939393939394,-2.05786252049956
8.7,536.939393939394,-2.03853345252546
2,543.111111111111,-6.6840936449382
2.06767676767677,543.111111111111,-6.2608502253623
2.13535353535354,543.111111111111,-5.8385223747712
2.2030303030303,543.111111111111,-5.41802566214968
2.27070707070707,543.111111111111,-5.00027565648253
2.33838383838384,543.111111111111,-4.58618792675455
2.40606060606061,543.111111111111,-4.17667804195051
2.47373737373737,543.111111111111,-3.77266157105523
2.54141414141414,543.111111111111,-3.37505408305347
2.60909090909091,543.111111111111,-2.98477114693004
2.67676767676768,543.111111111111,-2.60272833166973
2.74444444444444,543.111111111111,-2.22984120625733
2.81212121212121,543.111111111111,-1.86702533967762
2.87979797979798,543.111111111111,-1.5151963009154
2.94747474747475,543.111111111111,-1.17526965895546
3.01515151515152,543.111111111111,-0.848160982782583
3.08282828282828,543.111111111111,-0.534785841381572
3.15050505050505,543.111111111111,-0.236059803737211
3.21818181818182,543.111111111111,0.0471015611657099
3.28585858585859,543.111111111111,0.313782684342399
3.35353535353535,543.111111111111,0.563067996808065
3.42121212121212,543.111111111111,0.794041929577917
3.48888888888889,543.111111111111,1.00579103874789
3.55656565656566,543.111111111111,1.19782380255542
3.62424242424242,543.111111111111,1.37057639360535
3.69191919191919,543.111111111111,1.52460841604976
3.75959595959596,543.111111111111,1.66047947404073
3.82727272727273,543.111111111111,1.77874917173036
3.8949494949495,543.111111111111,1.87997711327072
3.96262626262626,543.111111111111,1.96472290281391
4.03030303030303,543.111111111111,2.03354614451201
4.0979797979798,543.111111111111,2.0870064425171
4.16565656565657,543.111111111111,2.12566340098128
4.23333333333333,543.111111111111,2.15007662405662
4.3010101010101,543.111111111111,2.16080571589522
4.36868686868687,543.111111111111,2.15841028064915
4.43636363636364,543.111111111111,2.14344992247052
4.5040404040404,543.111111111111,2.1164842455114
4.57171717171717,543.111111111111,2.07807285392387
4.63939393939394,543.111111111111,2.02877535186003
4.70707070707071,543.111111111111,1.96915134347196
4.77474747474747,543.111111111111,1.89976043291174
4.84242424242424,543.111111111111,1.82116222433147
4.91010101010101,543.111111111111,1.73391632188322
4.97777777777778,543.111111111111,1.63858232971909
5.04545454545454,543.111111111111,1.53572464967736
5.11313131313131,543.111111111111,1.42596246161612
5.18080808080808,543.111111111111,1.30994981921505
5.24848484848485,543.111111111111,1.18834133676574
5.31616161616162,543.111111111111,1.0617916285598
5.38383838383838,543.111111111111,0.930955308888843
5.45151515151515,543.111111111111,0.796486992044458
5.51919191919192,543.111111111111,0.659041292318258
5.58686868686869,543.111111111111,0.519272824001842
5.65454545454545,543.111111111111,0.377836201386814
5.72222222222222,543.111111111111,0.235386038764782
5.78989898989899,543.111111111111,0.0925769504273446
5.85757575757576,543.111111111111,-0.0499364493338911
5.92525252525252,543.111111111111,-0.191499546227321
5.99292929292929,543.111111111111,-0.331457725961344
6.06060606060606,543.111111111111,-0.469156374244354
6.12828282828283,543.111111111111,-0.603940876784748
6.1959595959596,543.111111111111,-0.735156619290924
6.26363636363636,543.111111111111,-0.862148987471276
6.33131313131313,543.111111111111,-0.984263367034201
6.3989898989899,543.111111111111,-1.1008451436881
6.46666666666667,543.111111111111,-1.21123970314135
6.53434343434343,543.111111111111,-1.31479281927252
6.6020202020202,543.111111111111,-1.41106614178306
6.66969696969697,543.111111111111,-1.50019565505412
6.73737373737374,543.111111111111,-1.58241180454502
6.8050505050505,543.111111111111,-1.65794503571512
6.87272727272727,543.111111111111,-1.72702579402375
6.94040404040404,543.111111111111,-1.78988452493024
7.00808080808081,543.111111111111,-1.84675167389394
7.07575757575758,543.111111111111,-1.89785768637419
7.14343434343434,543.111111111111,-1.94343300783031
7.21111111111111,543.111111111111,-1.98370808372166
7.27878787878788,543.111111111111,-2.01891335950756
7.34646464646465,543.111111111111,-2.04927928064736
7.41414141414141,543.111111111111,-2.0750362926004
7.48181818181818,543.111111111111,-2.09641484082601
7.54949494949495,543.111111111111,-2.11364537078353
7.61717171717172,543.111111111111,-2.1269583279323
7.68484848484848,543.111111111111,-2.13658415773166
7.75252525252525,543.111111111111,-2.14275330564094
7.82020202020202,543.111111111111,-2.14569621711949
7.88787878787879,543.111111111111,-2.14564333762664
7.95555555555555,543.111111111111,-2.14282511262174
8.02323232323232,543.111111111111,-2.13747198756411
8.09090909090909,543.111111111111,-2.1298144079131
8.15858585858586,543.111111111111,-2.12008281912805
8.22626262626263,543.111111111111,-2.10850766666829
8.29393939393939,543.111111111111,-2.09531939599316
8.36161616161616,543.111111111111,-2.080748452562
8.42929292929293,543.111111111111,-2.06502528183415
8.4969696969697,543.111111111111,-2.04838032926895
8.56464646464647,543.111111111111,-2.03104404032573
8.63232323232323,543.111111111111,-2.01324686046384
8.7,543.111111111111,-1.99521923514261
2,549.282828282828,-6.42055431483492
2.06767676767677,549.282828282828,-6.01224031137464
2.13535353535354,549.282828282828,-5.60481615856686
2.2030303030303,549.282828282828,-5.19917170706409
2.27070707070707,549.282828282828,-4.79619680751882
2.33838383838384,549.282828282828,-4.39678131058355
2.40606060606061,549.282828282828,-4.00181506691079
2.47373737373737,549.282828282828,-3.61218792715303
2.54141414141414,549.282828282828,-3.22878974196278
2.60909090909091,549.282828282828,-2.85251036199254
2.67676767676768,549.282828282828,-2.48423963789482
2.74444444444444,549.282828282828,-2.12486742032209
2.81212121212121,549.282828282828,-1.77528355992689
2.87979797979798,549.282828282828,-1.4363779073617
2.94747474747475,549.282828282828,-1.10904031327901
3.01515151515152,549.282828282828,-0.794160628331349
3.08282828282828,549.282828282828,-0.492628703171202
3.15050505050505,549.282828282828,-0.205334388451071
3.21818181818182,549.282828282828,0.066832465176542
3.28585858585859,549.282828282828,0.322982007059136
3.35353535353535,549.282828282828,0.562224386544208
3.42121212121212,549.282828282828,0.78366975297926
3.48888888888889,549.282828282828,0.986430337572868
3.55656565656566,549.282828282828,1.1700317126721
3.62424242424242,549.282828282828,1.33490827765216
3.69191919191919,549.282828282828,1.48161535309918
3.75959595959596,549.282828282828,1.6107082595993
3.82727272727273,549.282828282828,1.72274231773865
3.8949494949495,549.282828282828,1.81827284810336
3.96262626262626,549.282828282828,1.89785517127958
4.03030303030303,549.282828282828,1.96204460785342
4.0979797979798,549.282828282828,2.01139647841104
4.16565656565657,549.282828282828,2.04646610353854
4.23333333333333,549.282828282828,2.06780880382209
4.3010101010101,549.282828282828,2.0759798998478
4.36868686868687,549.282828282828,2.07153471220181
4.43636363636364,549.282828282828,2.05502856147025
4.5040404040404,549.282828282828,2.02701676823926
4.57171717171717,549.282828282828,1.98805465309497
4.63939393939394,549.282828282828,1.93869753662352
4.70707070707071,549.282828282828,1.87950073941104
4.77474747474747,549.282828282828,1.81101958204365
4.84242424242424,549.282828282828,1.73380938510751
4.91010101010101,549.282828282828,1.64842546918873
4.97777777777778,549.282828282828,1.55542315487346
5.04545454545454,549.282828282828,1.45536097552226
5.11313131313131,549.282828282828,1.34883414664082
5.18080808080808,549.282828282828,1.23646123701758
5.24848484848485,549.282828282828,1.1188611908552
5.31616161616162,549.282828282828,0.996652952356367
5.38383838383838,549.282828282828,0.87045546572373
5.45151515151515,549.282828282828,0.740887675159961
5.51919191919192,549.282828282828,0.60856852486773
5.58686868686869,549.282828282828,0.4741169590497
5.65454545454545,549.282828282828,0.33815192190854
5.72222222222222,549.282828282828,0.201292357646921
5.78989898989899,549.282828282828,0.0641572104675038
5.85757575757576,549.282828282828,-0.0726345754270403
5.92525252525252,549.282828282828,-0.208464055834044
5.99292929292929,549.282828282828,-0.342712286550842
6.06060606060606,549.282828282828,-0.474760323374765
6.12828282828283,549.282828282828,-0.603989222103145
6.1959595959596,549.282828282828,-0.729780038533318
6.26363636363636,549.282828282828,-0.851513828462614
6.33131313131313,549.282828282828,-0.968571647688367
6.3989898989899,549.282828282828,-1.08033455200791
6.46666666666667,549.282828282828,-1.18618359721857
6.53434343434343,549.282828282828,-1.28550020700681
6.6020202020202,549.282828282828,-1.37787040185045
6.66969696969697,549.282828282828,-1.46342452919756
6.73737373737374,549.282828282828,-1.54238246219319
6.8050505050505,549.282828282828,-1.61496407398239
6.87272727272727,549.282828282828,-1.68138923771021
6.94040404040404,549.282828282828,-1.74187782652169
7.00808080808081,549.282828282828,-1.79664971356189
7.07575757575758,549.282828282828,-1.84592477197585
7.14343434343434,549.282828282828,-1.88992287490863
7.21111111111111,549.282828282828,-1.92886389550527
7.27878787878788,549.282828282828,-1.96296770691083
7.34646464646465,549.282828282828,-1.99245418227034
7.41414141414141,549.282828282828,-2.01754319472888
7.48181818181818,549.282828282828,-2.03845461743147
7.54949494949495,549.282828282828,-2.05540832352317
7.61717171717172,549.282828282828,-2.06862418614904
7.68484848484848,549.282828282828,-2.07832207845411
7.75252525252525,549.282828282828,-2.08472187358345
7.82020202020202,549.282828282828,-2.08804344468209
7.88787878787879,549.282828282828,-2.08850666489509
7.95555555555555,549.282828282828,-2.0863314073675
8.02323232323232,549.282828282828,-2.08173754524437
8.09090909090909,549.282828282828,-2.07494495167074
8.15858585858586,549.282828282828,-2.06617349979167
8.22626262626263,549.282828282828,-2.0556430627522
8.29393939393939,549.282828282828,-2.04357351369738
8.36161616161616,549.282828282828,-2.03018472577228
8.42929292929293,549.282828282828,-2.01569657212192
8.4969696969697,549.282828282828,-2.00032892589137
8.56464646464647,549.282828282828,-1.98430166022566
8.63232323232323,549.282828282828,-1.96783464826986
8.7,549.282828282828,-1.95114776316901
2,555.454545454545,-6.15446226556288
2.06767676767677,555.454545454545,-5.76125211374326
2.13535353535354,555.454545454545,-5.36890568930485
2.2030303030303,555.454545454545,-4.97828671962887
2.27070707070707,555.454545454545,-4.59025893209653
2.33838383838384,555.454545454545,-4.20568605408905
2.40606060606061,555.454545454545,-3.82543181298764
2.47373737373737,555.454545454545,-3.4503599361735
2.54141414141414,555.454545454545,-3.08133415102787
2.60909090909091,555.454545454545,-2.71921818493195
2.67676767676768,555.454545454545,-2.36487576526696
2.74444444444444,555.454545454545,-2.0191706194141
2.81212121212121,555.454545454545,-1.6829664747546
2.87979797979798,555.454545454545,-1.35712705866966
2.94747474747475,555.454545454545,-1.0425160985405
3.01515151515152,555.454545454545,-0.739997321748341
3.08282828282828,555.454545454545,-0.450434455674391
3.15050505050505,555.454545454545,-0.174691227699863
3.21818181818182,555.454545454545,0.0863686347940307
3.28585858585859,555.454545454545,0.331881404426073
3.35353535353535,555.454545454545,0.560983353815051
3.42121212121212,555.454545454545,0.77281075557975
3.48888888888889,555.454545454545,0.966501920053626
3.55656565656566,555.454545454545,1.14159973370151
3.62424242424242,555.454545454545,1.29853663810119
3.69191919191919,555.454545454545,1.43786343187544
3.75959595959596,555.454545454545,1.560130913647
3.82727272727273,555.454545454545,1.66588988203865
3.8949494949495,555.454545454545,1.75569113567314
3.96262626262626,555.454545454545,1.83008547317325
4.03030303030303,555.454545454545,1.88962369316172
4.0979797979798,555.454545454545,1.93485659426133
4.16565656565657,555.454545454545,1.96633497509483
4.23333333333333,555.454545454545,1.98460963428498
4.3010101010101,555.454545454545,1.99023137045456
4.36868686868687,555.454545454545,1.98375098222632
4.43636363636364,555.454545454545,1.96571926822302
4.5040404040404,555.454545454545,1.93668702706743
4.57171717171717,555.454545454545,1.89720505738231
4.63939393939394,555.454545454545,1.84782415779041
4.70707070707071,555.454545454545,1.78909512691451
4.77474747474747,555.454545454545,1.72156876337737
4.84242424242424,555.454545454545,1.64579586580174
4.91010101010101,555.454545454545,1.56232723281039
4.97777777777778,555.454545454545,1.47171366302608
5.04545454545454,555.454545454545,1.37450757619221
5.11313131313131,555.454545454545,1.27127990134492
5.18080808080808,555.454545454545,1.16261335125726
5.24848484848485,555.454545454545,1.04909082813097
5.31616161616162,555.454545454545,0.931295234167811
5.38383838383838,555.454545454545,0.809809471569544
5.45151515151515,555.454545454545,0.685216442537924
5.51919191919192,555.454545454545,0.558099049274712
5.58686868686869,555.454545454545,0.42904019398166
5.65454545454545,555.454545454545,0.298622778860527
5.72222222222222,555.454545454545,0.167429706113074
5.78989898989899,555.454545454545,0.036043877941053
5.85757575757576,555.454545454545,-0.0949518034537762
5.92525252525252,555.454545454545,-0.224974435869655
5.99292929292929,555.454545454545,-0.353441117104828
6.06060606060606,555.454545454545,-0.479768944957536
6.12828282828283,555.454545454545,-0.603375017226022
6.1959595959596,555.454545454545,-0.723676431708532
6.26363636363636,555.454545454545,-0.840090286203304
6.33131313131313,555.454545454545,-0.952033678508583
6.3989898989899,555.454545454545,-1.05892370642261
6.46666666666667,555.454545454545,-1.16017746774363
6.53434343434343,555.454545454545,-1.25521240764763
6.6020202020202,555.454545454545,-1.34363916096439
6.66969696969697,555.454545454545,-1.42558234096017
6.73737373737374,555.454545454545,-1.50125109516143
6.8050505050505,555.454545454545,-1.57085457109468
6.87272727272727,555.454545454545,-1.63460191628638
6.94040404040404,555.454545454545,-1.69270227826302
7.00808080808081,555.454545454545,-1.74536480455109
7.07575757575758,555.454545454545,-1.79279864267708
7.14343434343434,555.454545454545,-1.83521294016745
7.21111111111111,555.454545454545,-1.87281684454871
7.27878787878788,555.454545454545,-1.90581950334732
7.34646464646465,555.454545454545,-1.93443006408978
7.41414141414141,555.454545454545,-1.95885767430257
7.48181818181818,555.454545454545,-1.97931148151217
7.54949494949495,555.454545454545,-1.99600063324507
7.61717171717172,555.454545454545,-2.00913427702774
7.68484848484848,555.454545454545,-2.01892156038668
7.75252525252525,555.454545454545,-2.02557163084836
7.82020202020202,555.454545454545,-2.02929363593927
7.88787878787879,555.454545454545,-2.0302967231859
7.95555555555555,555.454545454545,-2.02879004011473
8.02323232323232,555.454545454545,-2.02498273425223
8.09090909090909,555.454545454545,-2.0190839531249
8.15858585858586,555.454545454545,-2.01130284425922
8.22626262626263,555.454545454545,-2.00184855518166
8.29393939393939,555.454545454545,-1.99093023341873
8.36161616161616,555.454545454545,-1.97875702649689
8.42929292929293,555.454545454545,-1.96553808194263
8.4969696969697,555.454545454545,-1.95148254728244
8.56464646464647,555.454545454545,-1.9367995700428
8.63232323232323,555.454545454545,-1.92169829775019
8.7,555.454545454545,-1.9063878779311
2,561.626262626263,-5.88607276903897
2.06767676767677,561.626262626263,-5.50812346083254
2.13535353535354,561.626262626263,-5.13101139229094
2.2030303030303,561.626262626263,-4.755573803079
2.27070707070707,561.626262626263,-4.38264793286154
2.33838383838384,561.626262626263,-4.0130710213034
2.40606060606061,561.626262626263,-3.64768030806941
2.47373737373737,561.626262626263,-3.28731303282438
2.54141414141414,561.626262626263,-2.93280643523317
2.60909090909091,561.626262626263,-2.58499775496058
2.67676767676768,561.626262626263,-2.24472423167145
2.74444444444444,561.626262626263,-1.91282310503061
2.81212121212121,561.626262626263,-1.5901316147029
2.87979797979798,561.626262626263,-1.27748700035312
2.94747474747475,561.626262626263,-0.975726501646126
3.01515151515152,561.626262626263,-0.685687358246736
3.08282828282828,561.626262626263,-0.408206809819781
3.15050505050505,561.626262626263,-0.144122096030089
3.21818181818182,561.626262626263,0.105729543457512
3.28585858585859,561.626262626263,0.340510868978192
3.35353535353535,561.626262626263,0.559384640867122
3.42121212121212,561.626262626263,0.761513619459473
3.48888888888889,561.626262626263,0.946062557824585
3.55656565656566,561.626262626263,1.11259185455239
3.62424242424242,561.626262626263,1.26153182731224
3.69191919191919,561.626262626263,1.39342853820585
3.75959595959596,561.626262626263,1.50882804933493
3.82727272727273,561.626262626263,1.60827642280119
3.8949494949495,561.626262626263,1.69231972070635
3.96262626262626,561.626262626263,1.76150400515212
4.03030303030303,561.626262626263,1.81637533824021
4.0979797979798,561.626262626263,1.85747978207234
4.16565656565657,561.626262626263,1.88536339875022
4.23333333333333,561.626262626263,1.90057225037557
4.3010101010101,561.626262626263,1.9036523990501
4.36868686868687,561.626262626263,1.89514990687551
4.43636363636364,561.626262626263,1.87561083595353
4.5040404040404,561.626262626263,1.84558124838587
4.57171717171717,561.626262626263,1.80560720627425
4.63939393939394,561.626262626263,1.75623477172037
4.70707070707071,561.626262626263,1.69801000682594
4.77474747474747,561.626262626263,1.63147897369269
4.84242424242424,561.626262626263,1.55718773442233
4.91010101010101,561.626262626263,1.47568235111657
4.97777777777778,561.626262626263,1.38750888587711
5.04545454545454,561.626262626263,1.29321342420471
5.11313131313131,561.626262626263,1.1933423187605
5.18080808080808,561.626262626263,1.08844209229037
5.24848484848485,561.626262626263,0.979059270274396
5.31616161616162,561.626262626263,0.865740378192646
5.38383838383838,561.626262626263,0.74903194152519
5.45151515151515,561.626262626263,0.629480485752101
5.51919191919192,561.626262626263,0.507632536353451
5.58686868686869,561.626262626263,0.384034618809309
5.65454545454545,561.626262626263,0.259233258599746
5.72222222222222,561.626262626263,0.133774981204839
5.78989898989899,561.626262626263,0.00820631210465213
5.85757575757576,561.626262626263,-0.11692622322074
5.92525252525252,561.626262626263,-0.241076099291265
5.99292929292929,561.626262626263,-0.363696790626855
6.06060606060606,561.626262626263,-0.484241771747435
6.12828282828283,561.626262626263,-0.602164517172935
6.1959595959596,561.626262626263,-0.716918501423286
6.26363636363636,561.626262626263,-0.827957199018413
6.33131313131313,561.626262626263,-0.934734084478248
6.3989898989899,561.626262626263,-1.03670263232272
6.46666666666667,561.626262626263,-1.13331631707175
6.53434343434343,561.626262626263,-1.22402893990433
6.6020202020202,561.626262626263,-1.30847596922024
6.66969696969697,561.626262626263,-1.38677619658002
6.73737373737374,561.626262626263,-1.45912790591774
6.8050505050505,561.626262626263,-1.52572938116748
6.87272727272727,561.626262626263,-1.5867789062633
6.94040404040404,561.626262626263,-1.64247476513926
7.00808080808081,561.626262626263,-1.69301524172944
7.07575757575758,561.626262626263,-1.73859861996792
7.14343434343434,561.626262626263,-1.77942318378874
7.21111111111111,561.626262626263,-1.81568721712599
7.27878787878788,561.626262626263,-1.84758900391373
7.34646464646465,561.626262626263,-1.87532682808603
7.41414141414141,561.626262626263,-1.89909897357696
7.48181818181818,561.626262626263,-1.91910372432059
7.54949494949495,561.626262626263,-1.93553936425098
7.61717171717172,561.626262626263,-1.94860417730221
7.68484848484848,561.626262626263,-1.95849644740834
7.75252525252525,561.626262626263,-1.96541445850344
7.82020202020202,561.626262626263,-1.96955649452158
7.88787878787879,561.626262626263,-1.97112083939683
7.95555555555555,561.626262626263,-1.97030577706326
8.02323232323232,561.626262626263,-1.96730959145494
8.09090909090909,561.626262626263,-1.96233056650593
8.15858585858586,561.626262626263,-1.9555669861503
8.22626262626263,561.626262626263,-1.94721713432213
8.29393939393939,561.626262626263,-1.93747929495547
8.36161616161616,561.626262626263,-1.9265517519844
8.42929292929293,561.626262626263,-1.91463278934299
8.4969696969697,561.626262626263,-1.90192069096531
8.56464646464647,561.626262626263,-1.88861374078542
8.63232323232323,561.626262626263,-1.87491022273739
8.7,561.626262626263,-1.8610084207553
2,567.79797979798,-5.61564109718006
2.06767676767677,567.79797979798,-5.25309218100686
2.13535353535354,567.79797979798,-4.8913536928309
2.2030303030303,567.79797979798,-4.53123606064943
2.27070707070707,567.79797979798,-4.17354971245971
2.33838383838384,567.79797979798,-3.81910507625896
2.40606060606061,567.79797979798,-3.46871258004445
2.47373737373737,567.79797979798,-3.1231826518134
2.54141414141414,567.79797979798,-2.78332571956309
2.60909090909091,567.79797979798,-2.44995221129074
2.67676767676768,567.79797979798,-2.1238725549936
2.74444444444444,567.79797979798,-1.80589717866892
2.81212121212121,567.79797979798,-1.49683651031395
2.87979797979798,567.79797979798,-1.19750097792592
2.94747474747475,567.79797979798,-0.908701009502096
3.01515151515152,567.79797979798,-0.631247033039712
3.08282828282828,567.79797979798,-0.36594947653602
3.15050505050505,567.79797979798,-0.113618767988261
3.21818181818182,567.79797979798,0.124934664606319
3.28585858585859,567.79797979798,0.348900393250471
3.35353535353535,567.79797979798,0.557467989946952
3.42121212121212,567.79797979798,0.749827026698513
3.48888888888889,567.79797979798,0.925169022520168
3.55656565656566,567.79797979798,1.08307206413346
3.62424242424242,567.79797979798,1.22396419764508
3.69191919191919,567.79797979798,1.34838655791773
3.75959595959596,567.79797979798,1.45688027981416
3.82727272727273,567.79797979798,1.5499864981971
3.8949494949495,567.79797979798,1.62824634792926
3.96262626262626,567.79797979798,1.69220096387339
4.03030303030303,567.79797979798,1.74239148089221
4.0979797979798,567.79797979798,1.77935903384845
4.16565656565657,567.79797979798,1.80364475760483
4.23333333333333,567.79797979798,1.8157897870241
4.3010101010101,567.79797979798,1.81633525696898
4.36868686868687,567.79797979798,1.8058223023022
4.43636363636364,567.79797979798,1.78479205788648
4.5040404040404,567.79797979798,1.75378565858456
4.57171717171717,567.79797979798,1.71334423925917
4.63939393939394,567.79797979798,1.66400893477304
4.70707070707071,567.79797979798,1.60632087998889
4.77474747474747,567.79797979798,1.54082120976946
4.84242424242424,567.79797979798,1.46805105897748
4.91010101010101,567.79797979798,1.38855156247566
4.97777777777778,567.79797979798,1.30286385512675
5.04545454545454,567.79797979798,1.21152749207726
5.11313131313131,567.79797979798,1.11506399191961
5.18080808080808,567.79797979798,1.01398339047321
5.24848484848485,567.79797979798,0.908795538966864
5.31616161616162,567.79797979798,0.800010288629386
5.38383838383838,567.79797979798,0.688137490689578
5.45151515151515,567.79797979798,0.573686996376245
5.51919191919192,567.79797979798,0.457168656918198
5.58686868686869,567.79797979798,0.339092323544239
5.65454545454545,567.79797979798,0.219967847483175
5.72222222222222,567.79797979798,0.100305079963816
5.78989898989899,567.79797979798,-0.0193861277850354
5.85757575757576,567.79797979798,-0.138595924534572
5.92525252525252,567.79797979798,-0.256814459055986
5.99292929292929,567.79797979798,-0.373531880120472
6.06060606060606,567.79797979798,-0.488238336499224
6.12828282828283,567.79797979798,-0.600423976963433
6.1959595959596,567.79797979798,-0.709578950284297
6.26363636363636,567.79797979798,-0.815193405233005
6.33131313131313,567.79797979798,-0.916757490580754
6.3989898989899,567.79797979798,-1.01376135509874
6.46666666666667,567.79797979798,-1.10569514755814
6.53434343434343,567.79797979798,-1.19204932248625
6.6020202020202,567.79797979798,-1.27248437671332
6.66969696969697,567.79797979798,-1.34711320229519
6.73737373737374,567.79797979798,-1.41612309693011
6.8050505050505,567.79797979798,-1.47970135831629
6.87272727272727,567.79797979798,-1.53803528415198
6.94040404040404,567.79797979798,-1.59131217213541
7.00808080808081,567.79797979798,-1.63971931996481
7.07575757575758,567.79797979798,-1.68344402533841
7.14343434343434,567.79797979798,-1.72267358595444
7.21111111111111,567.79797979798,-1.75759529951113
7.27878787878788,567.79797979798,-1.78839646370672
7.34646464646465,567.79797979798,-1.81526437623944
7.41414141414141,567.79797979798,-1.83838633480752
7.48181818181818,567.79797979798,-1.85794963710919
7.54949494949495,567.79797979798,-1.87414158084269
7.61717171717172,567.79797979798,-1.88714946370624
7.68484848484848,567.79797979798,-1.89716058339808
7.75252525252525,567.79797979798,-1.90436223761644
7.82020202020202,567.79797979798,-1.90894172405956
7.88787878787879,567.79797979798,-1.91108634042566
7.95555555555555,567.79797979798,-1.91098338441297
8.02323232323232,567.79797979798,-1.90882015371973
8.09090909090909,567.79797979798,-1.90478394604418
8.15858585858586,567.79797979798,-1.89906205908453
8.22626262626263,567.79797979798,-1.89184179053903
8.29393939393939,567.79797979798,-1.88331043810591
8.36161616161616,567.79797979798,-1.87365529948339
8.42929292929293,567.79797979798,-1.86306367236971
8.4969696969697,567.79797979798,-1.85172285446311
8.56464646464647,567.79797979798,-1.83982014346181
8.63232323232323,567.79797979798,-1.82754283706405
8.7,567.79797979798,-1.81507823296805
2,573.969696969697,-5.34342252190302
2.06767676767677,573.969696969697,-4.99639610263057
2.13535353535354,573.969696969697,-4.65015301623049
2.2030303030303,573.969696969697,-4.30547659557513
2.27070707070707,573.969696969697,-3.96315017353687
2.33838383838384,573.969696969697,-3.62395708298807
2.40606060606061,573.969696969697,-3.28868065680109
2.47373737373737,573.969696969697,-2.95810422784829
2.54141414141414,573.969696969697,-2.63301112900205
2.60909090909091,573.969696969697,-2.31418469313473
2.67676767676768,573.969696969697,-2.00240825311869
2.74444444444444,573.969696969697,-1.69846514182629
2.81212121212121,573.969696969697,-1.4031386921299
2.87979797979798,573.969696969697,-1.11721223690189
2.94747474747475,573.969696969697,-0.841469109014614
3.01515151515152,573.969696969697,-0.576692641340446
3.08282828282828,573.969696969697,-0.323666166751748
3.15050505050505,573.969696969697,-0.0831730181208825
3.21818181818182,573.969696969697,0.144003471679786
3.28585858585859,573.969696969697,0.357079969777892
3.35353535353535,573.969696969697,0.555273143301071
3.42121212121212,573.969696969697,0.737799659376957
3.48888888888889,573.969696969697,0.903878085774794
3.55656565656566,573.969696969697,1.05310435135346
3.62424242424242,573.969696969697,1.18590410145948
3.69191919191919,573.969696969697,1.3028133768384
3.75959595959596,573.969696969697,1.4043682182358
3.82727272727273,573.969696969697,1.4911046663972
3.8949494949495,573.969696969697,1.56355876206817
3.96262626262626,573.969696969697,1.62226654599426
4.03030303030303,573.969696969697,1.66776405892102
4.0979797979798,573.969696969697,1.700587341594
4.16565656565657,573.969696969697,1.72127243475875
4.23333333333333,573.969696969697,1.73035537916083
4.3010101010101,573.969696969697,1.7283722155458
4.36868686868687,573.969696969697,1.71585898465918
4.43636363636364,573.969696969697,1.69335172724656
4.5040404040404,573.969696969697,1.66138648405347
4.57171717171717,573.969696969697,1.62049929582546
4.63939393939394,573.969696969697,1.57122620330809
4.70707070707071,573.969696969697,1.51410324724692
4.77474747474747,573.969696969697,1.44966646838748
4.84242424242424,573.969696969697,1.37845190747535
4.91010101010101,573.969696969697,1.30099560525606
4.97777777777778,573.969696969697,1.21783360247516
5.04545454545454,573.969696969697,1.12949875232734
5.11313131313131,573.969696969697,1.0364875138543
5.18080808080808,573.969696969697,0.939273176162044
5.24848484848485,573.969696969697,0.838328655889738
5.31616161616162,573.969696969697,0.734126869676541
5.38383838383838,573.969696969697,0.627140734161611
5.45151515151515,573.969696969697,0.51784316598411
5.51919191919192,573.969696969697,0.406707081783201
5.58686868686869,573.969696969697,0.294205398198038
5.65454545454545,573.969696969697,0.180811031867784
5.72222222222222,573.969696969697,0.0669968994316029
5.78989898989899,573.969696969697,-0.0467640824713512
5.85757575757576,573.969696969697,-0.159998997201915
5.92525252525252,573.969696969697,-0.272234928120928
5.99292929292929,573.969696969697,-0.382998958589233
6.06060606060606,573.969696969697,-0.491818171967666
6.12828282828283,573.969696969697,-0.598219651617069
6.1959595959596,573.969696969697,-0.701730480898283
6.26363636363636,573.969696969697,-0.801877743172144
6.33131313131313,573.969696969697,-0.898188521799496
6.3989898989899,573.969696969697,-0.990189900141178
6.46666666666667,573.969696969697,-1.07740896155803
6.53434343434343,573.969696969697,-1.15937307410275
6.6020202020202,573.969696969697,-1.23576793353899
6.66969696969697,573.969696969697,-1.30670046434378
6.73737373737374,573.969696969697,-1.37234687066652
6.8050505050505,573.969696969697,-1.43288335665662
6.87272727272727,573.969696969697,-1.48848612646348
6.94040404040404,573.969696969697,-1.53933138423649
7.00808080808081,573.969696969697,-1.58559533412506
7.07575757575758,573.969696969697,-1.62745418027859
7.14343434343434,573.969696969697,-1.66508412684649
7.21111111111111,573.969696969697,-1.69866137797815
7.27878787878788,573.969696969697,-1.72836213782298
7.34646464646465,573.969696969697,-1.75436261053037
7.41414141414141,573.969696969697,-1.77683900024973
7.48181818181818,573.969696969697,-1.79596751113047
7.54949494949495,573.969696969697,-1.81192434732197
7.61717171717172,573.969696969697,-1.82488571297365
7.68484848484848,573.969696969697,-1.8350278122349
7.75252525252525,573.969696969697,-1.84252684925513
7.82020202020202,573.969696969697,-1.84755902818374
7.88787878787879,573.969696969697,-1.85030055317013
7.95555555555555,573.969696969697,-1.8509276283637
8.02323232323232,573.969696969697,-1.84961645791385
8.09090909090909,573.969696969697,-1.84654324596999
8.15858585858586,573.969696969697,-1.84188419668151
8.22626262626263,573.969696969697,-1.83581551419782
8.29393939393939,573.969696969697,-1.82851340266832
8.36161616161616,573.969696969697,-1.82015406624241
8.42929292929293,573.969696969697,-1.8109137090695
8.4969696969697,573.969696969697,-1.80096853529897
8.56464646464647,573.969696969697,-1.79049474908024
8.63232323232323,573.969696969697,-1.77966855456271
8.7,573.969696969697,-1.76866615589578
2,580.141414141414,-5.06967231512473
2.06767676767677,580.141414141414,-4.73827305406806
2.13535353535354,580.141414141414,-4.40762978779548
2.2030303030303,580.141414141414,-4.07849851109106
2.27070707070707,580.141414141414,-3.7516352187389
2.33838383838384,580.141414141414,-3.42779590552308
2.40606060606061,580.141414141414,-3.10773656622768
2.47373737373737,580.141414141414,-2.79221319563678
2.54141414141414,580.141414141414,-2.48198178853449
2.60909090909091,580.141414141414,-2.17779833970487
2.67676767676768,580.141414141414,-1.88041884393201
2.74444444444444,580.141414141414,-1.590599296
2.81212121212121,580.141414141414,-1.30909569069292
2.87979797979798,580.141414141414,-1.03666402279486
2.94747474747475,580.141414141414,-0.774060287089892
3.01515151515152,580.141414141414,-0.522040478362116
3.08282828282828,580.141414141414,-0.281360591395612
3.15050505050505,580.141414141414,-0.0527766209744626
3.21818181818182,580.141414141414,0.162955438117248
3.28585858585859,580.141414141414,0.365079591095433
3.35353535353535,580.141414141414,0.552839843176009
3.42121212121212,580.141414141414,0.72548019957489
3.48888888888889,580.141414141414,0.882246519222888
3.55656565656566,580.141414141414,1.02275270512109
3.62424242424242,580.141414141414,1.14742189111521
3.69191919191919,580.141414141414,1.25678488079518
3.75959595959596,580.141414141414,1.35137247775091
3.82727272727273,580.141414141414,1.43171548557233
3.8949494949495,580.141414141414,1.49834470784936
3.96262626262626,580.141414141414,1.55179094817193
4.03030303030303,580.141414141414,1.59258501012996
4.0979797979798,580.141414141414,1.62125769731337
4.16565656565657,580.141414141414,1.63833981331209
4.23333333333333,580.141414141414,1.64436216171603
4.3010101010101,580.141414141414,1.63985554611512
4.36868686868687,580.141414141414,1.62535077009929
4.43636363636364,580.141414141414,1.60137863725846
4.5040404040404,580.141414141414,1.56846995118255
4.57171717171717,580.141414141414,1.52715551546148
4.63939393939394,580.141414141414,1.47796613368519
4.70707070707071,580.141414141414,1.42143260944358
4.77474747474747,580.141414141414,1.35808574632659
4.84242424242424,580.141414141414,1.28845634792413
4.91010101010101,580.141414141414,1.21307521782614
4.97777777777778,580.141414141414,1.13247315962253
5.04545454545454,580.141414141414,1.04717617747247
5.11313131313131,580.141414141414,0.95765547759664
5.18080808080808,580.141414141414,0.864347379713173
5.24848484848485,580.141414141414,0.767687642724391
5.31616161616162,580.141414141414,0.668112025532624
5.38383838383838,580.141414141414,0.566056287040201
5.45151515151515,580.141414141414,0.461956186149451
5.51919191919192,580.141414141414,0.356247481762709
5.58686868686869,580.141414141414,0.249365932782298
5.65454545454545,580.141414141414,0.141747298110551
5.72222222222222,580.141414141414,0.0338273366497987
5.78989898989899,580.141414141414,-0.0739581926976322
5.85757575757576,580.141414141414,-0.181173531029409
5.92525252525252,580.141414141414,-0.287382919443203
5.99292929292929,580.141414141414,-0.392150599036686
6.06060606060606,580.141414141414,-0.495040810907526
6.12828282828283,580.141414141414,-0.595617796153393
6.1959595959596,580.141414141414,-0.69344579587196
6.26363636363636,580.141414141414,-0.788089051160895
6.33131313131313,580.141414141414,-0.87911180311787
6.3989898989899,580.141414141414,-0.966078292840553
6.46666666666667,580.141414141414,-1.04855276142662
6.53434343434343,580.141414141414,-1.12609971346317
6.6020202020202,580.141414141414,-1.19843018979259
6.66969696969697,580.141414141414,-1.26564508896386
6.73737373737374,580.141414141414,-1.32790942959498
6.8050505050505,580.141414141414,-1.38538823030396
6.87272727272727,580.141414141414,-1.4382465097088
6.94040404040404,580.141414141414,-1.4866492864275
7.00808080808081,580.141414141414,-1.53076157907807
7.07575757575758,580.141414141414,-1.57074840627852
7.14343434343434,580.141414141414,-1.60677478664685
7.21111111111111,580.141414141414,-1.63900573880107
7.27878787878788,580.141414141414,-1.66760628135917
7.34646464646465,580.141414141414,-1.69274143293917
7.41414141414141,580.141414141414,-1.71457621215907
7.48181818181818,580.141414141414,-1.73327563763688
7.54949494949495,580.141414141414,-1.7490047279906
7.61717171717172,580.141414141414,-1.76192850183823
7.68484848484848,580.141414141414,-1.77221197779779
7.75252525252525,580.141414141414,-1.78002017448727
7.82020202020202,580.141414141414,-1.78551811052467
7.88787878787879,580.141414141414,-1.78887080452802
7.95555555555555,580.141414141414,-1.7902432751153
8.02323232323232,580.141414141414,-1.78980054090453
8.09090909090909,580.141414141414,-1.78770762051371
8.15858585858586,580.141414141414,-1.78412953256085
8.22626262626263,580.141414141414,-1.77923129566395
8.29393939393939,580.141414141414,-1.77317792844101
8.36161616161616,580.141414141414,-1.76613444951004
8.42929292929293,580.141414141414,-1.75826587748904
8.4969696969697,580.141414141414,-1.74973723099603
8.56464646464647,580.141414141414,-1.740713528649
8.63232323232323,580.141414141414,-1.73135978906596
8.7,580.141414141414,-1.72184103086492
2,586.313131313131,-4.79464574876207
2.06767676767677,586.313131313131,-4.4789608636837
2.13535353535354,586.313131313131,-4.16400443283163
2.2030303030303,586.313131313131,-3.85050491043218
2.27070707070707,586.313131313131,-3.53919075071165
2.33838383838384,586.313131313131,-3.23079040789633
2.40606060606061,586.313131313131,-2.92603233621256
2.47373737373737,586.313131313131,-2.62564498988661
2.54141414141414,586.313131313131,-2.33035682314481
2.60909090909091,586.313131313131,-2.04089629021346
2.67676767676768,586.313131313131,-1.75799184531886
2.74444444444444,586.313131313131,-1.48237194268732
2.81212121212121,586.313131313131,-1.21476503654515
2.87979797979798,586.313131313131,-0.955899581118655
2.94747474747475,586.313131313131,-0.706504030634134
3.01515151515152,586.313131313131,-0.467306839317898
3.08282828282828,586.313131313131,-0.239036461396255
3.15050505050505,586.313131313131,-0.0224213510955071
3.21818181818182,586.313131313131,0.181810037358038
3.28585858585859,586.313131313131,0.372929249738075
3.35353535353535,586.313131313131,0.550207831818296
3.42121212121212,586.313131313131,0.712917329372396
3.48888888888889,586.313131313131,0.860331094498871
3.55656565656566,586.313131313131,0.992081114345095
3.62424242424242,586.313131313131,1.10858791897207
3.69191919191919,586.313131313131,1.21037695561537
3.75959595959596,586.313131313131,1.29797367151059
3.82727272727273,586.313131313131,1.37190351389332
3.8949494949495,586.313131313131,1.43269192999913
3.96262626262626,586.313131313131,1.48086436706361
4.03030303030303,586.313131313131,1.51694627232234
4.0979797979798,586.313131313131,1.54146309301092
4.16565656565657,586.313131313131,1.55494027636492
4.23333333333333,586.313131313131,1.55790326961994
4.3010101010101,586.313131313131,1.55087752001155
4.36868686868687,586.313131313131,1.53438847477533
4.43636363636364,586.313131313131,1.50896158114689
4.5040404040404,586.313131313131,1.47512228636179
4.57171717171717,586.313131313131,1.43339603765562
4.63939393939394,586.313131313131,1.38430828226398
4.70707070707071,586.313131313131,1.32838446742244
4.77474747474747,586.313131313131,1.26615004036659
4.84242424242424,586.313131313131,1.19813044833201
4.91010101010101,586.313131313131,1.12485113855429
4.97777777777778,586.313131313131,1.04683755826901
5.04545454545454,586.313131313131,0.964608740030114
5.11313131313131,586.313131313131,0.878610476178687
5.18080808080808,586.313131313131,0.789241931482876
5.24848484848485,586.313131313131,0.696901521152192
5.31616161616162,586.313131313131,0.601987660396147
5.38383838383838,586.313131313131,0.504898764424253
5.45151515151515,586.313131313131,0.406033248446023
5.51919191919192,586.313131313131,0.305789527670971
5.58686868686869,586.313131313131,0.204566017308608
5.65454545454545,586.313131313131,0.102761132568446
5.72222222222222,586.313131313131,0.000773288660001023
5.78989898989899,586.313131313131,-0.100999099207219
5.85757575757576,586.313131313131,-0.202157615823697
5.92525252525252,586.313131313131,-0.302303845979923
5.99292929292929,586.313131313131,-0.401039374466384
6.06060606060606,586.313131313131,-0.497965786073567
6.12828282828283,586.313131313131,-0.592684665591959
6.1959595959596,586.313131313131,-0.684797597812049
6.26363636363636,586.313131313131,-0.773906167524323
6.33131313131313,586.313131313131,-0.859611959519269
6.3989898989899,586.313131313131,-0.941516558587374
6.46666666666667,586.313131313131,-1.01922154951912
6.53434343434343,586.313131313131,-1.09232875927685
6.6020202020202,586.313131313131,-1.16057469556947
6.66969696969697,586.313131313131,-1.22405418239352
6.73737373737374,586.313131313131,-1.28292097618348
6.8050505050505,586.313131313131,-1.3373288333738
6.87272727272727,586.313131313131,-1.38743151039897
6.94040404040404,586.313131313131,-1.43338276369345
7.00808080808081,586.313131313131,-1.47533634969172
7.07575757575758,586.313131313131,-1.51344602482823
7.14343434343434,586.313131313131,-1.54786554553747
7.21111111111111,586.313131313131,-1.57874866825389
7.27878787878788,586.313131313131,-1.60624914941198
7.34646464646465,586.313131313131,-1.6305207454462
7.41414141414141,586.313131313131,-1.65171721279102
7.48181818181818,586.313131313131,-1.66999230788092
7.54949494949495,586.313131313131,-1.68549978715035
7.61717171717172,586.313131313131,-1.6983934070338
7.68484848484848,586.313131313131,-1.70882692396572
7.75252525252525,586.313131313131,-1.7169540943806
7.82020202020202,586.313131313131,-1.7229286747129
7.88787878787879,586.313131313131,-1.72690442139709
7.95555555555555,586.313131313131,-1.72903509086764
8.02323232323232,586.313131313131,-1.72947443955902
8.09090909090909,586.313131313131,-1.7283762239057
8.15858585858586,586.313131313131,-1.72589420034215
8.22626262626263,586.313131313131,-1.72218212530285
8.29393939393939,586.313131313131,-1.71739375522225
8.36161616161616,586.313131313131,-1.71168284653483
8.42929292929293,586.313131313131,-1.70520315567507
8.4969696969697,586.313131313131,-1.69810843907742
8.56464646464647,586.313131313131,-1.69055245317636
8.63232323232323,586.313131313131,-1.68268895440637
8.7,586.313131313131,-1.6746716992019
2,592.484848484848,-4.5185980947319
2.06767676767677,592.484848484848,-4.21869735984185
2.13535353535354,592.484848484848,-3.91949737664473
2.2030303030303,592.484848484848,-3.62169889683345
2.27070707070707,592.484848484848,-3.32600267210097
2.33838383838384,592.484848484848,-3.0331094541402
2.40606060606061,592.484848484848,-2.74371999464407
2.47373737373737,592.484848484848,-2.45853504530551
2.54141414141414,592.484848484848,-2.17825535781745
2.60909090909091,592.484848484848,-1.90358168387282
2.67676767676768,592.484848484848,-1.63521477516454
2.74444444444444,592.484848484848,-1.37385538338555
2.81212121212121,592.484848484848,-1.12020426022877
2.87979797979798,592.484848484848,-0.874962157387124
2.94747474747475,592.484848484848,-0.638829826553548
3.01515151515152,592.484848484848,-0.412508019420972
3.08282828282828,592.484848484848,-0.196697487682322
3.15050505050505,592.484848484848,0.00790101696947543
3.21818181818182,592.484848484848,0.200586742841491
3.28585858585859,592.484848484848,0.380658938240797
3.35353535353535,592.484848484848,0.547416851474463
3.42121212121212,592.484848484848,0.700159730849562
3.48888888888889,592.484848484848,0.838188583237166
3.55656565656566,592.484848484848,0.961153567934196
3.62424242424242,592.484848484848,1.06947253738982
3.69191919191919,592.484848484848,1.1636654871263
3.75959595959596,592.484848484848,1.24425241266593
3.82727272727273,592.484848484848,1.31175330953099
3.8949494949495,592.484848484848,1.36668817324374
3.96262626262626,592.484848484848,1.40957699932648
4.03030303030303,592.484848484848,1.44093978330148
4.0979797979798,592.484848484848,1.46129652069102
4.16565656565657,592.484848484848,1.47116720701737
4.23333333333333,592.484848484848,1.47107183780282
4.3010101010101,592.484848484848,1.46153040856964
4.36868686868687,592.484848484848,1.44306291484012
4.43636363636364,592.484848484848,1.41618935213653
4.5040404040404,592.484848484848,1.38142971598115
4.57171717171717,592.484848484848,1.33930400189626
4.63939393939394,592.484848484848,1.29033220540414
4.70707070707071,592.484848484848,1.23503432202706
4.77474747474747,592.484848484848,1.17393034728731
4.84242424242424,592.484848484848,1.10754027670716
4.91010101010101,592.484848484848,1.0363841058089
4.97777777777778,592.484848484848,0.960981830114794
5.04545454545454,592.484848484848,0.881845412517786
5.11313131313131,592.484848484848,0.7993951026325
5.18080808080808,592.484848484848,0.713992761827441
5.24848484848485,592.484848484848,0.625999312854513
5.31616161616162,592.484848484848,0.535775678465623
5.38383838383838,592.484848484848,0.443682781412676
5.45151515151515,592.484848484848,0.350081544447578
5.51919191919192,592.484848484848,0.255332890322238
5.58686868686869,592.484848484848,0.159797741788558
5.65454545454545,592.484848484848,0.0638370215984463
5.72222222222222,592.484848484848,-0.03218834749619
5.78989898989899,592.484848484848,-0.127917442743448
5.85757575757576,592.484848484848,-0.22298934139142
5.92525252525252,592.484848484848,-0.317043120688197
5.99292929292929,592.484848484848,-0.409717857881878
6.06060606060606,592.484848484848,-0.500652630220554
6.12828282828283,592.484848484848,-0.589486514952318
6.1959595959596,592.484848484848,-0.675858589325267
6.26363636363636,592.484848484848,-0.759407930587492
6.33131313131313,592.484848484848,-0.83977361598709
6.3989898989899,592.484848484848,-0.916594722772152
6.46666666666667,592.484848484848,-0.989510328190772
6.53434343434343,592.484848484848,-1.05815973025314
6.6020202020202,592.484848484848,-1.12230500096497
6.66969696969697,592.484848484848,-1.18203485087085
6.73737373737374,592.484848484848,-1.2374917129
6.8050505050505,592.484848484848,-1.28881801998166
6.87272727272727,592.484848484848,-1.33615620504504
6.94040404040404,592.484848484848,-1.37964870101937
7.00808080808081,592.484848484848,-1.41943794083387
7.07575757575758,592.484848484848,-1.45566635741777
7.14343434343434,592.484848484848,-1.48847638370029
7.21111111111111,592.484848484848,-1.51801045261065
7.27878787878788,592.484848484848,-1.54441099707809
7.34646464646465,592.484848484848,-1.56782045003182
7.41414141414141,592.484848484848,-1.58838124440106
7.48181818181818,592.484848484848,-1.60623581311505
7.54949494949495,592.484848484848,-1.621526589103
7.61717171717172,592.484848484848,-1.63439600529415
7.68484848484848,592.484848484848,-1.6449864946177
7.75252525252525,592.484848484848,-1.6534404900029
7.82020202020202,592.484848484848,-1.65990042437896
7.88787878787879,592.484848484848,-1.6645087306751
7.95555555555555,592.484848484848,-1.66740784182056
8.02323232323232,592.484848484848,-1.66874019074455
8.09090909090909,592.484848484848,-1.6686482103763
8.15858585858586,592.484848484848,-1.66727433364503
8.22626262626263,592.484848484848,-1.66476099347997
8.29393939393939,592.484848484848,-1.66125062281034
8.36161616161616,592.484848484848,-1.65688565456536
8.42929292929293,592.484848484848,-1.65180852167427
8.4969696969697,592.484848484848,-1.64616165706627
8.56464646464647,592.484848484848,-1.64008749367061
8.63232323232323,592.484848484848,-1.6337284644165
8.7,592.484848484848,-1.62722700223316
2,598.656565656566,-4.24178462495111
2.06767676767677,598.656565656566,-3.95772037090689
2.13535353535354,598.656565656566,-3.67432904454052
2.2030303030303,598.656565656566,-3.39228357352984
2.27070707070707,598.656565656566,-3.11225688555272
2.33838383838384,598.656565656566,-2.83492190828701
2.40606060606061,598.656565656566,-2.56095156941056
2.47373737373737,598.656565656566,-2.29101879660121
2.54141414141414,598.656565656566,-2.02579651753683
2.60909090909091,598.656565656566,-1.76595765989525
2.67676767676768,598.656565656566,-1.51217515135434
2.74444444444444,598.656565656566,-1.26512191959194
2.81212121212121,598.656565656566,-1.02547089228591
2.87979797979798,598.656565656566,-0.793894997114091
2.94747474747475,598.656565656566,-0.571067161754341
3.01515151515152,598.656565656566,-0.357660313884512
3.08282828282828,598.656565656566,-0.154347381182455
3.15050505050505,598.656565656566,0.0381987086739797
3.21818181818182,598.656565656566,0.219305028006942
3.28585858585859,598.656565656566,0.388298649138579
3.35353535353535,598.656565656566,0.544506644391039
3.42121212121212,598.656565656566,0.687256086086472
3.48888888888889,598.656565656566,0.815875757072194
3.55656565656566,598.656565656566,0.93003405479712
3.62424242424242,598.656565656566,1.03014609872823
3.69191919191919,598.656565656566,1.11672636115528
3.75959595959596,598.656565656566,1.19028931436801
3.82727272727273,598.656565656566,1.25134943065617
3.8949494949495,598.656565656566,1.3004211823095
3.96262626262626,598.656565656566,1.33801904161776
4.03030303030303,598.656565656566,1.36465748087068
4.0979797979798,598.656565656566,1.38085097235802
4.16565656565657,598.656565656566,1.38711398836952
4.23333333333333,598.656565656566,1.38396100119493
4.3010101010101,598.656565656566,1.371906483124
4.36868686868687,598.656565656566,1.35146490644647
4.43636363636364,598.656565656566,1.32315074345208
4.5040404040404,598.656565656566,1.2874784664306
4.57171717171717,598.656565656566,1.24496254767176
4.63939393939394,598.656565656566,1.19611745946531
4.70707070707071,598.656565656566,1.141457674101
4.77474747474747,598.656565656566,1.08149766386857
4.84242424242424,598.656565656566,1.01675190105777
4.91010101010101,598.656565656566,0.947734857958347
4.97777777777778,598.656565656566,0.874961006860051
5.04545454545454,598.656565656566,0.798935167452974
5.11313131313131,598.656565656566,0.720051949990135
5.18080808080808,598.656565656566,0.638635801103149
5.24848484848485,598.656565656566,0.555010039512722
5.31616161616162,598.656565656566,0.469497983939562
5.38383838383838,598.656565656566,0.382422953104376
5.45151515151515,598.656565656566,0.294108265727871
5.51919191919192,598.656565656566,0.204877240530757
5.58686868686869,598.656565656566,0.115053196233738
5.65454545454545,598.656565656566,0.0249594515575235
5.72222222222222,598.656565656566,-0.0650806747771773
5.78989898989899,598.656565656566,-0.154743864049661
5.85757575757576,598.656565656566,-0.243706797539217
5.92525252525252,598.656565656566,-0.331646156525138
5.99292929292929,598.656565656566,-0.418238622286719
6.06060606060606,598.656565656566,-0.503160876103249
6.12828282828283,598.656565656566,-0.586089599254021
6.1959595959596,598.656565656566,-0.666701473018331
6.26363636363636,598.656565656566,-0.744673178675467
6.33131313131313,598.656565656566,-0.819681397504725
6.3989898989899,598.656565656566,-0.891402810785396
6.46666666666667,598.656565656566,-0.959514099796772
6.53434343434343,598.656565656566,-1.0236921451014
6.6020202020202,598.656565656566,-1.08372465607444
6.66969696969697,598.656565656566,-1.13969420063392
6.73737373737374,598.656565656566,-1.19173184221255
6.8050505050505,598.656565656566,-1.23996864424302
6.87272727272727,598.656565656566,-1.28453567015802
6.94040404040404,598.656565656566,-1.32556398339025
7.00808080808081,598.656565656566,-1.3631846473724
7.07575757575758,598.656565656566,-1.39752872553717
7.14343434343434,598.656565656566,-1.42872728131726
7.21111111111111,598.656565656566,-1.45691137814536
7.27878787878788,598.656565656566,-1.48221207945416
7.34646464646465,598.656565656566,-1.50476044867636
7.41414141414141,598.656565656566,-1.52468754924466
7.48181818181818,598.656565656566,-1.54212444459175
7.54949494949495,598.656565656566,-1.55720219815033
7.61717171717172,598.656565656566,-1.57005187335308
7.68484848484848,598.656565656566,-1.58080453363272
7.75252525252525,598.656565656566,-1.58959124242192
7.82020202020202,598.656565656566,-1.59654306315339
7.88787878787879,598.656565656566,-1.60179105925982
7.95555555555555,598.656565656566,-1.60546629417391
8.02323232323232,598.656565656566,-1.60769983132836
8.09090909090909,598.656565656566,-1.60862273415585
8.15858585858586,598.656565656566,-1.60836606608908
8.22626262626263,598.656565656566,-1.60706089056075
8.29393939393939,598.656565656566,-1.60483827100356
8.36161616161616,598.656565656566,-1.60182927085019
8.42929292929293,598.656565656566,-1.59816495353335
8.4969696969697,598.656565656566,-1.59397638248573
8.56464646464647,598.656565656566,-1.58939462114002
8.63232323232323,598.656565656566,-1.58455073292892
8.7,598.656565656566,-1.57957578128513
2,604.828282828283,-3.96446061133657
2.06767676767677,604.828282828283,-3.69626772524318
2.13535353535354,604.828282828283,-3.42871986182477
2.2030303030303,604.828282828283,-3.1624620437563
2.27070707070707,604.828282828283,-2.89813929371276
2.33838383838384,604.828282828283,-2.63639663436912
2.40606060606061,604.828282828283,-2.37787908840036
2.47373737373737,604.828282828283,-2.12323167848144
2.54141414141414,604.828282828283,-1.87309942728736
2.60909090909091,604.828282828283,-1.62812735749306
2.67676767676768,604.828282828283,-1.38896049177355
2.74444444444444,604.828282828283,-1.15624385280378
2.81212121212121,604.828282828283,-0.930622463258736
2.87979797979798,604.828282828283,-0.712741345813392
2.94747474747475,604.828282828283,-0.50324552314272
3.01515151515152,604.828282828283,-0.302780017921698
3.08282828282828,604.828282828283,-0.111989852825301
3.15050505050505,604.828282828283,0.0684799494714977
3.21818181818182,604.828282828283,0.237984366293724
3.28585858585859,604.828282828283,0.395878374966402
3.35353535353535,604.828282828283,0.541516952814556
3.42121212121212,604.828282828283,0.674255077163211
3.48888888888889,604.828282828283,0.793449387638378
3.55656565656566,604.828282828283,0.898786563842591
3.62424242424242,604.828282828283,0.990678955347099
3.69191919191919,604.828282828283,1.06963546352963
3.75959595959596,604.828282828283,1.13616498976792
3.82727272727273,604.828282828283,1.1907764354397
3.8949494949495,604.828282828283,1.23397870192269
3.96262626262626,604.828282828283,1.26628069059463
4.03030303030303,604.828282828283,1.28819130283326
4.0979797979798,604.828282828283,1.30021944001629
4.16565656565657,604.828282828283,1.30287400352147
4.23333333333333,604.828282828283,1.29666389472653
4.3010101010101,604.828282828283,1.28209801500919
4.36868686868687,604.828282828283,1.25968526574718
4.43636363636364,604.828282828283,1.22993454831825
4.5040404040404,604.828282828283,1.19335476410011
4.57171717171717,604.828282828283,1.15045481447051
4.63939393939394,604.828282828283,1.10174360080716
4.70707070707071,604.828282828283,1.04773002448781
4.77474747474747,604.828282828283,0.988922986890184
4.84242424242424,604.828282828283,0.925831389392013
4.91010101010101,604.828282828283,0.858964133371026
4.97777777777778,604.828282828283,0.788830120204959
5.04545454545454,604.828282828283,0.715926977353173
5.11313131313131,604.828282828283,0.640623611283652
5.18080808080808,604.828282828283,0.563206979666287
5.24848484848485,604.828282828283,0.48396272280819
5.31616161616162,604.828282828283,0.403176481016477
5.38383838383838,604.828282828283,0.32113389459826
5.45151515151515,604.828282828283,0.238120603860655
5.51919191919192,604.828282828283,0.154422249110777
5.58686868686869,604.828282828283,0.0703244706557377
5.65454545454545,604.828282828283,-0.0138870911973473
5.72222222222222,604.828282828283,-0.0979267961413626
5.78989898989899,604.828282828283,-0.181509003869196
5.85757575757576,604.828282828283,-0.264348074073733
5.92525252525252,604.828282828283,-0.346158366447857
5.99292929292929,604.828282828283,-0.426654240684457
6.06060606060606,604.828282828283,-0.505550056476416
6.12828282828283,604.828282828283,-0.582560173516621
6.1959595959596,604.828282828283,-0.657398951497959
6.26363636363636,604.828282828283,-0.729780750113313
6.33131313131313,604.828282828283,-0.799419929055571
6.3989898989899,604.828282828283,-0.866030848017618
6.46666666666667,604.828282828283,-0.92932786669234
6.53434343434343,604.828282828283,-0.98902552253096
6.6020202020202,604.828282828283,-1.04493721099321
6.66969696969697,604.828282828283,-1.09713933792083
6.73737373737374,604.828282828283,-1.14575156658911
6.8050505050505,604.828282828283,-1.19089356027338
6.87272727272727,604.828282828283,-1.23268498224894
6.94040404040404,604.828282828283,-1.2712454957911
7.00808080808081,604.828282828283,-1.30669476417519
7.07575757575758,604.828282828283,-1.33915245067649
7.14343434343434,604.828282828283,-1.36873821857034
7.21111111111111,604.828282828283,-1.39557173113203
7.27878787878788,604.828282828283,-1.41977265163688
7.34646464646465,604.828282828283,-1.4414606433602
7.41414141414141,604.828282828283,-1.46075536957731
7.48181818181818,604.828282828283,-1.4777764935635
7.54949494949495,604.828282828283,-1.4926436785941
7.61717171717172,604.828282828283,-1.50547658794441
7.68484848484848,604.828282828283,-1.51639488488975
7.75252525252525,604.828282828283,-1.52551823270542
7.82020202020202,604.828282828283,-1.53296629466674
7.88787878787879,604.828282828283,-1.53885873404902
7.95555555555555,604.828282828283,-1.54331521412756
8.02323232323232,604.828282828283,-1.54645539817769
8.09090909090909,604.828282828283,-1.5483989494747
8.15858585858586,604.828282828283,-1.54926553129392
8.22626262626263,604.828282828283,-1.54917480691065
8.29393939393939,604.828282828283,-1.5482464396002
8.36161616161616,604.828282828283,-1.54660009263789
8.42929292929293,604.828282828283,-1.54435542929902
8.4969696969697,604.828282828283,-1.54163211285891
8.56464646464647,604.828282828283,-1.53854980659287
8.63232323232323,604.828282828283,-1.5352281737762
8.7,604.828282828283,-1.53178687768422
2,611,-3.68688132580515
2.06767676767677,611,-3.43457725121511
2.13535353535354,611,-3.18289025380326
2.2030303030303,611,-2.93243741074781
2.27070707070707,611,-2.68383579922695
2.33838383838384,611,-2.43770249641889
2.40606060606061,611,-2.19465457950182
2.47373737373737,611,-1.95530912565395
2.54141414141414,611,-1.72028321205347
2.60909090909091,611,-1.49019391587857
2.67676767676768,611,-1.26565831430747
2.74444444444444,611,-1.04729348451834
2.81212121212121,611,-0.835716503689411
2.87979797979798,611,-0.631544448998861
2.94747474747475,611,-0.435394397624893
3.01515151515152,611,-0.247883426745707
3.08282828282828,611,-0.0696286135395028
3.15050505050505,611,0.0987529648155227
3.21818181818182,611,0.256644231141172
3.28585858585859,611,0.403428108259244
3.35353535353535,611,0.538487518991542
3.42121212121212,611,0.661205386159865
3.48888888888889,611,0.77096624657014
3.55656565656566,611,0.867475083979336
3.62424242424242,611,0.951141459606187
3.69191919191919,611,1.02246868007666
3.75959595959596,611,1.08196005201674
3.82727272727273,611,1.13011888205239
3.8949494949495,611,1.16744847680959
3.96262626262626,611,1.19445214291431
4.03030303030303,611,1.21163318699252
4.0979797979798,611,1.21949491567021
4.16565656565657,611,1.21854063557333
4.23333333333333,611,1.20927365332787
4.3010101010101,611,1.1921972755598
4.36868686868687,611,1.16781480889509
4.43636363636364,611,1.13662955995972
4.5040404040404,611,1.09914483537966
4.57171717171717,611,1.05586394178088
4.63939393939394,611,1.00729018578936
4.70707070707071,611,0.953926874031068
4.77474747474747,611,0.896277313131983
4.84242424242424,611,0.834844809718077
4.91010101010101,611,0.770132670415322
4.97777777777778,611,0.702644201849692
5.04545454545454,611,0.632869814735879
5.11313131313131,611,0.561152679545112
5.18080808080808,611,0.487742227873141
5.24848484848485,611,0.412886384422289
5.31616161616162,611,0.336833073894881
5.38383838383838,611,0.259830220993239
5.45151515151515,611,0.182125750419687
5.51919191919192,611,0.103967586876549
5.58686868686869,611,0.0256036550661488
5.65454545454545,611,-0.0527181203091913
5.72222222222222,611,-0.130749814547145
5.78989898989899,611,-0.208243502945392
5.85757575757576,611,-0.284951260801606
5.92525252525252,611,-0.360625163413464
5.99292929292929,611,-0.435017286078644
6.06060606060606,611,-0.50787970409482
6.12828282828283,611,-0.578964492759669
6.1959595959596,611,-0.64802372737087
6.26363636363636,611,-0.714809483226094
6.33131313131313,611,-0.779073835623023
6.3989898989899,611,-0.84056885985933
6.46666666666667,611,-0.899046631232692
6.53434343434343,611,-0.954259381251175
6.6020202020202,611,-1.00604621581664
6.66969696969697,611,-1.05447736896965
6.73737373737374,611,-1.09966108849768
6.8050505050505,611,-1.14170562218824
6.87272727272727,611,-1.18071921782883
6.94040404040404,611,-1.21681012320695
7.00808080808081,611,-1.2500865861101
7.07575757575758,611,-1.28065685432577
7.14343434343434,611,-1.30862917564147
7.21111111111111,611,-1.33411179784469
7.27878787878788,611,-1.35721296872293
7.34646464646465,611,-1.37804093606369
7.41414141414141,611,-1.39670394765447
7.48181818181818,611,-1.41331025128278
7.54949494949495,611,-1.4279680947361
7.61717171717172,611,-1.44078572580194
7.68484848484848,611,-1.45187139226779
7.75252525252525,611,-1.46133334192116
7.82020202020202,611,-1.46927982254955
7.88787878787879,611,-1.47581908194045
7.95555555555555,611,-1.48105936788136
8.02323232323232,611,-1.48510892815978
8.09090909090909,611,-1.48807601056321
8.15858585858586,611,-1.49006886287915
8.22626262626263,611,-1.4911957328951
8.29393939393939,611,-1.49156486839856
8.36161616161616,611,-1.49128451717702
8.42929292929293,611,-1.49046292701799
8.4969696969697,611,-1.48920834570896
8.56464646464647,611,-1.48762902103744
8.63232323232323,611,-1.48583320079092
8.7,611,-1.48392913275689
