"x","y","z"
0,0,0.0780858597737067
0.125252525252525,0,0.0799177400725019
0.25050505050505,0,0.0816660692595946
0.375757575757576,0,0.0832472962232822
0.501010101010101,0,0.084577869851862
0.626262626262626,0,0.0855742390336317
0.751515151515151,0,0.0861528526568886
0.876767676767677,0,0.0862301596099302
1.0020202020202,0,0.0857226087810539
1.12727272727273,0,0.0845466490585571
1.25252525252525,0,0.0826187293307374
1.37777777777778,0,0.0798552984858922
1.5030303030303,0,0.0761728054123188
1.62828282828283,0,0.0714876989983148
1.75353535353535,0,0.0657164281321777
1.87878787878788,0,0.0587754417022047
2.0040404040404,0,0.0505811885966934
2.12929292929293,0,0.0410505905216902
2.25454545454545,0,0.0301681122135583
2.37979797979798,0,0.0180553578309541
2.50505050505051,0,0.00485055304704786
2.63030303030303,0,-0.00930807646499008
2.75555555555556,0,-0.0242823050319896
2.88080808080808,0,-0.0399339069807803
3.00606060606061,0,-0.056124656638192
3.13131313131313,0,-0.0727163283310546
3.25656565656566,0,-0.0895706963861975
3.38181818181818,0,-0.106549535130451
3.50707070707071,0,-0.123514618890644
3.63232323232323,0,-0.140327721993607
3.75757575757576,0,-0.156850618766169
3.88282828282828,0,-0.172945083535161
4.00808080808081,0,-0.188472890627412
4.13333333333333,0,-0.203296281499558
4.25858585858586,0,-0.217325932185235
4.38383838383838,0,-0.230562522037514
4.50909090909091,0,-0.243016525758979
4.63434343434343,0,-0.254698418052217
4.75959595959596,0,-0.265618673619814
4.88484848484848,0,-0.275787767164356
5.01010101010101,0,-0.285216173388428
5.13535353535354,0,-0.293914366994618
5.26060606060606,0,-0.30189282268551
5.38585858585859,0,-0.309162015163691
5.51111111111111,0,-0.315732419131746
5.63636363636364,0,-0.321614509292262
5.76161616161616,0,-0.326818760347825
5.88686868686869,0,-0.331355647001021
6.01212121212121,0,-0.335235643954436
6.13737373737374,0,-0.338469351126022
6.26262626262626,0,-0.341068672108511
6.38787878787879,0,-0.343046284627314
6.51313131313131,0,-0.344414876610263
6.63838383838384,0,-0.345187135985187
6.76363636363636,0,-0.345375750679917
6.88888888888889,0,-0.344993408622282
7.01414141414141,0,-0.344052797740115
7.13939393939394,0,-0.342566605961243
7.26464646464646,0,-0.340547521213499
7.38989898989899,0,-0.338008231424712
7.51515151515152,0,-0.334961424522712
7.64040404040404,0,-0.331419788435331
7.76565656565657,0,-0.327396011090398
7.89090909090909,0,-0.322902780415743
8.01616161616162,0,-0.317952784339197
8.14141414141414,0,-0.31255871078859
8.26666666666667,0,-0.306733247691752
8.39191919191919,0,-0.300489082976515
8.51717171717172,0,-0.293838904570707
8.64242424242424,0,-0.28679540040216
8.76767676767677,0,-0.279371258398703
8.89292929292929,0,-0.271579166488167
9.01818181818182,0,-0.263431812598383
9.14343434343434,0,-0.25494188465718
9.26868686868687,0,-0.246122070592389
9.3939393939394,0,-0.236985058331841
9.51919191919192,0,-0.227543535803365
9.64444444444444,0,-0.217810190934792
9.76969696969697,0,-0.207797711653952
9.8949494949495,0,-0.197518785888675
10.020202020202,0,-0.186986101566792
10.1454545454545,0,-0.176212346616134
10.2707070707071,0,-0.16521020896453
10.3959595959596,0,-0.15399237653981
10.5212121212121,0,-0.142571537269806
10.6464646464646,0,-0.130960379082347
10.7717171717172,0,-0.119171589905263
10.8969696969697,0,-0.107217857666386
11.0222222222222,0,-0.0951118702935443
11.1474747474747,0,-0.0828663157145697
11.2727272727273,0,-0.0704938818572919
11.3979797979798,0,-0.0580072566495413
11.5232323232323,0,-0.0454191280191483
11.6484848484848,0,-0.0327421838939431
11.7737373737374,0,-0.019989112201756
11.8989898989899,0,-0.00717260087041729
12.0242424242424,0,0.00569466217224244
12.1494949494949,0,0.0185999889983933
12.2747474747475,0,0.0315306916802048
12.4,0,0.0444740822898466
0,2.97979797979798,-0.0750567388904601
0.125252525252525,2.97979797979798,-0.0724712506807596
0.25050505050505,2.97979797979798,-0.0698468209809328
0.375757575757576,2.97979797979798,-0.0671445083008534
0.501010101010101,2.97979797979798,-0.064325371150395
0.626262626262626,2.97979797979798,-0.0613504680394313
0.751515151515151,2.97979797979798,-0.0581808574778361
0.876767676767677,2.97979797979798,-0.054777597975483
1.0020202020202,2.97979797979798,-0.0511017480422457
1.12727272727273,2.97979797979798,-0.0471143661879978
1.25252525252525,2.97979797979798,-0.0427765109226131
1.37777777777778,2.97979797979798,-0.0380492407559652
1.5030303030303,2.97979797979798,-0.0328936141979279
1.62828282828283,2.97979797979798,-0.0272706897583748
1.75353535353535,2.97979797979798,-0.0211415259471796
1.87878787878788,2.97979797979798,-0.0144671812742159
2.0040404040404,2.97979797979798,-0.00720871424935753
2.12929292929293,2.97979797979798,0.000672328460939588
2.25454545454545,2.97979797979798,0.00914466597462773
2.37979797979798,2.97979797979798,0.0180354290030471
2.50505050505051,2.97979797979798,0.0271545875191001
2.63030303030303,2.97979797979798,0.0363121114956891
2.75555555555556,2.97979797979798,0.0453179709057165
2.88080808080808,2.97979797979798,0.0539821357220846
3.00606060606061,2.97979797979798,0.0621145759176958
3.13131313131313,2.97979797979798,0.0695252614654525
3.25656565656566,2.97979797979798,0.0760241623382571
3.38181818181818,2.97979797979798,0.0814212485090119
3.50707070707071,2.97979797979798,0.0855264899506193
3.63232323232323,2.97979797979798,0.0881498566359818
3.75757575757576,2.97979797979798,0.0891013185380015
3.88282828282828,2.97979797979798,0.088190845629581
4.00808080808081,2.97979797979798,0.0852284078836227
4.13333333333333,2.97979797979798,0.0800252754477669
4.25858585858586,2.97979797979798,0.0725275277080335
4.38383838383838,2.97979797979798,0.0629317526683774
4.50909090909091,2.97979797979798,0.0514618019879727
4.63434343434343,2.97979797979798,0.0383415273259931
4.75959595959596,2.97979797979798,0.0237947803416124
4.88484848484848,2.97979797979798,0.0080454126940047
5.01010101010101,2.97979797979798,-0.00868272395765658
5.13535353535354,2.97979797979798,-0.0261657779541972
5.26060606060606,2.97979797979798,-0.0441798976364437
5.38585858585859,2.97979797979798,-0.062501231345222
5.51111111111111,2.97979797979798,-0.0809059274213582
5.63636363636364,2.97979797979798,-0.0991701342056788
5.76161616161616,2.97979797979798,-0.11707000003901
5.88686868686869,2.97979797979798,-0.134381673262177
6.01212121212121,2.97979797979798,-0.150881302216007
6.13737373737374,2.97979797979798,-0.166358931421047
6.26262626262626,2.97979797979798,-0.180749284916
6.38787878787879,2.97979797979798,-0.194072998613709
6.51313131313131,2.97979797979798,-0.206351840673303
6.63838383838384,2.97979797979798,-0.21760757925391
6.76363636363636,2.97979797979798,-0.227861982514656
6.88888888888889,2.97979797979798,-0.237136818614669
7.01414141414141,2.97979797979798,-0.245453855713076
7.13939393939394,2.97979797979798,-0.252834861969006
7.26464646464646,2.97979797979798,-0.259301605541584
7.38989898989899,2.97979797979798,-0.264875854589939
7.51515151515152,2.97979797979798,-0.269579377273198
7.64040404040404,2.97979797979798,-0.273433941750488
7.76565656565657,2.97979797979798,-0.276461316180938
7.89090909090909,2.97979797979798,-0.278683268723673
8.01616161616162,2.97979797979798,-0.280121567537822
8.14141414141414,2.97979797979798,-0.280797980782512
8.26666666666667,2.97979797979798,-0.28073427661687
8.39191919191919,2.97979797979798,-0.279952223200024
8.51717171717172,2.97979797979798,-0.278473588691101
8.64242424242424,2.97979797979798,-0.276320141249229
8.76767676767677,2.97979797979798,-0.273513649033535
8.89292929292929,2.97979797979798,-0.270075880203146
9.01818181818182,2.97979797979798,-0.26602860291719
9.14343434343434,2.97979797979798,-0.261393585334795
9.26868686868687,2.97979797979798,-0.256192595615086
9.3939393939394,2.97979797979798,-0.250447401917193
9.51919191919192,2.97979797979798,-0.244179772400242
9.64444444444444,2.97979797979798,-0.237411475223361
9.76969696969697,2.97979797979798,-0.230164278545678
9.8949494949495,2.97979797979798,-0.222459950526319
10.020202020202,2.97979797979798,-0.214320259324411
10.1454545454545,2.97979797979798,-0.205766973099083
10.2707070707071,2.97979797979798,-0.196821860009463
10.3959595959596,2.97979797979798,-0.187506688214676
10.5212121212121,2.97979797979798,-0.17784322587385
10.6464646464646,2.97979797979798,-0.167853241146114
10.7717171717172,2.97979797979798,-0.157558502190594
10.8969696969697,2.97979797979798,-0.146980777166418
11.0222222222222,2.97979797979798,-0.136141834232713
11.1474747474747,2.97979797979798,-0.125063441548607
11.2727272727273,2.97979797979798,-0.113767367273227
11.3979797979798,2.97979797979798,-0.1022753795657
11.5232323232323,2.97979797979798,-0.0906092465851541
11.6484848484848,2.97979797979798,-0.0787907364907162
11.7737373737374,2.97979797979798,-0.0668416174415139
11.8989898989899,2.97979797979798,-0.0547836575966746
12.0242424242424,2.97979797979798,-0.0426386251153259
12.1494949494949,2.97979797979798,-0.0304282881565948
12.2747474747475,2.97979797979798,-0.0181744148796089
12.4,2.97979797979798,-0.00589877344349555
0,5.95959595959596,-0.22674906953105
0.125252525252525,5.95959595959596,-0.222887217108964
0.25050505050505,5.95959595959596,-0.218873047149355
0.375757575757576,5.95959595959596,-0.214554242114698
0.501010101010101,5.95959595959596,-0.209778484467469
0.626262626262626,5.95959595959596,-0.204393456670145
0.751515151515151,5.95959595959596,-0.198246841185202
0.876767676767677,5.95959595959596,-0.191186320475115
1.0020202020202,5.95959595959596,-0.183059577002362
1.12727272727273,5.95959595959596,-0.173714293229418
1.25252525252525,5.95959595959596,-0.162998151618759
1.37777777777778,5.95959595959596,-0.150758834632861
1.5030303030303,5.95959595959596,-0.136844024734202
1.62828282828283,5.95959595959596,-0.121101404385256
1.75353535353535,5.95959595959596,-0.1033786560485
1.87878787878788,5.95959595959596,-0.0835234621864105
2.0040404040404,5.95959595959596,-0.0613835052614631
2.12929292929293,5.95959595959596,-0.0368078461843142
2.25454545454545,5.95959595959596,-0.00984246014694265
2.37979797979798,5.95959595959596,0.0190668627457927
2.50505050505051,5.95959595959596,0.0494258741903165
2.63030303030303,5.95959595959596,0.0807403258830537
2.75555555555556,5.95959595959596,0.112515969520429
2.88080808080808,5.95959595959596,0.144258556798868
3.00606060606061,5.95959595959596,0.175473839414795
3.13131313131313,5.95959595959596,0.205667569064636
3.25656565656566,5.95959595959596,0.234345497444814
3.38181818181818,5.95959595959596,0.261013376251755
3.50707070707071,5.95959595959596,0.285176957181885
3.63232323232323,5.95959595959596,0.306341991931627
3.75757575757576,5.95959595959596,0.324014232197406
3.88282828282828,5.95959595959596,0.337699429675648
4.00808080808081,5.95959595959596,0.346903336062778
4.13333333333333,5.95959595959596,0.351134634727067
4.25858585858586,5.95959595959596,0.350205980831742
4.38383838383838,5.95959595959596,0.344494883663982
4.50909090909091,5.95959595959596,0.334440327394388
4.63434343434343,5.95959595959596,0.320481296193565
4.75959595959596,5.95959595959596,0.303056774232113
4.88484848484848,5.95959595959596,0.282605745680636
5.01010101010101,5.95959595959596,0.259567194709735
5.13535353535354,5.95959595959596,0.234380105490015
5.26060606060606,5.95959595959596,0.207483462192076
5.38585858585859,5.95959595959596,0.179316248986522
5.51111111111111,5.95959595959596,0.150317450043955
5.63636363636364,5.95959595959596,0.120926049534978
5.76161616161616,5.95959595959596,0.0915810316301931
5.88686868686869,5.95959595959596,0.0627213805002025
6.01212121212121,5.95959595959596,0.0347860803156093
6.13737373737374,5.95959595959596,0.0081876097267857
6.26262626262626,5.95959595959596,-0.0169375137773124
6.38787878787879,5.95959595959596,-0.0406166406889827
6.51313131313131,5.95959595959596,-0.062879281142765
6.63838383838384,5.95959595959596,-0.0837549452731983
6.76363636363636,5.95959595959596,-0.103273143214822
6.88888888888889,5.95959595959596,-0.121463385102176
7.01414141414141,5.95959595959596,-0.138355181069798
7.13939393939394,5.95959595959596,-0.153978041252229
7.26464646464646,5.95959595959596,-0.168361475784008
7.38989898989899,5.95959595959596,-0.181534994799674
7.51515151515152,5.95959595959596,-0.193528108433766
7.64040404040404,5.95959595959596,-0.204370326820824
7.76565656565657,5.95959595959596,-0.214091160095388
7.89090909090909,5.95959595959596,-0.222720118391996
8.01616161616162,5.95959595959596,-0.230286711845187
8.14141414141414,5.95959595959596,-0.236820450589502
8.26666666666667,5.95959595959596,-0.242350844759479
8.39191919191919,5.95959595959596,-0.246907404489658
8.51717171717172,5.95959595959596,-0.250519639914579
8.64242424242424,5.95959595959596,-0.253217061168779
8.76767676767677,5.95959595959596,-0.2550291783868
8.89292929292929,5.95959595959596,-0.25598550170318
9.01818181818182,5.95959595959596,-0.256115541252458
9.14343434343434,5.95959595959596,-0.255448807169174
9.26868686868687,5.95959595959596,-0.254014809587868
9.3939393939394,5.95959595959596,-0.251843058643077
9.51919191919192,5.95959595959596,-0.248963064469343
9.64444444444444,5.95959595959596,-0.245404337201204
9.76969696969697,5.95959595959596,-0.2411963869732
9.8949494949495,5.95959595959596,-0.236368723919869
10.020202020202,5.95959595959596,-0.230950858175752
10.1454545454545,5.95959595959596,-0.224972299875387
10.2707070707071,5.95959595959596,-0.218462559153315
10.3959595959596,5.95959595959596,-0.211451146144073
10.5212121212121,5.95959595959596,-0.203967570982202
10.6464646464646,5.95959595959596,-0.196041343802241
10.7717171717172,5.95959595959596,-0.187701974738729
10.8969696969697,5.95959595959596,-0.178978973926206
11.0222222222222,5.95959595959596,-0.16990185149921
11.1474747474747,5.95959595959596,-0.160500117592282
11.2727272727273,5.95959595959596,-0.150803282339961
11.3979797979798,5.95959595959596,-0.140840855876785
11.5232323232323,5.95959595959596,-0.130642348337295
11.6484848484848,5.95959595959596,-0.12023726985603
11.7737373737374,5.95959595959596,-0.109655130567528
11.8989898989899,5.95959595959596,-0.0989254406063301
12.0242424242424,5.95959595959596,-0.0880777101069746
12.1494949494949,5.95959595959596,-0.0771414492040009
12.2747474747475,5.95959595959596,-0.0661461680319486
12.4,5.95959595959596,-0.055121376725357
0,8.93939393939394,-0.375540864124485
0.125252525252525,8.93939393939394,-0.369357134887055
0.25050505050505,8.93939393939394,-0.362925945173566
0.375757575757576,8.93939393939394,-0.355999834507959
0.501010101010101,8.93939393939394,-0.348331342414177
0.626262626262626,8.93939393939394,-0.339673008416159
0.751515151515151,8.93939393939394,-0.329777372037848
0.876767676767677,8.93939393939394,-0.318396972803185
1.0020202020202,8.93939393939394,-0.305284350236111
1.12727272727273,8.93939393939394,-0.290192043860567
1.25252525252525,8.93939393939394,-0.272872593200495
1.37777777777778,8.93939393939394,-0.253078537779836
1.5030303030303,8.93939393939394,-0.230562417122531
1.62828282828283,8.93939393939394,-0.205076770752521
1.75353535353535,8.93939393939394,-0.176374138193748
1.87878787878788,8.93939393939394,-0.144207058970153
2.0040404040404,8.93939393939394,-0.108328072605678
2.12929292929293,8.93939393939394,-0.0684918459985745
2.25454545454545,8.93939393939394,-0.0247569460337927
2.37979797979798,8.93939393939394,0.0222010216298431
2.50505050505051,8.93939393939394,0.071631665259861
2.63030303030303,8.93939393939394,0.122784593123789
2.75555555555556,8.93939393939394,0.174909413489156
2.88080808080808,8.93939393939394,0.22725573462349
3.00606060606061,8.93939393939394,0.279073164794319
3.13131313131313,8.93939393939394,0.329611312269172
3.25656565656566,8.93939393939394,0.378119785315577
3.38181818181818,8.93939393939394,0.423848192201061
3.50707070707071,8.93939393939394,0.466046141193154
3.63232323232323,8.93939393939394,0.503963240559384
3.75757575757576,8.93939393939394,0.536849098567278
3.88282828282828,8.93939393939394,0.563953323484366
4.00808080808081,8.93939393939394,0.584525523578175
4.13333333333333,8.93939393939394,0.597819598670318
4.25858585858586,8.93939393939394,0.603534420416331
4.38383838383838,8.93939393939394,0.602195727239013
4.50909090909091,8.93939393939394,0.594419248119732
4.63434343434343,8.93939393939394,0.580820712039859
4.75959595959596,8.93939393939394,0.562015847980761
4.88484848484848,8.93939393939394,0.538620384923808
5.01010101010101,8.93939393939394,0.511250051850368
5.13535353535354,8.93939393939394,0.48052057774181
5.26060606060606,8.93939393939394,0.447047691579504
5.38585858585859,8.93939393939394,0.411447122344818
5.51111111111111,8.93939393939394,0.374334599019121
5.63636363636364,8.93939393939394,0.336325850583782
5.76161616161616,8.93939393939394,0.29803660602017
5.88686868686869,8.93939393939394,0.260082594309653
6.01212121212121,8.93939393939394,0.223079544433601
6.13737373737374,8.93939393939394,0.187606393760337
6.26262626262626,8.93939393939394,0.153859025253728
6.38787878787879,8.93939393939394,0.121805861057986
6.51313131313131,8.93939393939394,0.0914123255749318
6.63838383838384,8.93939393939394,0.0626438432063829
6.76363636363636,8.93939393939394,0.0354658383541587
6.88888888888889,8.93939393939394,0.00984373542007835
7.01414141414141,8.93939393939394,-0.014257041194039
7.13939393939394,8.93939393939394,-0.0368710670863747
7.26464646464646,8.93939393939394,-0.0580329178551092
7.38989898989899,8.93939393939394,-0.0777771690984241
7.51515151515152,8.93939393939394,-0.0961383964145
7.64040404040404,8.93939393939394,-0.113151175401518
7.76565656565657,8.93939393939394,-0.128850081657659
7.89090909090909,8.93939393939394,-0.143269690781103
8.01616161616162,8.93939393939394,-0.156444578370033
8.14141414141414,8.93939393939394,-0.168409320022629
8.26666666666667,8.93939393939394,-0.179198491337071
8.39191919191919,8.93939393939394,-0.188846667911542
8.51717171717172,8.93939393939394,-0.197388425344221
8.64242424242424,8.93939393939394,-0.20485833923329
8.76767676767677,8.93939393939394,-0.21129098517693
8.89292929292929,8.93939393939394,-0.216720938773322
9.01818181818182,8.93939393939394,-0.221182775620646
9.14343434343434,8.93939393939394,-0.224711071317084
9.26868686868687,8.93939393939394,-0.227340401460817
9.3939393939394,8.93939393939394,-0.229105341650025
9.51919191919192,8.93939393939394,-0.230040467482891
9.64444444444444,8.93939393939394,-0.230180354557593
9.76969696969697,8.93939393939394,-0.229559578472315
9.8949494949495,8.93939393939394,-0.228212714825235
10.020202020202,8.93939393939394,-0.226174339214537
10.1454545454545,8.93939393939394,-0.2234790272384
10.2707070707071,8.93939393939394,-0.220161354495005
10.3959595959596,8.93939393939394,-0.216255896582534
10.5212121212121,8.93939393939394,-0.211797229099167
10.6464646464646,8.93939393939394,-0.206819927643085
10.7717171717172,8.93939393939394,-0.20135856781247
10.8969696969697,8.93939393939394,-0.195447725205503
11.0222222222222,8.93939393939394,-0.189121975420363
11.1474747474747,8.93939393939394,-0.182415894055233
11.2727272727273,8.93939393939394,-0.175364056708293
11.3979797979798,8.93939393939394,-0.168001038977725
11.5232323232323,8.93939393939394,-0.160361416461708
11.6484848484848,8.93939393939394,-0.152479764758425
11.7737373737374,8.93939393939394,-0.144390659466056
11.8989898989899,8.93939393939394,-0.136128676182782
12.0242424242424,8.93939393939394,-0.127728390506784
12.1494949494949,8.93939393939394,-0.119224378036243
12.2747474747475,8.93939393939394,-0.110651214369341
12.4,8.93939393939394,-0.102043475104257
0,11.9191919191919,-0.519981854647189
0.125252525252525,11.9191919191919,-0.509907979689975
0.25050505050505,11.9191919191919,-0.499518850981461
0.375757575757576,11.9191919191919,-0.488499214770348
0.501010101010101,11.9191919191919,-0.476533817305336
0.626262626262626,11.9191919191919,-0.463307404835125
0.751515151515151,11.9191919191919,-0.448504723608417
0.876767676767677,11.9191919191919,-0.431810519873912
1.0020202020202,11.9191919191919,-0.41290953988031
1.12727272727273,11.9191919191919,-0.391486529876311
1.25252525252525,11.9191919191919,-0.367226236110617
1.37777777777778,11.9191919191919,-0.339813404831926
1.5030303030303,11.9191919191919,-0.308932782288941
1.62828282828283,11.9191919191919,-0.274269114730361
1.75353535353535,11.9191919191919,-0.235507148404886
1.87878787878788,11.9191919191919,-0.192331629561218
2.0040404040404,11.9191919191919,-0.144427304448057
2.12929292929293,11.9191919191919,-0.0914815835663445
2.25454545454545,11.9191919191919,-0.0335624715685623
2.37979797979798,11.9191919191919,0.028489268225851
2.50505050505051,11.9191919191919,0.0937392129268978
2.63030303030303,11.9191919191919,0.161252939644581
2.75555555555556,11.9191919191919,0.230096025488904
2.88080808080808,11.9191919191919,0.299334047569869
3.00606060606061,11.9191919191919,0.368032582997479
3.13131313131313,11.9191919191919,0.435257208881738
3.25656565656566,11.9191919191919,0.500073502332647
3.38181818181818,11.9191919191919,0.56154704046021
3.50707070707071,11.9191919191919,0.61874340037443
3.63232323232323,11.9191919191919,0.670728159185309
3.75757575757576,11.9191919191919,0.716566894002851
3.88282828282828,11.9191919191919,0.755325181937058
4.00808080808081,11.9191919191919,0.786068600097933
4.13333333333333,11.9191919191919,0.807867969609495
4.25858585858586,11.9191919191919,0.82033783969224
4.38383838383838,11.9191919191919,0.824103139683183
4.50909090909091,11.9191919191919,0.819898761823469
4.63434343434343,11.9191919191919,0.808459598354237
4.75959595959596,11.9191919191919,0.790520541516631
4.88484848484848,11.9191919191919,0.766816483551792
5.01010101010101,11.9191919191919,0.738082316700861
5.13535353535354,11.9191919191919,0.705052933204981
5.26060606060606,11.9191919191919,0.668463225305294
5.38585858585859,11.9191919191919,0.62904808524294
5.51111111111111,11.9191919191919,0.587542405259064
5.63636363636364,11.9191919191919,0.544681077594805
5.76161616161616,11.9191919191919,0.501198994491306
5.88686868686869,11.9191919191919,0.457831048189709
6.01212121212121,11.9191919191919,0.415312130931156
6.13737373737374,11.9191919191919,0.374333542122465
6.26262626262626,11.9191919191919,0.335132716123297
6.38787878787879,11.9191919191919,0.29767757853832
6.51313131313131,11.9191919191919,0.261932503073366
6.63838383838384,11.9191919191919,0.227861863434268
6.76363636363636,11.9191919191919,0.195430033326859
6.88888888888889,11.9191919191919,0.164601386456972
7.01414141414141,11.9191919191919,0.135340296530441
7.13939393939394,11.9191919191919,0.107611137253096
7.26464646464646,11.9191919191919,0.0813782823307729
7.38989898989899,11.9191919191919,0.0566061054693021
7.51515151515152,11.9191919191919,0.033258980374518
7.64040404040404,11.9191919191919,0.011301280752253
7.76565656565657,11.9191919191919,-0.00930261969166071
7.89090909090909,11.9191919191919,-0.0285883472513891
8.01616161616162,11.9191919191919,-0.0465915282211002
8.14141414141414,11.9191919191919,-0.0633477888949609
8.26666666666667,11.9191919191919,-0.0788927555671383
8.39191919191919,11.9191919191919,-0.0932620545317997
8.51717171717172,11.9191919191919,-0.106491312083112
8.64242424242424,11.9191919191919,-0.118616154515243
8.76767676767677,11.9191919191919,-0.129672208122359
8.89292929292929,11.9191919191919,-0.139695099198627
9.01818181818182,11.9191919191919,-0.148720454038215
9.14343434343434,11.9191919191919,-0.15678389893529
9.26868686868687,11.9191919191919,-0.163921060184019
9.3939393939394,11.9191919191919,-0.170167564078569
9.51919191919192,11.9191919191919,-0.175559036913108
9.64444444444444,11.9191919191919,-0.180131104981801
9.76969696969697,11.9191919191919,-0.183919394578818
9.8949494949495,11.9191919191919,-0.186959531998324
10.020202020202,11.9191919191919,-0.189287143534487
10.1454545454545,11.9191919191919,-0.190937855481474
10.2707070707071,11.9191919191919,-0.191947294133453
10.3959595959596,11.9191919191919,-0.19235108578459
10.5212121212121,11.9191919191919,-0.192184856729052
10.6464646464646,11.9191919191919,-0.191484233261007
10.7717171717172,11.9191919191919,-0.190284841674622
10.8969696969697,11.9191919191919,-0.188622308264064
11.0222222222222,11.9191919191919,-0.1865322593235
11.1474747474747,11.9191919191919,-0.184050321147097
11.2727272727273,11.9191919191919,-0.181212120029022
11.3979797979798,11.9191919191919,-0.178053282263444
11.5232323232323,11.9191919191919,-0.174609434144528
11.6484848484848,11.9191919191919,-0.170916201966442
11.7737373737374,11.9191919191919,-0.167009212023353
11.8989898989899,11.9191919191919,-0.162924090609428
12.0242424242424,11.9191919191919,-0.158696464018835
12.1494949494949,11.9191919191919,-0.15436195854574
12.2747474747475,11.9191919191919,-0.149956200484311
12.4,11.9191919191919,-0.145514816128715
0,14.8989898989899,-0.658621773075585
0.125252525252525,14.8989898989899,-0.642566727192667
0.25050505050505,14.8989898989899,-0.626165100500933
0.375757575757576,14.8989898989899,-0.60907031219157
0.501010101010101,14.8989898989899,-0.590935781455762
0.626262626262626,14.8989898989899,-0.571414927484693
0.751515151515151,14.8989898989899,-0.550161169469549
0.876767676767677,14.8989898989899,-0.526827926601515
1.0020202020202,14.8989898989899,-0.501068618071775
1.12727272727273,14.8989898989899,-0.472536663071515
1.25252525252525,14.8989898989899,-0.440885480791919
1.37777777777778,14.8989898989899,-0.405768490424173
1.5030303030303,14.8989898989899,-0.36683911115946
1.62828282828283,14.8989898989899,-0.323750762188967
1.75353535353535,14.8989898989899,-0.276156862703879
1.87878787878788,14.8989898989899,-0.223710831895379
2.0040404040404,14.8989898989899,-0.166066088954654
2.12929292929293,14.8989898989899,-0.102878971472127
2.25454545454545,14.8989898989899,-0.0342227166338912
2.37979797979798,14.8989898989899,0.0389829651044686
2.50505050505051,14.8989898989899,0.115715769390591
2.63030303030303,14.8989898989899,0.194953391872114
2.75555555555556,14.8989898989899,0.275673528196679
2.88080808080808,14.8989898989899,0.356853874011923
3.00606060606061,14.8989898989899,0.437472124965487
3.13131313131313,14.8989898989899,0.516505976705008
3.25656565656566,14.8989898989899,0.592933124878127
3.38181818181818,14.8989898989899,0.665731265132482
3.50707070707071,14.8989898989899,0.733878093115713
3.63232323232323,14.8989898989899,0.796351304475459
3.75757575757576,14.8989898989899,0.852128594859358
3.88282828282828,14.8989898989899,0.90018765991505
4.00808080808081,14.8989898989899,0.939506195290175
4.13333333333333,14.8989898989899,0.969067549876573
4.25858585858586,14.8989898989899,0.988441231889907
4.38383838383838,14.8989898989899,0.998285977286206
4.50909090909091,14.8989898989899,0.999379066165061
4.63434343434343,14.8989898989899,0.992497778626061
4.75959595959596,14.8989898989899,0.978419394768796
4.88484848484848,14.8989898989899,0.957921194692858
5.01010101010101,14.8989898989899,0.931780458497835
5.13535353535354,14.8989898989899,0.900774466283319
5.26060606060606,14.8989898989899,0.865680498148899
5.38585858585859,14.8989898989899,0.827275834194166
5.51111111111111,14.8989898989899,0.78633775451871
5.63636363636364,14.8989898989899,0.743643539222121
5.76161616161616,14.8989898989899,0.69997046840399
5.88686868686869,14.8989898989899,0.656095822163906
6.01212121212121,14.8989898989899,0.612796880601461
6.13737373737374,14.8989898989899,0.570805176256028
6.26262626262626,14.8989898989899,0.530375942777571
6.38787878787879,14.8989898989899,0.491481583663138
6.51313131313131,14.8989898989899,0.454090774946115
6.63838383838384,14.8989898989899,0.418172192659891
6.76363636363636,14.8989898989899,0.383694512837853
6.88888888888889,14.8989898989899,0.350626411513387
7.01414141414141,14.8989898989899,0.318936564719881
7.13939393939394,14.8989898989899,0.288593648490723
7.26464646464646,14.8989898989899,0.259566338859299
7.38989898989899,14.8989898989899,0.231823311858997
7.51515151515152,14.8989898989899,0.205333243523204
7.64040404040404,14.8989898989899,0.180064809885309
7.76565656565657,14.8989898989899,0.155986686978696
7.89090909090909,14.8989898989899,0.133067550836755
8.01616161616162,14.8989898989899,0.111276077492871
8.14141414141414,14.8989898989899,0.0905809429804334
8.26666666666667,14.8989898989899,0.0709508233328285
8.39191919191919,14.8989898989899,0.0523543945834437
8.51717171717172,14.8989898989899,0.0347603327656663
8.64242424242424,14.8989898989899,0.0181373139128831
8.76767676767677,14.8989898989899,0.00245401405848214
8.89292929292929,14.8989898989899,-0.0123208907641497
9.01818181818182,14.8989898989899,-0.0262187245216252
9.14343434343434,14.8989898989899,-0.0392708111805571
9.26868686868687,14.8989898989899,-0.0515084747075579
9.3939393939394,14.8989898989899,-0.0629630390692403
9.51919191919192,14.8989898989899,-0.0736658282322177
9.64444444444444,14.8989898989899,-0.0836481661631018
9.76969696969697,14.8989898989899,-0.0929413768285063
9.8949494949495,14.8989898989899,-0.101576784195043
10.020202020202,14.8989898989899,-0.109585712229326
10.1454545454545,14.8989898989899,-0.116999484897966
10.2707070707071,14.8989898989899,-0.123849426167578
10.3959595959596,14.8989898989899,-0.130166860004773
10.5212121212121,14.8989898989899,-0.135983110376164
10.6464646464646,14.8989898989899,-0.141329501248365
10.7717171717172,14.8989898989899,-0.146237356587987
10.8969696969697,14.8989898989899,-0.150738000361644
11.0222222222222,14.8989898989899,-0.154862756535947
11.1474747474747,14.8989898989899,-0.158642949077511
11.2727272727273,14.8989898989899,-0.162109901952948
11.3979797979798,14.8989898989899,-0.16529493912887
11.5232323232323,14.8989898989899,-0.168229384571891
11.6484848484848,14.8989898989899,-0.170944562248622
11.7737373737374,14.8989898989899,-0.173471796125676
11.8989898989899,14.8989898989899,-0.175842410169668
12.0242424242424,14.8989898989899,-0.178087728347208
12.1494949494949,14.8989898989899,-0.18023907462491
12.2747474747475,14.8989898989899,-0.182327772969386
12.4,14.8989898989899,-0.18438514734725
0,17.8787878787879,-0.790010351386095
0.125252525252525,17.8787878787879,-0.765360353070074
0.25050505050505,17.8787878787879,-0.740378029659879
0.375757575757576,17.8787878787879,-0.714731056061337
0.501010101010101,17.8787878787879,-0.688087107180273
0.626262626262626,17.8787878787879,-0.660113857922514
0.751515151515151,17.8787878787879,-0.630478983193885
0.876767676767677,17.8787878787879,-0.598850157900213
1.0020202020202,17.8787878787879,-0.564895056947323
1.12727272727273,17.8787878787879,-0.528281355241043
1.25252525252525,17.8787878787879,-0.488676727687197
1.37777777777778,17.8787878787879,-0.445748849191613
1.5030303030303,17.8787878787879,-0.399165394660116
1.62828282828283,17.8787878787879,-0.348594038998533
1.75353535353535,17.8787878787879,-0.293702457112689
1.87878787878788,17.8787878787879,-0.23415832390841
2.0040404040404,17.8787878787879,-0.169629314291524
2.12929292929293,17.8787878787879,-0.0997859223004263
2.25454545454545,17.8787878787879,-0.0247013611124192
2.37979797979798,17.8787878787879,0.0547334748363486
2.50505050505051,17.8787878787879,0.137528586850104
2.63030303030303,17.8787878787879,0.222693976233075
2.75555555555556,17.8787878787879,0.309239644289488
2.88080808080808,17.8787878787879,0.396175592323573
3.00606060606061,17.8787878787879,0.482511821639554
3.13131313131313,17.8787878787879,0.567258333541662
3.25656565656566,17.8787878787879,0.649425129334121
3.38181818181818,17.8787878787879,0.72802221032116
3.50707070707071,17.8787878787879,0.802059577807007
3.63232323232323,17.8787878787879,0.87054723309589
3.75757575757576,17.8787878787879,0.932495177492034
3.88282828282828,17.8787878787879,0.986913412299668
4.00808080808081,17.8787878787879,1.03281193882302
4.13333333333333,17.8787878787879,1.06920614180353
4.25858585858586,17.8787878787879,1.09566959023978
4.38383838383838,17.8787878787879,1.1128130963378
4.50909090909091,17.8787878787879,1.12136035880397
4.63434343434343,17.8787878787879,1.12203507634469
4.75959595959596,17.8787878787879,1.11556094766633
4.88484848484848,17.8787878787879,1.10266167147528
5.01010101010101,17.8787878787879,1.08406094647791
5.13535353535354,17.8787878787879,1.06048247138062
5.26060606060606,17.8787878787879,1.03264994488977
5.38585858585859,17.8787878787879,1.00128706571177
5.51111111111111,17.8787878787879,0.967117532552986
5.63636363636364,17.8787878787879,0.930865044119804
5.76161616161616,17.8787878787879,0.893253299118608
5.88686868686869,17.8787878787879,0.85500599625578
6.01212121212121,17.8787878787879,0.816846834237704
6.13737373737374,17.8787878787879,0.779457417603887
6.26262626262626,17.8787878787879,0.743081089162728
6.38787878787879,17.8787878787879,0.707700948343563
6.51313131313131,17.8787878787879,0.673296664786761
6.63838383838384,17.8787878787879,0.639847908132688
6.76363636363636,17.8787878787879,0.607334348021713
6.88888888888889,17.8787878787879,0.575735654094202
7.01414141414141,17.8787878787879,0.545031495990523
7.13939393939394,17.8787878787879,0.515201543351044
7.26464646464646,17.8787878787879,0.486225465816132
7.38989898989899,17.8787878787879,0.458082933026154
7.51515151515152,17.8787878787879,0.430753614621477
7.64040404040404,17.8787878787879,0.404217180242471
7.76565656565657,17.8787878787879,0.378453299529501
7.89090909090909,17.8787878787879,0.353441642122936
8.01616161616162,17.8787878787879,0.329161877663142
8.14141414141414,17.8787878787879,0.305593675790487
8.26666666666667,17.8787878787879,0.282716706145338
8.39191919191919,17.8787878787879,0.260510638368064
8.51717171717172,17.8787878787879,0.238955142099031
8.64242424242424,17.8787878787879,0.218029886978607
8.76767676767677,17.8787878787879,0.197714542647159
8.89292929292929,17.8787878787879,0.177988778745056
9.01818181818182,17.8787878787879,0.158832264912664
9.14343434343434,17.8787878787879,0.14022467079035
9.26868686868687,17.8787878787879,0.122145666018483
9.3939393939394,17.8787878787879,0.104574920237429
9.51919191919192,17.8787878787879,0.0874921030875562
9.64444444444444,17.8787878787879,0.0708768842092325
9.76969696969697,17.8787878787879,0.0547089332428245
9.8949494949495,17.8787878787879,0.0389679198286999
10.020202020202,17.8787878787879,0.023633513607226
10.1454545454545,17.8787878787879,0.00868538421877097
10.2707070707071,17.8787878787879,-0.00589679869629857
10.3959595959596,17.8787878787879,-0.0201333654976145
10.5212121212121,17.8787878787879,-0.0340446465448098
10.6464646464646,17.8787878787879,-0.0476509721975171
10.7717171717172,17.8787878787879,-0.0609726728153683
10.8969696969697,17.8787878787879,-0.0740300787579968
11.0222222222222,17.8787878787879,-0.0868435203850347
11.1474747474747,17.8787878787879,-0.0994333280561145
11.2727272727273,17.8787878787879,-0.111819832130869
11.3979797979798,17.8787878787879,-0.12402336296893
11.5232323232323,17.8787878787879,-0.136064250929931
11.6484848484848,17.8787878787879,-0.147962826373505
11.7737373737374,17.8787878787879,-0.159739419659282
11.8989898989899,17.8787878787879,-0.171414361146898
12.0242424242424,17.8787878787879,-0.183007981195983
12.1494949494949,17.8787878787879,-0.19454061016617
12.2747474747475,17.8787878787879,-0.206032578417092
12.4,17.8787878787879,-0.217504216308382
0,20.8585858585859,-0.912697283521056
0.125252525252525,20.8585858585859,-0.876315813420923
0.25050505050505,20.8585858585859,-0.83967097303017
0.375757575757576,20.8585858585859,-0.802499392058178
0.501010101010101,20.8585858585859,-0.764537700214327
0.626262626262626,20.8585858585859,-0.725522527207998
0.751515151515151,20.8585858585859,-0.68519050274857
0.876767676767677,20.8585858585859,-0.643278256545425
1.0020202020202,20.8585858585859,-0.599522418307941
1.12727272727273,20.8585858585859,-0.5536596177455
1.25252525252525,20.8585858585859,-0.505426484567483
1.37777777777778,20.8585858585859,-0.454559648483269
1.5030303030303,20.8585858585859,-0.400795739202238
1.62828282828283,20.8585858585859,-0.343871386433772
1.75353535353535,20.8585858585859,-0.28352321988725
1.87878787878788,20.8585858585859,-0.219487869272053
2.0040404040404,20.8585858585859,-0.151501964297562
2.12929292929293,20.8585858585859,-0.0793044304444009
2.25454545454545,20.8585858585859,-0.00296214904341234
2.37979797979798,20.8585858585859,0.0767921167563336
2.50505050505051,20.8585858585859,0.159144897878023
2.63030303030303,20.8585858585859,0.243282725244844
2.75555555555556,20.8585858585859,0.328392129779983
2.88080808080808,20.8585858585859,0.413659642406627
3.00606060606061,20.8585858585859,0.498271794047963
3.13131313131313,20.8585858585859,0.581415115627178
3.25656565656566,20.8585858585859,0.662276138067459
3.38181818181818,20.8585858585859,0.740041392291993
3.50707070707071,20.8585858585859,0.813897409223968
3.63232323232323,20.8585858585859,0.883030719786569
3.75757575757576,20.8585858585859,0.946627854902985
3.88282828282828,20.8585858585859,1.0038753454964
4.00808080808081,20.8585858585859,1.05395972249
4.13333333333333,20.8585858585859,1.09607181559578
4.25858585858586,20.8585858585859,1.12984817649414
4.38383838383838,20.8585858585859,1.15575361756659
4.50909090909091,20.8585858585859,1.17434309345951
4.63434343434343,20.8585858585859,1.18617155881925
4.75959595959596,20.8585858585859,1.19179396829218
4.88484848484848,20.8585858585859,1.19176527652466
5.01010101010101,20.8585858585859,1.18664043816306
5.13535353535354,20.8585858585859,1.17697440785375
5.26060606060606,20.8585858585859,1.16332214024308
5.38585858585859,20.8585858585859,1.14623858997743
5.51111111111111,20.8585858585859,1.12627871170316
5.63636363636364,20.8585858585859,1.10399746006663
5.76161616161616,20.8585858585859,1.07994978971421
5.88686868686869,20.8585858585859,1.05469065529226
6.01212121212121,20.8585858585859,1.02877501144715
6.13737373737374,20.8585858585859,1.0027263417685
6.26262626262626,20.8585858585859,0.976740470200115
6.38787878787879,20.8585858585859,0.950818653724212
6.51313131313131,20.8585858585859,0.924959585094003
6.63838383838384,20.8585858585859,0.899161957062702
6.76363636363636,20.8585858585859,0.873424462383526
6.88888888888889,20.8585858585859,0.847745793809688
7.01414141414141,20.8585858585859,0.822124644094405
7.13939393939394,20.8585858585859,0.796559705990888
7.26464646464646,20.8585858585859,0.771049672252355
7.38989898989899,20.8585858585859,0.745593235632019
7.51515151515152,20.8585858585859,0.720189088883095
7.64040404040404,20.8585858585859,0.694835924758798
7.76565656565657,20.8585858585859,0.669532436012342
7.89090909090909,20.8585858585859,0.644277315396943
8.01616161616162,20.8585858585859,0.619069255665815
8.14141414141414,20.8585858585859,0.593906949572172
8.26666666666667,20.8585858585859,0.56878908986923
8.39191919191919,20.8585858585859,0.543714369310202
8.51717171717172,20.8585858585859,0.518681480648305
8.64242424242424,20.8585858585859,0.493689116636751
8.76767676767677,20.8585858585859,0.468735970028756
8.89292929292929,20.8585858585859,0.443820733577536
9.01818181818182,20.8585858585859,0.418942100036304
9.14343434343434,20.8585858585859,0.394098762158275
9.26868686868687,20.8585858585859,0.369289412696664
9.3939393939394,20.8585858585859,0.344512744404686
9.51919191919192,20.8585858585859,0.319767450035555
9.64444444444444,20.8585858585859,0.295052222342486
9.76969696969697,20.8585858585859,0.270365754078693
9.8949494949495,20.8585858585859,0.245706737997392
10.020202020202,20.8585858585859,0.221073866851797
10.1454545454545,20.8585858585859,0.196465833395122
10.2707070707071,20.8585858585859,0.171881330380584
10.3959595959596,20.8585858585859,0.147319050561395
10.5212121212121,20.8585858585859,0.122777686690771
10.6464646464646,20.8585858585859,0.0982559315219267
10.7717171717172,20.8585858585859,0.0737524778080768
10.8969696969697,20.8585858585859,0.0492660183024359
11.0222222222222,20.8585858585859,0.0247952457582183
11.1474747474747,20.8585858585859,0.00033885292863916
11.2727272727273,20.8585858585859,-0.024104467433087
11.3979797979798,20.8585858585859,-0.0485360225737455
11.5232323232323,20.8585858585859,-0.0729571197401211
11.6484848484848,20.8585858585859,-0.097369066179
11.7737373737374,20.8585858585859,-0.121773169137167
11.8989898989899,20.8585858585859,-0.146170735861408
12.0242424242424,20.8585858585859,-0.170563073598507
12.1494949494949,20.8585858585859,-0.19495148959525
12.2747474747475,20.8585858585859,-0.219337291098423
12.4,20.8585858585859,-0.24372178535481
0,23.8383838383838,-1.02435733711802
0.125252525252525,23.8383838383838,-0.973009738105757
0.25050505050505,23.8383838383838,-0.921526071598248
0.375757575757576,23.8383838383838,-0.869770270100254
0.501010101010101,23.8383838383838,-0.81760626611653
0.626262626262626,23.8383838383838,-0.764897992151835
0.751515151515151,23.8383838383838,-0.711509380710925
0.876767676767677,23.8383838383838,-0.657304364298558
1.0020202020202,23.8383838383838,-0.602146875419489
1.12727272727273,23.8383838383838,-0.545900846578476
1.25252525252525,23.8383838383838,-0.488430210280278
1.37777777777778,23.8383838383838,-0.429598899029649
1.5030303030303,23.8383838383838,-0.369270845331348
1.62828282828283,23.8383838383838,-0.307309981690131
1.75353535353535,23.8383838383838,-0.243580240610755
1.87878787878788,23.8383838383838,-0.177945554597978
2.0040404040404,23.8383838383838,-0.110269856156557
2.12929292929293,23.8383838383838,-0.0404183955448859
2.25454545454545,23.8383838383838,0.0315553330430232
2.37979797979798,23.8383838383838,0.105215624777069
2.50505050505051,23.8383838383838,0.180080450294575
2.63030303030303,23.8383838383838,0.255667780232868
2.75555555555556,23.8383838383838,0.331495585229272
2.88080808080808,23.8383838383838,0.407081835921114
3.00606060606061,23.8383838383838,0.481944502945717
3.13131313131313,23.8383838383838,0.555601556940407
3.25656565656566,23.8383838383838,0.62757096854251
3.38181818181818,23.8383838383838,0.69737070838935
3.50707070707071,23.8383838383838,0.764518747118253
3.63232323232323,23.8383838383838,0.828533055366544
3.75757575757576,23.8383838383838,0.888931603771547
3.88282828282828,23.8383838383838,0.945232362970589
4.00808080808081,23.8383838383838,0.996953303600994
4.13333333333333,23.8383838383838,1.04361473318266
4.25858585858586,23.8383838383838,1.08497926002006
4.38383838383838,23.8383838383838,1.12125974668369
4.50909090909091,23.8383838383838,1.15271805835785
4.63434343434343,23.8383838383838,1.17961606022686
4.75959595959596,23.8383838383838,1.20221561747502
4.88484848484848,23.8383838383838,1.22077859528666
5.01010101010101,23.8383838383838,1.23556685884609
5.13535353535354,23.8383838383838,1.24684227333761
5.26060606060606,23.8383838383838,1.25486670394555
5.38585858585859,23.8383838383838,1.25990201585422
5.51111111111111,23.8383838383838,1.26221007424792
5.63636363636364,23.8383838383838,1.26205274431098
5.76161616161616,23.8383838383838,1.25969189122771
5.88686868686869,23.8383838383838,1.25538938018242
6.01212121212121,23.8383838383838,1.24940707635943
6.13737373737374,23.8383838383838,1.24199352362687
6.26262626262626,23.8383838383838,1.23325857150364
6.38787878787879,23.8383838383838,1.22322971167639
6.51313131313131,23.8383838383838,1.2119333504248
6.63838383838384,23.8383838383838,1.19939589402855
6.76363636363636,23.8383838383838,1.1856437487673
6.88888888888889,23.8383838383838,1.17070332092074
7.01414141414141,23.8383838383838,1.15460101676854
7.13939393939394,23.8383838383838,1.13736324259036
7.26464646464646,23.8383838383838,1.11901640466589
7.38989898989899,23.8383838383838,1.0995869092748
7.51515151515152,23.8383838383838,1.07910116269675
7.64040404040404,23.8383838383838,1.05758557121143
7.76565656565657,23.8383838383838,1.03506654109851
7.89090909090909,23.8383838383838,1.01157047863767
8.01616161616162,23.8383838383838,0.987123790108564
8.14141414141414,23.8383838383838,0.961752881790882
8.26666666666667,23.8383838383838,0.935484159964293
8.39191919191919,23.8383838383838,0.908344030908472
8.51717171717172,23.8383838383838,0.880358900903091
8.64242424242424,23.8383838383838,0.851555176227824
8.76767676767677,23.8383838383838,0.821959263162346
8.89292929292929,23.8383838383838,0.79159756798633
9.01818181818182,23.8383838383838,0.76049649697945
9.14343434343434,23.8383838383838,0.728682456421379
9.26868686868687,23.8383838383838,0.696181852591791
9.3939393939394,23.8383838383838,0.663021091770361
9.51919191919192,23.8383838383838,0.62922658023676
9.64444444444444,23.8383838383838,0.594824724270665
9.76969696969697,23.8383838383838,0.559841930151747
9.8949494949495,23.8383838383838,0.524304604159681
10.020202020202,23.8383838383838,0.48823915257414
10.1454545454545,23.8383838383838,0.451671981674799
10.2707070707071,23.8383838383838,0.414629497741331
10.3959595959596,23.8383838383838,0.37713810705341
10.5212121212121,23.8383838383838,0.339224215890709
10.6464646464646,23.8383838383838,0.300914230532902
10.7717171717172,23.8383838383838,0.262234557259662
10.8969696969697,23.8383838383838,0.223211602350665
11.0222222222222,23.8383838383838,0.183871772085583
11.1474747474747,23.8383838383838,0.14424147274409
11.2727272727273,23.8383838383838,0.104347110605859
11.3979797979798,23.8383838383838,0.064215091950565
11.5232323232323,23.8383838383838,0.0238718230578818
11.6484848484848,23.8383838383838,-0.0166562897925179
11.7737373737374,23.8383838383838,-0.0573428403209602
11.8989898989899,23.8383838383838,-0.098161422247771
12.0242424242424,23.8383838383838,-0.139085629293276
12.1494949494949,23.8383838383838,-0.180089055177803
12.2747474747475,23.8383838383838,-0.221145293621677
12.4,23.8383838383838,-0.262227938345226
0,26.8181818181818,-1.11952749257593
0.125252525252525,26.8181818181818,-1.05140373190739
0.25050505050505,26.8181818181818,-0.983313595403533
0.375757575757576,26.8181818181818,-0.915290707229029
0.501010101010101,26.8181818181818,-0.847368691548555
0.626262626262626,26.8181818181818,-0.779581172526788
0.751515151515151,26.8181818181818,-0.711961774328405
0.876767676767677,26.8181818181818,-0.644544121118083
1.0020202020202,26.8181818181818,-0.577361837060497
1.12727272727273,26.8181818181818,-0.510448546320327
1.25252525252525,26.8181818181818,-0.443837873062247
1.37777777777778,26.8181818181818,-0.377563441450935
1.5030303030303,26.8181818181818,-0.311658875651069
1.62828282828283,26.8181818181818,-0.246157799827323
1.75353535353535,26.8181818181818,-0.181093838144375
1.87878787878788,26.8181818181818,-0.116500614766903
2.0040404040404,26.8181818181818,-0.0524117538595822
2.12929292929293,26.8181818181818,0.0111391220129303
2.25454545454545,26.8181818181818,0.0741186188523311
2.37979797979798,26.8181818181818,0.136493806741621
2.50505050505051,26.8181818181818,0.198231812011186
2.63030303030303,26.8181818181818,0.259299760991414
2.75555555555556,26.8181818181818,0.319664780012693
2.88080808080808,26.8181818181818,0.379293995405408
3.00606060606061,26.8181818181818,0.438154533499948
3.13131313131313,26.8181818181818,0.4962135206267
3.25656565656566,26.8181818181818,0.55343808311605
3.38181818181818,26.8181818181818,0.609795347298385
3.50707070707071,26.8181818181818,0.665252439504093
3.63232323232323,26.8181818181818,0.719776486063562
3.75757575757576,26.8181818181818,0.773334613307178
3.88282828282828,26.8181818181818,0.825893947565327
4.00808080808081,26.8181818181818,0.877421615168399
4.13333333333333,26.8181818181818,0.92788444094306
4.25858585858586,26.8181818181818,0.97721798815901
4.38383838383838,26.8181818181818,1.02529972844827
4.50909090909091,26.8181818181818,1.07200081114388
4.63434343434343,26.8181818181818,1.11719238557889
4.75959595959596,26.8181818181818,1.16074560108632
4.88484848484848,26.8181818181818,1.20253160699923
5.01010101010101,26.8181818181818,1.24242155265064
5.13535353535354,26.8181818181818,1.2802865873736
5.26060606060606,26.8181818181818,1.31599786050115
5.38585858585859,26.8181818181818,1.34942652136633
5.51111111111111,26.8181818181818,1.38044371930217
5.63636363636364,26.8181818181818,1.40892060364172
5.76161616161616,26.8181818181818,1.43472832371802
5.88686868686869,26.8181818181818,1.4577380288641
6.01212121212121,26.8181818181818,1.477820868413
6.13737373737374,26.8181818181818,1.49485873506145
6.26262626262626,26.8181818181818,1.50884537560643
6.38787878787879,26.8181818181818,1.51984095671906
6.51313131313131,26.8181818181818,1.52790652042858
6.63838383838384,26.8181818181818,1.53310310876422
6.76363636363636,26.8181818181818,1.53549176375521
6.88888888888889,26.8181818181818,1.53513352743079
7.01414141414141,26.8181818181818,1.53208944182017
7.13939393939394,26.8181818181818,1.52642054895261
7.26464646464646,26.8181818181818,1.51818789085732
7.38989898989899,26.8181818181818,1.50745250956353
7.51515151515152,26.8181818181818,1.49427544710049
7.64040404040404,26.8181818181818,1.47871774549742
7.76565656565657,26.8181818181818,1.46084044678355
7.89090909090909,26.8181818181818,1.44070459298811
8.01616161616162,26.8181818181818,1.41837122614034
8.14141414141414,26.8181818181818,1.39390138826947
8.26666666666667,26.8181818181818,1.36735612140473
8.39191919191919,26.8181818181818,1.33879646757534
8.51717171717172,26.8181818181818,1.30828346881055
8.64242424242424,26.8181818181818,1.27587816713958
8.76767676767677,26.8181818181818,1.24164160459167
8.89292929292929,26.8181818181818,1.20563482319604
9.01818181818182,26.8181818181818,1.16791886498194
9.14343434343434,26.8181818181818,1.12855477197857
9.26868686868687,26.8181818181818,1.0876035862152
9.3939393939394,26.8181818181818,1.04512634972103
9.51919191919192,26.8181818181818,1.0011841045253
9.64444444444444,26.8181818181818,0.955837892657257
9.76969696969697,26.8181818181818,0.909148756146116
9.8949494949495,26.8181818181818,0.861177737021114
10.020202020202,26.8181818181818,0.81198587731148
10.1454545454545,26.8181818181818,0.761634219046449
10.2707070707071,26.8181818181818,0.710183804255251
10.3959595959596,26.8181818181818,0.657695674967117
10.5212121212121,26.8181818181818,0.604230873211278
10.6464646464646,26.8181818181818,0.549850441016967
10.7717171717172,26.8181818181818,0.494615420413415
10.8969696969697,26.8181818181818,0.438586853429853
11.0222222222222,26.8181818181818,0.381825782095513
11.1474747474747,26.8181818181818,0.324393248439627
11.2727272727273,26.8181818181818,0.266350294491425
11.3979797979798,26.8181818181818,0.20775796228014
11.5232323232323,26.8181818181818,0.148677293835003
11.6484848484848,26.8181818181818,0.0891693311852458
11.7737373737374,26.8181818181818,0.0292951163600989
11.8989898989899,26.8181818181818,-0.0308843086112056
12.0242424242424,26.8181818181818,-0.0913079016994351
12.1494949494949,26.8181818181818,-0.15191462087536
12.2747474747475,26.8181818181818,-0.212643424109748
12.4,26.8181818181818,-0.273433269373368
0,29.7979797979798,-1.192041578632
0.125252525252525,29.7979797979798,-1.10709748610695
0.25050505050505,29.7979797979798,-1.02237874514954
0.375757575757576,29.7979797979798,-0.938110707327389
0.501010101010101,29.7979797979798,-0.854518724208141
0.626262626262626,29.7979797979798,-0.77182814735943
0.751515151515151,29.7979797979798,-0.690264328348888
0.876767676767677,29.7979797979798,-0.61005261874415
1.0020202020202,29.7979797979798,-0.531418370112848
1.12727272727273,29.7979797979798,-0.454586934022617
1.25252525252525,29.7979797979798,-0.379783662041092
1.37777777777778,29.7979797979798,-0.307233905735906
1.5030303030303,29.7979797979798,-0.237163016674692
1.62828282828283,29.7979797979798,-0.169796346425084
1.75353535353535,29.7979797979798,-0.105359246554718
1.87878787878788,29.7979797979798,-0.0440770686312249
2.0040404040404,29.7979797979798,0.0138248357777591
2.12929292929293,29.7979797979798,0.0681226318313846
2.25454545454545,29.7979797979798,0.118809152365412
2.37979797979798,29.7979797979798,0.166317152437933
2.50505050505051,29.7979797979798,0.211132706374986
2.63030303030303,29.7979797979798,0.253741888502613
2.75555555555556,29.7979797979798,0.29463077314685
2.88080808080808,29.7979797979798,0.33428543463374
3.00606060606061,29.7979797979798,0.37319194728932
3.13131313131313,29.7979797979798,0.411836385439631
3.25656565656566,29.7979797979798,0.450704823410711
3.38181818181818,29.7979797979798,0.490283335528601
3.50707070707071,29.7979797979798,0.531057996119339
3.63232323232323,29.7979797979798,0.573514879508966
3.75757575757576,29.7979797979798,0.618140060023519
3.88282828282828,29.7979797979798,0.66541961198904
4.00808080808081,29.7979797979798,0.715839609731568
4.13333333333333,29.7979797979798,0.769882770964422
4.25858585858586,29.7979797979798,0.827683781408806
4.38383838383838,29.7979797979798,0.888730598012797
4.50909090909091,29.7979797979798,0.95244079216075
4.63434343434343,29.7979797979798,1.01823193523702
4.75959595959596,29.7979797979798,1.08552159862598
4.88484848484848,29.7979797979798,1.15372735371196
5.01010101010101,29.7979797979798,1.22226677187933
5.13535353535354,29.7979797979798,1.29055742451245
5.26060606060606,29.7979797979798,1.35801688299567
5.38585858585859,29.7979797979798,1.42406271871335
5.51111111111111,29.7979797979798,1.48811250304985
5.63636363636364,29.7979797979798,1.54958380738951
5.76161616161616,29.7979797979798,1.60789420311671
5.88686868686869,29.7979797979798,1.66246126161579
6.01212121212121,29.7979797979798,1.71270255427111
6.13737373737374,29.7979797979798,1.75807427779255
6.26262626262626,29.7979797979798,1.79843477491848
6.38787878787879,29.7979797979798,1.83388118596843
6.51313131313131,29.7979797979798,1.86451379841335
6.63838383838384,29.7979797979798,1.89043289972418
6.76363636363636,29.7979797979798,1.91173877737186
6.88888888888889,29.7979797979798,1.92853171882732
7.01414141414141,29.7979797979798,1.94091201156151
7.13939393939394,29.7979797979798,1.94897994304535
7.26464646464646,29.7979797979798,1.9528358007498
7.38989898989899,29.7979797979798,1.95257987214578
7.51515151515152,29.7979797979798,1.94831244470424
7.64040404040404,29.7979797979798,1.9401338058961
7.76565656565657,29.7979797979798,1.92814424319233
7.89090909090909,29.7979797979798,1.91244404406384
8.01616161616162,29.7979797979798,1.89313349598157
8.14141414141414,29.7979797979798,1.87031288641648
8.26666666666667,29.7979797979798,1.84408250283948
8.39191919191919,29.7979797979798,1.81454263272153
8.51717171717172,29.7979797979798,1.78179356353356
8.64242424242424,29.7979797979798,1.74593558274651
8.76767676767677,29.7979797979798,1.70706897783131
8.89292929292929,29.7979797979798,1.66529403625891
9.01818181818182,29.7979797979798,1.62071104550024
9.14343434343434,29.7979797979798,1.57342029302624
9.26868686868687,29.7979797979798,1.52352206630785
9.3939393939394,29.7979797979798,1.471116652816
9.51919191919192,29.7979797979798,1.41630434002164
9.64444444444444,29.7979797979798,1.35918541539571
9.76969696969697,29.7979797979798,1.29986016640914
9.8949494949495,29.7979797979798,1.23842888053286
10.020202020202,29.7979797979798,1.17499184523782
10.1454545454545,29.7979797979798,1.10964934799496
10.2707070707071,29.7979797979798,1.04250167627521
10.3959595959596,29.7979797979798,0.973649117549518
10.5212121212121,29.7979797979798,0.903191959288811
10.6464646464646,29.7979797979798,0.831230488964033
10.7717171717172,29.7979797979798,0.757864994046122
10.8969696969697,29.7979797979798,0.683195762006015
11.0222222222222,29.7979797979798,0.60732308031465
11.1474747474747,29.7979797979798,0.530347236442965
11.2727272727273,29.7979797979798,0.4523685178619
11.3979797979798,29.7979797979798,0.373487212042391
11.5232323232323,29.7979797979798,0.293803606455378
11.6484848484848,29.7979797979798,0.213417988571798
11.7737373737374,29.7979797979798,0.132430645862588
11.8989898989899,29.7979797979798,0.0509418657986884
12.0242424242424,29.7979797979798,-0.030948064148963
12.1494949494949,29.7979797979798,-0.11313885650943
12.2747474747475,29.7979797979798,-0.195530223811773
12.4,29.7979797979798,-0.278021878585054
0,32.7777777777778,-1.23573342402349
0.125252525252525,32.7777777777778,-1.13569069198557
0.25050505050505,32.7777777777778,-1.03606672153977
0.375757575757576,32.7777777777778,-0.937280274278217
0.501010101010101,32.7777777777778,-0.839750111793032
0.626262626262626,32.7777777777778,-0.743894995676337
0.751515151515151,32.7777777777778,-0.650133687520256
0.876767676767677,32.7777777777778,-0.55888494891691
1.0020202020202,32.7777777777778,-0.470567541458423
1.12727272727273,32.7777777777778,-0.385600226736916
1.25252525252525,32.7777777777778,-0.304401766344513
1.37777777777778,32.7777777777778,-0.227390921873336
1.5030303030303,32.7777777777778,-0.154986454915509
1.62828282828283,32.7777777777778,-0.0876071270631519
1.75353535353535,32.7777777777778,-0.0256716999083895
1.87878787878788,32.7777777777778,0.0304010649566564
2.0040404040404,32.7777777777778,0.0801924059398628
2.12929292929293,32.7777777777778,0.123286643512814
2.25454545454545,32.7777777777778,0.159708377563166
2.37979797979798,32.7777777777778,0.190376151653946
2.50505050505051,32.7777777777778,0.216316856733105
2.63030303030303,32.7777777777778,0.238557383748591
2.75555555555556,32.7777777777778,0.258124623648351
2.88080808080808,32.7777777777778,0.276045467380337
3.00606060606061,32.7777777777778,0.293346805892496
3.13131313131313,32.7777777777778,0.311055530132776
3.25656565656566,32.7777777777778,0.330198531049127
3.38181818181818,32.7777777777778,0.351802699589498
3.50707070707071,32.7777777777778,0.376894926701837
3.63232323232323,32.7777777777778,0.406502103334093
3.75757575757576,32.7777777777778,0.441651120434215
3.88282828282828,32.7777777777778,0.48336886895015
4.00808080808081,32.7777777777778,0.53268223982985
4.13333333333333,32.7777777777778,0.59061155533417
4.25858585858586,32.7777777777778,0.657496060267279
4.38383838383838,32.7777777777778,0.732409390529725
4.50909090909091,32.7777777777778,0.814287441751588
4.63434343434343,32.7777777777778,0.902066109562947
4.75959595959596,32.7777777777778,0.994681289593878
4.88484848484848,32.7777777777778,1.09106887747446
5.01010101010101,32.7777777777778,1.19016476883477
5.13535353535354,32.7777777777778,1.29090485930489
5.26060606060606,32.7777777777778,1.3922250445149
5.38585858585859,32.7777777777778,1.49306122009488
5.51111111111111,32.7777777777778,1.59234928167489
5.63636363636364,32.7777777777778,1.68902512488503
5.76161616161616,32.7777777777778,1.78202464535537
5.88686868686869,32.7777777777778,1.87028373871598
6.01212121212121,32.7777777777778,1.95273830059696
6.13737373737374,32.7777777777778,2.0283924535405
6.26262626262626,32.7777777777778,2.09696066184976
6.38787878787879,32.7777777777778,2.15857919654068
6.51313131313131,32.7777777777778,2.21338988768711
6.63838383838384,32.7777777777778,2.26153456536288
6.76363636363636,32.7777777777778,2.30315505964185
6.88888888888889,32.7777777777778,2.33839320059785
7.01414141414141,32.7777777777778,2.36739081830473
7.13939393939394,32.7777777777778,2.39028974283633
7.26464646464646,32.7777777777778,2.40723180426651
7.38989898989899,32.7777777777778,2.41835883266909
7.51515151515152,32.7777777777778,2.42381265811792
7.64040404040404,32.7777777777778,2.42373511068685
7.76565656565657,32.7777777777778,2.41826802044973
7.89090909090909,32.7777777777778,2.40755321748039
8.01616161616162,32.7777777777778,2.39173253185267
8.14141414141414,32.7777777777778,2.37094779364043
8.26666666666667,32.7777777777778,2.34534083291751
8.39191919191919,32.7777777777778,2.31505347975774
8.51717171717172,32.7777777777778,2.28022756423498
8.64242424242424,32.7777777777778,2.24100491642307
8.76767676767677,32.7777777777778,2.19752736639584
8.89292929292929,32.7777777777778,2.14993674422715
9.01818181818182,32.7777777777778,2.09837487999084
9.14343434343434,32.7777777777778,2.04298360376075
9.26868686868687,32.7777777777778,1.98390474561072
9.3939393939394,32.7777777777778,1.9212801356146
9.51919191919192,32.7777777777778,1.85525160384624
9.64444444444444,32.7777777777778,1.78596098037947
9.76969696969697,32.7777777777778,1.71355009528814
9.8949494949495,32.7777777777778,1.63816077864609
10.020202020202,32.7777777777778,1.55993486052717
10.1454545454545,32.7777777777778,1.47901417100523
10.2707070707071,32.7777777777778,1.39554054015409
10.3959595959596,32.7777777777778,1.30965579804762
10.5212121212121,32.7777777777778,1.22150177475964
10.6464646464646,32.7777777777778,1.13122030036401
10.7717171717172,32.7777777777778,1.03895320493457
10.8969696969697,32.7777777777778,0.944842318545165
11.0222222222222,32.7777777777778,0.849029471269633
11.1474747474747,32.7777777777778,0.751656493181821
11.2727272727273,32.7777777777778,0.652865214355572
11.3979797979798,32.7777777777778,0.552797464864731
11.5232323232323,32.7777777777778,0.451595074783142
11.6484848484848,32.7777777777778,0.349399874184645
11.7737373737374,32.7777777777778,0.246353693143087
11.8989898989899,32.7777777777778,0.142598361732311
12.0242424242424,32.7777777777778,0.0382757100261615
12.1494949494949,32.7777777777778,-0.0664724319015204
12.2747474747475,32.7777777777778,-0.17150423397689
12.4,32.7777777777778,-0.276677866126103
0,35.7575757575758,-1.24443685748762
0.125252525252525,35.7575757575758,-1.13278304082436
0.25050505050505,35.7575757575758,-1.02172272527774
0.375757575757576,35.7575757575758,-0.911849411964401
0.501010101010101,35.7575757575758,-0.803756602000968
0.626262626262626,35.7575757575758,-0.698037796504085
0.751515151515151,35.7575757575758,-0.595286496590389
0.876767676767677,35.7575757575758,-0.496096203376516
1.0020202020202,35.7575757575758,-0.401060417979104
1.12727272727273,35.7575757575758,-0.310772641514789
1.25252525252525,35.7575757575758,-0.225826375100211
1.37777777777778,35.7575757575758,-0.146815119852006
1.5030303030303,35.7575757575758,-0.0743323768868105
1.62828282828283,35.7575757575758,-0.00897164732126235
1.75353535353535,35.7575757575758,0.0486735677280009
1.87878787878788,35.7575757575758,0.0980097671443426
2.0040404040404,35.7575757575758,0.138443449811125
2.12929292929293,35.7575757575758,0.169385666659556
2.25454545454545,35.7575757575758,0.190897738426493
2.37979797979798,35.7575757575758,0.204361294177604
2.50505050505051,35.7575757575758,0.211317986432671
2.63030303030303,35.7575757575758,0.213309467711477
2.75555555555556,35.7575757575758,0.211877390533802
2.88080808080808,35.7575757575758,0.208563407419429
3.00606060606061,35.7575757575758,0.204909170888138
3.13131313131313,35.7575757575758,0.202456333459712
3.25656565656566,35.7575757575758,0.202746547653932
3.38181818181818,35.7575757575758,0.20732146599058
3.50707070707071,35.7575757575758,0.217722740989437
3.63232323232323,35.7575757575758,0.235492025170286
3.75757575757576,35.7575757575758,0.262170971052907
3.88282828282828,35.7575757575758,0.299301231157082
4.00808080808081,35.7575757575758,0.348424458002593
4.13333333333333,35.7575757575758,0.411072626139731
4.25858585858586,35.7575757575758,0.487774245232255
4.38383838383838,35.7575757575758,0.577193141151518
4.50909090909091,35.7575757575758,0.677790200259539
4.63434343434343,35.7575757575758,0.788026308918337
4.75959595959596,35.7575757575758,0.90636235348993
4.88484848484848,35.7575757575758,1.03125922033634
5.01010101010101,35.7575757575758,1.16117779581958
5.13535353535354,35.7575757575758,1.29457896630167
5.26060606060606,35.7575757575758,1.42992361814464
5.38585858585859,35.7575757575758,1.56567263771049
5.51111111111111,35.7575757575758,1.70028691136125
5.63636363636364,35.7575757575758,1.83222732545894
5.76161616161616,35.7575757575758,1.95995476636558
5.88686868686869,35.7575757575758,2.08193012044318
6.01212121212121,35.7575757575758,2.19661427405377
6.13737373737374,35.7575757575758,2.30256556402562
6.26262626262626,35.7575757575758,2.39935692881027
6.38787878787879,35.7575757575758,2.48716378555202
6.51313131313131,35.7575757575758,2.56616949155785
6.63838383838384,35.7575757575758,2.63655740413477
6.76363636363636,35.7575757575758,2.69851088058978
6.88888888888889,35.7575757575758,2.75221327822986
7.01414141414141,35.7575757575758,2.79784795436203
7.13939393939394,35.7575757575758,2.83559826629328
7.26464646464646,35.7575757575758,2.8656475713306
7.38989898989899,35.7575757575758,2.888179226781
7.51515151515152,35.7575757575758,2.90337658995147
7.64040404040404,35.7575757575758,2.91142301814902
7.76565656565657,35.7575757575758,2.91250186868063
7.89090909090909,35.7575757575758,2.90679649885331
8.01616161616162,35.7575757575758,2.89449026597406
8.14141414141414,35.7575757575758,2.87576652734988
8.26666666666667,35.7575757575758,2.85080864028775
8.39191919191919,35.7575757575758,2.81979996209469
8.51717171717172,35.7575757575758,2.78292385007768
8.64242424242424,35.7575757575758,2.74036366154373
8.76767676767677,35.7575757575758,2.69230275379984
8.89292929292929,35.7575757575758,2.638924484153
9.01818181818182,35.7575757575758,2.58041220991021
9.14343434343434,35.7575757575758,2.51694928837847
9.26868686868687,35.7575757575758,2.44871907686478
9.3939393939394,35.7575757575758,2.37590493267614
9.51919191919192,35.7575757575758,2.29869021311954
9.64444444444444,35.7575757575758,2.21725827550198
9.76969696969697,35.7575757575758,2.13179247713046
9.8949494949495,35.7575757575758,2.04247617531198
10.020202020202,35.7575757575758,1.94949272735354
10.1454545454545,35.7575757575758,1.85302549056213
10.2707070707071,35.7575757575758,1.75325782224476
10.3959595959596,35.7575757575758,1.65037307970841
10.5212121212121,35.7575757575758,1.5445546202601
10.6464646464646,35.7575757575758,1.43598580120681
10.7717171717172,35.7575757575758,1.32484997985555
10.8969696969697,35.7575757575758,1.21133051351332
11.0222222222222,35.7575757575758,1.0956107594871
11.1474747474747,35.7575757575758,0.977874075083907
11.2727272727273,35.7575757575758,0.85830381761073
11.3979797979798,35.7575757575758,0.737083344374571
11.5232323232323,35.7575757575758,0.614396012682427
11.6484848484848,35.7575757575758,0.490425179841295
11.7737373737374,35.7575757575758,0.365354203158174
11.8989898989899,35.7575757575758,0.239366439940061
12.0242424242424,35.7575757575758,0.112645247493958
12.1494949494949,35.7575757575758,-0.0146260168731408
12.2747474747475,35.7575757575758,-0.142263995854236
12.4,35.7575757575758,-0.27008533214233
0,38.7373737373737,-1.21198570776163
0.125252525252525,38.7373737373737,-1.09397422390447
0.25050505050505,38.7373737373737,-0.976691957066972
0.375757575757576,38.7373737373737,-0.860868124268824
0.501010101010101,38.7373737373737,-0.747231942529692
0.626262626262626,38.7373737373737,-0.636512628869248
0.751515151515151,38.7373737373737,-0.529439400307166
0.876767676767677,38.7373737373737,-0.426741473863117
1.0020202020202,38.7373737373737,-0.329148066556772
1.12727272727273,38.7373737373737,-0.237388395407805
1.25252525252525,38.7373737373737,-0.152191677435887
1.37777777777778,38.7373737373737,-0.0742871296606907
1.5030303030303,38.7373737373737,-0.00440396910188853
1.62828282828283,38.7373737373737,0.056728587220848
1.75353535353535,38.7373737373737,0.108381322287846
1.87878787878788,38.7373737373737,0.149825019079435
2.0040404040404,38.7373737373737,0.18033046057594
2.12929292929293,38.7373737373737,0.199174210873948
2.25454545454545,38.7373737373737,0.206458678936294
2.37979797979798,38.7373737373737,0.203963069796848
2.50505050505051,38.7373737373737,0.193669818820815
2.63030303030303,38.7373737373737,0.1775613613734
2.75555555555556,38.7373737373737,0.157620132819808
2.88080808080808,38.7373737373737,0.135828568525243
3.00606060606061,38.7373737373737,0.11416910385491
3.13131313131313,38.7373737373737,0.0946241741740135
3.25656565656566,38.7373737373737,0.0791762148477578
3.38181818181818,38.7373737373737,0.069807661241348
3.50707070707071,38.7373737373737,0.0685009487199885
3.63232323232323,38.7373737373737,0.077238512648884
3.75757575757576,38.7373737373737,0.0980027883932389
3.88282828282828,38.7373737373737,0.132776211318258
4.00808080808081,38.7373737373737,0.183541216789146
4.13333333333333,38.7373737373737,0.252267815468533
4.25858585858586,38.7373737373737,0.339637756801561
4.38383838383838,38.7373737373737,0.443938885030634
4.50909090909091,38.7373737373737,0.563198508027741
4.63434343434343,38.7373737373737,0.695443933664876
4.75959595959596,38.7373737373737,0.83870246981403
4.88484848484848,38.7373737373737,0.991001424347193
5.01010101010101,38.7373737373737,1.15036810513636
5.13535353535354,38.7373737373737,1.31482982005352
5.26060606060606,38.7373737373737,1.48241387697066
5.38585858585859,38.7373737373737,1.65114758375979
5.51111111111111,38.7373737373737,1.81905824829288
5.63636363636364,38.7373737373737,1.98417317844193
5.76161616161616,38.7373737373737,2.14451968207893
5.88686868686869,38.7373737373737,2.29812506707588
6.01212121212121,38.7373737373737,2.44301664130476
6.13737373737374,38.7373737373737,2.57734591096822
6.26262626262626,38.7373737373737,2.70055746820999
6.38787878787879,38.7373737373737,2.81286375011863
6.51313131313131,38.7373737373737,2.91448731333358
6.63838383838384,38.7373737373737,3.0056507144943
6.76363636363636,38.7373737373737,3.08657651024025
6.88888888888889,38.7373737373737,3.15748725721086
7.01414141414141,38.7373737373737,3.2186055120456
7.13939393939394,38.7373737373737,3.27015383138391
7.26464646464646,38.7373737373737,3.31235477186525
7.38989898989899,38.7373737373737,3.34543089012907
7.51515151515152,38.7373737373737,3.36960474281482
7.64040404040404,38.7373737373737,3.38509888656196
7.76565656565657,38.7373737373737,3.39213587800992
7.89090909090909,38.7373737373737,3.39093827379818
8.01616161616162,38.7373737373737,3.38172863056617
8.14141414141414,38.7373737373737,3.36472950495334
8.26666666666667,38.7373737373737,3.34016345359916
8.39191919191919,38.7373737373737,3.30825303314308
8.51717171717172,38.7373737373737,3.26922080022454
8.64242424242424,38.7373737373737,3.22328931148299
8.76767676767677,38.7373737373737,3.17068112355789
8.89292929292929,38.7373737373737,3.11161879308869
9.01818181818182,38.7373737373737,3.04632487671484
9.14343434343434,38.7373737373737,2.9750219310758
9.26868686868687,38.7373737373737,2.89793251281101
9.3939393939394,38.7373737373737,2.81527917855993
9.51919191919192,38.7373737373737,2.727284484962
9.64444444444444,38.7373737373737,2.63417098865669
9.76969696969697,38.7373737373737,2.53616124628344
9.8949494949495,38.7373737373737,2.4334778144817
10.020202020202,38.7373737373737,2.32634324989093
10.1454545454545,38.7373737373737,2.21498010915057
10.2707070707071,38.7373737373737,2.09961094890008
10.3959595959596,38.7373737373737,1.98045832577892
10.5212121212121,38.7373737373737,1.85774479642652
10.6464646464646,38.7373737373737,1.73169291748235
10.7717171717172,38.7373737373737,1.60252524558585
10.8969696969697,38.7373737373737,1.47046433737649
11.0222222222222,38.7373737373737,1.3357327494937
11.1474747474747,38.7373737373737,1.19855303857694
11.2727272727273,38.7373737373737,1.05914776126566
11.3979797979798,38.7373737373737,0.917739474199323
11.5232323232323,38.7373737373737,0.77455073401737
11.6484848484848,38.7373737373737,0.629804097359253
11.7737373737374,38.7373737373737,0.483722120864426
11.8989898989899,38.7373737373737,0.33652736117234
12.0242424242424,38.7373737373737,0.188442374922449
12.1494949494949,38.7373737373737,0.0396897187542006
12.2747474747475,38.7373737373737,-0.109508050692951
12.4,38.7373737373737,-0.258928376779555
0,41.7171717171717,-1.13221459311006
0.125252525252525,41.7171717171717,-1.01486454471803
0.25050505050505,41.7171717171717,-0.898320054384877
0.375757575757576,41.7171717171717,-0.783386680169484
0.501010101010101,41.7171717171717,-0.67086998013073
0.626262626262626,41.7171717171717,-0.561575512327495
0.751515151515151,41.7171717171717,-0.456308834818659
0.876767676767677,41.7171717171717,-0.355875505663102
1.0020202020202,41.7171717171717,-0.261081082919703
1.12727272727273,41.7171717171717,-0.172731124647342
1.25252525252525,41.7171717171717,-0.0916311889048987
1.37777777777778,41.7171717171717,-0.0185868337512534
1.5030303030303,41.7171717171717,0.0455963827547144
1.62828282828283,41.7171717171717,0.100112902554125
1.75353535353535,41.7171717171717,0.144157167588099
1.87878787878788,41.7171717171717,0.176923619797756
2.0040404040404,41.7171717171717,0.197606701124217
2.12929292929293,41.7171717171717,0.205407477227692
2.25454545454545,41.7171717171717,0.200473226258064
2.37979797979798,41.7171717171717,0.184872416954254
2.50505050505051,41.7171717171717,0.16090636938798
2.63030303030303,41.7171717171717,0.130876403630958
2.75555555555556,41.7171717171717,0.0970838397549024
2.88080808080808,41.7171717171717,0.0618299978315315
3.00606060606061,41.7171717171717,0.0274161979325605
3.13131313131313,41.7171717171717,-0.00385623987029435
3.25656565656566,41.7171717171717,-0.0296859955053166
3.38181818181818,41.7171717171717,-0.0477717489007899
3.50707070707071,41.7171717171717,-0.0558121799849982
3.63232323232323,41.7171717171717,-0.0515059686862252
3.75757575757576,41.7171717171717,-0.0325517949327548
3.88282828282828,41.7171717171717,0.00335166134712929
4.00808080808081,41.7171717171717,0.0585057202251433
4.13333333333333,41.7171717171717,0.135197152621272
4.25858585858586,41.7171717171717,0.234204193712903
4.38383838383838,41.7171717171717,0.35350184939932
4.50909090909091,41.7171717171717,0.490760041159289
4.63434343434343,41.7171717171717,0.643648690471576
4.75959595959596,41.7171717171717,0.809837718814948
4.88484848484848,41.7171717171717,0.986997047668169
5.01010101010101,41.7171717171717,1.17279659851001
5.13535353535354,41.7171717171717,1.36490629281923
5.26060606060606,41.7171717171717,1.5609960520746
5.38585858585859,41.7171717171717,1.75873579775489
5.51111111111111,41.7171717171717,1.95579545133886
5.63636363636364,41.7171717171717,2.14984493430528
5.76161616161616,41.7171717171717,2.33855416813291
5.88686868686869,41.7171717171717,2.51959307430053
6.01212121212121,41.7171717171717,2.69063157428689
6.13737373737374,41.7171717171717,2.84948596259784
6.26262626262626,41.7171717171717,2.99549649064334
6.38787878787879,41.7171717171717,3.12890834783304
6.51313131313131,41.7171717171717,3.24997864989867
6.63838383838384,41.7171717171717,3.35896451257198
6.76363636363636,41.7171717171717,3.45612305158474
6.88888888888889,41.7171717171717,3.54171138266869
7.01414141414141,41.7171717171717,3.61598662155559
7.13939393939394,41.7171717171717,3.67920588397717
7.26464646464646,41.7171717171717,3.7316262856652
7.38989898989899,41.7171717171717,3.77350494235143
7.51515151515152,41.7171717171717,3.80509896976761
7.64040404040404,41.7171717171717,3.82666548364548
7.76565656565657,41.7171717171717,3.83846159971681
7.89090909090909,41.7171717171717,3.84074443371333
8.01616161616162,41.7171717171717,3.83377110136681
8.14141414141414,41.7171717171717,3.817798718409
8.26666666666667,41.7171717171717,3.79308440057163
8.39191919191919,41.7171717171717,3.75988526358648
8.51717171717172,41.7171717171717,3.71845842318529
8.64242424242424,41.7171717171717,3.6690609950998
8.76767676767677,41.7171717171717,3.61195009506177
8.89292929292929,41.7171717171717,3.54738283880296
9.01818181818182,41.7171717171717,3.47561634205511
9.14343434343434,41.7171717171717,3.39690772054997
9.26868686868687,41.7171717171717,3.31151409001931
9.3939393939394,41.7171717171717,3.21969256619485
9.51919191919192,41.7171717171717,3.12170026480837
9.64444444444444,41.7171717171717,3.01779430159161
9.76969696969697,41.7171717171717,2.90823179227632
9.8949494949495,41.7171717171717,2.79326985259425
10.020202020202,41.7171717171717,2.67316559827715
10.1454545454545,41.7171717171717,2.54817614505678
10.2707070707071,41.7171717171717,2.41855860866489
10.3959595959596,41.7171717171717,2.28457010483322
10.5212121212121,41.7171717171717,2.14646774929353
10.6464646464646,41.7171717171717,2.00450865777758
10.7717171717172,41.7171717171717,1.8589499460171
10.8969696969697,41.7171717171717,1.71004872974386
11.0222222222222,41.7171717171717,1.5580621246896
11.1474747474747,41.7171717171717,1.40324724658608
11.2727272727273,41.7171717171717,1.24586121116505
11.3979797979798,41.7171717171717,1.08616113415825
11.5232323232323,41.7171717171717,0.924404131297446
11.6484848484848,41.7171717171717,0.760847318314379
11.7737373737374,41.7171717171717,0.595747810940805
11.8989898989899,41.7171717171717,0.429362724908474
12.0242424242424,41.7171717171717,0.26194917594914
12.1494949494949,41.7171717171717,0.0937642797945498
12.2747474747475,41.7171717171717,-0.0749348478235429
12.4,41.7171717171717,-0.243891091173387
0,44.6969696969697,-1.00147365324737
0.125252525252525,44.6969696969697,-0.89300487891252
0.25050505050505,44.6969696969697,-0.785344264775825
0.375757575757576,44.6969696969697,-0.67929997103544
0.501010101010101,44.6969696969697,-0.575680157889518
0.626262626262626,44.6969696969697,-0.475292985536216
0.751515151515151,44.6969696969697,-0.378946614173687
0.876767676767677,44.6969696969697,-0.287449204000087
1.0020202020202,44.6969696969697,-0.20160891521357
1.12727272727273,44.6969696969697,-0.12223390801229
1.25252525252525,44.6969696969697,-0.050132342594403
1.37777777777778,44.6969696969697,0.013887620841937
1.5030303030303,44.6969696969697,0.0690178220985749
1.62828282828283,44.6969696969697,0.114450100977356
1.75353535353535,44.6969696969697,0.149376297280126
1.87878787878788,44.6969696969697,0.172988250808731
2.0040404040404,44.6969696969697,0.184477801365014
2.12929292929293,44.6969696969697,0.183043764784438
2.25454545454545,44.6969696969697,0.168881498278305
2.37979797979798,44.6969696969697,0.14420973745733
2.50505050505051,44.6969696969697,0.111492454588987
2.63030303030303,44.6969696969697,0.0731936219407474
2.75555555555556,44.6969696969697,0.0317772117800843
2.88080808080808,44.6969696969697,-0.0102928036255292
3.00606060606061,44.6969696969697,-0.0505524520086208
3.13131313131313,44.6969696969697,-0.0865377611017181
3.25656565656566,44.6969696969697,-0.115784758637348
3.38181818181818,44.6969696969697,-0.135829472348038
3.50707070707071,44.6969696969697,-0.144207929966315
3.63232323232323,44.6969696969697,-0.138456159224707
3.75757575757576,44.6969696969697,-0.116110187855742
3.88282828282828,44.6969696969697,-0.0747060435919451
4.00808080808081,44.6969696969697,-0.0117797541658453
4.13333333333333,44.6969696969697,0.0751167886744984
4.25858585858586,44.6969696969697,0.186786825157658
4.38383838383838,44.6969696969697,0.320977027429968
4.50909090909091,44.6969696969697,0.475101411543802
4.63434343434343,44.6969696969697,0.646573993551532
4.75959595959596,44.6969696969697,0.832808789505531
4.88484848484848,44.6969696969697,1.03121981545817
5.01010101010101,44.6969696969697,1.23922108746182
5.13535353535354,44.6969696969697,1.45422662156886
5.26060606060606,44.6969696969697,1.67365043383166
5.38585858585859,44.6969696969697,1.89490654030259
5.51111111111111,44.6969696969697,2.11540895703402
5.63636363636364,44.6969696969697,2.33257170007833
5.76161616161616,44.6969696969697,2.54380878548789
5.88686868686869,44.6969696969697,2.74653422931507
6.01212121212121,44.6969696969697,2.93816204761224
6.13737373737374,44.6969696969697,3.11626870394081
6.26262626262626,44.6969696969697,3.28012197759089
6.38787878787879,44.6969696969697,3.42999396488292
6.51313131313131,44.6969696969697,3.56616999819155
6.63838383838384,44.6969696969697,3.68893540989145
6.76363636363636,44.6969696969697,3.79857553235726
6.88888888888889,44.6969696969697,3.89537569796363
7.01414141414141,44.6969696969697,3.97962123908524
7.13939393939394,44.6969696969697,4.05159748809671
7.26464646464646,44.6969696969697,4.11158977737272
7.38989898989899,44.6969696969697,4.15988343928791
7.51515151515152,44.6969696969697,4.19676380621694
7.64040404040404,44.6969696969697,4.22251621053446
7.76565656565657,44.6969696969697,4.23742598461513
7.89090909090909,44.6969696969697,4.2417784608336
8.01616161616162,44.6969696969697,4.23585897156452
8.14141414141414,44.6969696969697,4.21995284918256
8.26666666666667,44.6969696969697,4.19434542606235
8.39191919191919,44.6969696969697,4.15932203457856
8.51717171717172,44.6969696969697,4.11516800710585
8.64242424242424,44.6969696969697,4.06216867601885
8.76767676767677,44.6969696969697,4.00060937369224
8.89292929292929,44.6969696969697,3.93077543250066
9.01818181818182,44.6969696969697,3.85295218481877
9.14343434343434,44.6969696969697,3.76742496302121
9.26868686868687,44.6969696969697,3.67447909948266
9.3939393939394,44.6969696969697,3.57439992657775
9.51919191919192,44.6969696969697,3.46747277668114
9.64444444444444,44.6969696969697,3.35398298216749
9.76969696969697,44.6969696969697,3.23421587541146
9.8949494949495,44.6969696969697,3.10845678878769
10.020202020202,44.6969696969697,2.97699105467083
10.1454545454545,44.6969696969697,2.84010400543555
10.2707070707071,44.6969696969697,2.6980809734565
10.3959595959596,44.6969696969697,2.55120729110833
10.5212121212121,44.6969696969697,2.3997682907657
10.6464646464646,44.6969696969697,2.24404930480325
10.7717171717172,44.6969696969697,2.08433566559565
10.8969696969697,44.6969696969697,1.92091270551754
11.0222222222222,44.6969696969697,1.75406575694359
11.1474747474747,44.6969696969697,1.58408015224844
11.2727272727273,44.6969696969697,1.41124122380675
11.3979797979798,44.6969696969697,1.23583430399318
11.5232323232323,44.6969696969697,1.05814472518237
11.6484848484848,44.6969696969697,0.878457819748987
11.7737373737374,44.6969696969697,0.697058920067677
11.8989898989899,44.6969696969697,0.514233358513097
12.0242424242424,44.6969696969697,0.330266467459904
12.1494949494949,44.6969696969697,0.145443579282745
12.2747474747475,44.6969696969697,-0.039949973643721
12.4,44.6969696969697,-0.225628858944841
0,47.6767676767677,-0.824208287588165
0.125252525252525,47.6767676767677,-0.73222328500802
0.25050505050505,47.6767676767677,-0.640980209400771
0.375757575757576,47.6767676767677,-0.551220987739315
0.501010101010101,47.6767676767677,-0.46368754699655
0.626262626262626,47.6767676767677,-0.37912181414537
0.751515151515151,47.6767676767677,-0.298265716158674
0.876767676767677,47.6767676767677,-0.221861180009357
1.0020202020202,47.6767676767677,-0.150650132670315
1.12727272727273,47.6767676767677,-0.0853745011144457
1.25252525252525,47.6767676767677,-0.0267762123146457
1.37777777777778,47.6767676767677,0.0244028067561889
1.5030303030303,47.6767676767677,0.0674206291251611
1.62828282828283,47.6767676767677,0.101535327819375
1.75353535353535,47.6767676767677,0.126004975865933
1.87878787878788,47.6767676767677,0.14008764629194
2.0040404040404,47.6767676767677,0.143041412124499
2.12929292929293,47.6767676767677,0.134131214910844
2.25454545454545,47.6767676767677,0.113603179042063
2.37979797979798,47.6767676767677,0.0836956233331295
2.50505050505051,47.6767676767677,0.0468883237087031
2.63030303030303,47.6767676767677,0.00566105609344373
2.75555555555556,47.6767676767677,-0.0375064035879887
2.88080808080808,47.6767676767677,-0.0801342794109335
3.00606060606061,47.6767676767677,-0.119742795450731
3.13131313131313,47.6767676767677,-0.153852175782722
3.25656565656566,47.6767676767677,-0.179982644482245
3.38181818181818,47.6767676767677,-0.195654425624641
3.50707070707071,47.6767676767677,-0.198387743285249
3.63232323232323,47.6767676767677,-0.18570282153941
3.75757575757576,47.6767676767677,-0.155119884462463
3.88282828282828,47.6767676767677,-0.10415915612975
4.00808080808081,47.6767676767677,-0.0303408606166084
4.13333333333333,47.6767676767677,0.0687983629101429
4.25858585858586,47.6767676767677,0.194019868687849
4.38383838383838,47.6767676767677,0.342922265394526
4.50909090909091,47.6767676767677,0.512759949979328
4.63434343434343,47.6767676767677,0.700787319391413
4.75959595959596,47.6767676767677,0.904258770579936
4.88484848484848,47.6767676767677,1.12042870049405
5.01010101010101,47.6767676767677,1.34655150608291
5.13535353535354,47.6767676767677,1.57988158429568
5.26060606060606,47.6767676767677,1.81767333208151
5.38585858585859,47.6767676767677,2.05718114638955
5.51111111111111,47.6767676767677,2.29565942416896
5.63636363636364,47.6767676767677,2.5303625623689
5.76161616161616,47.6767676767677,2.75854495793852
5.88686868686869,47.6767676767677,2.97746100782698
6.01212121212121,47.6767676767677,3.18436510898343
6.13737373737374,47.6767676767677,3.3766843888069
6.26262626262626,47.6767676767677,3.55364435085146
6.38787878787879,47.6767676767677,3.7155383890531
6.51313131313131,47.6767676767677,3.86267397124534
6.63838383838384,47.6767676767677,3.99535856526171
6.76363636363636,47.6767676767677,4.11389963893576
6.88888888888889,47.6767676767677,4.218604660101
7.01414141414141,47.6767676767677,4.30978109659095
7.13939393939394,47.6767676767677,4.38773641623917
7.26464646464646,47.6767676767677,4.45277808687916
7.38989898989899,47.6767676767677,4.50521357634446
7.51515151515152,47.6767676767677,4.5453503524686
7.64040404040404,47.6767676767677,4.57349588308511
7.76565656565657,47.6767676767677,4.58995763602752
7.89090909090909,47.6767676767677,4.59504307912935
8.01616161616162,47.6767676767677,4.58905968022414
8.14141414141414,47.6767676767677,4.57231490714541
8.26666666666667,47.6767676767677,4.54511622772669
8.39191919191919,47.6767676767677,4.50777110980152
8.51717171717172,47.6767676767677,4.46058702120342
8.64242424242424,47.6767676767677,4.40387142976592
8.76767676767677,47.6767676767677,4.33793180332254
8.89292929292929,47.6767676767677,4.26307560970683
9.01818181818182,47.6767676767677,4.1796103167523
9.14343434343434,47.6767676767677,4.08784339229249
9.26868686868687,47.6767676767677,3.98808230416092
9.3939393939394,47.6767676767677,3.88063452019114
9.51919191919192,47.6767676767677,3.76580750821665
9.64444444444444,47.6767676767677,3.64390873607099
9.76969696969697,47.6767676767677,3.5152456715877
9.8949494949495,47.6767676767677,3.3801257826003
10.020202020202,47.6767676767677,3.23885653694231
10.1454545454545,47.6767676767677,3.09174540244727
10.2707070707071,47.6767676767677,2.93909984694872
10.3959595959596,47.6767676767677,2.78122733828017
10.5212121212121,47.6767676767677,2.61843534427515
10.6464646464646,47.6767676767677,2.4510313327672
10.7717171717172,47.6767676767677,2.27932277158984
10.8969696969697,47.6767676767677,2.10361712857661
11.0222222222222,47.6767676767677,1.92422187156102
11.1474747474747,47.6767676767677,1.74144446837662
11.2727272727273,47.6767676767677,1.55559238685693
11.3979797979798,47.6767676767677,1.36697309483547
11.5232323232323,47.6767676767677,1.17589406014579
11.6484848484848,47.6767676767677,0.982662750621396
11.7737373737374,47.6767676767677,0.787586634095832
11.8989898989899,47.6767676767677,0.590973178402623
12.0242424242424,47.6767676767677,0.3931298513753
12.1494949494949,47.6767676767677,0.194364120847387
12.2747474747475,47.6767676767677,-0.00501654534758317
12.4,47.6767676767677,-0.204704679376083
0,50.6565656565657,-0.606489158988675
0.125252525252525,50.6565656565657,-0.53760807458839
0.25050505050505,50.6565656565657,-0.469342620404939
0.375757575757576,50.6565656565657,-0.402308426655158
0.501010101010101,50.6565656565657,-0.337121123555879
0.626262626262626,50.6565656565657,-0.274396341323938
0.751515151515151,50.6565656565657,-0.214749710176169
0.876767676767677,50.6565656565657,-0.158796860329406
1.0020202020202,50.6565656565657,-0.107153422000484
1.12727272727273,50.6565656565657,-0.0604350254062366
1.25252525252525,50.6565656565657,-0.019257300763499
1.37777777777778,50.6565656565657,0.0157641217108949
1.5030303030303,50.6565656565657,0.0440136118001103
1.62828282828283,50.6565656565657,0.0648755392873134
1.75353535353535,50.6565656565657,0.0777342739556693
1.87878787878788,50.6565656565657,0.0819741855883441
2.0040404040404,50.6565656565657,0.0769796439685028
2.12929292929293,50.6565656565657,0.0621413774778904
2.25454545454545,50.6565656565657,0.0377584539537201
2.37979797979798,50.6565656565657,0.0059742343835822
2.50505050505051,50.6565656565657,-0.0308443890031198
2.63030303030303,50.6565656565657,-0.070330523976983
2.75555555555556,50.6565656565657,-0.110117278308604
2.88080808080808,50.6565656565657,-0.147837759768579
3.00606060606061,50.6565656565657,-0.181125076127505
3.13131313131313,50.6565656565657,-0.20761233515598
3.25656565656566,50.6565656565657,-0.224932644624598
3.38181818181818,50.6565656565657,-0.230719112303958
3.50707070707071,50.6565656565657,-0.222604845964656
3.63232323232323,50.6565656565657,-0.198222953377288
3.75757575757576,50.6565656565657,-0.155206542312452
3.88282828282828,50.6565656565657,-0.0911887205407436
4.00808080808081,50.6565656565657,-0.00380259583276005
4.13333333333333,50.6565656565657,0.109302429065186
4.25858585858586,50.6565656565657,0.24878739907097
4.38383838383838,50.6565656565657,0.412173756611854
4.50909090909091,50.6565656565657,0.596641251120526
4.63434343434343,50.6565656565657,0.799369632029679
4.75959595959596,50.6565656565657,1.017538648772
4.88484848484848,50.6565656565657,1.24832805078019
5.01010101010101,50.6565656565657,1.48891758748692
5.13535353535354,50.6565656565657,1.7364870083249
5.26060606060606,50.6565656565657,1.98821606272681
5.38585858585859,50.6565656565657,2.24128450012534
5.51111111111111,50.6565656565657,2.49287206995318
5.63636363636364,50.6565656565657,2.74015852164303
5.76161616161616,50.6565656565657,2.98032360462757
5.88686868686869,50.6565656565657,3.2105470683395
6.01212121212121,50.6565656565657,3.4280086622115
6.13737373737374,50.6565656565657,3.63006603475173
6.26262626262626,50.6565656565657,3.81592902356154
6.38787878787879,50.6565656565657,3.9859073111844
6.51313131313131,50.6565656565657,4.14032507519555
6.63838383838384,50.6565656565657,4.27950649317023
6.76363636363636,50.6565656565657,4.40377574268368
6.88888888888889,50.6565656565657,4.51345700131116
7.01414141414141,50.6565656565657,4.60887444662791
7.13939393939394,50.6565656565657,4.69035225620917
7.26464646464646,50.6565656565657,4.75821460763017
7.38989898989899,50.6565656565657,4.81278567846618
7.51515151515152,50.6565656565657,4.85438964629243
7.64040404040404,50.6565656565657,4.88335068868416
7.76565656565657,50.6565656565657,4.89999298321662
7.89090909090909,50.6565656565657,4.90464070746506
8.01616161616162,50.6565656565657,4.89761803900471
8.14141414141414,50.6565656565657,4.87924915541083
8.26666666666667,50.6565656565657,4.84985823425865
8.39191919191919,50.6565656565657,4.80976945312342
8.51717171717172,50.6565656565657,4.75930698958038
8.64242424242424,50.6565656565657,4.69879502120478
8.76767676767677,50.6565656565657,4.62855772557186
8.89292929292929,50.6565656565657,4.54891928025687
9.01818181818182,50.6565656565657,4.46020386283504
9.14343434343434,50.6565656565657,4.36273565088163
9.26868686868687,50.6565656565657,4.25683882197187
9.3939393939394,50.6565656565657,4.14283755368102
9.51919191919192,50.6565656565657,4.02105602358431
9.64444444444444,50.6565656565657,3.89181840925699
9.76969696969697,50.6565656565657,3.7554488882743
9.8949494949495,50.6565656565657,3.61227163821149
10.020202020202,50.6565656565657,3.4626108366438
10.1454545454545,50.6565656565657,3.30679066114647
10.2707070707071,50.6565656565657,3.14513528929476
10.3959595959596,50.6565656565657,2.97796889866389
10.5212121212121,50.6565656565657,2.80561566682913
10.6464646464646,50.6565656565657,2.6283997713657
10.7717171717172,50.6565656565657,2.44664538984886
10.8969696969697,50.6565656565657,2.26067669985384
11.0222222222222,50.6565656565657,2.0708178789559
11.1474747474747,50.6565656565657,1.87739310473028
11.2727272727273,50.6565656565657,1.68072655475221
11.3979797979798,50.6565656565657,1.48114240659695
11.5232323232323,50.6565656565657,1.27896483783974
11.6484848484848,50.6565656565657,1.07451802605582
11.7737373737374,50.6565656565657,0.868126148820434
11.8989898989899,50.6565656565657,0.66011338370883
12.0242424242424,50.6565656565657,0.450803908296253
12.1494949494949,50.6565656565657,0.240521900157941
12.2747474747475,50.6565656565657,0.0295915368691414
12.4,50.6565656565657,-0.181663003994902
0,53.6363636363636,-0.354386930305129
0.125252525252525,53.6363636363636,-0.314247559237494
0.25050505050505,53.6363636363636,-0.274546229933556
0.375757575757576,53.6363636363636,-0.235720984157013
0.501010101010101,53.6363636363636,-0.198209863671562
0.626262626262626,53.6363636363636,-0.1624509102409
0.751515151515151,53.6363636363636,-0.128882165628724
0.876767676767677,53.6363636363636,-0.0979416715987331
1.0020202020202,53.6363636363636,-0.0700674699146228
1.12727272727273,53.6363636363636,-0.0456976023400911
1.25252525252525,53.6363636363636,-0.0252701106388352
1.37777777777778,53.6363636363636,-0.00922303657455257
1.5030303030303,53.6363636363636,0.00200557808905956
1.62828282828283,53.6363636363636,0.00797769158830393
1.75353535353535,53.6363636363636,0.00825526215948322
1.87878787878788,53.6363636363636,0.00240024803890006
2.0040404040404,53.6363636363636,-0.0100253925371429
2.12929292929293,53.6363636363636,-0.0294541976434454
2.25454545454545,53.6363636363636,-0.055532491582345
2.37979797979798,53.6363636363636,-0.0863102695893829
2.50505050505051,53.6363636363636,-0.119644049296731
2.63030303030303,53.6363636363636,-0.153390348336562
2.75555555555556,53.6363636363636,-0.185405684341049
2.88080808080808,53.6363636363636,-0.213546574942364
3.00606060606061,53.6363636363636,-0.235669537772679
3.13131313131313,53.6363636363636,-0.249631090464167
3.25656565656566,53.6363636363636,-0.253287750649
3.38181818181818,53.6363636363636,-0.244496035959352
3.50707070707071,53.6363636363636,-0.221112464027393
3.63232323232323,53.6363636363636,-0.180993552485298
3.75757575757576,53.6363636363636,-0.121995818965238
3.88282828282828,53.6363636363636,-0.041975781099386
4.00808080808081,53.6363636363636,0.0612100434800857
4.13333333333333,53.6363636363636,0.189689540876608
4.25858585858586,53.6363636363636,0.343973491074515
4.38383838383838,53.6363636363636,0.521567694400814
4.50909090909091,53.6363636363636,0.719650909622054
4.63434343434343,53.6363636363636,0.935401895504791
4.75959595959596,53.6363636363636,1.16599941081558
4.88484848484848,53.6363636363636,1.40862221432096
5.01010101010101,53.6363636363636,1.66044906478749
5.13535353535354,53.6363636363636,1.91865872098173
5.26060606060606,53.6363636363636,2.18042994167023
5.38585858585859,53.6363636363636,2.44294148561953
5.51111111111111,53.6363636363636,2.7033721115962
5.63636363636364,53.6363636363636,2.95890057836677
5.76161616161616,53.6363636363636,3.20670564469782
5.88686868686869,53.6363636363636,3.44396606935588
6.01212121212121,53.6363636363636,3.6678606111075
6.13737373737374,53.6363636363636,3.87574665933094
6.26262626262626,53.6363636363636,4.06684140885763
6.38787878787879,53.6363636363636,4.24146642211767
6.51313131313131,53.6363636363636,4.39995781617771
6.63838383838384,53.6363636363636,4.54265170810443
6.76363636363636,53.6363636363636,4.66988421496448
6.88888888888889,53.6363636363636,4.78199145382454
7.01414141414141,53.6363636363636,4.87930954175127
7.13939393939394,53.6363636363636,4.96217459581134
7.26464646464646,53.6363636363636,5.03092273307142
7.38989898989899,53.6363636363636,5.08589007059816
7.51515151515152,53.6363636363636,5.12741272545825
7.64040404040404,53.6363636363636,5.15582681471834
7.76565656565657,53.6363636363636,5.17146845544511
7.89090909090909,53.6363636363636,5.17467376470521
8.01616161616162,53.6363636363636,5.16577885956531
8.14141414141414,53.6363636363636,5.14511985709209
8.26666666666667,53.6363636363636,5.1130328743522
8.39191919191919,53.6363636363636,5.06985402841232
8.51717171717172,53.6363636363636,5.01591943633911
8.64242424242424,53.6363636363636,4.95156521519923
8.76767676767677,53.6363636363636,4.87712748205937
8.89292929292929,53.6363636363636,4.79294235398617
9.01818181818182,53.6363636363636,4.6993459480463
9.14343434343434,53.6363636363636,4.59667438130645
9.26868686868687,53.6363636363636,4.48526377083326
9.3939393939394,53.6363636363636,4.3654502336934
9.51919191919192,53.6363636363636,4.23756988695355
9.64444444444444,53.6363636363636,4.10195884768038
9.76969696969697,53.6363636363636,3.95895323294053
9.8949494949495,53.6363636363636,3.80888915980069
10.020202020202,53.6363636363636,3.65210274532752
10.1454545454545,53.6363636363636,3.48893010658768
10.2707070707071,53.6363636363636,3.31970736064785
10.3959595959596,53.6363636363636,3.14477062457469
10.5212121212121,53.6363636363636,2.96445601543486
10.6464646464646,53.6363636363636,2.77909965029503
10.7717171717172,53.6363636363636,2.58903764622187
10.8969696969697,53.6363636363636,2.39460612028205
11.0222222222222,53.6363636363636,2.19614118954222
11.1474747474747,53.6363636363636,1.99397897106907
11.2727272727273,53.6363636363636,1.78845558192925
11.3979797979798,53.6363636363636,1.57990713918943
11.5232323232323,53.6363636363636,1.36866975991628
11.6484848484848,53.6363636363636,1.15507956117646
11.7737373737374,53.6363636363636,0.939472660036647
11.8989898989899,53.6363636363636,0.722185173563499
12.0242424242424,53.6363636363636,0.503553218823686
12.1494949494949,53.6363636363636,0.283912912883871
12.2747474747475,53.6363636363636,0.063600372810723
12.4,53.6363636363636,-0.157048284329092
0,56.6161616161616,-0.0739722643937517
0.125252525252525,56.6161616161616,-0.0672300505391905
0.25050505050505,56.6161616161616,-0.060705770131844
0.375757575757576,56.6161616161616,-0.0546173566189262
0.501010101010101,56.6161616161616,-0.0491827434476519
0.626262626262626,56.6161616161616,-0.0446198640652354
0.751515151515151,56.6161616161616,-0.0411466519188912
0.876767676767677,56.6161616161616,-0.0389810404558338
1.0020202020202,56.6161616161616,-0.0383409631232776
1.12727272727273,56.6161616161616,-0.039444353368437
1.25252525252525,56.6161616161616,-0.0425091446385267
1.37777777777778,56.6161616161616,-0.0477532703807609
1.5030303030303,56.6161616161616,-0.0553946640423543
1.62828282828283,56.6161616161616,-0.0656512590705211
1.75353535353535,56.6161616161616,-0.078740988912476
1.87878787878788,56.6161616161616,-0.0948817870154333
2.0040404040404,56.6161616161616,-0.114291586826608
2.12929292929293,56.6161616161616,-0.137183960582185
2.25454545454545,56.6161616161616,-0.163149472161752
2.37979797979798,56.6161616161616,-0.190513728783837
2.50505050505051,56.6161616161616,-0.21744902292238
2.63030303030303,56.6161616161616,-0.242127647051324
2.75555555555556,56.6161616161616,-0.262721893644611
2.88080808080808,56.6161616161616,-0.277404055176184
3.00606060606061,56.6161616161616,-0.284346424119986
3.13131313131313,56.6161616161616,-0.281721292949958
3.25656565656566,56.6161616161616,-0.267700954140042
3.38181818181818,56.6161616161616,-0.240457700164181
3.50707070707071,56.6161616161616,-0.198163823496318
3.63232323232323,56.6161616161616,-0.138991616610395
3.75757575757576,56.6161616161616,-0.061113371980353
3.88282828282828,56.6161616161616,0.0372986179198644
4.00808080808081,56.6161616161616,0.158072060616315
4.13333333333333,56.6161616161616,0.30302025208139
4.25858585858586,56.6161616161616,0.472462219465977
4.38383838383838,56.6161616161616,0.663940272080267
4.50909090909091,56.6161616161616,0.874694520138572
4.63434343434343,56.6161616161616,1.10196507385521
4.75959595959596,56.6161616161616,1.3429920434445
4.88484848484848,56.6161616161616,1.59501553912075
5.01010101010101,56.6161616161616,1.85527567109828
5.13535353535354,56.6161616161616,2.1210125495914
5.26060606060606,56.6161616161616,2.38946628481444
5.38585858585859,56.6161616161616,2.65787698698171
5.51111111111111,56.6161616161616,2.92348476630751
5.63636363636364,56.6161616161616,3.18352973300618
5.76161616161616,56.6161616161616,3.43525199729202
5.88686868686869,56.6161616161616,3.67589166937935
6.01212121212121,56.6161616161616,3.90268885948249
6.13737373737374,56.6161616161616,4.11305928010015
6.26262626262626,56.6161616161616,4.30624691987623
6.38787878787879,56.6161616161616,4.48258141269374
6.51313131313131,56.6161616161616,4.64240670032736
6.63838383838384,56.6161616161616,4.78606672455175
6.76363636363636,56.6161616161616,4.91390542714158
6.88888888888889,56.6161616161616,5.02626674987151
7.01414141414141,56.6161616161616,5.1234946345162
7.13939393939394,56.6161616161616,5.20593302285032
7.26464646464646,56.6161616161616,5.27392585664854
7.38989898989899,56.6161616161616,5.32781707768551
7.51515151515152,56.6161616161616,5.3679506277359
7.64040404040404,56.6161616161616,5.39467044857438
7.76565656565657,56.6161616161616,5.40832048197561
7.89090909090909,56.6161616161616,5.40924466971426
8.01616161616162,56.6161616161616,5.39778695356499
8.14141414141414,56.6161616161616,5.37429127530246
8.26666666666667,56.6161616161616,5.33910157670134
8.39191919191919,56.6161616161616,5.2925617995363
8.51717171717172,56.6161616161616,5.23501588558199
8.64242424242424,56.6161616161616,5.16680777661308
8.76767676767677,56.6161616161616,5.08828141440424
8.89292929292929,56.6161616161616,4.99978074073013
9.01818181818182,56.6161616161616,4.90164969736542
9.14343434343434,56.6161616161616,4.79423222608477
9.26868686868687,56.6161616161616,4.67787226866284
9.3939393939394,56.6161616161616,4.5529137668743
9.51919191919192,56.6161616161616,4.41970066249381
9.64444444444444,56.6161616161616,4.27857689729604
9.76969696969697,56.6161616161616,4.12988641305566
9.8949494949495,56.6161616161616,3.97397315154732
10.020202020202,56.6161616161616,3.81118105454569
10.1454545454545,56.6161616161616,3.64185406382543
10.2707070707071,56.6161616161616,3.46633612116122
10.3959595959596,56.6161616161616,3.28497116832771
10.5212121212121,56.6161616161616,3.09810314709957
10.6464646464646,56.6161616161616,2.90607599925146
10.7717171717172,56.6161616161616,2.70923366655806
10.8969696969697,56.6161616161616,2.50792009079401
11.0222222222222,56.6161616161616,2.30247921373399
11.1474747474747,56.6161616161616,2.09325497715266
11.2727272727273,56.6161616161616,1.88059132282469
11.3979797979798,56.6161616161616,1.66483219252473
11.5232323232323,56.6161616161616,1.44632152802746
11.6484848484848,56.6161616161616,1.22540327110754
11.7737373737374,56.6161616161616,1.00242136353964
11.8989898989899,56.6161616161616,0.777719747098408
12.0242424242424,56.6161616161616,0.551642363558523
12.1494949494949,56.6161616161616,0.324533154694642
12.2747474747475,56.6161616161616,0.0967360622814325
12.4,56.6161616161616,-0.131404971906442
0,59.5959595959596,0.228684175889228
0.125252525252525,59.5959595959596,0.198356139922657
0.25050505050505,59.5959595959596,0.168064026854971
0.375757575757576,59.5959595959596,0.137843759585055
0.501010101010101,59.5959595959596,0.107731261011795
0.626262626262626,59.5959595959596,0.0777624540340743
0.751515151515151,59.5959595959596,0.0479732615507794
0.876767676767677,59.5959595959596,0.018399606460795
1.0020202020202,59.5959595959596,-0.0109225883369941
1.12727272727273,59.5959595959596,-0.0399573999437026
1.25252525252525,59.5959595959596,-0.0686689054604454
1.37777777777778,59.5959595959596,-0.0970211819883376
1.5030303030303,59.5959595959596,-0.124978306628494
1.62828282828283,59.5959595959596,-0.152504356482029
1.75353535353535,59.5959595959596,-0.179563408650059
1.87878787878788,59.5959595959596,-0.206119540233697
2.0040404040404,59.5959595959596,-0.23213682833406
2.12929292929293,59.5959595959596,-0.257576361467349
2.25454545454545,59.5959595959596,-0.281972302380121
2.37979797979798,59.5959595959596,-0.30399198339785
2.50505050505051,59.5959595959596,-0.322197675630315
2.63030303030303,59.5959595959596,-0.335151650187297
2.75555555555556,59.5959595959596,-0.341416178178578
2.88080808080808,59.5959595959596,-0.33955353071394
3.00606060606061,59.5959595959596,-0.328125978903162
3.13131313131313,59.5959595959596,-0.305695793856027
3.25656565656566,59.5959595959596,-0.270825246682315
3.38181818181818,59.5959595959596,-0.222076608491809
3.50707070707071,59.5959595959596,-0.158012150394288
3.63232323232323,59.5959595959596,-0.0771941434995339
3.75757575757576,59.5959595959596,0.021815141082672
3.88282828282828,59.5959595959596,0.140453432242548
4.00808080808081,59.5959595959596,0.280158458870314
4.13333333333333,59.5959595959596,0.442355116416514
4.25858585858586,59.5959595959596,0.627137659012851
4.38383838383838,59.5959595959596,0.832127682969074
4.50909090909091,59.5959595959596,1.05467767732474
4.63434343434343,59.5959595959596,1.2921401311194
4.75959595959596,59.5959595959596,1.54186753339261
4.88484848484848,59.5959595959596,1.80121237318393
5.01010101010101,59.5959595959596,2.06752713953292
5.13535353535354,59.5959595959596,2.33816432147913
5.26060606060606,59.5959595959596,2.61047640806211
5.38585858585859,59.5959595959596,2.88181588832143
5.51111111111111,59.5959595959596,3.14953525129664
5.63636363636364,59.5959595959596,3.4109869860273
5.76161616161616,59.5959595959596,3.66352358155296
5.88686868686869,59.5959595959596,3.90449752691318
6.01212121212121,59.5959595959596,4.13126131114751
6.13737373737374,59.5959595959596,4.34133691461501
6.26262626262626,59.5959595959596,4.53401096975382
6.38787878787879,59.5959595959596,4.70961797375345
6.51313131313131,59.5959595959596,4.86850623378003
6.63838383838384,59.5959595959596,5.01102405699966
6.76363636363636,59.5959595959596,5.13751975057844
6.88888888888889,59.5959595959596,5.24834162168247
7.01414141414141,59.5959595959596,5.34383797747787
7.13939393939394,59.5959595959596,5.42435712513074
7.26464646464646,59.5959595959596,5.49024737180719
7.38989898989899,59.5959595959596,5.54185702467331
7.51515151515152,59.5959595959596,5.57953439089522
7.64040404040404,59.5959595959596,5.60362777763902
7.76565656565657,59.5959595959596,5.61448549207081
7.89090909090909,59.5959595959596,5.61245584135671
8.01616161616162,59.5959595959596,5.59788713266281
8.14141414141414,59.5959595959596,5.57112767315523
8.26666666666667,59.5959595959596,5.53252577000006
8.39191919191919,59.5959595959596,5.48242973036341
8.51717171717172,59.5959595959596,5.42118786141139
8.64242424242424,59.5959595959596,5.34914847031011
8.76767676767677,59.5959595959596,5.26665986422566
8.89292929292929,59.5959595959596,5.17407035032416
9.01818181818182,59.5959595959596,5.07172823577171
9.14343434343434,59.5959595959596,4.95998182773441
9.26868686868687,59.5959595959596,4.83917943337837
9.3939393939394,59.5959595959596,4.7096693598697
9.51919191919192,59.5959595959596,4.5717999143745
9.64444444444444,59.5959595959596,4.42591940405888
9.76969696969697,59.5959595959596,4.27237613608894
9.8949494949495,59.5959595959596,4.11151841763078
10.020202020202,59.5959595959596,3.94369455585052
10.1454545454545,59.5959595959596,3.76925285791425
10.2707070707071,59.5959595959596,3.58854163098809
10.3959595959596,59.5959595959596,3.40190918223814
10.5212121212121,59.5959595959596,3.2097038188305
10.6464646464646,59.5959595959596,3.01227384793128
10.7717171717172,59.5959595959596,2.80996757670659
10.8969696969697,59.5959595959596,2.60313331232252
11.0222222222222,59.5959595959596,2.39211936194519
11.1474747474747,59.5959595959596,2.17727403274071
11.2727272727273,59.5959595959596,1.95894563187516
11.3979797979798,59.5959595959596,1.73748246651467
11.5232323232323,59.5959595959596,1.51323284382534
11.6484848484848,59.5959595959596,1.28654507097327
11.7737373737374,59.5959595959596,1.05776745512457
11.8989898989899,59.5959595959596,0.827248303445337
12.0242424242424,59.5959595959596,0.595335923101688
12.1494949494949,59.5959595959596,0.36237862125972
12.2747474747475,59.5959595959596,0.12872470508554
12.4,59.5959595959596,-0.105277518254744
0,62.5757575757576,0.547511727687585
0.125252525252525,62.5757575757576,0.477422700564189
0.25050505050505,62.5757575757576,0.407648428881665
0.375757575757576,62.5757575757576,0.338503668080886
0.501010101010101,62.5757575757576,0.270303173602723
0.626262626262626,62.5757575757576,0.203361700888049
0.751515151515151,62.5757575757576,0.137994005377737
0.876767676767677,62.5757575757576,0.0745148425126565
1.0020202020202,62.5757575757576,0.0132389677336816
1.12727272727273,62.5757575757576,-0.045518863518316
1.25252525252525,62.5757575757576,-0.101443895802464
1.37777777777778,62.5757575757576,-0.15422137367789
1.5030303030303,62.5757575757576,-0.203536541703722
1.62828282828283,62.5757575757576,-0.249074644439089
1.75353535353535,62.5757575757576,-0.290520926443116
1.87878787878788,62.5757575757576,-0.327560632274934
2.0040404040404,62.5757575757576,-0.359879006493669
2.12929292929293,62.5757575757576,-0.387159850427959
2.25454545454545,62.5757575757576,-0.408880796833073
2.37979797979798,62.5757575757576,-0.424100873629494
2.50505050505051,62.5757575757576,-0.431828373170786
2.63030303030303,62.5757575757576,-0.431071587810512
2.75555555555556,62.5757575757576,-0.420838809902238
2.88080808080808,62.5757575757576,-0.400138331799527
3.00606060606061,62.5757575757576,-0.367978445855943
3.13131313131313,62.5757575757576,-0.32336744442505
3.25656565656566,62.5757575757576,-0.265313619860412
3.38181818181818,62.5757575757576,-0.192825264515594
3.50707070707071,62.5757575757576,-0.104910670744159
3.63232323232323,62.5757575757576,-0.000578130899671218
3.75757575757576,62.5757575757576,0.121164062664305
3.88282828282828,62.5757575757576,0.261307617594206
4.00808080808081,62.5757575757576,0.420844241536468
4.13333333333333,62.5757575757576,0.600754687618959
4.25858585858586,62.5757575757576,0.80088388448263
4.38383838383838,62.5757575757576,1.0189661203861
4.50909090909091,62.5757575757576,1.25250597583521
4.63434343434343,62.5757575757576,1.49900803133581
4.75959595959596,62.5757575757576,1.75597686739376
4.88484848484848,62.5757575757576,2.02091706451489
5.01010101010101,62.5757575757576,2.29133320320506
5.13535353535354,62.5757575757576,2.56472986397012
5.26060606060606,62.5757575757576,2.83861162731591
5.38585858585859,62.5757575757576,3.11048307374829
5.51111111111111,62.5757575757576,3.37784878377309
5.63636363636364,62.5757575757576,3.63821333789618
5.76161616161616,62.5757575757576,3.88908131662339
5.88686868686869,62.5757575757576,4.12795730046058
6.01212121212121,62.5757575757576,4.3523458699136
6.13737373737374,62.5757575757576,4.55991258043115
6.26262626262626,62.5757575757576,4.74999897162689
6.38787878787879,62.5757575757576,4.92294179613763
6.51313131313131,62.5757575757576,5.07909092267124
6.63838383838384,62.5757575757576,5.21879621993557
6.76363636363636,62.5757575757576,5.34240755663848
6.88888888888889,62.5757575757576,5.45027480148782
7.01414141414141,62.5757575757576,5.54274782319145
7.13939393939394,62.5757575757576,5.62017649045723
7.26464646464646,62.5757575757576,5.68291067199301
7.38989898989899,62.5757575757576,5.73130023650666
7.51515151515152,62.5757575757576,5.76569505270603
7.64040404040404,62.5757575757576,5.78644498929897
7.76565656565657,62.5757575757576,5.79389991499335
7.89090909090909,62.5757575757576,5.78840969849701
8.01616161616162,62.5757575757576,5.77032420851783
8.14141414141414,62.5757575757576,5.73999331376365
8.26666666666667,62.5757575757576,5.69776688294233
8.39191919191919,62.5757575757576,5.64399478476173
8.51717171717172,62.5757575757576,5.5790268879297
8.64242424242424,62.5757575757576,5.50321306115411
8.76767676767677,62.5757575757576,5.4169031731428
8.89292929292929,62.5757575757576,5.32044709260365
9.01818181818182,62.5757575757576,5.21419468824449
9.14343434343434,62.5757575757576,5.0984958287732
9.26868686868687,62.5757575757576,4.97370038289762
9.3939393939394,62.5757575757576,4.84015821932562
9.51919191919192,62.5757575757576,4.69821920676505
9.64444444444444,62.5757575757576,4.54823321392377
9.76969696969697,62.5757575757576,4.39055010950964
9.8949494949495,62.5757575757576,4.2255197622305
10.020202020202,62.5757575757576,4.05349204079423
10.1454545454545,62.5757575757576,3.87481681390867
10.2707070707071,62.5757575757576,3.68984395028169
10.3959595959596,62.5757575757576,3.49892331862114
10.5212121212121,62.5757575757576,3.30240478763487
10.6464646464646,62.5757575757576,3.10063822603076
10.7717171717172,62.5757575757576,2.89397350251664
10.8969696969697,62.5757575757576,2.68276048580038
11.0222222222222,62.5757575757576,2.46734904458984
11.1474747474747,62.5757575757576,2.24808904759286
11.2727272727273,62.5757575757576,2.02533036351732
11.3979797979798,62.5757575757576,1.79942286107107
11.5232323232323,62.5757575757576,1.57071640896196
11.6484848484848,62.5757575757576,1.33956087589785
11.7737373737374,62.5757575757576,1.1063061305866
11.8989898989899,62.5757575757576,0.871302041736065
12.0242424242424,62.5757575757576,0.634898478054103
12.1494949494949,62.5757575757576,0.397445308248567
12.2747474747475,62.5757575757576,0.159292401027318
12.4,62.5757575757576,-0.0792103749017894
0,65.5555555555556,0.876439728145091
0.125252525252525,65.5555555555556,0.764881319801544
0.25050505050505,65.5555555555556,0.653932703803014
0.375757575757576,65.5555555555556,0.54420367249452
0.501010101010101,65.5555555555556,0.43630401822108
0.626262626262626,65.5555555555556,0.33084353332771
0.751515151515151,65.5555555555556,0.228432010159429
0.876767676767677,65.5555555555556,0.129679241061254
1.0020202020202,65.5555555555556,0.0351950183782037
1.12727272727273,65.5555555555556,-0.0544108655447051
1.25252525252525,65.5555555555556,-0.138528618362454
1.37777777777778,65.5555555555556,-0.216548447730026
1.5030303030303,65.5555555555556,-0.287860561302402
1.62828282828283,65.5555555555556,-0.351855166734566
1.75353535353535,65.5555555555556,-0.4079224716815
1.87878787878788,65.5555555555556,-0.455452683798185
2.0040404040404,65.5555555555556,-0.493836010739604
2.12929292929293,65.5555555555556,-0.522462877593037
2.25454545454545,65.5555555555556,-0.540754770116226
2.37979797979798,65.5555555555556,-0.548196239676839
2.50505050505051,65.5555555555556,-0.544279481294041
2.63030303030303,65.5555555555556,-0.528496689986999
2.75555555555556,65.5555555555556,-0.500340060774878
2.88080808080808,65.5555555555556,-0.459301788676844
3.00606060606061,65.5555555555556,-0.404874068712063
3.13131313131313,65.5555555555556,-0.336549095899701
3.25656565656566,65.5555555555556,-0.253819065258924
3.38181818181818,65.5555555555556,-0.156176171808898
3.50707070707071,65.5555555555556,-0.0431126105687887
3.63232323232323,65.5555555555556,0.085879423442238
3.75757575757576,65.5555555555556,0.231307735205016
3.88282828282828,65.5555555555556,0.39368012970038
4.00808080808081,65.5555555555556,0.573504411909163
4.13333333333333,65.5555555555556,0.771279519425707
4.25858585858586,65.5555555555556,0.986584970642807
4.38383838383838,65.5555555555556,1.2172917776502
4.50909090909091,65.5555555555556,1.46108501032464
4.63434343434343,65.5555555555556,1.71564973854292
4.75959595959596,65.5555555555556,1.97867103218178
4.88484848484848,65.5555555555556,2.247833961118
5.01010101010101,65.5555555555556,2.52082359522835
5.13535353535354,65.5555555555556,2.79532500438959
5.26060606060606,65.5555555555556,3.0690232584785
5.38585858585859,65.5555555555556,3.33960342737184
5.51111111111111,65.5555555555556,3.60475058094637
5.63636363636364,65.5555555555556,3.86214978907887
5.76161616161616,65.5555555555556,4.1094861216461
5.88686868686869,65.5555555555556,4.34444464852483
6.01212121212121,65.5555555555556,4.56471043959182
6.13737373737374,65.5555555555556,4.76811929510419
6.26262626262626,65.5555555555556,4.95407633863194
6.38787878787879,65.5555555555556,5.12291857068712
6.51313131313131,65.5555555555556,5.27499527313653
6.63838383838384,65.5555555555556,5.41065572784694
6.76363636363636,65.5555555555556,5.53024921668515
6.88888888888889,65.5555555555556,5.63412502151794
7.01414141414141,65.5555555555556,5.7226324242121
7.13939393939394,65.5555555555556,5.79612070663441
7.26464646464646,65.5555555555556,5.85493915065167
7.38989898989899,65.5555555555556,5.89943703813066
7.51515151515152,65.5555555555556,5.92996365093817
7.64040404040404,65.5555555555556,5.94686827094098
7.76565656565657,65.5555555555556,5.95050018000588
7.89090909090909,65.5555555555556,5.94120865999966
8.01616161616162,65.5555555555556,5.91934299278911
8.14141414141414,65.5555555555556,5.88525246024101
8.26666666666667,65.5555555555556,5.83928634422215
8.39191919191919,65.5555555555556,5.78179392659931
8.51717171717172,65.5555555555556,5.7131244892393
8.64242424242424,65.5555555555556,5.63362731400888
8.76767676767677,65.5555555555556,5.54365168277484
8.89292929292929,65.5555555555556,5.44354687740399
9.01818181818182,65.5555555555556,5.3336621797631
9.14343434343434,65.5555555555556,5.21434687171895
9.26868686868687,65.5555555555556,5.08595023513834
9.3939393939394,65.5555555555556,4.94882155188806
9.51919191919192,65.5555555555556,4.80331010383489
9.64444444444444,65.5555555555556,4.64976517284561
9.76969696969697,65.5555555555556,4.48853604078702
9.8949494949495,65.5555555555556,4.3199719895259
10.020202020202,65.5555555555556,4.14442230092904
10.1454545454545,65.5555555555556,3.96223625686322
10.2707070707071,65.5555555555556,3.77376313919524
10.3959595959596,65.5555555555556,3.57935222979188
10.5212121212121,65.5555555555556,3.37935281051992
10.6464646464646,65.5555555555556,3.17411416324616
10.7717171717172,65.5555555555556,2.96398556983738
10.8969696969697,65.5555555555556,2.74931631216037
11.0222222222222,65.5555555555556,2.53045567208191
11.1474747474747,65.5555555555556,2.3077529314688
11.2727272727273,65.5555555555556,2.08155737218781
11.3979797979798,65.5555555555556,1.85221827610574
11.5232323232323,65.5555555555556,1.62008492508938
11.6484848484848,65.5555555555556,1.3855066010055
11.7737373737374,65.5555555555556,1.1488325857209
11.8989898989899,65.5555555555556,0.910412161102372
12.0242424242424,65.5555555555556,0.670594609016694
12.1494949494949,65.5555555555556,0.429729211330651
12.2747474747475,65.5555555555556,0.188165249911034
12.4,65.5555555555556,-0.0537479933753697
0,68.5353535353535,1.20939751440552
0.125252525252525,68.5353535353535,1.05564368605086
0.25050505050505,68.5353535353535,0.902802119473792
0.375757575757576,68.5353535353535,0.751785076451911
0.501010101010101,68.5353535353535,0.603504818762807
0.626262626262626,68.5353535353535,0.458873608184075
0.751515151515151,68.5353535353535,0.318803706493305
0.876767676767677,68.5353535353535,0.184207375468092
1.0020202020202,68.5353535353535,0.0559968768860262
1.12727272727273,68.5353535353535,-0.0649155274752981
1.25252525252525,68.5353535353535,-0.177617575838289
1.37777777777778,68.5353535353535,-0.281197006425352
1.5030303030303,68.5353535353535,-0.374741557458897
1.62828282828283,68.5353535353535,-0.45733896716133
1.75353535353535,68.5353535353535,-0.528076973755059
1.87878787878788,68.5353535353535,-0.586043315462491
2.0040404040404,68.5353535353535,-0.630325730506033
2.12929292929293,68.5353535353535,-0.660013893091604
2.25454545454545,68.5353535353535,-0.674474036825201
2.37979797979798,68.5353535353535,-0.673633921737956
2.50505050505051,68.5353535353535,-0.657489365750331
2.63030303030303,68.5353535353535,-0.626036186782786
2.75555555555556,68.5353535353535,-0.579270202755784
2.88080808080808,68.5353535353535,-0.517187231589788
3.00606060606061,68.5353535353535,-0.439783091205257
3.13131313131313,68.5353535353535,-0.347053599522655
3.25656565656566,68.5353535353535,-0.238994574462442
3.38181818181818,68.5353535353535,-0.115601833945081
3.50707070707071,68.5353535353535,0.0231288041089656
3.63232323232323,68.5353535353535,0.177201521779238
3.75757575757576,68.5353535353535,0.346620501145273
3.88282828282828,68.5353535353535,0.53138992428661
4.00808080808081,68.5353535353535,0.731513973282786
4.13333333333333,68.5353535353535,0.946990165573739
4.25858585858586,68.5353535353535,1.17712499226088
4.38383838383838,68.5353535353535,1.41994084808024
4.50909090909091,68.5353535353535,1.6733203754477
4.63434343434343,68.5353535353535,1.93514621677917
4.75959595959596,68.5353535353535,2.20330101449052
4.88484848484848,68.5353535353535,2.47566741099764
5.01010101010101,68.5353535353535,2.75012804871643
5.13535353535354,68.5353535353535,3.02456557006277
5.26060606060606,68.5353535353535,3.29686261745255
5.38585858585859,68.5353535353535,3.56490183330166
5.51111111111111,68.5353535353535,3.82656586002598
5.63636363636364,68.5353535353535,4.07973734004141
5.76161616161616,68.5353535353535,4.32229891576384
5.88686868686869,68.5353535353535,4.55213322960914
6.01212121212121,68.5353535353535,4.76712292399322
6.13737373737374,68.5353535353535,4.96529007618977
6.26262626262626,68.5353535353535,5.14610848390547
6.38787878787879,68.5353535353535,5.30991398824276
6.51313131313131,68.5353535353535,5.45705379131142
6.63838383838384,68.5353535353535,5.58787509522121
6.76363636363636,68.5353535353535,5.70272510208189
6.88888888888889,68.5353535353535,5.80195101400323
7.01414141414141,68.5353535353535,5.88590003309499
7.13939393939394,68.5353535353535,5.95491936146693
7.26464646464646,68.5353535353535,6.00935620122881
7.38989898989899,68.5353535353535,6.0495577544904
7.51515151515152,68.5353535353535,6.07587122336147
7.64040404040404,68.5353535353535,6.08864380995177
7.76565656565657,68.5353535353535,6.08822271637106
7.89090909090909,68.5353535353535,6.07495514472912
8.01616161616162,68.5353535353535,6.04918829713571
8.14141414141414,68.5353535353535,6.01126937570058
8.26666666666667,68.5353535353535,5.9615455825335
8.39191919191919,68.5353535353535,5.90036411974424
8.51717171717172,68.5353535353535,5.82807218944255
8.64242424242424,68.5353535353535,5.7450169937382
8.76767676767677,68.5353535353535,5.65154573474096
8.89292929292929,68.5353535353535,5.54800561456059
9.01818181818182,68.5353535353535,5.43474383530685
9.14343434343434,68.5353535353535,5.31210759908949
9.26868686868687,68.5353535353535,5.1804441080183
9.3939393939394,68.5353535353535,5.04010056420302
9.51919191919192,68.5353535353535,4.89142416975343
9.64444444444444,68.5353535353535,4.73476212677929
9.76969696969697,68.5353535353535,4.57046163739035
9.8949494949495,68.5353535353535,4.39886990369639
10.020202020202,68.5353535353535,4.22033412780716
10.1454545454545,68.5353535353535,4.03520151183243
10.2707070707071,68.5353535353535,3.84381925788197
10.3959595959596,68.5353535353535,3.64653456806553
10.5212121212121,68.5353535353535,3.44369464449288
10.6464646464646,68.5353535353535,3.23564668927378
10.7717171717172,68.5353535353535,3.02273790451799
10.8969696969697,68.5353535353535,2.80531549233529
11.0222222222222,68.5353535353535,2.58372665483542
11.1474747474747,68.5353535353535,2.35831859412816
11.2727272727273,68.5353535353535,2.12943851232327
11.3979797979798,68.5353535353535,1.89743361153051
11.5232323232323,68.5353535353535,1.66265109385964
11.6484848484848,68.5353535353535,1.42543816142043
11.7737373737374,68.5353535353535,1.18614201632264
11.8989898989899,68.5353535353535,0.945109860676037
12.0242424242424,68.5353535353535,0.702688896590383
12.1494949494949,68.5353535353535,0.459226326175435
12.2747474747475,68.5353535353535,0.215069351540961
12.4,68.5353535353535,-0.029434825203276
0,71.5151515151515,1.54031442361264
0.125252525252525,71.5151515151515,1.34462148772827
0.25050505050505,71.5151515151515,1.15014194374877
0.375757575757576,71.5151515151515,0.958089183579012
0.501010101010101,71.5151515151515,0.769676599123852
0.626262626262626,71.5151515151515,0.586117582288164
0.751515151515151,71.5151515151515,0.408625524976814
0.876767676767677,71.5151515151515,0.238413819094672
1.0020202020202,71.5151515151515,0.0766958565466032
1.12727272727273,71.5151515151515,-0.0753149707625231
1.25252525252525,71.5151515151515,-0.216405270927839
1.37777777777778,71.5151515151515,-0.345361652044477
1.5030303030303,71.5151515151515,-0.460970722207569
1.62828282828283,71.5151515151515,-0.562019089512248
1.75353535353535,71.5151515151515,-0.647293362053646
1.87878787878788,71.5151515151515,-0.715580147926895
2.0040404040404,71.5151515151515,-0.765666055227126
2.12929292929293,71.5151515151515,-0.796341347052682
2.25454545454545,71.5151515151515,-0.806918411555619
2.37979797979798,71.5151515151515,-0.797769760010917
2.50505050505051,71.5151515151515,-0.769396392289903
2.63030303030303,71.5151515151515,-0.722299308263905
2.75555555555556,71.5151515151515,-0.656979507804246
2.88080808080808,71.5151515151515,-0.573937990782257
3.00606060606061,71.5151515151515,-0.473675757069261
3.13131313131313,71.5151515151515,-0.356693806536586
3.25656565656566,71.5151515151515,-0.223493139055558
3.38181818181818,71.5151515151515,-0.0745747544975053
3.50707070707071,71.5151515151515,0.0895603472662473
3.63232323232323,71.5151515151515,0.268411166364373
3.75757575757576,71.5151515151515,0.461476702925545
3.88282828282828,71.5151515151515,0.668255957078437
4.00808080808081,71.5151515151515,0.888247928951722
4.13333333333333,71.5151515151515,1.12094717980004
4.25858585858586,71.5151515151515,1.36538802410433
4.38383838383838,71.5151515151515,1.61974952499507
4.50909090909091,71.5151515151515,1.88211766585904
4.63434343434343,71.5151515151515,2.15057843008303
4.75959595959596,71.5151515151515,2.42321780105382
4.88484848484848,71.5151515151515,2.6981217621582
5.01010101010101,71.5151515151515,2.97337629678295
5.13535353535354,71.5151515151515,3.24706738831486
5.26060606060606,71.5151515151515,3.51728102014073
5.38585858585859,71.5151515151515,3.78210317564733
5.51111111111111,71.5151515151515,4.03961983822144
5.63636363636364,71.5151515151515,4.28791699124987
5.76161616161616,71.5151515151515,4.52508061811939
5.88686868686869,71.5151515151515,4.74919670221678
6.01212121212121,71.5151515151515,4.95835122692885
6.13737373737374,71.5151515151515,5.15075794124353
6.26262626262626,71.5151515151515,5.32596082058396
6.38787878787879,71.5151515151515,5.48429373964537
6.51313131313131,71.5151515151515,5.62610098333145
6.63838383838384,71.5151515151515,5.75172683654582
6.76363636363636,71.5151515151515,5.86151558419215
6.88888888888889,71.5151515151515,5.95581151117408
7.01414141414141,71.5151515151515,6.03495890239528
7.13939393939394,71.5151515151515,6.0993020427594
7.26464646464646,71.5151515151515,6.14918521717008
7.38989898989899,71.5151515151515,6.18495271053098
7.51515151515152,71.5151515151515,6.20694880774576
7.64040404040404,71.5151515151515,6.21551779371807
7.76565656565657,71.5151515151515,6.21100395335156
7.89090909090909,71.5151515151515,6.19375157154987
8.01616161616162,71.5151515151515,6.16410493321668
8.14141414141414,71.5151515151515,6.12240832325563
8.26666666666667,71.5151515151515,6.06900602657037
8.39191919191919,71.5151515151515,6.00424232806456
8.51717171717172,71.5151515151515,5.92846151264185
8.64242424242424,71.5151515151515,5.84200786520589
8.76767676767677,71.5151515151515,5.74522567066034
8.89292929292929,71.5151515151515,5.63845921390884
9.01818181818182,71.5151515151515,5.52205277985506
9.14343434343434,71.5151515151515,5.39635065340264
9.26868686868687,71.5151515151515,5.26169711945524
9.3939393939394,71.5151515151515,5.11843646291652
9.51919191919192,71.5151515151515,4.96691296869011
9.64444444444444,71.5151515151515,4.80747092167969
9.76969696969697,71.5151515151515,4.6404546067889
9.8949494949495,71.5151515151515,4.46620830892139
10.020202020202,71.5151515151515,4.28507631298082
10.1454545454545,71.5151515151515,4.09740290387083
10.2707070707071,71.5151515151515,3.9035323664951
10.3959595959596,71.5151515151515,3.70380898575726
10.5212121212121,71.5151515151515,3.49857704656096
10.6464646464646,71.5151515151515,3.28818083380987
10.7717171717172,71.5151515151515,3.07296463240764
10.8969696969697,71.5151515151515,2.85327272725792
11.0222222222222,71.5151515151515,2.62944940326436
11.1474747474747,71.5151515151515,2.40183894533061
11.2727272727273,71.5151515151515,2.17078563836033
11.3979797979798,71.5151515151515,1.93663376725718
11.5232323232323,71.5151515151515,1.6997276169248
11.6484848484848,71.5151515151515,1.46041147226685
11.7737373737374,71.5151515151515,1.21902961818698
11.8989898989899,71.5151515151515,0.97592633958884
12.0242424242424,71.5151515151515,0.731445921376094
12.1494949494949,71.5151515151515,0.485932648452385
12.2747474747475,71.5151515151515,0.239730805721369
12.4,71.5151515151515,-0.0068153219132997
0,74.4949494949495,1.8637255829052
0.125252525252525,74.4949494949495,1.62723427130511
0.25050505050505,74.4949494949495,1.3922482438331
0.375757575757576,74.4949494949495,1.16027278461725
0.501010101010101,74.4949494949495,0.932813177785634
0.626262626262626,74.4949494949495,0.711374707466334
0.751515151515151,74.4949494949495,0.497462657787428
0.876767676767677,74.4949494949495,0.292582312876995
1.0020202020202,74.4949494949495,0.0982389568631132
1.12727272727273,74.4949494949495,-0.0840621261261384
1.25252525252525,74.4949494949495,-0.25281565196268
1.37777777777778,74.4949494949495,-0.406516336518434
1.5030303030303,74.4949494949495,-0.543658895665321
1.62828282828283,74.4949494949495,-0.662738045275262
1.75353535353535,74.4949494949495,-0.762248501220179
1.87878787878788,74.4949494949495,-0.840684979371993
2.0040404040404,74.4949494949495,-0.896542195602623
2.12929292929293,74.4949494949495,-0.928320188559519
2.25454545454545,74.4949494949495,-0.935279366799084
2.37979797979798,74.4949494949495,-0.918223994543573
2.50505050505051,74.4949494949495,-0.878145453759565
2.63030303030303,74.4949494949495,-0.816035126413638
2.75555555555556,74.4949494949495,-0.732884394472369
2.88080808080808,74.4949494949495,-0.62968463990234
3.00606060606061,74.4949494949495,-0.507427244670125
3.13131313131313,74.4949494949495,-0.367103590742304
3.25656565656566,74.4949494949495,-0.209705060085456
3.38181818181818,74.4949494949495,-0.0362230346661588
3.50707070707071,74.4949494949495,0.152351103549009
3.63232323232323,74.4949494949495,0.355025972593471
3.75757575757576,74.4949494949495,0.570810190500647
3.88282828282828,74.4949494949495,0.798712375303959
4.00808080808081,74.4949494949495,1.03774114503683
4.13333333333333,74.4949494949495,1.28690284421609
4.25858585858586,74.4949494949495,1.5449680867055
4.38383838383838,74.4949494949495,1.81026944101815
4.50909090909091,74.4949494949495,2.08109180178861
4.63434343434343,74.4949494949495,2.35572006365146
4.75959595959596,74.4949494949495,2.63243912124129
4.88484848484848,74.4949494949495,2.90953386919268
5.01010101010101,74.4949494949495,3.18528920214021
5.13535353535354,74.4949494949495,3.45799001471847
5.26060606060606,74.4949494949495,3.72592120156204
5.38585858585859,74.4949494949495,3.98736765730551
5.51111111111111,74.4949494949495,4.24061427658345
5.63636363636364,74.4949494949495,4.48394595403045
5.76161616161616,74.4949494949495,4.71564758428109
5.88686868686869,74.4949494949495,4.93400406196995
6.01212121212121,74.4949494949495,5.13730028173162
6.13737373737374,74.4949494949495,5.32393747124293
6.26262626262626,74.4949494949495,5.493528054987
6.38787878787879,74.4949494949495,5.64640367595768
6.51313131313131,74.4949494949495,5.78290545584423
6.63838383838384,74.4949494949495,5.90337451633591
6.76363636363636,74.4949494949495,6.00815197912197
6.88888888888889,74.4949494949495,6.09757896589166
7.01414141414141,74.4949494949495,6.17199659833424
7.13939393939394,74.4949494949495,6.23174599813895
7.26464646464646,74.4949494949495,6.27716828699505
7.38989898989899,74.4949494949495,6.30860458659179
7.51515151515152,74.4949494949495,6.32639601861842
7.64040404040404,74.4949494949495,6.33088370476421
7.76565656565657,74.4949494949495,6.32240876671839
7.89090909090909,74.4949494949495,6.30131232617023
8.01616161616162,74.4949494949495,6.26793550480897
8.14141414141414,74.4949494949495,6.22261942432386
8.26666666666667,74.4949494949495,6.16570520640417
8.39191919191919,74.4949494949495,6.09753397273915
8.51717171717172,74.4949494949495,6.01844684501803
8.64242424242424,74.4949494949495,5.92878494493009
8.76767676767677,74.4949494949495,5.82888939416456
8.89292929292929,74.4949494949495,5.71910131441071
9.01818181818182,74.4949494949495,5.59976182735779
9.14343434343434,74.4949494949495,5.47121205469504
9.26868686868687,74.4949494949495,5.33379311811172
9.3939393939394,74.4949494949495,5.18784613929709
9.51919191919192,74.4949494949495,5.0337122399404
9.64444444444444,74.4949494949495,4.8717325417309
9.76969696969697,74.4949494949495,4.70224816635784
9.8949494949495,74.4949494949495,4.52560023551047
10.020202020202,74.4949494949495,4.34212987087804
10.1454545454545,74.4949494949495,4.15217819414982
10.2707070707071,74.4949494949495,3.95608632701506
10.3959595959596,74.4949494949495,3.75419539116299
10.5212121212121,74.4949494949495,3.54684650828289
10.6464646464646,74.4949494949495,3.33438080006399
10.7717171717172,74.4949494949495,3.11713938819556
10.8969696969697,74.4949494949495,2.89546339436684
11.0222222222222,74.4949494949495,2.6696939402671
11.1474747474747,74.4949494949495,2.44017214758557
11.2727272727273,74.4949494949495,2.20723913801151
11.3979797979798,74.4949494949495,1.97123603323419
11.5232323232323,74.4949494949495,1.73250395494284
11.6484848484848,74.4949494949495,1.49138402482672
11.7737373737374,74.4949494949495,1.24821736457509
11.8989898989899,74.4949494949495,1.00334509587719
12.0242424242424,74.4949494949495,0.757108340422289
12.1494949494949,74.4949494949495,0.509848219899624
12.2747474747475,74.4949494949495,0.261905855998454
12.4,74.4949494949495,0.0136223704080309
0,77.4747474747475,2.17814368337511
0.125252525252525,77.4747474747475,1.90223613468207
0.25050505050505,77.4747474747475,1.62811435942165
0.375757575757576,77.4747474747475,1.35756413102647
0.501010101010101,77.4747474747475,1.09237122292915
0.626262626262626,77.4747474747475,0.834321408562307
0.751515151515151,77.4747474747475,0.585200461358563
0.876767676767677,77.4747474747475,0.346794154750537
1.0020202020202,77.4747474747475,0.120888262170848
1.12727272727273,77.4747474747475,-0.090731442947885
1.25252525252525,77.4747474747475,-0.286279187173041
1.37777777777778,77.4747474747475,-0.463969197072
1.5030303030303,77.4747474747475,-0.622015699212143
1.62828282828283,77.4747474747475,-0.758632920160851
1.75353535353535,77.4747474747475,-0.872035086485503
1.87878787878788,77.4747474747475,-0.960436424753482
2.0040404040404,77.4747474747475,-1.02205116153216
2.12929292929293,77.4747474747475,-1.05510044842599
2.25454545454545,77.4747474747475,-1.05879469344647
2.37979797979798,77.4747474747475,-1.03435289159822
2.50505050505051,77.4747474747475,-0.983237481800817
2.63030303030303,77.4747474747475,-0.906910902973823
2.75555555555556,77.4747474747475,-0.80683559403681
2.88080808080808,77.4747474747475,-0.684473993909345
3.00606060606061,77.4747474747475,-0.541288541510998
3.13131313131313,77.4747474747475,-0.378741675761338
3.25656565656566,77.4747474747475,-0.198295835579932
3.38181818181818,77.4747474747475,-0.00141345988635223
3.50707070707071,77.4747474747475,0.210443012399834
3.63232323232323,77.4747474747475,0.435811142359059
3.75757575757576,77.4747474747475,0.673228491071753
3.88282828282828,77.4747474747475,0.921232619618346
4.00808080808081,77.4747474747475,1.17836108907927
4.13333333333333,77.4747474747475,1.44315126874614
4.25858585858586,77.4747474747475,1.71412064219591
4.38383838383838,77.4747474747475,1.98974974047201
4.50909090909091,77.4747474747475,2.26851507295532
4.63434343434343,77.4747474747475,2.54889314902669
4.75959595959596,77.4747474747475,2.829360478067
4.88484848484848,77.4747474747475,3.1083935694571
5.01010101010101,77.4747474747475,3.38446893257786
5.13535353535354,77.4747474747475,3.65606307681016
5.26060606060606,77.4747474747475,3.92165251153485
5.38585858585859,77.4747474747475,4.1797137461328
5.51111111111111,77.4747474747475,4.42872328998487
5.63636363636364,77.4747474747475,4.66715765247194
5.76161616161616,77.4747474747475,4.89349334297487
5.88686868686869,77.4747474747475,5.10620687087452
6.01212121212121,77.4747474747475,5.30377474555175
6.13737373737374,77.4747474747475,5.48477878543667
6.26262626262626,77.4747474747475,5.64889722990411
6.38787878787879,77.4747474747475,5.79645938199997
6.51313131313131,77.4747474747475,5.92780312524205
6.63838383838384,77.4747474747475,6.04326634314813
6.76363636363636,77.4747474747475,6.14318691923601
6.88888888888889,77.4747474747475,6.22790273702345
7.01414141414141,77.4747474747475,6.29775168002826
7.13939393939394,77.4747474747475,6.35307163176823
7.26464646464646,77.4747474747475,6.39420047576113
7.38989898989899,77.4747474747475,6.42147609552475
7.51515151515152,77.4747474747475,6.43523637457688
7.64040404040404,77.4747474747475,6.43581919643532
7.76565656565657,77.4747474747475,6.42356244461784
7.89090909090909,77.4747474747475,6.39880400264224
8.01616161616162,77.4747474747475,6.36188175402629
8.14141414141414,77.4747474747475,6.3131335822878
8.26666666666667,77.4747474747475,6.25289737094454
8.39191919191919,77.4747474747475,6.1815110035143
8.51717171717172,77.4747474747475,6.09931236351487
8.64242424242424,77.4747474747475,6.00663933446404
8.76767676767677,77.4747474747475,5.90382979987959
8.89292929292929,77.4747474747475,5.79122164327931
9.01818181818182,77.4747474747475,5.669152748181
9.14343434343434,77.4747474747475,5.53796099810242
9.26868686868687,77.4747474747475,5.39798427656138
9.3939393939394,77.4747474747475,5.24956046707566
9.51919191919192,77.4747474747475,5.09302745316305
9.64444444444444,77.4747474747475,4.92872311834133
9.76969696969697,77.4747474747475,4.75698534612829
9.8949494949495,77.4747474747475,4.57815202004173
10.020202020202,77.4747474747475,4.39256102359941
10.1454545454545,77.4747474747475,4.20055024031915
10.2707070707071,77.4747474747475,4.00245755371871
10.3959595959596,77.4747474747475,3.79862084731589
10.5212121212121,77.4747474747475,3.58937800462847
10.6464646464646,77.4747474747475,3.37506690917425
10.7717171717172,77.4747474747475,3.156025444471
10.8969696969697,77.4747474747475,2.93259149403653
11.0222222222222,77.4747474747475,2.7051029413886
11.1474747474747,77.4747474747475,2.47389767004502
11.2727272727273,77.4747474747475,2.23931356352356
11.3979797979798,77.4747474747475,2.00168850534202
11.5232323232323,77.4747474747475,1.76136037901819
11.6484848484848,77.4747474747475,1.51866706806984
11.7737373737374,77.4747474747475,1.27394645601477
11.8989898989899,77.4747474747475,1.02753642637076
12.0242424242424,77.4747474747475,0.779774862655606
12.1494949494949,77.4747474747475,0.530999648387088
12.2747474747475,77.4747474747475,0.281548667082995
12.4,77.4747474747475,0.0317598022611149
0,80.4545454545455,2.48368586707191
0.125252525252525,80.4545454545455,2.16972625136318
0.25050505050505,80.4545454545455,1.85782164324444
0.375757575757576,80.4545454545455,1.55002705030565
0.501010101010101,80.4545454545455,1.24839748013678
0.626262626262626,80.4545454545455,0.95498794032783
0.751515151515151,80.4545454545455,0.67185343846876
0.876767676767677,80.4545454545455,0.401048982149551
1.0020202020202,80.4545454545455,0.144629578960178
1.12727272727273,80.4545454545455,-0.0953497635093803
1.25252525252525,80.4545454545455,-0.316834037669147
1.37777777777778,80.4545454545455,-0.517768235929146
1.5030303030303,80.4545454545455,-0.6960973506994
1.62828282828283,80.4545454545455,-0.849766374389933
1.75353535353535,80.4545454545455,-0.976720299410766
1.87878787878788,80.4545454545455,-1.07490411817193
2.0040404040404,80.4545454545455,-1.14226282308343
2.12929292929293,80.4545454545455,-1.17674986918708
2.25454545454545,80.4545454545455,-1.17752761663783
2.37979797979798,80.4545454545455,-1.14621298749064
2.50505050505051,80.4545454545455,-1.08472040057831
2.63030303030303,80.4545454545455,-0.994964274733626
2.75555555555556,80.4545454545455,-0.878859028789382
2.88080808080808,80.4545454545455,-0.738319081578376
3.00606060606061,80.4545454545455,-0.575258851933399
3.13131313131313,80.4545454545455,-0.391592758687243
3.25656565656566,80.4545454545455,-0.189235220672704
3.38181818181818,80.4545454545455,0.0298993432774246
3.50707070707071,80.4545454545455,0.26389651433035
3.63232323232323,80.4545454545455,0.510841873653279
3.75757575757576,80.4545454545455,0.768821002413419
3.88282828282828,80.4545454545455,1.03591948177797
4.00808080808081,80.4545454545455,1.31022289291415
4.13333333333333,80.4545454545455,1.5898186243622
4.25858585858586,80.4545454545455,1.87298146299895
4.38383838383838,80.4545454545455,2.15833442775761
4.50909090909091,80.4545454545455,2.44453843678142
4.63434343434343,80.4545454545455,2.73025440821359
4.75959595959596,80.4545454545455,3.01414326019735
4.88484848484848,80.4545454545455,3.29486591087594
5.01010101010101,80.4545454545455,3.57108327839257
5.13535353535354,80.4545454545455,3.84145628089048
5.26060606060606,80.4545454545455,4.10464583651289
5.38585858585859,80.4545454545455,4.35931286340303
5.51111111111111,80.4545454545455,4.60411827970413
5.63636363636364,80.4545454545455,4.83772300355941
5.76161616161616,80.4545454545455,5.0587879531121
5.88686868686869,80.4545454545455,5.26597404650542
6.01212121212121,80.4545454545455,5.45794220188261
6.13737373737374,80.4545454545455,5.63344802597139
6.26262626262626,80.4545454545455,5.79223297190146
6.38787878787879,80.4545454545455,5.93462389641109
6.51313131313131,80.4545454545455,6.060955371366
6.63838383838384,80.4545454545455,6.1715619686319
6.76363636363636,80.4545454545455,6.26677826007454
6.88888888888889,80.4545454545455,6.34693881755963
7.01414141414141,80.4545454545455,6.41237821295289
7.13939393939394,80.4545454545455,6.46343101812004
7.26464646464646,80.4545454545455,6.50043180492682
7.38989898989899,80.4545454545455,6.52371514523894
7.51515151515152,80.4545454545455,6.53361561092212
7.64040404040404,80.4545454545455,6.5304677738421
7.76565656565657,80.4545454545455,6.51460620586459
7.89090909090909,80.4545454545455,6.48636547885532
8.01616161616162,80.4545454545455,6.44608016468
8.14141414141414,80.4545454545455,6.39408483520437
8.26666666666667,80.4545454545455,6.33071406229415
8.39191919191919,80.4545454545455,6.25630241781506
8.51717171717172,80.4545454545455,6.17118447363282
8.64242424242424,80.4545454545455,6.07569480161315
8.76767676767677,80.4545454545455,5.97016797362179
8.89292929292929,80.4545454545455,5.85493856152445
9.01818181818182,80.4545454545455,5.73034113718686
9.14343434343434,80.4545454545455,5.59671027247474
9.26868686868687,80.4545454545455,5.45438053925381
9.3939393939394,80.4545454545455,5.30368650938979
9.51919191919192,80.4545454545455,5.14496275474842
9.64444444444444,80.4545454545455,4.97854384719541
9.76969696969697,80.4545454545455,4.80476435859649
9.8949494949495,80.4545454545455,4.62395886081738
10.020202020202,80.4545454545455,4.4364619257238
10.1454545454545,80.4545454545455,4.24260812518147
10.2707070707071,80.4545454545455,4.04273203105613
10.3959595959596,80.4545454545455,3.83716821521349
10.5212121212121,80.4545454545455,3.62625124951928
10.6464646464646,80.4545454545455,3.41031570583922
10.7717171717172,80.4545454545455,3.18969615603903
10.8969696969697,80.4545454545455,2.96472717198444
11.0222222222222,80.4545454545455,2.73574332554116
11.1474747474747,80.4545454545455,2.50307918857493
11.2727272727273,80.4545454545455,2.26706933295147
11.3979797979798,80.4545454545455,2.0280483305365
11.5232323232323,80.4545454545455,1.78635075319574
11.6484848484848,80.4545454545455,1.54231117279492
11.7737373737374,80.4545454545455,1.29626416119975
11.8989898989899,80.4545454545455,1.04854429027598
12.0242424242424,80.4545454545455,0.799486131889306
12.1494949494949,80.4545454545455,0.549424257905463
12.2747474747475,80.4545454545455,0.298693240190173
12.4,80.4545454545455,0.0476276506091597
0,83.4343434343434,2.78047372189659
0.125252525252525,83.4343434343434,2.42980752198812
0.25050505050505,83.4343434343434,2.0814544628599
0.375757575757576,83.4343434343434,1.73772768529217
0.501010101010101,83.4343434343434,1.40094033006519
0.626262626262626,83.4343434343434,1.07340553795921
0.751515151515151,83.4343434343434,0.75743644975447
0.876767676767677,83.4343434343434,0.455346206231222
1.0020202020202,83.4343434343434,0.169447948169714
1.12727272727273,83.4343434343434,-0.0979451836498046
1.25252525252525,83.4343434343434,-0.344520048447084
1.37777777777778,83.4343434343434,-0.567963505441877
1.5030303030303,83.4343434343434,-0.765962413853932
1.62828282828283,83.4343434343434,-0.936203632903005
1.75353535353535,83.4343434343434,-1.07637402180884
1.87878787878788,83.4343434343434,-1.1841604397912
2.0040404040404,83.4343434343434,-1.25724974606983
2.12929292929293,83.4343434343434,-1.29333873631001
2.25454545454545,83.4343434343434,-1.29154364874929
2.37979797979798,83.4343434343434,-1.25386275894909
2.50505050505051,83.4343434343434,-1.18264364994497
2.63030303030303,83.4343434343434,-1.0802339047725
2.75555555555556,83.4343434343434,-0.948981106467236
2.88080808080808,83.4343434343434,-0.791232838064747
3.00606060606061,83.4343434343434,-0.609336682600593
3.13131313131313,83.4343434343434,-0.40564022311034
3.25656565656566,83.4343434343434,-0.18249104262955
3.38181818181818,83.4343434343434,0.0577632758062113
3.50707070707071,83.4343434343434,0.31277514916138
3.63232323232323,83.4343434343434,0.580196994400395
3.75757575757576,83.4343434343434,0.85768122848769
3.88282828282828,83.4343434343434,1.1428802683877
4.00808080808081,83.4343434343434,1.43344653106487
4.13333333333333,83.4343434343434,1.72703615858363
4.25858585858586,83.4343434343434,2.02169153178157
4.38383838383838,83.4343434343434,2.31617275783615
4.50909090909091,83.4343434343434,2.60931805638115
4.63434343434343,83.4343434343434,2.89996564705034
4.75959595959596,83.4343434343434,3.18695374947749
4.88484848484848,83.4343434343434,3.46912058329639
5.01010101010101,83.4343434343434,3.74530436814081
5.13535353535354,83.4343434343434,4.01434332364452
5.26060606060606,83.4343434343434,4.27507566944131
5.38585858585859,83.4343434343434,4.52633962516494
5.51111111111111,83.4343434343434,4.76697341044918
5.63636363636364,83.4343434343434,4.99581524492783
5.76161616161616,83.4343434343434,5.21170334823464
5.88686868686869,83.4343434343434,5.41347594000341
6.01212121212121,83.4343434343434,5.5999712398679
6.13737373737374,83.4343434343434,5.77011193358217
6.26262626262626,83.4343434343434,5.92370012252591
6.38787878787879,83.4343434343434,6.06106011222707
6.51313131313131,83.4343434343434,6.18252309042529
6.63838383838384,83.4343434343434,6.28842024486021
6.76363636363636,83.4343434343434,6.37908276327148
6.88888888888889,83.4343434343434,6.45484183339874
7.01414141414141,83.4343434343434,6.51602864298165
7.13939393939394,83.4343434343434,6.56297437975984
7.26464646464646,83.4343434343434,6.59601023147295
7.38989898989899,83.4343434343434,6.61546738586064
7.51515151515152,83.4343434343434,6.62167703066254
7.64040404040404,83.4343434343434,6.61497035361831
7.76565656565657,83.4343434343434,6.59567854246758
7.89090909090909,83.4343434343434,6.56413278495
8.01616161616162,83.4343434343434,6.52066426880522
8.14141414141414,83.4343434343434,6.46560418177288
8.26666666666667,83.4343434343434,6.39928371159261
8.39191919191919,83.4343434343434,6.32203404600409
8.51717171717172,83.4343434343434,6.23418637274693
8.64242424242424,83.4343434343434,6.13607187956079
8.76767676767677,83.4343434343434,6.02802175418532
8.89292929292929,83.4343434343434,5.91036718436015
9.01818181818182,83.4343434343434,5.78343935782493
9.14343434343434,83.4343434343434,5.64756946231931
9.26868686868687,83.4343434343434,5.50308868558293
9.3939393939394,83.4343434343434,5.35032821535544
9.51919191919192,83.4343434343434,5.18961923937648
9.64444444444444,83.4343434343434,5.02129294538569
9.76969696969697,83.4343434343434,4.84568052112272
9.8949494949495,83.4343434343434,4.66311315432721
10.020202020202,83.4343434343434,4.47392203273882
10.1454545454545,83.4343434343434,4.27843834409717
10.2707070707071,83.4343434343434,4.07699327614193
10.3959595959596,83.4343434343434,3.86991801661272
10.5212121212121,83.4343434343434,3.6575437532492
10.6464646464646,83.4343434343434,3.44020167379102
10.7717171717172,83.4343434343434,3.21822296597781
10.8969696969697,83.4343434343434,2.99193881754922
11.0222222222222,83.4343434343434,2.76168041624489
11.1474747474747,83.4343434343434,2.52777894980448
11.2727272727273,83.4343434343434,2.29056560596762
11.3979797979798,83.4343434343434,2.05037157247395
11.5232323232323,83.4343434343434,1.80752803706314
11.6484848484848,83.4343434343434,1.56236618747481
11.7737373737374,83.4343434343434,1.31521721144861
11.8989898989899,83.4343434343434,1.06641229672419
12.0242424242424,83.4343434343434,0.816282631041189
12.1494949494949,83.4343434343434,0.565159402139255
12.2747474747475,83.4343434343434,0.313373797758032
12.4,83.4343434343434,0.061257005637165
0,86.4141414141414,3.06862883575017
0.125252525252525,86.4141414141414,2.68258284719655
0.25050505050505,86.4141414141414,2.29909718582647
0.375757575757576,86.4141414141414,1.92073217882345
0.501010101010101,86.4141414141414,1.55004815337104
0.626262626262626,86.4141414141414,1.18960543665275
0.751515151515151,86.4141414141414,0.841964355852144
0.876767676767677,86.4141414141414,0.509685238152735
1.0020202020202,86.4141414141414,0.195328410738063
1.12727272727273,86.4141414141414,-0.0985457992083401
1.25252525252525,86.4141414141414,-0.369377064502938
1.37777777777778,86.4141414141414,-0.614605057962198
1.5030303030303,86.4141414141414,-0.831669452402586
1.62828282828283,86.4141414141414,-1.01800992064057
1.75353535353535,86.4141414141414,-1.17106613549261
1.87878787878788,86.4141414141414,-1.28827776977519
2.0040404040404,86.4141414141414,-1.36708449630475
2.12929292929293,86.4141414141414,-1.40493733526195
2.25454545454545,86.4141414141414,-1.40090830215695
2.37979797979798,86.4141414141414,-1.35736068270181
2.50505050505051,86.4141414141414,-1.27705666975373
2.63030303030303,86.4141414141414,-1.16275845616991
2.75555555555556,86.4141414141414,-1.01722823480752
2.88080808080808,86.4141414141414,-0.843228198523772
3.00606060606061,86.4141414141414,-0.643520540175848
3.13131313131313,86.4141414141414,-0.420867452620942
3.25656565656566,86.4141414141414,-0.178031128716245
3.38181818181818,86.4141414141414,0.0822262386810501
3.50707070707071,86.4141414141414,0.357142456713753
3.63232323232323,86.4141414141414,0.64395533252467
3.75757575757576,86.4141414141414,0.939902673256613
3.88282828282828,86.4141414141414,1.24222228605239
4.00808080808081,86.4141414141414,1.5481519780548
4.13333333333333,86.4141414141414,1.85493511892981
4.25858585858586,86.4141414141414,2.16039183121072
4.38383838383838,86.4141414141414,2.46341398566884
4.50909090909091,86.4141414141414,2.76301009486877
4.63434343434343,86.4141414141414,3.05818867137514
4.75959595959596,86.4141414141414,3.34795822775256
4.88484848484848,86.4141414141414,3.63132727656566
5.01010101010101,86.4141414141414,3.90730433037906
5.13535353535354,86.4141414141414,4.17489790175738
5.26060606060606,86.4141414141414,4.43311650326523
5.38585858585859,86.4141414141414,4.68096864746723
5.51111111111111,86.4141414141414,4.91746284692801
5.63636363636364,86.4141414141414,5.14160761421219
5.76161616161616,86.4141414141414,5.35241146188438
5.88686868686869,86.4141414141414,5.54888290250921
6.01212121212121,86.4141414141414,5.73003044865128
6.13737373737374,86.4141414141414,5.89493724900405
6.26262626262626,86.4141414141414,6.0434635233243
6.38787878787879,86.4141414141414,6.17593092248395
6.51313131313131,86.4141414141414,6.29266717862916
6.63838383838384,86.4141414141414,6.39400002390604
6.76363636363636,86.4141414141414,6.48025719046073
6.88888888888889,86.4141414141414,6.55176641043938
7.01414141414141,86.4141414141414,6.6088554159881
7.13939393939394,86.4141414141414,6.65185193925305
7.26464646464646,86.4141414141414,6.68108371238035
7.38989898989899,86.4141414141414,6.69687846751613
7.51515151515152,86.4141414141414,6.69956393680653
7.64040404040404,86.4141414141414,6.6894678523977
7.76565656565657,86.4141414141414,6.66691794643574
7.89090909090909,86.4141414141414,6.63224195106682
8.01616161616162,86.4141414141414,6.58576759843705
8.14141414141414,86.4141414141414,6.52782262069258
8.26666666666667,86.4141414141414,6.45873474997953
8.39191919191919,86.4141414141414,6.37883171844405
8.51717171717172,86.4141414141414,6.28844125823226
8.64242424242424,86.4141414141414,6.1878911014903
8.76767676767677,86.4141414141414,6.07750898036431
8.89292929292929,86.4141414141414,5.95762262700042
9.01818181818182,86.4141414141414,5.82855977354477
9.14343434343434,86.4141414141414,5.69064815214348
9.26868686868687,86.4141414141414,5.54421549494269
9.3939393939394,86.4141414141414,5.38958953408855
9.51919191919192,86.4141414141414,5.22709800172718
9.64444444444444,86.4141414141414,5.05706863000471
9.76969696969697,86.4141414141414,4.87982915106729
9.8949494949495,86.4141414141414,4.69570729706104
10.020202020202,86.4141414141414,4.5050308001321
10.1454545454545,86.4141414141414,4.30812739242661
10.2707070707071,86.4141414141414,4.1053248060907
10.3959595959596,86.4141414141414,3.8969507732705
10.5212121212121,86.4141414141414,3.68333302611215
10.6464646464646,86.4141414141414,3.46479929676178
10.7717171717172,86.4141414141414,3.24167731736553
10.8969696969697,86.4141414141414,3.01429482006953
11.0222222222222,86.4141414141414,2.78297953701992
11.1474747474747,86.4141414141414,2.54805920036282
11.2727272727273,86.4141414141414,2.30986154224439
11.3979797979798,86.4141414141414,2.06871429481074
11.5232323232323,86.4141414141414,1.82494519020802
11.6484848484848,86.4141414141414,1.57888196058235
11.7737373737374,86.4141414141414,1.33085233807988
11.8989898989899,86.4141414141414,1.08118405484674
12.0242424242424,86.4141414141414,0.83020484302906
12.1494949494949,86.4141414141414,0.578242434772975
12.2747474747475,86.4141414141414,0.32562456222462
12.4,86.4141414141414,0.0726789575301316
0,89.3939393939394,3.34827279653364
0.125252525252525,89.3939393939394,2.92815512762815
0.25050505050505,89.3939393939394,2.51083417970258
0.375757575757576,89.3939393939394,2.09910667373688
0.501010101010101,89.3939393939394,1.69576933071096
0.626262626262626,89.3939393939394,1.30361887160477
0.751515151515151,89.3939393939394,0.925452017398234
0.876767676767677,89.3939393939394,0.564065489071277
1.0020202020202,89.3939393939394,0.222256007603833
1.12727272727273,89.3939393939394,-0.0971797060241685
1.25252525252525,89.3939393939394,-0.391444930832795
1.37777777777778,89.3939393939394,-0.657742945842118
1.5030303030303,89.3939393939394,-0.893277030072205
1.62828282828283,89.3939393939394,-1.09525046254313
1.75353535353535,89.3939393939394,-1.26086652227495
1.87878787878788,89.3939393939394,-1.38732848828776
2.0040404040404,89.3939393939394,-1.4718396396016
2.12929292929293,89.3939393939394,-1.51161595151012
2.25454545454545,89.3939393939394,-1.50568708923692
2.37979797979798,89.3939393939394,-1.45676523547705
2.50505050505051,89.3939393939394,-1.36800889985752
2.63030303030303,89.3939393939394,-1.2425765920053
2.75555555555556,89.3939393939394,-1.08362682154738
2.88080808080808,89.3939393939394,-0.894318098110766
3.00606060606061,89.3939393939394,-0.677808931322431
3.13131313131313,89.3939393939394,-0.437257830809367
3.25656565656566,89.3939393939394,-0.175823306198566
3.38181818181818,89.3939393939394,0.103336132882984
3.50707070707071,89.3939393939394,0.397061976808293
3.63232323232323,89.3939393939394,0.702195715950374
3.75757575757576,89.3939393939394,1.01557884068224
3.88282828282828,89.3939393939394,1.33405284137689
4.00808080808081,89.3939393939394,1.65445920840735
4.13333333333333,89.3939393939394,1.9736467529201
4.25858585858586,89.3939393939394,2.28922334395336
4.38383838383838,89.3939393939394,2.60020736621689
4.50909090909091,89.3939393939394,2.90577071535854
4.63434343434343,89.3939393939394,3.20508528702619
4.75959595959596,89.3939393939394,3.49732297686771
4.88484848484848,89.3939393939394,3.78165568053095
5.01010101010101,89.3939393939394,4.05725529366381
5.13535353535354,89.3939393939394,4.32329371191413
5.26060606060606,89.3939393939394,4.57894283092979
5.38585858585859,89.3939393939394,4.82337454635866
5.51111111111111,89.3939393939394,5.0557607538486
5.63636363636364,89.3939393939394,5.27527334904748
5.76161616161616,89.3939393939394,5.48108422760318
5.88686868686869,89.3939393939394,5.67236528516355
6.01212121212121,89.3939393939394,5.84828841737647
6.13737373737374,89.3939393939394,6.00809071297209
6.26262626262626,89.3939393939394,6.15168801584347
6.38787878787879,89.3939393939394,6.27939922021779
6.51313131313131,89.3939393939394,6.39154853218684
6.63838383838384,89.3939393939394,6.48846015784239
6.76363636363636,89.3939393939394,6.57045830327621
6.88888888888889,89.3939393939394,6.6378671745801
7.01414141414141,89.3939393939394,6.69101097784581
7.13939393939394,89.3939393939394,6.73021391916513
7.26464646464646,89.3939393939394,6.75580020462984
7.38989898989899,89.3939393939394,6.7680940403317
7.51515151515152,89.3939393939394,6.76741963236251
7.64040404040404,89.3939393939394,6.75410118681402
7.76565656565657,89.3939393939394,6.72846290977803
7.89090909090909,89.3939393939394,6.6908290073463
8.01616161616162,89.3939393939394,6.64152368561062
8.14141414141414,89.3939393939394,6.58087115066276
8.26666666666667,89.3939393939394,6.50919560859449
8.39191919191919,89.3939393939394,6.4268212654976
8.51717171717172,89.3939393939394,6.33407232746386
8.64242424242424,89.3939393939394,6.23127300058504
8.76767676767677,89.3939393939394,6.11874749095292
8.89292929292929,89.3939393939394,5.99682000465929
9.01818181818182,89.3939393939394,5.86581474779591
9.14343434343434,89.3939393939394,5.72605592645457
9.26868686868687,89.3939393939394,5.57786774672703
9.3939393939394,89.3939393939394,5.42157441470508
9.51919191919192,89.3939393939394,5.25750013648049
9.64444444444444,89.3939393939394,5.08596911814504
9.76969696969697,89.3939393939394,4.9073055657905
9.8949494949495,89.3939393939394,4.72183368550866
10.020202020202,89.3939393939394,4.52987768339129
10.1454545454545,89.3939393939394,4.33176176553016
10.2707070707071,89.3939393939394,4.12781013801705
10.3959595959596,89.3939393939394,3.91834700694375
10.5212121212121,89.3939393939394,3.70369657840201
10.6464646464646,89.3939393939394,3.48418305848363
10.7717171717172,89.3939393939394,3.26013065328037
10.8969696969697,89.3939393939394,3.03186356888403
11.0222222222222,89.3939393939394,2.79970601138636
11.1474747474747,89.3939393939394,2.56398218687915
11.2727272727273,89.3939393939394,2.32501630145417
11.3979797979798,89.3939393939394,2.0831325612032
11.5232323232323,89.3939393939394,1.83865517221803
11.6484848484848,89.3939393939394,1.59190834059041
11.7737373737374,89.3939393939394,1.34321627241214
11.8989898989899,89.3939393939394,1.09290317377498
12.0242424242424,89.3939393939394,0.841293250770723
12.1494949494949,89.3939393939394,0.588710709491129
12.2747474747475,89.3939393939394,0.335479756027983
12.4,89.3939393939394,0.0819245964730605
0,92.3737373737374,3.61952719214801
0.125252525252525,92.3737373737374,3.16662726392257
0.25050505050505,92.3737373737374,2.71674981204667
0.375757575757576,92.3737373737374,2.27291731286985
0.501010101010101,92.3737373737374,1.83815224274163
0.626262626262626,92.3737373737374,1.41547707801157
0.751515151515151,92.3737373737374,1.00791429502919
0.876767676767677,92.3737373737374,0.618486370144032
1.0020202020202,92.3737373737374,0.250215779705633
1.12727272727273,92.3737373737374,-0.0938749999364707
1.25252525252525,92.3737373737374,-0.41076349243274
1.37777777777778,92.3737373737374,-0.697427221433639
1.5030303030303,92.3737373737374,-0.95084371058963
1.62828282828283,92.3737373737374,-1.16799048355118
1.75353535353535,92.3737373737374,-1.34584506396874
1.87878787878788,92.3737373737374,-1.48138497549279
2.0040404040404,92.3737373737374,-1.57158774177378
2.12929292929293,92.3737373737374,-1.6134448705217
2.25454545454545,92.3737373737374,-1.60594552236531
2.37979797979798,92.3737373737374,-1.55213489400307
2.50505050505051,92.3737373737374,-1.45554978010926
2.63030303030303,92.3737373737374,-1.31972697535814
2.75555555555556,92.3737373737374,-1.14820327442397
2.88080808080808,92.3737373737374,-0.944515471981043
3.00606060606061,92.3737373737374,-0.712200362703607
3.13131313131313,92.3737373737374,-0.454794741265933
3.25656565656566,92.3737373737374,-0.175835402342291
3.38181818181818,92.3737373737374,0.121140859393051
3.50707070707071,92.3737373737374,0.432597249265827
3.63232323232323,92.3737373737374,0.754996972601768
3.75757575757576,92.3737373737374,1.08480323472661
3.88282828282828,92.3737373737374,1.41847924096608
4.00808080808081,92.3737373737374,1.75248819664591
4.13333333333333,92.3737373737374,2.08330230807387
4.25858585858586,92.3737373737374,2.40832705267643
4.38383838383838,92.3737373737374,2.7267021544415
4.50909090909091,92.3737373737374,3.03775608096471
4.63434343434343,92.3737373737374,3.34081729984168
4.75959595959596,92.3737373737374,3.63521427866806
4.88484848484848,92.3737373737374,3.92027548503946
5.01010101010101,92.3737373737374,4.19532938655152
5.13535353535354,92.3737373737374,4.45970445079986
5.26060606060606,92.3737373737374,4.71272914538012
5.38585858585859,92.3737373737374,4.95373193788792
5.51111111111111,92.3737373737374,5.1820412959189
5.63636363636364,92.3737373737374,5.39698568706868
5.76161616161616,92.3737373737374,5.5978935789329
5.88686868686869,92.3737373737374,5.78409343910717
6.01212121212121,92.3737373737374,5.95491373518714
6.13737373737374,92.3737373737374,6.10973906622134
6.26262626262626,92.3737373737374,6.24853844163026
6.38787878787879,92.3737373737374,6.37162789846461
6.51313131313131,92.3737373737374,6.47932804730756
6.63838383838384,92.3737373737374,6.57195949874225
6.76363636363636,92.3737373737374,6.64984286335183
6.88888888888889,92.3737373737374,6.71329875171947
7.01414141414141,92.3737373737374,6.76264777442832
7.13939393939394,92.3737373737374,6.79821054206153
7.26464646464646,92.3737373737374,6.82030766520224
7.38989898989899,92.3737373737374,6.82925975443364
7.51515151515152,92.3737373737374,6.82538742033885
7.64040404040404,92.3737373737374,6.80901127350105
7.76565656565657,92.3737373737374,6.78045192450337
7.89090909090909,92.3737373737374,6.74002998392899
8.01616161616162,92.3737373737374,6.68806606236104
8.14141414141414,92.3737373737374,6.6248807703827
8.26666666666667,92.3737373737374,6.5507947185771
8.39191919191919,92.3737373737374,6.46612851752741
8.51717171717172,92.3737373737374,6.37120277781677
8.64242424242424,92.3737373737374,6.26633811002835
8.76767676767677,92.3737373737374,6.1518551247453
8.89292929292929,92.3737373737374,6.02807443255077
9.01818181818182,92.3737373737374,5.89531664402792
9.14343434343434,92.3737373737374,5.7539023697599
9.26868686868687,92.3737373737374,5.60415222032987
9.3939393939394,92.3737373737374,5.44638680632097
9.51919191919192,92.3737373737374,5.28092673831637
9.64444444444444,92.3737373737374,5.10809262689922
9.76969696969697,92.3737373737374,4.92820508265267
9.8949494949495,92.3737373737374,4.74158471615988
10.020202020202,92.3737373737374,4.548552138004
10.1454545454545,92.3737373737374,4.34942795876819
10.2707070707071,92.3737373737374,4.1445327890356
10.3959595959596,92.3737373737374,3.93418723938939
10.5212121212121,92.3737373737374,3.7187119204127
10.6464646464646,92.3737373737374,3.49842744268869
10.7717171717172,92.3737373737374,3.27365441680053
10.8969696969697,92.3737373737374,3.04471345333136
11.0222222222222,92.3737373737374,2.81192516286434
11.1474747474747,92.3737373737374,2.57561015598261
11.2727272727273,92.3737373737374,2.33608904326935
11.3979797979798,92.3737373737374,2.09368243530769
11.5232323232323,92.3737373737374,1.8487109426808
11.6484848484848,92.3737373737374,1.60149517597183
11.7737373737374,92.3737373737374,1.35235574576393
11.8989898989899,92.3737373737374,1.10161326264026
12.0242424242424,92.3737373737374,0.849588337183978
12.1494949494949,92.3737373737374,0.596601579978226
12.2747474747475,92.3737373737374,0.342973601606166
12.4,92.3737373737374,0.0890250126509515
0,95.3535353535353,3.88251361049427
0.125252525252525,95.3535353535353,3.3981021567195
0.25050505050505,95.3535353535353,2.91692845041718
0.375757575757576,95.3535353535353,2.44223023905976
0.501010101010101,95.3535353535353,1.9772452701197
0.626262626262626,95.3535353535353,1.52521129106945
0.751515151515151,95.3535353535353,1.08936604938146
0.876767676767677,95.3535353535353,0.672947292528186
1.0020202020202,95.3535353535353,0.27919276798207
1.12727272727273,95.3535353535353,-0.0886597767844285
1.25252525252525,95.3535353535353,-0.427372594298859
1.37777777777778,95.3535353535353,-0.733707937088768
1.5030303030303,95.3535353535353,-1.00442805768171
1.62828282828283,95.3535353535353,-1.23629520860522
1.75353535353535,95.3535353535353,-1.42607164238686
1.87878787878788,95.3535353535353,-1.57051961155416
2.0040404040404,95.3535353535353,-1.66640136863469
2.12929292929293,95.3535353535353,-1.7104943777639
2.25454545454545,95.3535353535353,-1.70174911391823
2.37979797979798,95.3535353535353,-1.64352813500811
2.50505050505051,95.3535353535353,-1.53972875036188
2.63030303030303,95.3535353535353,-1.39424826930787
2.75555555555556,95.3535353535353,-1.21098400117444
2.88080808080808,95.3535353535353,-0.993833255289919
3.00606060606061,95.3535353535353,-0.746693340982644
3.13131313131313,95.3535353535353,-0.473461567580956
3.25656565656566,95.3535353535353,-0.178035244413196
3.38181818181818,95.3535353535353,0.135688319192296
3.50707070707071,95.3535353535353,0.463811813907181
3.63232323232323,95.3535353535353,0.802437930403119
3.75757575757576,95.3535353535353,1.14766935935177
3.88282828282828,95.3535353535353,1.4956087914248
4.00808080808081,95.3535353535353,1.84235891729386
4.13333333333333,95.3535353535353,2.18403303191049
4.25858585858586,95.3535353535353,2.51784394004688
4.38383838383838,95.3535353535353,2.84304760530389
4.50909090909091,95.3535353535353,3.15912235480153
4.63434343434343,95.3535353535353,3.46554651565982
4.75959595959596,95.3535353535353,3.76179841499877
4.88484848484848,95.3535353535353,4.04735637993838
5.01010101010101,95.3535353535353,4.32169873759868
5.13535353535354,95.3535353535353,4.58430381509967
5.26060606060606,95.3535353535353,4.83464993956136
5.38585858585859,95.3535353535353,5.07221543810377
5.51111111111111,95.3535353535353,5.29647863784691
5.63636363636364,95.3535353535353,5.50691786591079
5.76161616161616,95.3535353535353,5.70301144941542
5.88686868686869,95.3535353535353,5.88423771548081
6.01212121212121,95.3535353535353,6.05007499122698
6.13737373737374,95.3535353535353,6.20004904948685
6.26262626262626,95.3535353535353,6.33417964223153
6.38787878787879,95.3535353535353,6.45277985026047
6.51313131313131,95.3535353535353,6.55616662020056
6.63838383838384,95.3535353535353,6.64465689867861
6.76363636363636,95.3535353535353,6.7185676323215
6.88888888888889,95.3535353535353,6.77821576775608
7.01414141414141,95.3535353535353,6.82391825160918
7.13939393939394,95.3535353535353,6.85599203050768
7.26464646464646,95.3535353535353,6.8747540510784
7.38989898989899,95.3535353535353,6.88052125994822
7.51515151515152,95.3535353535353,6.87361060374398
7.64040404040404,95.3535353535353,6.85433902909253
7.76565656565657,95.3535353535353,6.82302348262072
7.89090909090909,95.3535353535353,6.77998091095541
8.01616161616162,95.3535353535353,6.72552826072345
8.14141414141414,95.3535353535353,6.65998247855168
8.26666666666667,95.3535353535353,6.58366051106695
8.39191919191919,95.3535353535353,6.49687930489614
8.51717171717172,95.3535353535353,6.39995580666607
8.64242424242424,95.3535353535353,6.29320696300361
8.76767676767677,95.3535353535353,6.1769497205356
8.89292929292929,95.3535353535353,6.0515010258889
9.01818181818182,95.3535353535353,5.91717782569035
9.14343434343434,95.3535353535353,5.77429706656682
9.26868686868687,95.3535353535353,5.62317569514514
9.3939393939394,95.3535353535353,5.46413065805219
9.51919191919192,95.3535353535353,5.29747890191479
9.64444444444444,95.3535353535353,5.12353737335981
9.76969696969697,95.3535353535353,4.9426230190141
9.8949494949495,95.3535353535353,4.7550527855045
10.020202020202,95.3535353535353,4.56114361945787
10.1454545454545,95.3535353535353,4.36121246750107
10.2707070707071,95.3535353535353,4.15557627626094
10.3959595959596,95.3535353535353,3.94455199236434
10.5212121212121,95.3535353535353,3.72845656243811
10.6464646464646,95.3535353535353,3.5076069331091
10.7717171717172,95.3535353535353,3.28232005100418
10.8969696969697,95.3535353535353,3.05291286275019
11.0222222222222,95.3535353535353,2.81970231497398
11.1474747474747,95.3535353535353,2.5830053543024
11.2727272727273,95.3535353535353,2.34313892736231
11.3979797979798,95.3535353535353,2.10041998078055
11.5232323232323,95.3535353535353,1.85516546118399
11.6484848484848,95.3535353535353,1.60769231519946
11.7737373737374,95.3535353535353,1.35831748945382
11.8989898989899,95.3535353535353,1.10735793057393
12.0242424242424,95.3535353535353,0.855130585186629
12.1494949494949,95.3535353535353,0.601952399918774
12.2747474747475,95.3535353535353,0.348140321397215
12.4,95.3535353535353,0.0940112962488055
0,98.3333333333333,4.13735363947343
0.125252525252525,98.3333333333333,3.6226827066586
0.25050505050505,98.3333333333333,3.11145446237253
0.375757575757576,98.3333333333333,2.60711159514402
0.501010101010101,98.3333333333333,2.11309679350183
0.626262626262626,98.3333333333333,1.63285274597473
0.751515151515151,98.3333333333333,1.16982214109151
0.876767676767677,98.3333333333333,0.727447667380923
1.0020202020202,98.3333333333333,0.309172013371755
1.12727272727273,98.3333333333333,-0.0815621324072237
1.25252525252525,98.3333333333333,-0.441312081427237
1.37777777777778,98.3333333333333,-0.766635145159512
1.5030303030303,98.3333333333333,-1.05408863507527
1.62828282828283,98.3333333333333,-1.30022986264575
1.75353535353535,98.3333333333333,-1.50161613934217
1.87878787878788,98.3333333333333,-1.65480477663576
2.0040404040404,98.3333333333333,-1.75635308599773
2.12929292929293,98.3333333333333,-1.8028347587039
2.25454545454545,98.3333333333333,-1.79316337627179
2.37979797979798,98.3333333333333,-1.73100343522042
2.50505050505051,98.3333333333333,-1.62059525046831
2.63030303030303,98.3333333333333,-1.46617913693397
2.75555555555556,98.3333333333333,-1.27199540953593
2.88080808080808,98.3333333333333,-1.04228438319271
3.00606060606061,98.3333333333333,-0.781286372822809
3.13131313131313,98.3333333333333,-0.493241693344753
3.25656565656566,98.3333333333333,-0.182390659677058
3.38181818181818,98.3333333333333,0.147026413261759
3.50707070707071,98.3333333333333,0.490769210553181
3.63232323232323,98.3333333333333,0.844597417278693
3.75757575757576,98.3333333333333,1.20427071851978
3.88282828282828,98.3333333333333,1.56554879935792
4.00808080808081,98.3333333333333,1.9241913448746
4.13333333333333,98.3333333333333,2.27597017194933
4.25858585858586,98.3333333333333,2.61791498873166
4.38383838383838,98.3333333333333,2.94939297376526
4.50909090909091,98.3333333333333,3.27002569998327
4.63434343434343,98.3333333333333,3.5794347403188
4.75959595959596,98.3333333333333,3.87724166770497
4.88484848484848,98.3333333333333,4.16306805507492
5.01010101010101,98.3333333333333,4.43653547536177
5.13535353535354,98.3333333333333,4.69726550149863
5.26060606060606,98.3333333333333,4.94487970641864
5.38585858585859,98.3333333333333,5.17899966305492
5.51111111111111,98.3333333333333,5.39924694434059
5.63636363636364,98.3333333333333,5.60524312320878
5.76161616161616,98.3333333333333,5.79660977259261
5.88686868686869,98.3333333333333,5.9729684654252
6.01212121212121,98.3333333333333,6.13394077463968
6.13737373737374,98.3333333333333,6.27918740350369
6.26262626262626,98.3333333333333,6.40877645919412
6.38787878787879,98.3333333333333,6.52301796864142
6.51313131313131,98.3333333333333,6.62222514707506
6.63838383838384,98.3333333333333,6.70671120972448
6.76363636363636,98.3333333333333,6.77678937181913
6.88888888888889,98.3333333333333,6.83277284858848
7.01414141414141,98.3333333333333,6.87497485526196
7.13939393939394,98.3333333333333,6.90370860706903
7.26464646464646,98.3333333333333,6.91928731923914
7.38989898989899,98.3333333333333,6.92202420700174
7.51515151515152,98.3333333333333,6.91223248558629
7.64040404040404,98.3333333333333,6.89022537022223
7.76565656565657,98.3333333333333,6.85631607613902
7.89090909090909,98.3333333333333,6.8108178185661
8.01616161616162,98.3333333333333,6.75404381273294
8.14141414141414,98.3333333333333,6.68630727386897
8.26666666666667,98.3333333333333,6.60792141720366
8.39191919191919,98.3333333333333,6.51919945796645
8.51717171717172,98.3333333333333,6.4204546113868
8.64242424242424,98.3333333333333,6.31200009269415
8.76767676767677,98.3333333333333,6.19414911711796
8.89292929292929,98.3333333333333,6.06721489988768
9.01818181818182,98.3333333333333,5.93151065623276
9.14343434343434,98.3333333333333,5.78734960138265
9.26868686868687,98.3333333333333,5.6350449505668
9.3939393939394,98.3333333333333,5.47490991901467
9.51919191919192,98.3333333333333,5.3072577219557
9.64444444444444,98.3333333333333,5.13240157461936
9.76969696969697,98.3333333333333,4.95065469223508
9.8949494949495,98.3333333333333,4.76233029003232
10.020202020202,98.3333333333333,4.56774158324054
10.1454545454545,98.3333333333333,4.36720178708917
10.2707070707071,98.3333333333333,4.16102411680769
10.3959595959596,98.3333333333333,3.94952178762553
10.5212121212121,98.3333333333333,3.73300801477214
10.6464646464646,98.3333333333333,3.51179601347699
10.7717171717172,98.3333333333333,3.28619899896951
10.8969696969697,98.3333333333333,3.05653018647917
11.0222222222222,98.3333333333333,2.8231027912354
11.1474747474747,98.3333333333333,2.58623002846768
11.2727272727273,98.3333333333333,2.34622511340544
11.3979797979798,98.3333333333333,2.10340126127813
11.5232323232323,98.3333333333333,1.85807168731522
11.6484848484848,98.3333333333333,1.61054960674615
11.7737373737374,98.3333333333333,1.36114823480036
11.8989898989899,98.3333333333333,1.11018078670732
12.0242424242424,98.3333333333333,0.857960477696481
12.1494949494949,98.3333333333333,0.604800522997281
12.2747474747475,98.3333333333333,0.351014137839178
12.4,98.3333333333333,0.096914537451623
0,101.313131313131,4.38416886698649
0.125252525252525,101.313131313131,3.84047181437953
0.25050505050505,101.313131313131,3.30041221547117
0.375757575757576,101.313131313131,2.76762752396002
0.501010101010101,101.313131313131,2.24575519354466
0.626262626262626,101.313131313131,1.73843267792371
0.751515151515151,101.313131313131,1.24929743079577
0.876767676767677,101.313131313131,0.78198690585943
1.0020202020202,101.313131313131,0.340138556813293
1.12727272727273,101.313131313131,-0.0726101626440375
1.25252525252525,101.313131313131,-0.45262179881396
1.37777777777778,101.313131313131,-0.796258897997876
1.5030303030303,101.313131313131,-1.09988400649718
1.62828282828283,101.313131313131,-1.35985967061328
1.75353535353535,101.313131313131,-1.57254843664757
1.87878787878788,101.313131313131,-1.73431285090144
2.0040404040404,101.313131313131,-1.84151545967631
2.12929292929293,101.313131313131,-1.89053629880892
2.25454545454545,101.313131313131,-1.8802538218021
2.37979797979798,101.313131313131,-1.81461927136825
2.50505050505051,101.313131313131,-1.69819872028148
2.63030303030303,101.313131313131,-1.53555824131589
2.75555555555556,101.313131313131,-1.3312639072456
2.88080808080808,101.313131313131,-1.08988179084473
3.00606060606061,101.313131313131,-0.815977964887368
3.13131313131313,101.313131313131,-0.51411850214764
3.25656565656566,101.313131313131,-0.188869475399653
3.38181818181818,101.313131313131,0.155203042582481
3.50707070707071,101.313131313131,0.513532979024654
3.63232323232323,101.313131313131,0.881554261152755
3.75757575757576,101.313131313131,1.25470081619267
3.88282828282828,101.313131313131,1.6284065713703
4.00808080808081,101.313131313131,1.99810545391152
4.13333333333333,101.313131313131,2.35924497570977
4.25858585858586,101.313131313131,2.70868118139772
4.38383838383838,101.313131313131,3.04588751478683
4.50909090909091,101.313131313131,3.37062227962417
4.63434343434343,101.313131313131,3.6826437796568
4.75959595959596,101.313131313131,3.98171031863182
4.88484848484848,101.313131313131,4.26758020029627
5.01010101010101,101.313131313131,4.54001172839726
5.13535353535354,101.313131313131,4.79876320668184
5.26060606060606,101.313131313131,5.0435929388971
5.38585858585859,101.313131313131,5.2742592287901
5.51111111111111,101.313131313131,5.49052038010793
5.63636363636364,101.313131313131,5.69213469659765
5.76161616161616,101.313131313131,5.87886048200634
5.88686868686869,101.313131313131,6.05045604008108
6.01212121212121,101.313131313131,6.20667967456894
6.13737373737374,101.313131313131,6.34732086900691
6.26262626262626,101.313131313131,6.47249373406487
6.38787878787879,101.313131313131,6.58250514664349
6.51313131313131,101.313131313131,6.6776645241403
6.63838383838384,101.313131313131,6.75828128395283
6.76363636363636,101.313131313131,6.82466484347863
6.88888888888889,101.313131313131,6.87712462011524
7.01414141414141,101.313131313131,6.91597003126019
7.13939393939394,101.313131313131,6.94151049431103
7.26464646464646,101.313131313131,6.95405542666527
7.38989898989899,101.313131313131,6.95391424572048
7.51515151515152,101.313131313131,6.94139636887417
7.64040404040404,101.313131313131,6.9168112135239
7.76565656565657,101.313131313131,6.88046819706719
7.89090909090909,101.313131313131,6.83267673690159
8.01616161616162,101.313131313131,6.77374625042463
8.14141414141414,101.313131313131,6.70398615503386
8.26666666666667,101.313131313131,6.6237058681268
8.39191919191919,101.313131313131,6.53321480710101
8.51717171717172,101.313131313131,6.432822389354
8.64242424242424,101.313131313131,6.32283803228333
8.76767676767677,101.313131313131,6.20357115328653
8.89292929292929,101.313131313131,6.07533116976113
9.01818181818182,101.313131313131,5.93842749910468
9.14343434343434,101.313131313131,5.79316955871471
9.26868686868687,101.313131313131,5.63986676598876
9.3939393939394,101.313131313131,5.47882853832438
9.51919191919192,101.313131313131,5.31036429311908
9.64444444444444,101.313131313131,5.13478344777042
9.76969696969697,101.313131313131,4.95239541967593
9.8949494949495,101.313131313131,4.76350962623315
10.020202020202,101.313131313131,4.56843548483962
10.1454545454545,101.313131313131,4.36748241289287
10.2707070707071,101.313131313131,4.16095982779044
10.3959595959596,101.313131313131,3.94917714692987
10.5212121212121,101.313131313131,3.7324437877087
10.6464646464646,101.313131313131,3.51106916752446
10.7717171717172,101.313131313131,3.2853627037747
10.8969696969697,101.313131313131,3.05563381385694
11.0222222222222,101.313131313131,2.82219191516874
11.1474747474747,101.313131313131,2.58534642510762
11.2727272727273,101.313131313131,2.34540676107112
11.3979797979798,101.313131313131,2.10268234045678
11.5232323232323,101.313131313131,1.85748258066215
11.6484848484848,101.313131313131,1.61011689908474
11.7737373737374,101.313131313131,1.36089471312212
11.8989898989899,101.313131313131,1.1101254401718
12.0242424242424,101.313131313131,0.858118497631335
12.1494949494949,101.313131313131,0.605183302898254
12.2747474747475,101.313131313131,0.351629273370098
12.4,101.313131313131,0.0977658264444046
0,104.292929292929,4.62308088093444
0.125252525252525,104.292929292929,4.05157238052197
0.25050505050505,104.292929292929,3.48388607727153
0.375757575757576,104.292929292929,2.92384416834515
0.501010101010101,104.292929292929,2.37526885090487
0.626262626262626,104.292929292929,1.84198232211271
0.751515151515151,104.292929292929,1.3278067791307
0.876767676767677,104.292929292929,0.836564419120891
1.0020202020202,104.292929292929,0.372077439245294
1.12727272727273,104.292929292929,-0.0618319633340518
1.25252525252525,104.292929292929,-0.461341591455115
1.37777777777778,104.292929292929,-0.822629247955865
1.5030303030303,104.292929292929,-1.14187273567427
1.62828282828283,104.292929292929,-1.4152498574483
1.75353535353535,104.292929292929,-1.63893841611592
1.87878787878788,104.292929292929,-1.80911621451511
2.0040404040404,104.292929292929,-1.92196105548382
2.12929292929293,104.292929292929,-1.97366928354614
2.25454545454545,104.292929292929,-1.96308596288527
2.37979797979798,104.292929292929,-1.89443412017985
2.50505050505051,104.292929292929,-1.77258859965431
2.63030303030303,104.292929292929,-1.60242424553308
2.75555555555556,104.292929292929,-1.38881590204059
2.88080808080808,104.292929292929,-1.13663841340129
3.00606060606061,104.292929292929,-0.850766623839589
3.13131313131313,104.292929292929,-0.536075377579935
3.25656565656566,104.292929292929,-0.197439518846759
3.38181818181818,104.292929292929,0.160266108135506
3.50707070707071,104.292929292929,0.532166659142425
3.63232323232323,104.292929292929,0.91338728994957
3.75757575757576,104.292929292929,1.2990531563325
3.88282828282828,104.292929292929,1.68428941406679
4.00808080808081,104.292929292929,2.06422121892801
4.13333333333333,104.292929292929,2.43398869071117
4.25858585858586,104.292929292929,2.79028350071202
4.38383838383838,104.292929292929,3.13268048332981
4.50909090909091,104.292929292929,3.46106825683849
4.63434343434343,104.292929292929,3.77533543951204
4.75959595959596,104.292929292929,4.07537064962444
4.88484848484848,104.292929292929,4.36106250544964
5.01010101010101,104.292929292929,4.63229962526164
5.13535353535354,104.292929292929,4.88897062733438
5.26060606060606,104.292929292929,5.13096412994186
5.38585858585859,104.292929292929,5.35816875135804
5.51111111111111,104.292929292929,5.57047310985689
5.63636363636364,104.292929292929,5.76776582371238
5.76161616161616,104.292929292929,5.94993551119849
5.88686868686869,104.292929292929,6.11687079058918
6.01212121212121,104.292929292929,6.26846028015843
6.13737373737374,104.292929292929,6.40461618673156
6.26262626262626,104.292929292929,6.52549630839064
6.38787878787879,104.292929292929,6.63140427730272
6.51313131313131,104.292929292929,6.7226456476055
6.63838383838384,104.292929292929,6.79952597343667
6.76363636363636,104.292929292929,6.86235080893392
6.88888888888889,104.292929292929,6.91142570823495
7.01414141414141,104.292929292929,6.94705622547745
7.13939393939394,104.292929292929,6.96954791479911
7.26464646464646,104.292929292929,6.97920633033764
7.38989898989899,104.292929292929,6.97633702623071
7.51515151515152,104.292929292929,6.96124555661604
7.64040404040404,104.292929292929,6.9342374756313
7.76565656565657,104.292929292929,6.8956183374142
7.89090909090909,104.292929292929,6.84569369610242
8.01616161616162,104.292929292929,6.78476910583367
8.14141414141414,104.292929292929,6.71315012074563
8.26666666666667,104.292929292929,6.631142294976
8.39191919191919,104.292929292929,6.53905118266248
8.51717171717172,104.292929292929,6.43718233794275
8.64242424242424,104.292929292929,6.32584131495451
8.76767676767677,104.292929292929,6.20533366783546
8.89292929292929,104.292929292929,6.07596495072329
9.01818181818182,104.292929292929,5.93804071775568
9.14343434343434,104.292929292929,5.79186652307035
9.26868686868687,104.292929292929,5.63774792080497
9.3939393939394,104.292929292929,5.47599046509725
9.51919191919192,104.292929292929,5.30689971008488
9.64444444444444,104.292929292929,5.13078120990555
9.76969696969697,104.292929292929,4.94794051869696
9.8949494949495,104.292929292929,4.75868319059679
10.020202020202,104.292929292929,4.56331477974275
10.1454545454545,104.292929292929,4.36214084027252
10.2707070707071,104.292929292929,4.15546692632381
10.3959595959596,104.292929292929,3.9435985920343
10.5212121212121,104.292929292929,3.72684139154168
10.6464646464646,104.292929292929,3.50550087898366
10.7717171717172,104.292929292929,3.27988260849793
10.8969696969697,104.292929292929,3.05029213422218
11.0222222222222,104.292929292929,2.8170350102941
11.1474747474747,104.292929292929,2.58041679085139
11.2727272727273,104.292929292929,2.34074303003174
11.3979797979798,104.292929292929,2.09831928197285
11.5232323232323,104.292929292929,1.8534511008124
11.6484848484848,104.292929292929,1.6064440406881
11.7737373737374,104.292929292929,1.35760365573764
11.8989898989899,104.292929292929,1.1072355000987
12.0242424242424,104.292929292929,0.855645127908994
12.1494949494949,104.292929292929,0.603138093306203
12.2747474747475,104.292929292929,0.350019950428024
12.4,104.292929292929,0.0965962534121508
0,107.272727272727,4.85421126921831
0.125252525252525,107.272727272727,4.25608730572559
0.25050505050505,107.272727272727,3.66196041533204
0.375757575757576,107.272727272727,3.07582767113682
0.501010101010101,107.272727272727,2.50168614623909
0.626262626262626,107.272727272727,1.94353291373802
0.751515151515151,107.272727272727,1.40536504673276
0.876767676767677,107.272727272727,0.891179618322492
1.0020202020202,107.272727272727,0.404973701606367
1.12727272727273,107.272727272727,-0.0492556303164477
1.25252525252525,107.272727272727,-0.467511304346786
1.37777777777778,107.272727272727,-0.845796247385485
1.5030303030303,107.272727272727,-1.18011338633338
1.62828282828283,107.272727272727,-1.46646564809131
1.75353535353535,107.272727272727,-1.70085595956011
1.87878787878788,107.272727272727,-1.87928724764062
2.0040404040404,107.272727272727,-1.99776243923366
2.12929292929293,107.272727272727,-2.05230399838276
2.25454545454545,107.272727272727,-2.04172531189742
2.37979797979798,107.272727272727,-1.97050645838348
2.50505050505051,107.272727272727,-1.84381432843974
2.63030303030303,107.272727272727,-1.666815812665
2.75555555555556,107.272727272727,-1.44467780165806
2.88080808080808,107.272727272727,-1.1825671860177
3.00606060606061,107.272727272727,-0.885650856342737
3.13131313131313,107.272727272727,-0.559095703231954
3.25656565656566,107.272727272727,-0.208068617284151
3.38181818181818,107.272727272727,0.162263510901872
3.50707070707071,107.272727272727,0.546733790727323
3.63232323232323,107.272727272727,0.940175331593403
3.75757575757576,107.272727272727,1.33742124290132
3.88282828282828,107.272727272727,1.73330463405227
4.00808080808081,107.272727272727,2.12265861444746
4.13333333333333,107.272727272727,2.5003325644729
4.25858585858586,107.272727272727,2.86286292934151
4.38383838383838,107.272727272727,3.2099211343554
4.50909090909091,107.272727272727,3.54151979474049
4.63434343434343,107.272727272727,3.85767152572271
4.75959595959596,107.272727272727,4.15838894252798
4.88484848484848,107.272727272727,4.44368466038223
5.01010101010101,107.272727272727,4.71357129451138
5.13535353535354,107.272727272727,4.96806146014135
5.26060606060606,107.272727272727,5.20716777249807
5.38585858585859,107.272727272727,5.43090284680746
5.51111111111111,107.272727272727,5.63927929829545
5.63636363636364,107.272727272727,5.83230974218796
5.76161616161616,107.272727272727,6.01000679371091
5.88686868686869,107.272727272727,6.17238306809024
6.01212121212121,107.272727272727,6.31945118055185
6.13737373737374,107.272727272727,6.4512400974127
6.26262626262626,107.272727272727,6.56794902371827
6.38787878787879,107.272727272727,6.66987825365517
6.51313131313131,107.272727272727,6.75732941367991
6.63838383838384,107.272727272727,6.83060413024898
6.76363636363636,107.272727272727,6.8900040298189
6.88888888888889,107.272727272727,6.93583073884616
7.01414141414141,107.272727272727,6.96838588378727
7.13939393939394,107.272727272727,6.98797109109874
7.26464646464646,107.272727272727,6.99488798723706
7.38989898989899,107.272727272727,6.98943819865874
7.51515151515152,107.272727272727,6.97192335182028
7.64040404040404,107.272727272727,6.94264507317819
7.76565656565657,107.272727272727,6.90190498918897
7.89090909090909,107.272727272727,6.85000472630911
8.01616161616162,107.272727272727,6.78724591099514
8.14141414141414,107.272727272727,6.71393016970355
8.26666666666667,107.272727272727,6.63035912889084
8.39191919191919,107.272727272727,6.53683441501351
8.51717171717172,107.272727272727,6.43365765452808
8.64242424242424,107.272727272727,6.32113047389104
8.76767676767677,107.272727272727,6.1995544995589
8.89292929292929,107.272727272727,6.06923135798815
9.01818181818182,107.272727272727,5.93046267563532
9.14343434343434,107.272727272727,5.78355007895688
9.26868686868687,107.272727272727,5.62879519440936
9.3939393939394,107.272727272727,5.46649964844926
9.51919191919192,107.272727272727,5.29696506753307
9.64444444444444,107.272727272727,5.1204930781173
9.76969696969697,107.272727272727,4.93738530665845
9.8949494949495,107.272727272727,4.74794337961304
10.020202020202,107.272727272727,4.55246892343755
10.1454545454545,107.272727272727,4.3512635645885
10.2707070707071,107.272727272727,4.14462892952239
10.3959595959596,107.272727272727,3.93286664469572
10.5212121212121,107.272727272727,3.716278336565
10.6464646464646,107.272727272727,3.49516563158672
10.7717171717172,107.272727272727,3.26983015621739
10.8969696969697,107.272727272727,3.04057353691353
11.0222222222222,107.272727272727,2.80769740013162
11.1474747474747,107.272727272727,2.57150337232817
11.2727272727273,107.272727272727,2.33229307995968
11.3979797979798,107.272727272727,2.09036814948267
11.5232323232323,107.272727272727,1.84603020735363
11.6484848484848,107.272727272727,1.59958088002907
11.7737373737374,107.272727272727,1.35132179396548
11.8989898989899,107.272727272727,1.10155457561938
12.0242424242424,107.272727272727,0.850580851447262
12.1494949494949,107.272727272727,0.598702247905635
12.2747474747475,107.272727272727,0.346220391451
12.4,107.272727272727,0.0934369085398624
0,110.252525252525,5.07768161973907
0.125252525252525,110.252525252525,4.45411949063006
0.25050505050505,110.252525252525,3.83471959721114
0.375757575757576,110.252525252525,3.22364417517242
0.501010101010101,110.252525252525,2.62505546020399
0.626262626262626,110.252525252525,2.04311568799595
0.751515151515151,110.252525252525,1.48198709423839
0.876767676767677,110.252525252525,0.945831914621418
1.0020202020202,110.252525252525,0.438812384835118
1.12727272727273,110.252525252525,-0.034909259430407
1.25252525252525,110.252525252525,-0.471170782485059
1.37777777777778,110.252525252525,-0.865809948638743
1.5030303030303,110.252525252525,-1.21466452220136
1.62828282828283,110.252525252525,-1.51357226748282
1.75353535353535,110.252525252525,-1.75837094879301
1.87878787878788,110.252525252525,-1.94489833044186
2.0040404040404,110.252525252525,-2.06899217673924
2.12929292929293,110.252525252525,-2.12651072878598
2.25454545454545,110.252525252525,-2.11623738121464
2.37979797979798,110.252525252525,-2.04289476270737
2.50505050505051,110.252525252525,-1.91192534649069
2.63030303030303,110.252525252525,-1.72877160579111
2.75555555555556,110.252525252525,-1.49887601383514
2.88080808080808,110.252525252525,-1.22768104384929
3.00606060606061,110.252525252525,-0.92062916906008
3.13131313131313,110.252525252525,-0.583162862694014
3.25656565656566,110.252525252525,-0.220724597977608
3.38181818181818,110.252525252525,0.161243151862624
3.50707070707071,110.252525252525,0.55729791360017
3.63232323232323,110.252525252525,0.96199721400852
3.75757575757576,110.252525252525,1.36989857986116
3.88282828282828,110.252525252525,1.77555953793158
4.00808080808081,110.252525252525,2.17353761499326
4.13333333333333,110.252525252525,2.55840784451433
4.25858585858586,110.252525252525,2.92656044995312
4.38383838383838,110.252525252525,3.27775872282481
4.50909090909091,110.252525252525,3.61213305644442
4.63434343434343,110.252525252525,3.929813844127
4.75959595959596,110.252525252525,4.23093147918759
4.88484848484848,110.252525252525,4.51561635494123
5.01010101010101,110.252525252525,4.78399886470296
5.13535353535354,110.252525252525,5.03620940178782
5.26060606060606,110.252525252525,5.27237835951085
5.38585858585859,110.252525252525,5.49263613118709
5.51111111111111,110.252525252525,5.69711311013158
5.63636363636364,110.252525252525,5.88593968965937
5.76161616161616,110.252525252525,6.05924626308549
5.88686868686869,110.252525252525,6.21716322372498
6.01212121212121,110.252525252525,6.35982096489289
6.13737373737374,110.252525252525,6.48735934178537
6.26262626262626,110.252525252525,6.6000167215946
6.38787878787879,110.252525252525,6.69808996873687
6.51313131313131,110.252525252525,6.78187671857274
6.63838383838384,110.252525252525,6.85167460646276
6.76363636363636,110.252525252525,6.90778126776748
6.88888888888889,110.252525252525,6.95049433784745
7.01414141414141,110.252525252525,6.98011145206322
7.13939393939394,110.252525252525,6.99693024577534
7.26464646464646,110.252525252525,7.00124835434436
7.38989898989899,110.252525252525,6.99336341313083
7.51515151515152,110.252525252525,6.9735730574953
7.64040404040404,110.252525252525,6.94217492279832
7.76565656565657,110.252525252525,6.89946664440044
7.89090909090909,110.252525252525,6.84574585766221
8.01616161616162,110.252525252525,6.78131019794418
8.14141414141414,110.252525252525,6.7064573006069
8.26666666666667,110.252525252525,6.62148480101092
8.39191919191919,110.252525252525,6.52669033451679
8.51717171717172,110.252525252525,6.42237153648506
8.64242424242424,110.252525252525,6.30882604227628
8.76767676767677,110.252525252525,6.18635148725099
8.89292929292929,110.252525252525,6.05524550676976
9.01818181818182,110.252525252525,5.91580573619313
9.14343434343434,110.252525252525,5.76832981088165
9.26868686868687,110.252525252525,5.61311536619587
9.3939393939394,110.252525252525,5.45046003749633
9.51919191919192,110.252525252525,5.2806614601436
9.64444444444444,110.252525252525,5.10401726949822
9.76969696969697,110.252525252525,4.92082510092074
9.8949494949495,110.252525252525,4.7313825897717
10.020202020202,110.252525252525,4.53598737141167
10.1454545454545,110.252525252525,4.33493708120119
10.2707070707071,110.252525252525,4.1285293545008
10.3959595959596,110.252525252525,3.91706182667107
10.5212121212121,110.252525252525,3.70083213307254
10.6464646464646,110.252525252525,3.48013790906576
10.7717171717172,110.252525252525,3.25527679001127
10.8969696969697,110.252525252525,3.02654641126964
11.0222222222222,110.252525252525,2.79424440820141
11.1474747474747,110.252525252525,2.55866841616712
11.2727272727273,110.252525252525,2.32011607052734
11.3979797979798,110.252525252525,2.07888500664261
11.5232323232323,110.252525252525,1.83527285987347
11.6484848484848,110.252525252525,1.58957726558049
11.7737373737374,110.252525252525,1.34209585912421
11.8989898989899,110.252525252525,1.09312627586517
12.0242424242424,110.252525252525,0.842966151163942
12.1494949494949,110.252525252525,0.591913120381058
12.2747474747475,110.252525252525,0.340264818877074
12.4,110.252525252525,0.0883188820125396
0,113.232323232323,5.29361352039774
0.125252525252525,113.232323232323,4.64577183587504
0.25050505050505,113.232323232323,4.00224799046726
0.375757575757576,113.232323232323,3.36735982328936
0.501010101010101,113.232323232323,2.74542517345623
0.626262626262626,113.232323232323,2.14076188008282
0.751515151515151,113.232323232323,1.55768778228405
0.876767676767677,113.232323232323,1.00052071917485
1.0020202020202,113.232323232323,0.473578529870157
1.12727272727273,113.232323232323,-0.0188209465151112
1.25252525252525,113.232323232323,-0.472359870866021
1.37777777777778,113.232323232323,-0.882720404067644
1.5030303030303,113.232323232323,-1.24558470700505
1.62828282828283,113.232323232323,-1.55663494056332
1.75353535353535,113.232323232323,-1.81155326562751
1.87878787878788,113.232323232323,-2.0060218430827
2.0040404040404,113.232323232323,-2.13572283381396
2.12929292929293,113.232323232323,-2.19635976022299
2.25454545454545,113.232323232323,-2.18668768321305
2.37979797979798,113.232323232323,-2.11165750987979
2.50505050505051,113.232323232323,-1.9769710936601
2.63030303030303,113.232323232323,-1.78833028799087
2.75555555555556,113.232323232323,-1.55143694630899
2.88080808080808,113.232323232323,-1.27199292205137
3.00606060606061,113.232323232323,-0.955700068654884
3.13131313131313,113.232323232323,-0.608260239556431
3.25656565656566,113.232323232323,-0.235375288192905
3.38181818181818,113.232323232323,0.157252931998801
3.50707070707071,113.232323232323,0.563922567581795
3.63232323232323,113.232323232323,0.978931765119186
3.75757575757576,113.232323232323,1.39657867117408
3.88282828282828,113.232323232323,1.81116143230958
4.00808080808081,113.232323232323,2.2169781950888
4.13333333333333,113.232323232323,2.60834577835483
4.25858585858586,113.232323232323,2.98151704521382
4.38383838383838,113.232323232323,3.33634250369925
4.50909090909091,113.232323232323,3.67306420506453
4.63434343434343,113.232323232323,3.99192420056311
4.75959595959596,113.232323232323,4.2931645414484
4.88484848484848,113.232323232323,4.57702727897384
5.01010101010101,113.232323232323,4.84375446439286
5.13535353535354,113.232323232323,5.09358814895888
5.26060606060606,113.232323232323,5.32677038392534
5.38585858585859,113.232323232323,5.54354322054566
5.51111111111111,113.232323232323,5.74414871007327
5.63636363636364,113.232323232323,5.9288289037616
5.76161616161616,113.232323232323,6.09782585286409
5.88686868686869,113.232323232323,6.25138160863416
6.01212121212121,113.232323232323,6.38973822232523
6.13737373737374,113.232323232323,6.51314066058465
6.26262626262626,113.232323232323,6.62186424356648
6.38787878787879,113.232323232323,6.71620231558386
6.51313131313131,113.232323232323,6.79644845849323
6.63838383838384,113.232323232323,6.862896254151
6.76363636363636,113.232323232323,6.91583928441358
6.88888888888889,113.232323232323,6.95557113113739
7.01414141414141,113.232323232323,6.98238537617885
7.13939393939394,113.232323232323,6.99657560139437
7.26464646464646,113.232323232323,6.99843538864038
7.38989898989899,113.232323232323,6.98825831977328
7.51515151515152,113.232323232323,6.9663379766495
7.64040404040404,113.232323232323,6.93296794112546
7.76565656565657,113.232323232323,6.88844179505757
7.89090909090909,113.232323232323,6.83305312030224
8.01616161616162,113.232323232323,6.7670954987159
8.14141414141414,113.232323232323,6.69086251215496
8.26666666666667,113.232323232323,6.60464774247584
8.39191919191919,113.232323232323,6.50874477153496
8.51717171717172,113.232323232323,6.40344718118873
8.64242424242424,113.232323232323,6.28904855329357
8.76767676767677,113.232323232323,6.16584246970589
8.89292929292929,113.232323232323,6.03412251228213
9.01818181818182,113.232323232323,5.89418226287868
9.14343434343434,113.232323232323,5.74631530335197
9.26868686868687,113.232323232323,5.59081521555841
9.3939393939394,113.232323232323,5.42797558135444
9.51919191919192,113.232323232323,5.25808998259644
9.64444444444444,113.232323232323,5.08145200114086
9.76969696969697,113.232323232323,4.8983552188441
9.8949494949495,113.232323232323,4.70909321756258
10.020202020202,113.232323232323,4.51395957915272
10.1454545454545,113.232323232323,4.31324788547094
10.2707070707071,113.232323232323,4.10725171837365
10.3959595959596,113.232323232323,3.89626465971727
10.5212121212121,113.232323232323,3.68058029135821
10.6464646464646,113.232323232323,3.4604921951529
10.7717171717172,113.232323232323,3.23629395295774
10.8969696969697,113.232323232323,3.00827914662917
11.0222222222222,113.232323232323,2.77674135802359
11.1474747474747,113.232323232323,2.54197416899743
11.2727272727273,113.232323232323,2.30427116140709
11.3979797979798,113.232323232323,2.063925917109
11.5232323232323,113.232323232323,1.82123201795957
11.6484848484848,113.232323232323,1.57648304581522
11.7737373737374,113.232323232323,1.32997258253237
11.8989898989899,113.232323232323,1.08199420996744
12.0242424242424,113.232323232323,0.832841509976836
12.1494949494949,113.232323232323,0.58280806441698
12.2747474747475,113.232323232323,0.33218745514429
12.4,113.232323232323,0.0812732640151829
0,116.212121212121,5.50212855909531
0.125252525252525,116.212121212121,4.8311472421002
0.25050505050505,116.212121212121,4.16462996265885
0.375757575757576,116.212121212121,3.50704075832502
0.501010101010101,116.212121212121,2.86284366665245
0.626262626262626,116.212121212121,2.23650272519492
0.751515151515151,116.212121212121,1.63248197150618
0.876767676767677,116.212121212121,1.05524544313999
1.0020202020202,116.212121212121,0.509257177650091
1.12727272727273,116.212121212121,-0.00101878740974185
1.25252525252525,116.212121212121,-0.471118414485755
1.37777777777778,116.212121212121,-0.896577666024193
1.5030303030303,116.212121212121,-1.2729325044713
1.62828282828283,116.212121212121,-1.59571889227331
1.75353535353535,116.212121212121,-1.86047279187647
1.87878787878788,116.212121212121,-2.06273016572703
2.0040404040404,116.212121212121,-2.19802697627121
2.12929292929293,116.212121212121,-2.26192137816099
2.25454545454545,116.212121212121,-2.25314173026876
2.37979797979798,116.212121212121,-2.17685317662897
2.50505050505051,116.212121212121,-2.03900100980088
2.63030303030303,116.212121212121,-1.84553052234373
2.75555555555556,116.212121212121,-1.60238700681677
2.88080808080808,116.212121212121,-1.31551575577925
3.00606060606061,116.212121212121,-0.990862061790416
3.13131313131313,116.212121212121,-0.634371217409524
3.25656565656566,116.212121212121,-0.25198851519582
3.38181818181818,116.212121212121,0.150340752291445
3.50707070707071,116.212121212121,0.566671292493023
3.63232323232323,116.212121212121,0.991057812849666
3.75757575757576,116.212121212121,1.41755502080212
3.88282828282828,116.212121212121,1.84021762379115
4.00808080808081,116.212121212121,2.25310032925749
4.13333333333333,116.212121212121,2.65027761351377
4.25858585858586,116.212121212121,3.02787369779056
4.38383838383838,116.212121212121,3.38582173193993
4.50909090909091,116.212121212121,3.72446940371509
4.63434343434343,116.212121212121,4.04416440086924
4.75959595959596,116.212121212121,4.34525441115556
4.88484848484848,116.212121212121,4.62808712232727
5.01010101010101,116.212121212121,4.89301022213756
5.13535353535354,116.212121212121,5.14037139833963
5.26060606060606,116.212121212121,5.37051833868667
5.38585858585859,116.212121212121,5.58379873093189
5.51111111111111,116.212121212121,5.78056026282848
5.63636363636364,116.212121212121,5.96115062212965
5.76161616161616,116.212121212121,6.12591749658859
5.88686868686869,116.212121212121,6.27520857395849
6.01212121212121,116.212121212121,6.40937154199257
6.13737373737374,116.212121212121,6.52875079454557
6.26262626262626,116.212121212121,6.63365643118075
6.38787878787879,116.212121212121,6.7243781872322
6.51313131313131,116.212121212121,6.80120552965062
6.63838383838384,116.212121212121,6.86442792538669
6.76363636363636,116.212121212121,6.9143348413911
6.88888888888889,116.212121212121,6.95121574461455
7.01414141414141,116.212121212121,6.9753601020077
7.13939393939394,116.212121212121,6.98705738052127
7.26464646464646,116.212121212121,6.98659704710593
7.38989898989899,116.212121212121,6.97426856871237
7.51515151515152,116.212121212121,6.95036141229129
7.64040404040404,116.212121212121,6.91516504479336
7.76565656565657,116.212121212121,6.86896893316928
7.89090909090909,116.212121212121,6.81206254436974
8.01616161616162,116.212121212121,6.74473534534542
8.14141414141414,116.212121212121,6.66727680304701
8.26666666666667,116.212121212121,6.57997638442521
8.39191919191919,116.212121212121,6.48312355643069
8.51717171717172,116.212121212121,6.37700778601415
8.64242424242424,116.212121212121,6.26191854012627
8.76767676767677,116.212121212121,6.13814528571775
8.89292929292929,116.212121212121,6.00597748973926
9.01818181818182,116.212121212121,5.86570461914151
9.14343434343434,116.212121212121,5.71761614087518
9.26868686868687,116.212121212121,5.56200152189095
9.3939393939394,116.212121212121,5.39915022913952
9.51919191919192,116.212121212121,5.22935172957156
9.64444444444444,116.212121212121,5.05289549013778
9.76969696969697,116.212121212121,4.87007097778886
9.8949494949495,116.212121212121,4.68116765947549
10.020202020202,116.212121212121,4.48647500214835
10.1454545454545,116.212121212121,4.28628247275813
10.2707070707071,116.212121212121,4.08087953825553
10.3959595959596,116.212121212121,3.87055566559123
10.5212121212121,116.212121212121,3.65560032171591
10.6464646464646,116.212121212121,3.43630297358027
10.7717171717172,116.212121212121,3.212953088135
10.8969696969697,116.212121212121,2.98584013233078
11.0222222222222,116.212121212121,2.7552535731183
11.1474747474747,116.212121212121,2.52148287744825
11.2727272727273,116.212121212121,2.28481751227132
11.3979797979798,116.212121212121,2.04554694453819
11.5232323232323,116.212121212121,1.80396064119957
11.6484848484848,116.212121212121,1.56034806920612
11.7737373737374,116.212121212121,1.31499869550854
11.8989898989899,116.212121212121,1.06820198705752
12.0242424242424,116.212121212121,0.820247410803747
12.1494949494949,116.212121212121,0.57142443369791
12.2747474747475,116.212121212121,0.322022522690696
12.4,116.212121212121,0.0723311447327931
0,119.191919191919,5.70334832373279
0.125252525252525,119.191919191919,5.01034860994522
0.25050505050505,119.191919191919,4.32194988134433
0.375757575757576,119.191919191919,3.64275312311681
0.501010101010101,119.191919191919,2.97735932044933
0.626262626262626,119.191919191919,2.33036945852858
0.751515151515151,119.191919191919,1.70638452254124
0.876767676767677,119.191919191919,1.110005497674
1.0020202020202,119.191919191919,0.54583336911353
1.12727272727273,119.191919191919,0.0184691220465199
1.25252525252525,119.191919191919,-0.467486258340349
1.37777777777778,119.191919191919,-0.907431786860396
1.5030303030303,119.191919191919,-1.29676647832694
1.62828282828283,119.191919191919,-1.63088934755329
1.75353535353535,119.191919191919,-1.90519940935278
1.87878787878788,119.191919191919,-2.11509567853871
2.0040404040404,119.191919191919,-2.25597716992441
2.12929292929293,119.191919191919,-2.32326586806719
2.25454545454545,119.191919191919,-2.31566503475788
2.37979797979798,119.191919191919,-2.23854023968318
2.50505050505051,119.191919191919,-2.09806453476597
2.63030303030303,119.191919191919,-1.90041097192915
2.75555555555556,119.191919191919,-1.65175260309561
2.88080808080808,119.191919191919,-1.35826248018824
3.00606060606061,119.191919191919,-1.02611365512994
3.13131313131313,119.191919191919,-0.661479179843607
3.25656565656566,119.191919191919,-0.270532106252128
3.38181818181818,119.191919191919,0.140554513721598
3.50707070707071,119.191919191919,0.56560762815468
3.63232323232323,119.191919191919,0.998454185124225
3.75757575757576,119.191919191919,1.43292113270734
3.88282828282828,119.191919191919,1.86283541898112
4.00808080808081,119.191919191919,2.28202399202269
4.13333333333333,119.191919191919,2.68433459751052
4.25858585858586,119.191919191919,3.06577139035028
4.38383838383838,119.191919191919,3.42634566250806
4.50909090909091,119.191919191919,3.76650481551034
4.63434343434343,119.191919191919,4.08669625088358
4.75959595959596,119.191919191919,4.38736737015421
4.88484848484848,119.191919191919,4.66896557484871
5.01010101010101,119.191919191919,4.93193826649354
5.13535353535354,119.191919191919,5.17673284661514
5.26060606060606,119.191919191919,5.40379671673998
5.38585858585859,119.191919191919,5.61357727839451
5.51111111111111,119.191919191919,5.80652193310519
5.63636363636364,119.191919191919,5.98307808239849
5.76161616161616,119.191919191919,6.14369312780084
5.88686868686869,119.191919191919,6.28881447083872
6.01212121212121,119.191919191919,6.41888951303859
6.13737373737374,119.191919191919,6.53435648440321
6.26262626262626,119.191919191919,6.63555812598427
6.38787878787879,119.191919191919,6.72278047671792
6.51313131313131,119.191919191919,6.79630882825413
6.63838383838384,119.191919191919,6.85642847224282
6.76363636363636,119.191919191919,6.90342470033396
6.88888888888889,119.191919191919,6.93758280417749
7.01414141414141,119.191919191919,6.95918807542334
7.13939393939394,119.191919191919,6.96852580572148
7.26464646464646,119.191919191919,6.96588128672185
7.38989898989899,119.191919191919,6.95153981007439
7.51515151515152,119.191919191919,6.92578666742905
7.64040404040404,119.191919191919,6.88890715043578
7.76565656565657,119.191919191919,6.84118655074453
7.89090909090909,119.191919191919,6.78291016000524
8.01616161616162,119.191919191919,6.71436326986786
8.14141414141414,119.191919191919,6.63583117198233
8.26666666666667,119.191919191919,6.54759915799861
8.39191919191919,119.191919191919,6.44995251956664
8.51717171717172,119.191919191919,6.34317654833637
8.64242424242424,119.191919191919,6.22755653595774
8.76767676767677,119.191919191919,6.1033777740807
8.89292929292929,119.191919191919,5.9709255543552
9.01818181818182,119.191919191919,5.83048516843118
9.14343434343434,119.191919191919,5.6823419079586
9.26868686868687,119.191919191919,5.5267810645874
9.3939393939394,119.191919191919,5.36408792996752
9.51919191919192,119.191919191919,5.19454779574891
9.64444444444444,119.191919191919,5.01844595358153
9.76969696969697,119.191919191919,4.83606769511532
9.8949494949495,119.191919191919,4.64769831200021
10.020202020202,119.191919191919,4.45362309588617
10.1454545454545,119.191919191919,4.25412733842313
10.2707070707071,119.191919191919,4.04949633126105
10.3959595959596,119.191919191919,3.84001536604988
10.5212121212121,119.191919191919,3.62596973443954
10.6464646464646,119.191919191919,3.40764472808001
10.7717171717172,119.191919191919,3.18532563862122
10.8969696969697,119.191919191919,2.95929775771312
11.0222222222222,119.191919191919,2.72984637700565
11.1474747474747,119.191919191919,2.49725678814877
11.2727272727273,119.191919191919,2.26181428279242
11.3979797979798,119.191919191919,2.02380415258654
11.5232323232323,119.191919191919,1.7835116891811
11.6484848484848,119.191919191919,1.54122218422602
11.7737373737374,119.191919191919,1.29722092937125
11.8989898989899,119.191919191919,1.05179321626676
12.0242424242424,119.191919191919,0.805224336562479
12.1494949494949,119.191919191919,0.557799581908355
12.2747474747475,119.191919191919,0.309804243954336
12.4,119.191919191919,0.0615236143503704
0,122.171717171717,5.89739440221118
0.125252525252525,122.171717171717,5.18347884004976
0.25050505050505,122.171717171717,4.47429211408214
0.375757575757576,122.171717171717,3.77456306050212
0.501010101010101,122.171717171717,3.0890205155035
0.626262626262626,122.171717171717,2.42239331528009
0.751515151515151,122.171717171717,1.77941029602568
0.876767676767677,122.171717171717,1.16480029393408
1.0020202020202,122.171717171717,0.583292145199082
1.12727272727273,122.171717171717,0.0396146860144918
1.25252525252525,122.171717171717,-0.461503247425888
1.37777777777778,122.171717171717,-0.91533281892826
1.5030303030303,122.171717171717,-1.31714519229882
1.62828282828283,122.171717171717,-1.66221153134377
1.75353535353535,122.171717171717,-1.94580299986931
1.87878787878788,122.171717171717,-2.16319076168163
2.0040404040404,122.171717171717,-2.30964598058694
2.12929292929293,122.171717171717,-2.38046351540877
2.25454545454545,122.171717171717,-2.37432310905652
2.37979797979798,122.171717171717,-2.29677717577066
2.50505050505051,122.171717171717,-2.1542111084083
2.63030303030303,122.171717171717,-1.95301029982659
2.75555555555556,122.171717171717,-1.69956014288266
2.88080808080808,122.171717171717,-1.40024603043367
3.00606060606061,122.171717171717,-1.06145335533673
3.13131313131313,122.171717171717,-0.689567510449
3.25656565656566,122.171717171717,-0.290973888627608
3.38181818181818,122.171717171717,0.127942117270302
3.50707070707071,122.171717171717,0.560795114387594
3.63232323232323,122.171717171717,1.00119970986713
3.75757575757576,122.171717171717,1.44277051085177
3.88282828282828,122.171717171717,1.87912212448438
4.00808080808081,122.171717171717,2.30386915790782
4.13333333333333,122.171717171717,2.71064797786446
4.25858585858586,122.171717171717,3.09535110555993
4.38383838383838,122.171717171717,3.45806355036486
4.50909090909091,122.171717171717,3.79932660356455
4.63434343434343,122.171717171717,4.11968155644432
4.75959595959596,122.171717171717,4.41966970028949
4.88484848484848,122.171717171717,4.69983232638537
5.01010101010101,122.171717171717,4.96071072601727
5.13535353535354,122.171717171717,5.20284619047051
5.26060606060606,122.171717171717,5.4267800110304
5.38585858585859,122.171717171717,5.63305347898225
5.51111111111111,122.171717171717,5.82220788561138
5.63636363636364,122.171717171717,5.9947845222031
5.76161616161616,122.171717171717,6.15132468004273
5.88686868686869,122.171717171717,6.29236965041559
6.01212121212121,122.171717171717,6.41846072460697
6.13737373737374,122.171717171717,6.5301244708926
6.26262626262626,122.171717171717,6.62773416952387
6.38787878787879,122.171717171717,6.71157207707708
6.51313131313131,122.171717171717,6.781919250513
6.63838383838384,122.171717171717,6.8390567467924
6.76363636363636,122.171717171717,6.88326562287607
6.88888888888889,122.171717171717,6.91482693572479
7.01414141414141,122.171717171717,6.93402174229932
7.13939393939394,122.171717171717,6.94113109956046
7.26464646464646,122.171717171717,6.93643606446896
7.38989898989899,122.171717171717,6.92021769398561
7.51515151515152,122.171717171717,6.8927570450712
7.64040404040404,122.171717171717,6.85433517468648
7.76565656565657,122.171717171717,6.80523313979225
7.89090909090909,122.171717171717,6.74573199734927
8.01616161616162,122.171717171717,6.67611280431833
8.14141414141414,122.171717171717,6.5966566176602
8.26666666666667,122.171717171717,6.50764449433566
8.39191919191919,122.171717171717,6.40935749130548
8.51717171717172,122.171717171717,6.30207666553045
8.64242424242424,122.171717171717,6.18608307397133
8.76767676767677,122.171717171717,6.0616577735889
8.89292929292929,122.171717171717,5.92908182134396
9.01818181818182,122.171717171717,5.78863627419725
9.14343434343434,122.171717171717,5.64060218910958
9.26868686868687,122.171717171717,5.4852606230417
9.3939393939394,122.171717171717,5.32289263295441
9.51919191919192,122.171717171717,5.15377927580847
9.64444444444444,122.171717171717,4.97820160856467
9.76969696969697,122.171717171717,4.79644068818377
9.8949494949495,122.171717171717,4.60877757162657
10.020202020202,122.171717171717,4.41549331585382
10.1454545454545,122.171717171717,4.21686897782631
10.2707070707071,122.171717171717,4.01318561450483
10.3959595959596,122.171717171717,3.80472428285014
10.5212121212121,122.171717171717,3.59176603982301
10.6464646464646,122.171717171717,3.37459194238424
10.7717171717172,122.171717171717,3.15348304749459
10.8969696969697,122.171717171717,2.92872041211484
11.0222222222222,122.171717171717,2.70058509320577
11.1474747474747,122.171717171717,2.46935814772815
11.2727272727273,122.171717171717,2.23532063264277
11.3979797979798,122.171717171717,1.99875360491039
11.5232323232323,122.171717171717,1.7599381214918
11.6484848484848,122.171717171717,1.51915523934778
11.7737373737374,122.171717171717,1.27668601543909
11.8989898989899,122.171717171717,1.03281150672651
12.0242424242424,122.171717171717,0.787812770170835
12.1494949494949,122.171717171717,0.541970862732823
12.2747474747475,122.171717171717,0.295566841373258
12.4,122.171717171717,0.0488817630529158
0,125.151515151515,6.08438838243148
0.125252525252525,125.151515151515,5.35064083305349
0.25050505050505,125.151515151515,4.62174102843071
0.375757575757576,125.151515151515,3.90253671331836
0.501010101010101,125.151515151515,3.19787563247163
0.626262626262626,125.151515151515,2.51260553064576
0.751515151515151,125.151515151515,1.85157415259595
0.876767676767677,125.151515151515,1.21962924307741
1.0020202020202,125.151515151515,0.621618546845354
1.12727272727273,125.151515151515,0.0623898086549931
1.25252525252525,125.151515151515,-0.453209226738458
1.37777777777778,125.151515151515,-0.920330814579789
1.5030303030303,125.151515151515,-1.33412721011379
1.62828282828283,125.151515151515,-1.68975066858524
1.75353535353535,125.151515151515,-1.98235344523894
1.87878787878788,125.151515151515,-2.20708779531967
2.0040404040404,125.151515151515,-2.35910597407222
2.12929292929293,125.151515151515,-2.43358460565293
2.25454545454545,125.151515151515,-2.4291814655408
2.37979797979798,125.151515151515,-2.35162246161965
2.50505050505051,125.151515151515,-2.20749017058079
2.63030303030303,125.151515151515,-2.0033671691155
2.75555555555556,125.151515151515,-1.74583603391508
2.88080808080808,125.151515151515,-1.44147934167084
3.00606060606061,125.151515151515,-1.09687966907405
3.13131313131313,125.151515151515,-0.718619592816017
3.25656565656566,125.151515151515,-0.313281689588036
3.38181818181818,125.151515151515,0.112551463918597
3.50707070707071,125.151515151515,0.552297291012589
3.63232323232323,125.151515151515,0.999373215002646
3.75757575757576,125.151515151515,1.44719665919747
3.88282828282828,125.151515151515,1.88918504690577
4.00808080808081,125.151515151515,2.31875580143625
4.13333333333333,125.151515151515,2.72934900209494
4.25858585858586,125.151515151515,3.11675382608647
4.38383838383838,125.151515151515,3.48112465047152
4.50909090909091,125.151515151515,3.82309093099196
4.63434343434343,125.151515151515,4.14328212338968
4.75959595959596,125.151515151515,4.44232768340655
4.88484848484848,125.151515151515,4.72085706678444
5.01010101010101,125.151515151515,4.97949972926524
5.13535353535354,125.151515151515,5.21888512659082
5.26060606060606,125.151515151515,5.43964271450306
5.38585858585859,125.151515151515,5.64240194874384
5.51111111111111,125.151515151515,5.82779228505502
5.63636363636364,125.151515151515,5.99644317917849
5.76161616161616,125.151515151515,6.14898408685613
5.88686868686869,125.151515151515,6.28604446382982
6.01212121212121,125.151515151515,6.40825376584142
6.13737373737374,125.151515151515,6.51622149474881
6.26262626262626,125.151515151515,6.61034940334641
6.38787878787879,125.151515151515,6.6909158813457
6.51313131313131,125.151515151515,6.75819769263645
6.63838383838384,125.151515151515,6.8124716011084
6.76363636363636,125.151515151515,6.85401437065134
6.88888888888889,125.151515151515,6.88310276515502
7.01414141414141,125.151515151515,6.90001354850919
7.13939393939394,125.151515151515,6.90502348460363
7.26464646464646,125.151515151515,6.89840933732809
7.38989898989899,125.151515151515,6.88044787057233
7.51515151515152,125.151515151515,6.85141584822612
7.64040404040404,125.151515151515,6.81159003417922
7.76565656565657,125.151515151515,6.76124719232138
7.89090909090909,125.151515151515,6.70066408654238
8.01616161616162,125.151515151515,6.63011748073196
8.14141414141414,125.151515151515,6.5498841387799
8.26666666666667,125.151515151515,6.46024082457595
8.39191919191919,125.151515151515,6.36146430200987
8.51717171717172,125.151515151515,6.25383133497143
8.64242424242424,125.151515151515,6.13761868735039
8.76767676767677,125.151515151515,6.0131031230365
8.89292929292929,125.151515151515,5.88056140591955
9.01818181818182,125.151515151515,5.74027029988927
9.14343434343434,125.151515151515,5.59250656883543
9.26868686868687,125.151515151515,5.43754697664779
9.3939393939394,125.151515151515,5.27566828721613
9.51919191919192,125.151515151515,5.10714726443019
9.64444444444444,125.151515151515,4.93226067217974
9.76969696969697,125.151515151515,4.75128527435453
9.8949494949495,125.151515151515,4.56449783484435
10.020202020202,125.151515151515,4.37217511753893
10.1454545454545,125.151515151515,4.17459388632804
10.2707070707071,125.151515151515,3.97203090510146
10.3959595959596,125.151515151515,3.76476293774893
10.5212121212121,125.151515151515,3.55306674816021
10.6464646464646,125.151515151515,3.33721910022508
10.7717171717172,125.151515151515,3.11749675783329
10.8969696969697,125.151515151515,2.8941764848746
11.0222222222222,125.151515151515,2.66753504523877
11.1474747474747,125.151515151515,2.43784920281557
11.2727272727273,125.151515151515,2.20539572149475
11.3979797979798,125.151515151515,1.97045136516609
11.5232323232323,125.151515151515,1.73329289771933
11.6484848484848,125.151515151515,1.49419708304424
11.7737373737374,125.151515151515,1.25344068503059
11.8989898989899,125.151515151515,1.01130046756812
12.0242424242424,125.151515151515,0.768053194546616
12.1494949494949,125.151515151515,0.523975629855823
12.2747474747475,125.151515151515,0.279344537385507
12.4,125.151515151515,0.0344366810254295
0,128.131313131313,6.2644518522947
0.125252525252525,128.131313131313,5.51193748959609
0.25050505050505,128.131313131313,4.76438099194848
0.375757575757576,128.131313131313,4.02674022440291
0.501010101010101,128.131313131313,3.30397305201038
0.626262626262626,128.131313131313,2.6010373398219
0.751515151515151,128.131313131313,1.9228909528885
0.876767676767677,128.131313131313,1.27449175626118
1.0020202020202,128.131313131313,0.660797614990954
1.12727272727273,128.131313131313,0.0867663941288417
1.25252525252525,128.131313131313,-0.442644041274144
1.37777777777778,128.131313131313,-0.92247582616699
1.5030303030303,128.131313131313,-1.34777109549868
1.62828282828283,128.131313131313,-1.71357198421821
1.75353535353535,128.131313131313,-2.01492062727455
1.87878787878788,128.131313131313,-2.2468591596167
2.0040404040404,128.131313131313,-2.40442971619363
2.12929292929293,128.131313131313,-2.48269942426687
2.25454545454545,128.131313131313,-2.48030561658681
2.37979797979798,128.131313131313,-2.40313457395841
2.50505050505051,128.131313131313,-2.25795116113637
2.63030303030303,128.131313131313,-2.05152024287535
2.75555555555556,128.131313131313,-1.79060668393002
2.88080808080808,128.131313131313,-1.48197534905507
3.00606060606061,128.131313131313,-1.13239110300516
3.13131313131313,128.131313131313,-0.748618810534976
3.25656565656566,128.131313131313,-0.337423336399188
3.38181818181818,128.131313131313,0.0944304546475263
3.50707070707071,128.131313131313,0.540177697850493
3.63232323232323,128.131313131313,0.993053528455037
3.75757575757576,128.131313131313,1.44629308170648
3.88282828282828,128.131313131313,1.89313149285016
4.00808080808081,128.131313131313,2.32680389713138
4.13333333333333,128.131313131313,2.74056891772135
4.25858585858586,128.131313131313,3.13012053459684
4.38383838383838,128.131313131313,3.49567821778926
4.50909090909091,128.131313131313,3.83795396090683
4.63434343434343,128.131313131313,4.15765975755784
4.75959595959596,128.131313131313,4.45550760135052
4.88484848484848,128.131313131313,4.73220948589313
5.01010101010101,128.131313131313,4.98847740479393
5.13535353535354,128.131313131313,5.22502335166116
5.26060606060606,128.131313131313,5.4425593201031
5.38585858585859,128.131313131313,5.64179730372799
5.51111111111111,128.131313131313,5.82344929614408
5.63636363636364,128.131313131313,5.98822729095964
5.76161616161616,128.131313131313,6.13684328178291
5.88686868686869,128.131313131313,6.27000926222215
6.01212121212121,128.131313131313,6.38843722588561
6.13737373737374,128.131313131313,6.4928142967069
6.26262626262626,128.131313131313,6.58356866899873
6.38787878787879,128.131313131313,6.66097478255984
6.51313131313131,128.131313131313,6.72530505083372
6.63838383838384,128.131313131313,6.77683188726383
6.76363636363636,128.131313131313,6.81582770529368
6.88888888888889,128.131313131313,6.84256491836675
7.01414141414141,128.131313131313,6.85731593992651
7.13939393939394,128.131313131313,6.86035318341646
7.26464646464646,128.131313131313,6.85194906228007
7.38989898989899,128.131313131313,6.83237598996083
7.51515151515152,128.131313131313,6.80190637990223
7.64040404040404,128.131313131313,6.76081264554775
7.76565656565657,128.131313131313,6.70936720034087
7.89090909090909,128.131313131313,6.64784245772508
8.01616161616162,128.131313131313,6.57651083114386
8.14141414141414,128.131313131313,6.4956447340407
8.26666666666667,128.131313131313,6.40551657985907
8.39191919191919,128.131313131313,6.30639878204247
8.51717171717172,128.131313131313,6.19856375403438
8.64242424242424,128.131313131313,6.08228390927828
8.76767676767677,128.131313131313,5.95783166121765
8.89292929292929,128.131313131313,5.82547942329599
9.01818181818182,128.131313131313,5.68549960895678
9.14343434343434,128.131313131313,5.53816463164349
9.26868686868687,128.131313131313,5.38374690479961
9.3939393939394,128.131313131313,5.22251884186863
9.51919191919192,128.131313131313,5.05475285629403
9.64444444444444,128.131313131313,4.8807213615193
9.76969696969697,128.131313131313,4.70069677098791
9.8949494949495,128.131313131313,4.51495149814336
10.020202020202,128.131313131313,4.32375795642913
10.1454545454545,128.131313131313,4.12738855928869
10.2707070707071,128.131313131313,3.92611572016555
10.3959595959596,128.131313131313,3.72021185250317
10.5212121212121,128.131313131313,3.50994936974505
10.6464646464646,128.131313131313,3.29560068533467
10.7717171717172,128.131313131313,3.07743821271551
10.8969696969697,128.131313131313,2.85573436533105
11.0222222222222,128.131313131313,2.63076155662479
11.1474747474747,128.131313131313,2.4027922000402
11.2727272727273,128.131313131313,2.17209870902076
11.3979797979798,128.131313131313,1.93895349700998
11.5232323232323,128.131313131313,1.70362897745132
11.6484848484848,128.131313131313,1.46639756378827
11.7737373737374,128.131313131313,1.22753166946431
11.8989898989899,128.131313131313,0.987303707922936
12.0242424242424,128.131313131313,0.745986092607627
12.1494949494949,128.131313131313,0.503851236961863
12.2747474747475,128.131313131313,0.261171554429129
12.4,128.131313131313,0.0182194584529122
0,131.111111111111,6.43770639970183
0.125252525252525,131.111111111111,5.66747171031721
0.25050505050505,131.111111111111,4.90229637219389
0.375757575757576,131.111111111111,4.14723973659319
0.501010101010101,131.111111111111,3.4073611547764
0.626262626262626,131.111111111111,2.68771997800482
0.751515151515151,131.111111111111,1.99337555753978
0.876767676767677,131.111111111111,1.32938724464257
1.0020202020202,131.111111111111,0.700814390574492
1.12727272727273,131.111111111111,0.112716346596856
1.25252525252525,131.111111111111,-0.429847536029033
1.37777777777778,131.111111111111,-0.921817906041869
1.5030303030303,131.111111111111,-1.35813541218035
1.62828282828283,131.111111111111,-1.73374070318317
1.75353535353535,131.111111111111,-2.04357442778901
1.87878787878788,131.111111111111,-2.28257723473659
2.0040404040404,131.111111111111,-2.44568977276459
2.12929292929293,131.111111111111,-2.52787825671778
2.25454545454545,131.111111111111,-2.52776107457066
2.37979797979798,131.111111111111,-2.4513719895152
2.50505050505051,131.111111111111,-2.30564351992797
2.63030303030303,131.111111111111,-2.09750818418559
2.75555555555556,131.111111111111,-1.83389850066462
2.88080808080808,131.111111111111,-1.52174698774168
3.00606060606061,131.111111111111,-1.16798616379334
3.13131313131313,131.111111111111,-0.779548547196194
3.25656565656566,131.111111111111,-0.36336665632684
3.38181818181818,131.111111111111,0.0736269904381306
3.50707070707071,131.111111111111,0.52449987472213
3.63232323232323,131.111111111111,0.982319478148569
3.75757575757576,131.111111111111,1.44015328234086
3.88282828282828,131.111111111111,1.8910687689224
4.00808080808081,131.111111111111,2.32813341951661
4.13333333333333,131.111111111111,2.74443897226304
4.25858585858586,131.111111111111,3.135592213758
4.38383838383838,131.111111111111,3.50187350727928
4.50909090909091,131.111111111111,3.84407185642342
4.63434343434343,131.111111111111,4.16297626478699
4.75959595959596,131.111111111111,4.45937573596654
4.88484848484848,131.111111111111,4.73405927355863
5.01010101010101,131.111111111111,4.9878158811598
5.13535353535354,131.111111111111,5.22143456236663
5.26060606060606,131.111111111111,5.43570432077566
5.38585858585859,131.111111111111,5.63141415998344
5.51111111111111,131.111111111111,5.80935308358655
5.63636363636364,131.111111111111,5.97031009518153
5.76161616161616,131.111111111111,6.11507419836493
5.88686868686869,131.111111111111,6.24443439673332
6.01212121212121,131.111111111111,6.35917969388325
6.13737373737374,131.111111111111,6.46006961750191
6.26262626262626,131.111111111111,6.54755680802768
6.38787878787879,131.111111111111,6.62191167375554
6.51313131313131,131.111111111111,6.68340222131403
6.63838383838384,131.111111111111,6.73229645733168
6.76363636363636,131.111111111111,6.76886238843701
6.88888888888889,131.111111111111,6.79336802125855
7.01414141414141,131.111111111111,6.80608136242483
7.13939393939394,131.111111111111,6.80727041856438
7.26464646464646,131.111111111111,6.79720319630573
7.38989898989899,131.111111111111,6.7761477022774
7.51515151515152,131.111111111111,6.74437194310792
7.64040404040404,131.111111111111,6.70214392542583
7.76565656565657,131.111111111111,6.64973165585966
7.89090909090909,131.111111111111,6.58740314103792
8.01616161616162,131.111111111111,6.51542638758915
8.14141414141414,131.111111111111,6.43406940214188
8.26666666666667,131.111111111111,6.34360019132464
8.39191919191919,131.111111111111,6.24428676176595
8.51717171717172,131.111111111111,6.13639712009435
8.64242424242424,131.111111111111,6.02019927293835
8.76767676767677,131.111111111111,5.8959612269265
8.89292929292929,131.111111111111,5.76395098868732
9.01818181818182,131.111111111111,5.62443656484934
9.14343434343434,131.111111111111,5.47768596204108
9.26868686868687,131.111111111111,5.32396718689108
9.3939393939394,131.111111111111,5.16354824602786
9.51919191919192,131.111111111111,4.99669714607996
9.64444444444444,131.111111111111,4.8236818936759
9.76969696969697,131.111111111111,4.6447704954442
9.8949494949495,131.111111111111,4.46023095801341
10.020202020202,131.111111111111,4.27033128801204
10.1454545454545,131.111111111111,4.07533949206863
10.2707070707071,131.111111111111,3.87552357681171
10.3959595959596,131.111111111111,3.6711515488698
10.5212121212121,131.111111111111,3.46249141487143
10.6464646464646,131.111111111111,3.24981118144513
10.7717171717172,131.111111111111,3.03337885521942
10.8969696969697,131.111111111111,2.81346244282285
11.0222222222222,131.111111111111,2.59032995088394
11.1474747474747,131.111111111111,2.3642493860312
11.2727272727273,131.111111111111,2.13548875489319
11.3979797979798,131.111111111111,1.90431606409841
11.5232323232323,131.111111111111,1.67099932027541
11.6484848484848,131.111111111111,1.4358065300527
11.7737373737374,131.111111111111,1.19900570005882
11.8989898989899,131.111111111111,0.960864836922303
12.0242424242424,131.111111111111,0.721651947271671
12.1494949494949,131.111111111111,0.48163503773545
12.2747474747475,131.111111111111,0.241082114942172
12.4,131.111111111111,0.000261185520364626
0,134.090909090909,6.60427361255388
0.125252525252525,134.090909090909,5.81734639585653
0.25050505050505,134.090909090909,5.03557153672537
0.375757575757576,134.090909090909,4.26410139272658
0.501010101010101,134.090909090909,3.50808832142634
0.626262626262626,134.090909090909,2.77268468039083
0.751515151515151,134.090909090909,2.06304282718625
0.876767676767677,134.090909090909,1.38431511937877
1.0020202020202,134.090909090909,0.741653914534575
1.12727272727273,134.090909090909,0.140211570219855
1.25252525252525,134.090909090909,-0.414859555999208
1.37777777777778,134.090909090909,-0.918407106556431
1.5030303030303,134.090909090909,-1.36527872388563
1.62828282828283,134.090909090909,-1.75032205042062
1.75353535353535,134.090909090909,-2.06838472859521
1.87878787878788,134.090909090909,-2.31431440084324
2.0040404040404,134.090909090909,-2.48295870959849
2.12929292929293,134.090909090909,-2.56919138847287
2.25454545454545,134.090909090909,-2.57161335186848
2.37979797979798,134.090909090909,-2.49639318501825
2.50505050505051,134.090909090909,-2.35061668680853
2.63030303030303,134.090909090909,-2.14136965612567
2.75555555555556,134.090909090909,-1.87573789185603
2.88080808080808,134.090909090909,-1.56080719288597
3.00606060606061,134.090909090909,-1.20366335810184
3.13131313131313,134.090909090909,-0.811392186389987
3.25656565656566,134.090909090909,-0.391079476636771
3.38181818181818,134.090909090909,0.0501889722714511
3.50707070707071,134.090909090909,0.505327361448328
3.63232323232323,134.090909090909,0.967249892007507
3.75757575757576,134.090909090909,1.42887076506263
3.88282828282828,134.090909090909,1.88310418172735
4.00808080808081,134.090909090909,2.32286434311531
4.13333333333333,134.090909090909,2.7410904132394
4.25858585858586,134.090909090909,3.1333098462369
4.38383838383838,134.090909090909,3.4998597739028
4.50909090909091,134.090909090909,3.84160078065598
4.63434343434343,134.090909090909,4.15939345091534
4.75959595959596,134.090909090909,4.45409836909977
4.88484848484848,134.090909090909,4.72657611962814
5.01010101010101,134.090909090909,4.97768728691935
5.13535353535354,134.090909090909,5.20829245539229
5.26060606060606,134.090909090909,5.41925220946585
5.38585858585859,134.090909090909,5.61142713355892
5.51111111111111,134.090909090909,5.78567781209039
5.63636363636364,134.090909090909,5.94286482947914
5.76161616161616,134.090909090909,6.08384877014407
5.88686868686869,134.090909090909,6.20949021850406
6.01212121212121,134.090909090909,6.320649758978
6.13737373737374,134.090909090909,6.4181541978689
6.26262626262626,134.090909090909,6.5024786619801
6.38787878787879,134.090909090909,6.57388944796885
6.51313131313131,134.090909090909,6.63265010028663
6.63838383838384,134.090909090909,6.67902416338493
6.76363636363636,134.090909090909,6.71327518171522
6.88888888888889,134.090909090909,6.73566669972898
7.01414141414141,134.090909090909,6.7464622618777
7.13939393939394,134.090909090909,6.74592541261284
7.26464646464646,134.090909090909,6.73431969638588
7.38989898989899,134.090909090909,6.71190865764831
7.51515151515152,134.090909090909,6.6789558408516
7.64040404040404,134.090909090909,6.63572479044723
7.76565656565657,134.090909090909,6.58247905088668
7.89090909090909,134.090909090909,6.51948216662142
8.01616161616162,134.090909090909,6.44699768210295
8.14141414141414,134.090909090909,6.36528914178273
8.26666666666667,134.090909090909,6.27462009011224
8.39191919191919,134.090909090909,6.17525407154297
8.51717171717172,134.090909090909,6.06745463052638
8.64242424242424,134.090909090909,5.95148531151396
8.76767676767677,134.090909090909,5.82760965895719
8.89292929292929,134.090909090909,5.69609121730754
9.01818181818182,134.090909090909,5.5571935310165
9.14343434343434,134.090909090909,5.41118014453554
9.26868686868687,134.090909090909,5.25831460231614
9.3939393939394,134.090909090909,5.09886044880978
9.51919191919192,134.090909090909,4.93308122846794
9.64444444444444,134.090909090909,4.76124048574209
9.76969696969697,134.090909090909,4.58360176508372
9.8949494949495,134.090909090909,4.4004286109443
10.020202020202,134.090909090909,4.21198456777531
10.1454545454545,134.090909090909,4.01853318002823
10.2707070707071,134.090909090909,3.82033799215454
10.3959595959596,134.090909090909,3.61766254860572
10.5212121212121,134.090909090909,3.41077039383324
10.6464646464646,134.090909090909,3.19992507228858
10.7717171717172,134.090909090909,2.98539012842323
10.8969696969697,134.090909090909,2.76742910668866
11.0222222222222,134.090909090909,2.54630555153634
11.1474747474747,134.090909090909,2.32228300741776
11.2727272727273,134.090909090909,2.0956250187844
11.3979797979798,134.090909090909,1.86659513008773
11.5232323232323,134.090909090909,1.63545688577924
11.6484848484848,134.090909090909,1.40247383031039
11.7737373737374,134.090909090909,1.16790950813268
11.8989898989899,134.090909090909,0.932027463697569
12.0242424242424,134.090909090909,0.695091241456551
12.1494949494949,134.090909090909,0.457364385861093
12.2747474747475,134.090909090909,0.219110441362679
12.4,134.090909090909,-0.019407047587213
0,137.070707070707,6.76427507875184
0.125252525252525,137.070707070707,5.96166444685372
0.25050505050505,137.070707070707,5.16429085310135
0.375757575757576,137.070707070707,4.37739133564049
0.501010101010101,137.070707070707,3.60620293261686
0.626262626262626,137.070707070707,2.85596268217623
0.751515151515151,137.070707070707,2.13190762246435
0.876767676767677,137.070707070707,1.43927479162696
1.0020202020202,137.070707070707,0.783301227809812
1.12727272727273,137.070707070707,0.169223969158656
1.25252525252525,137.070707070707,-0.397719946180758
1.37777777777778,137.070707070707,-0.912293480062682
1.5030303030303,137.070707070707,-1.36925959434137
1.62828282828283,137.070707070707,-1.76338125087106
1.75353535353535,137.070707070707,-2.08942141150603
1.87878787878788,137.070707070707,-2.3421430381005
2.0040404040404,137.070707070707,-2.51630909250874
2.12929292929293,137.070707070707,-2.60670910499933
2.25454545454545,137.070707070707,-2.61192796085637
2.37979797979798,137.070707070707,-2.53825663719582
2.50505050505051,137.070707070707,-2.39292010163095
2.63030303030303,137.070707070707,-2.18314332177506
2.75555555555556,137.070707070707,-1.9161512652414
2.88080808080808,137.070707070707,-1.59916889964327
3.00606060606061,137.070707070707,-1.23942119259394
3.13131313131313,137.070707070707,-0.844133111706673
3.25656565656566,137.070707070707,-0.420529624594758
3.38181818181818,137.070707070707,0.0241643011285292
3.50707070707071,137.070707070707,0.482723697849913
3.63232323232323,137.070707070707,0.947923597956118
3.75757575757576,137.070707070707,1.41253903383387
3.88282828282828,137.070707070707,1.86934503786988
4.00808080808081,137.070707070707,2.31111664245089
4.13333333333333,137.070707070707,2.73065448816978
4.25858585858586,137.070707070707,3.12341441470048
4.38383838383838,137.070707070707,3.48978627262103
4.50909090909091,137.070707070707,3.83069689671877
4.63434343434343,137.070707070707,4.14707312178109
4.75959595959596,137.070707070707,4.43984178259533
4.88484848484848,137.070707070707,4.70992971394886
5.01010101010101,137.070707070707,4.95826375062905
5.13535353535354,137.070707070707,5.18577072742325
5.26060606060606,137.070707070707,5.39337747911883
5.38585858585859,137.070707070707,5.58201084050315
5.51111111111111,137.070707070707,5.75259764636358
5.63636363636364,137.070707070707,5.90606473148747
5.76161616161616,137.070707070707,6.0433389306622
5.88686868686869,137.070707070707,6.16534707867511
6.01212121212121,137.070707070707,6.27301601031358
6.13737373737374,137.070707070707,6.36723477854293
6.26262626262626,137.070707070707,6.44849907240283
6.38787878787879,137.070707070707,6.5170709982358
6.51313131313131,137.070707070707,6.57320958396074
6.63838383838384,137.070707070707,6.61717385749659
6.76363636363636,137.070707070707,6.64922284676224
6.88888888888889,137.070707070707,6.66961557967663
7.01414141414141,137.070707070707,6.67861108415867
7.13939393939394,137.070707070707,6.67646838812728
7.26464646464646,137.070707070707,6.66344651950136
7.38989898989899,137.070707070707,6.63980450619985
7.51515151515152,137.070707070707,6.60580137614165
7.64040404040404,137.070707070707,6.56169615724569
7.76565656565657,137.070707070707,6.50774787743088
7.89090909090909,137.070707070707,6.44421556461613
8.01616161616162,137.070707070707,6.37135824672037
8.14141414141414,137.070707070707,6.28943495166252
8.26666666666667,137.070707070707,6.19870470736148
8.39191919191919,137.070707070707,6.09942654173618
8.51717171717172,137.070707070707,5.99185948270554
8.64242424242424,137.070707070707,5.87626255818846
8.76767676767677,137.070707070707,5.75289479610387
8.89292929292929,137.070707070707,5.62201522437068
9.01818181818182,137.070707070707,5.48388287090782
9.14343434343434,137.070707070707,5.3387567636342
9.26868686868687,137.070707070707,5.18689593046873
9.3939393939394,137.070707070707,5.02855939933034
9.51919191919192,137.070707070707,4.86400619813793
9.64444444444444,137.070707070707,4.69349535481043
9.76969696969697,137.070707070707,4.51728589726676
9.8949494949495,137.070707070707,4.33563685342583
10.020202020202,137.070707070707,4.14880725120655
10.1454545454545,137.070707070707,3.95705611852786
10.2707070707071,137.070707070707,3.76064248330865
10.3959595959596,137.070707070707,3.55982537346786
10.5212121212121,137.070707070707,3.35486381692439
10.6464646464646,137.070707070707,3.14601684159716
10.7717171717172,137.070707070707,2.9335434754051
10.8969696969697,137.070707070707,2.71770274626711
11.0222222222222,137.070707070707,2.49875368210212
11.1474747474747,137.070707070707,2.27695531082904
11.2727272727273,137.070707070707,2.05256666036679
11.3979797979798,137.070707070707,1.82584675863429
11.5232323232323,137.070707070707,1.59705463355045
11.6484848484848,137.070707070707,1.36644931303419
11.7737373737374,137.070707070707,1.13428982500443
11.8989898989899,137.070707070707,0.900835197380081
12.0242424242424,137.070707070707,0.666344458080068
12.1494949494949,137.070707070707,0.4310766350233
12.2747474747475,137.070707070707,0.195290756128699
12.4,137.070707070707,-0.0407541506848202
0,140.050505050505,6.91783238619672
0.125252525252525,140.050505050505,6.10052876394845
0.25050505050505,140.050505050505,5.28853868888028
0.375757575757576,140.050505050505,4.4871757081723
0.501010101010101,140.050505050505,3.70175336900462
0.626262626262626,140.050505050505,2.93758521855733
0.751515151515151,140.050505050505,2.19998480401053
0.876767676767677,140.050505050505,1.49426567254433
1.0020202020202,140.050505050505,0.825741371338811
1.12727272727273,140.050505050505,0.199725447574079
1.25252525252525,140.050505050505,-0.378468551569766
1.37777777777778,140.050505050505,-0.903527078912627
1.5030303030303,140.050505050505,-1.37013658727441
1.62828282828283,140.050505050505,-1.772983529475
1.75353535353535,140.050505050505,-2.10675435833432
1.87878787878788,140.050505050505,-2.36613552667227
2.0040404040404,140.050505050505,-2.54581348730874
2.12929292929293,140.050505050505,-2.64050169176436
2.25454545454545,140.050505050505,-2.64877041391043
2.37979797979798,140.050505050505,-2.57702082277615
2.50505050505051,140.050505050505,-2.43260320424819
2.63030303030303,140.050505050505,-2.22286784421321
2.75555555555556,140.050505050505,-1.95516502855789
2.88080808080808,140.050505050505,-1.63684504316889
3.00606060606061,140.050505050505,-1.2752581739329
3.13131313131313,140.050505050505,-0.877754706736567
3.25656565656566,140.050505050505,-0.451684927466575
3.38181818181818,140.050505050505,-0.00439912200959284
3.50707070707071,140.050505050505,0.456752423747711
3.63232323232323,140.050505050505,0.924419423918666
3.75757575757576,140.050505050505,1.3912515926166
3.88282828282828,140.050505050505,1.84989864395485
4.00808080808081,140.050505050505,2.29301029204674
4.13333333333333,140.050505050505,2.71326244457356
4.25858585858586,140.050505050505,3.1060469018157
4.38383838383838,140.050505050505,3.47180225839517
4.50909090909091,140.050505050505,3.81151636772604
4.63434343434343,140.050505050505,4.12617708322242
4.75959595959596,140.050505050505,4.41677225829837
4.88484848484848,140.050505050505,4.68428974636799
5.01010101010101,140.050505050505,4.92971740084537
5.13535353535354,140.050505050505,5.15404307514458
5.26060606060606,140.050505050505,5.35825462267972
5.38585858585859,140.050505050505,5.54333989686486
5.51111111111111,140.050505050505,5.7102867511141
5.63636363636364,140.050505050505,5.8600830388415
5.76161616161616,140.050505050505,5.99371661346118
5.88686868686869,140.050505050505,6.1121753283872
6.01212121212121,140.050505050505,6.21644703703365
6.13737373737374,140.050505050505,6.30747810025904
6.26262626262626,140.050505050505,6.38578288084273
6.38787878787879,140.050505050505,6.45161921759243
6.51313131313131,140.050505050505,6.50524156854559
6.63838383838384,140.050505050505,6.54690439173963
6.76363636363636,140.050505050505,6.57686214521198
6.88888888888889,140.050505050505,6.59536928700006
7.01414141414141,140.050505050505,6.6026802751413
7.13939393939394,140.050505050505,6.59904956767314
7.26464646464646,140.050505050505,6.584731622633
7.38989898989899,140.050505050505,6.5599808980583
7.51515151515152,140.050505050505,6.52505185198649
7.64040404040404,140.050505050505,6.48019894245497
7.76565656565657,140.050505050505,6.42567662750119
7.89090909090909,140.050505050505,6.36173936516257
8.01616161616162,140.050505050505,6.28864161347654
8.14141414141414,140.050505050505,6.20663783048052
8.26666666666667,140.050505050505,6.11598247421195
8.39191919191919,140.050505050505,6.01693000270826
8.51717171717172,140.050505050505,5.90973487400686
8.64242424242424,140.050505050505,5.79465154614519
8.76767676767677,140.050505050505,5.67193447716068
8.89292929292929,140.050505050505,5.54183812509076
9.01818181818182,140.050505050505,5.40461694797285
9.14343434343434,140.050505050505,5.26052540384438
9.26868686868687,140.050505050505,5.10981795074277
9.3939393939394,140.050505050505,4.95274904670547
9.51919191919192,140.050505050505,4.78957314976989
9.64444444444444,140.050505050505,4.62054471797347
9.76969696969697,140.050505050505,4.44591820935363
9.8949494949495,140.050505050505,4.2659480819478
10.020202020202,140.050505050505,4.08088879379341
10.1454545454545,140.050505050505,3.89099480292788
10.2707070707071,140.050505050505,3.69652056738865
10.3959595959596,140.050505050505,3.49772054521314
10.5212121212121,140.050505050505,3.29484919443878
10.6464646464646,140.050505050505,3.088160973103
10.7717171717172,140.050505050505,2.87791033924322
10.8969696969697,140.050505050505,2.66435175089688
11.0222222222222,140.050505050505,2.4477396661014
11.1474747474747,140.050505050505,2.22832854289422
11.2727272727273,140.050505050505,2.00637283931275
11.3979797979798,140.050505050505,1.78212701339443
11.5232323232323,140.050505050505,1.55584552317669
11.6484848484848,140.050505050505,1.32778282669695
11.7737373737374,140.050505050505,1.09819338199264
11.8989898989899,140.050505050505,0.867331647101186
12.0242424242424,140.050505050505,0.635452080060027
12.1494949494949,140.050505050505,0.402809138906579
12.2747474747475,140.050505050505,0.169657281678276
12.4,140.050505050505,-0.0637490335874559
0,143.030303030303,7.06506712278953
0.125252525252525,143.030303030303,6.23404224778038
0.25050505050505,143.030303030303,5.40839941162057
0.375757575757576,143.030303030303,4.59352065315943
0.501010101010101,143.030303030303,3.79478801124627
0.626262626262626,143.030303030303,3.01758352473044
0.751515151515151,143.030303030303,2.26728923246126
0.876767676767677,143.030303030303,1.54928717328806
1.0020202020202,143.030303030303,0.86895938606018
1.12727272727273,143.030303030303,0.231687909626942
1.25252525252525,143.030303030303,-0.357145217162319
1.37777777777778,143.030303030303,-0.892157955458273
1.5030303030303,143.030303030303,-1.36796826641159
1.62828282828283,143.030303030303,-1.77919411117294
1.75353535353535,143.030303030303,-2.12045345089299
1.87878787878788,143.030303030303,-2.38636424672241
2.0040404040404,143.030303030303,-2.57154445981188
2.12929292929293,143.030303030303,-2.67063943423515
2.25454545454545,143.030303030303,-2.68220622340678
2.37979797979798,143.030303030303,-2.6127442184875
2.50505050505051,143.030303030303,-2.46971543451315
2.63030303030303,143.030303030303,-2.26058188651958
2.75555555555556,143.030303030303,-1.99280558954263
2.88080808080808,143.030303030303,-1.67384855861815
3.00606060606061,143.030303030303,-1.31117280878199
3.13131313131313,143.030303030303,-0.912240355069988
3.25656565656566,143.030303030303,-0.484513212518
3.38181818181818,143.030303030303,-0.0354533961618741
3.50707070707071,143.030303030303,0.427477078962547
3.63232323232323,143.030303030303,0.896816197819416
3.75757575757576,143.030303030303,1.36510194537289
3.88282828282828,143.030303030303,1.82487230658711
4.00808080808081,143.030303030303,2.26866526642623
4.13333333333333,143.030303030303,2.68904552997011
4.25858585858586,143.030303030303,3.0813482902495
4.38383838383838,143.030303030303,3.44605698618643
4.50909090909091,143.030303030303,3.78421535679205
4.63434343434343,143.030303030303,4.09686714107753
4.75959595959596,143.030303030303,4.38505607805404
4.88484848484848,143.030303030303,4.64982590673274
5.01010101010101,143.030303030303,4.8922203661248
5.13535353535354,143.030303030303,5.11328319524139
5.26060606060606,143.030303030303,5.31405813309365
5.38585858585859,143.030303030303,5.49558891869278
5.51111111111111,143.030303030303,5.65891929104991
5.63636363636364,143.030303030303,5.80509298917623
5.76161616161616,143.030303030303,5.93515375208289
5.88686868686869,143.030303030303,6.05014531878106
6.01212121212121,143.030303030303,6.15111142828191
6.13737373737374,143.030303030303,6.23905090375231
6.26262626262626,143.030303030303,6.31449492884664
6.38787878787879,143.030303030303,6.37769699907481
6.51313131313131,143.030303030303,6.42890695025042
6.63838383838384,143.030303030303,6.46837461818706
6.76363636363636,143.030303030303,6.49634983869834
6.88888888888889,143.030303030303,6.51308244759784
7.01414141414141,143.030303030303,6.51882228069915
7.13939393939394,143.030303030303,6.51381917381588
7.26464646464646,143.030303030303,6.49832296276162
7.38989898989899,143.030303030303,6.47258348334997
7.51515151515152,143.030303030303,6.43685057139451
7.64040404040404,143.030303030303,6.39137406270885
7.76565656565657,143.030303030303,6.33640379310657
7.89090909090909,143.030303030303,6.27218959840128
8.01616161616162,143.030303030303,6.19898131440657
8.14141414141414,143.030303030303,6.11702877693603
8.26666666666667,143.030303030303,6.02658182180327
8.39191919191919,143.030303030303,5.92789028482187
8.51717171717172,143.030303030303,5.82120400180542
8.64242424242424,143.030303030303,5.70677280856753
8.76767676767677,143.030303030303,5.58484654092179
8.89292929292929,143.030303030303,5.45567503468179
9.01818181818182,143.030303030303,5.31950812566114
9.14343434343434,143.030303030303,5.17659564967342
9.26868686868687,143.030303030303,5.02718744253222
9.3939393939394,143.030303030303,4.87153334005115
9.51919191919192,143.030303030303,4.7098831780438
9.64444444444444,143.030303030303,4.54248679232377
9.76969696969697,143.030303030303,4.36959401870465
9.8949494949495,143.030303030303,4.19145469300002
10.020202020202,143.030303030303,4.0083186510235
10.1454545454545,143.030303030303,3.82043572858867
10.2707070707071,143.030303030303,3.62805576150914
10.3959595959596,143.030303030303,3.43142858559848
10.5212121212121,143.030303030303,3.23080403667031
10.6464646464646,143.030303030303,3.02643195053821
10.7717171717172,143.030303030303,2.81856216301578
10.8969696969697,143.030303030303,2.60744450991662
11.0222222222222,143.030303030303,2.39332882705431
11.1474747474747,143.030303030303,2.17646495024246
11.2727272727273,143.030303030303,1.95710271529466
11.3979797979798,143.030303030303,1.73549195802451
11.5232323232323,143.030303030303,1.51188251424559
11.6484848484848,143.030303030303,1.28652421977151
11.7737373737374,143.030303030303,1.05966691041586
11.8989898989899,143.030303030303,0.831560421992233
12.0242424242424,143.030303030303,0.60245459031423
12.1494949494949,143.030303030303,0.372599251195438
12.2747474747475,143.030303030303,0.142244240449457
12.4,143.030303030303,-0.0883606061101204
0,146.010101010101,7.20610087643125
0.125252525252525,146.010101010101,6.36230779898919
0.25050505050505,146.010101010101,5.52395738888068
0.375757575757576,146.010101010101,4.69649231343926
0.501010101010101,146.010101010101,3.88535523999847
0.626262626262626,146.010101010101,3.09598883589186
0.751515151515151,146.010101010101,2.33383576845297
0.876767676767677,146.010101010101,1.60433870501535
1.0020202020202,146.010101010101,0.912940312912527
1.12727272727273,146.010101010101,0.265083259478063
1.25252525252525,146.010101010101,-0.333789787954502
1.37777777777778,146.010101010101,-0.878236162051625
1.5030303030303,146.010101010101,-1.36281319547976
1.62828282828283,146.010101010101,-1.78207822090537
1.75353535353535,146.010101010101,-2.1305885709949
1.87878787878788,146.010101010101,-2.40290157841482
2.0040404040404,146.010101010101,-2.59357457583156
2.12929292929293,146.010101010101,-2.6971926178789
2.25454545454545,146.010101010101,-2.71230090172153
2.37979797979798,146.010101010101,-2.64548530105812
2.50505050505051,146.010101010101,-2.50430623227878
2.63030303030303,146.010101010101,-2.29632411177363
2.75555555555556,146.010101010101,-2.02909935593278
2.88080808080808,146.010101010101,-1.71019238114635
3.00606060606061,146.010101010101,-1.34716360380447
3.13131313131313,146.010101010101,-0.947573440297251
3.25656565656566,146.010101010101,-0.518982307014811
3.38181818181818,146.010101010101,-0.0689506203472724
3.50707070707071,146.010101010101,0.394961203315248
3.63232323232323,146.010101010101,0.865192747582633
3.75757575757576,146.010101010101,1.33418359606476
3.88282828282828,146.010101010101,1.79437333237152
4.00808080808081,146.010101010101,2.23820154011278
4.13333333333333,146.010101010101,2.65813499187881
4.25858585858586,146.010101010101,3.04945956266884
4.38383838383838,146.010101010101,3.41269971095602
4.50909090909091,146.010101010101,3.74895002703105
4.63434343434343,146.010101010101,4.05930510118463
4.75959595959596,146.010101010101,4.34485952370748
4.88484848484848,146.010101010101,4.6067078848903
5.01010101010101,146.010101010101,4.84594477502383
5.13535353535354,146.010101010101,5.06366478439874
5.26060606060606,146.010101010101,5.26096250330577
5.38585858585859,146.010101010101,5.43893252203562
5.51111111111111,146.010101010101,5.598669430879
5.63636363636364,146.010101010101,5.74126782012663
5.76161616161616,146.010101010101,5.86782228006921
5.88686868686869,146.010101010101,5.97942740099745
6.01212121212121,146.010101010101,6.07717777320206
6.13737373737374,146.010101010101,6.16211992975777
6.26262626262626,146.010101010101,6.2348000579614
6.38787878787879,146.010101010101,6.29546723571896
6.51313131313131,146.010101010101,6.34436662528445
6.63838383838384,146.010101010101,6.38174338891187
6.76363636363636,146.010101010101,6.40784268885524
6.88888888888889,146.010101010101,6.42290968736854
7.01414141414141,146.010101010101,6.42718954670577
7.13939393939394,146.010101010101,6.42092742912095
7.26464646464646,146.010101010101,6.40436849686806
7.38989898989899,146.010101010101,6.37775791220112
7.51515151515152,146.010101010101,6.34134083737412
7.64040404040404,146.010101010101,6.29536243464107
7.76565656565657,146.010101010101,6.24006786625596
7.89090909090909,146.010101010101,6.1757022944728
8.01616161616162,146.010101010101,6.10251088154559
8.14141414141414,146.010101010101,6.02073878972833
8.26666666666667,146.010101010101,5.93063118127502
8.39191919191919,146.010101010101,5.83243321843966
8.51717171717172,146.010101010101,5.72639006347626
8.64242424242424,146.010101010101,5.61274687863882
8.76767676767677,146.010101010101,5.49174882618134
8.89292929292929,146.010101010101,5.36364106835781
9.01818181818182,146.010101010101,5.22866876742224
9.14343434343434,146.010101010101,5.08707708562864
9.26868686868687,146.010101010101,4.93911118523099
9.3939393939394,146.010101010101,4.78501622848332
9.51919191919192,146.010101010101,4.62503737763961
9.64444444444444,146.010101010101,4.45941979495387
9.76969696969697,146.010101010101,4.2884086426801
9.8949494949495,146.010101010101,4.11224908307229
10.020202020202,146.010101010101,3.93118627838446
10.1454545454545,146.010101010101,3.7454653908706
10.2707070707071,146.010101010101,3.55533158278472
10.3959595959596,146.010101010101,3.36103001638082
10.5212121212121,146.010101010101,3.16280585391288
10.6464646464646,146.010101010101,2.96090425763493
10.7717171717172,146.010101010101,2.75557038980096
10.8969696969697,146.010101010101,2.54704941266497
11.0222222222222,146.010101010101,2.33558648848097
11.1474747474747,146.010101010101,2.12142677950294
11.2727272727273,146.010101010101,1.90481544798491
11.3979797979798,146.010101010101,1.68599765618086
11.5232323232323,146.010101010101,1.4652185663448
11.6484848484848,146.010101010101,1.24272334073073
11.7737373737374,146.010101010101,1.01875714159265
11.8989898989899,146.010101010101,0.793565131184569
12.0242424242424,146.010101010101,0.567392471760481
12.1494949494949,146.010101010101,0.340484325574386
12.2747474747475,146.010101010101,0.113085854880287
12.4,146.010101010101,-0.114557778067812
0,148.989898989899,7.34105523502289
0.125252525252525,148.989898989899,6.48542831821454
0.25050505050505,148.989898989899,5.63529698821903
0.375757575757576,148.989898989899,4.7961568318492
0.501010101010101,148.989898989899,3.97350343591788
0.626262626262626,148.989898989899,3.17283238723791
0.751515151515151,148.989898989899,2.39963927262212
0.876767676767677,148.989898989899,1.65941967888336
1.0020202020202,148.989898989899,0.957669192834462
1.12727272727273,148.989898989899,0.299883401288261
1.25252525252525,148.989898989899,-0.308442108942401
1.37777777777778,148.989898989899,-0.861811751044689
1.5030303030303,148.989898989899,-1.35472993820576
1.62828282828283,148.989898989899,-1.78170108361279
1.75353535353535,148.989898989899,-2.13722960045293
1.87878787878788,148.989898989899,-2.41581990191335
2.0040404040404,148.989898989899,-2.6119764011812
2.12929292929293,148.989898989899,-2.7202315281628
2.25454545454545,148.989898989899,-2.73911996123079
2.37979797979798,148.989898989899,-2.67530254721626
2.50505050505051,148.989898989899,-2.536425037398
2.63030303030303,148.989898989899,-2.33013318305481
2.75555555555556,148.989898989899,-2.06407273546548
2.88080808080808,148.989898989899,-1.74588944590882
3.00606060606061,148.989898989899,-1.38322906566362
3.13131313131313,148.989898989899,-0.983737346008674
3.25656565656566,148.989898989899,-0.555060038222784
3.38181818181818,148.989898989899,-0.104842893584747
3.50707070707071,148.989898989899,0.359268336626641
3.63232323232323,148.989898989899,0.829627901132584
3.75757575757576,148.989898989899,1.29859004865428
3.88282828282828,148.989898989899,1.75850902791294
4.00808080808081,148.989898989899,2.20173908762977
4.13333333333333,148.989898989899,2.62066207781901
4.25858585858586,148.989898989899,3.01052170174067
4.38383838383838,148.989898989899,3.37187968766516
4.50909090909091,148.989898989899,3.70587654155729
4.63434343434343,148.989898989899,4.0136527693819
4.75959595959596,148.989898989899,4.29634887710382
4.88484848484848,148.989898989899,4.55510537068788
5.01010101010101,148.989898989899,4.79106275609891
5.13535353535354,148.989898989899,5.00536153930174
5.26060606060606,148.989898989899,5.1991422262612
5.38585858585859,148.989898989899,5.37354532294213
5.51111111111111,148.989898989899,5.52971133530934
5.63636363636364,148.989898989899,5.66878076932769
5.76161616161616,148.989898989899,5.79189413096198
5.88686868686869,148.989898989899,5.90019192617707
6.01212121212121,148.989898989899,5.99481466093777
6.13737373737374,148.989898989899,6.07685191901049
6.26262626262626,148.989898989899,6.14686310973387
6.38787878787879,148.989898989899,6.20509282056093
6.51313131313131,148.989898989899,6.25178148985692
6.63838383838384,148.989898989899,6.28716955598706
6.76363636363636,148.989898989899,6.31149745731658
6.88888888888889,148.989898989899,6.32500563221072
7.01414141414141,148.989898989899,6.3279345190347
7.13939393939394,148.989898989899,6.32052455615376
7.26464646464646,148.989898989899,6.30301618193313
7.38989898989899,148.989898989899,6.27564983473803
7.51515151515152,148.989898989899,6.2386659529337
7.64040404040404,148.989898989899,6.19230497488538
7.76565656565657,148.989898989899,6.13680733895828
7.89090909090909,148.989898989899,6.07241348351764
8.01616161616162,148.989898989899,5.99936384692869
8.14141414141414,148.989898989899,5.91789886755667
8.26666666666667,148.989898989899,5.8282589837668
8.39191919191919,148.989898989899,5.73068463392431
8.51717171717172,148.989898989899,5.62541625639444
8.64242424242424,148.989898989899,5.51269428954241
8.76767676767677,148.989898989899,5.39275917173346
8.89292929292929,148.989898989899,5.26585134133281
9.01818181818182,148.989898989899,5.13221123670571
9.14343434343434,148.989898989899,4.99207929621737
9.26868686868687,148.989898989899,4.84569595823303
9.3939393939394,148.989898989899,4.69330166111793
9.51919191919192,148.989898989899,4.53513684323728
9.64444444444444,148.989898989899,4.37144194295632
9.76969696969697,148.989898989899,4.20245739864029
9.8949494949495,148.989898989899,4.02842364865442
10.020202020202,148.989898989899,3.84958113136392
10.1454545454545,148.989898989899,3.66617028513404
10.2707070707071,148.989898989899,3.47843154833001
10.3959595959596,148.989898989899,3.28660535931705
10.5212121212121,148.989898989899,3.0909321564604
10.6464646464646,148.989898989899,2.89165237812529
10.7717171717172,148.989898989899,2.68900646267694
10.8969696969697,148.989898989899,2.4832348484806
11.0222222222222,148.989898989899,2.27457797390149
11.1474747474747,148.989898989899,2.06327627730484
11.2727272727273,148.989898989899,1.84957019705588
11.3979797979798,148.989898989899,1.63370017151984
11.5232323232323,148.989898989899,1.41590663906196
11.6484848484848,148.989898989899,1.19643003804746
11.7737373737374,148.989898989899,0.975510806841577
11.8989898989899,148.989898989899,0.75338938380954
12.0242424242424,148.989898989899,0.530306207316582
12.1494949494949,148.989898989899,0.306501715727929
12.2747474747475,148.989898989899,0.0822163474088139
12.4,148.989898989899,-0.142309459275532
0,151.969696969697,7.47005178646546
0.125252525252525,151.969696969697,6.60350670609611
0.25050505050505,151.969696969697,5.74250257719407
0.375757575757576,151.969696969697,4.89258035122665
0.501010101010101,151.969696969697,4.05928097966115
0.626262626262626,151.969696969697,3.24814541396488
0.751515151515151,151.969696969697,2.46471460560516
0.876767676767677,151.969696969697,1.7145295060493
1.0020202020202,151.969696969697,1.00313106676459
1.12727272727273,151.969696969697,0.336060239218354
1.25252525252525,151.969696969697,-0.281142025122103
1.37777777777778,151.969696969697,-0.842934774789472
1.5030303030303,151.969696969697,-1.34377705831644
1.62828282828283,151.969696969697,-1.77812792423571
1.75353535353535,151.969696969697,-2.14044642107996
1.87878787878788,151.969696969697,-2.42519159738189
2.0040404040404,151.969696969697,-2.62682250167419
2.12929292929293,151.969696969697,-2.73982645055406
2.25454545454545,151.969696969697,-2.76272891431067
2.37979797979798,151.969696969697,-2.70225443369016
2.50505050505051,151.969696969697,-2.56612128972374
2.63030303030303,151.969696969697,-2.36204776344258
2.75555555555556,151.969696969697,-2.09775213587789
2.88080808080808,151.969696969697,-1.78095268806087
3.00606060606061,151.969696969697,-1.4193677010227
3.13131313131313,151.969696969697,-1.02071545579457
3.25656565656566,151.969696969697,-0.592714233407694
3.38181818181818,151.969696969697,-0.143082314893256
3.50707070707071,151.969696969697,0.320462018717552
3.63232323232323,151.969696969697,0.790200486393534
3.75757575757576,151.969696969697,1.2584148071035
3.88282828282828,151.969696969697,1.71738669981624
4.00808080808081,151.969696969697,2.15939788350058
4.13333333333333,151.969696969697,2.57675803531009
4.25858585858586,151.969696969697,2.96467569013194
4.38383838383838,151.969696969697,3.32374617127505
4.50909090909091,151.969696969697,3.65515106348504
4.63434343434343,151.969696969697,3.96007195150755
4.75959595959596,151.969696969697,4.23969042008822
4.88484848484848,151.969696969697,4.49518805397267
5.01010101010101,151.969696969697,4.72774643790654
5.13535353535354,151.969696969697,4.93854715663546
5.26060606060606,151.969696969697,5.12877179490508
5.38585858585859,151.969696969697,5.29960193746102
5.51111111111111,151.969696969697,5.45221916904891
5.63636363636364,151.969696969697,5.5878050744144
5.76161616161616,151.969696969697,5.70754123830311
5.88686868686869,151.969696969697,5.81260924546069
6.01212121212121,151.969696969697,5.90419068063275
6.13737373737374,151.969696969697,5.98341361224553
6.26262626262626,151.969696969697,6.05084892571088
6.38787878787879,151.969696969697,6.10673664663677
6.51313131313131,151.969696969697,6.15131244017706
6.63838383838384,151.969696969697,6.18481197148561
6.76363636363636,151.969696969697,6.20747090571629
6.88888888888889,151.969696969697,6.21952490802297
7.01414141414141,151.969696969697,6.22120964355952
7.13939393939394,151.969696969697,6.2127607774798
7.26464646464646,151.969696969697,6.19441397493767
7.38989898989899,151.969696969697,6.16640490108701
7.51515151515152,151.969696969697,6.12896922108168
7.64040404040404,151.969696969697,6.08234260007556
7.76565656565657,151.969696969697,6.02676070322249
7.89090909090909,151.969696969697,5.96245919567636
8.01616161616162,151.969696969697,5.88967374259102
8.14141414141414,151.969696969697,5.80864000912035
8.26666666666667,151.969696969697,5.71959366041822
8.39191919191919,151.969696969697,5.62277036163848
8.51717171717172,151.969696969697,5.51840577793501
8.64242424242424,151.969696969697,5.40673557446167
8.76767676767677,151.969696969697,5.28799541637232
8.89292929292929,151.969696969697,5.16242096882085
9.01818181818182,151.969696969697,5.03024789696111
9.14343434343434,151.969696969697,4.89171186594696
9.26868686868687,151.969696969697,4.74704854093228
9.3939393939394,151.969696969697,4.59649358707093
9.51919191919192,151.969696969697,4.44028266951678
9.64444444444444,151.969696969697,4.2786514534237
9.76969696969697,151.969696969697,4.11183560394555
9.8949494949495,151.969696969697,3.9400707862362
10.020202020202,151.969696969697,3.76359266544951
10.1454545454545,151.969696969697,3.58263690673936
10.2707070707071,151.969696969697,3.39743917525961
10.3959595959596,151.969696969697,3.20823513616412
10.5212121212121,151.969696969697,3.01526045460676
10.6464646464646,151.969696969697,2.81875079574141
10.7717171717172,151.969696969697,2.61894182472192
10.8969696969697,151.969696969697,2.41606920670216
11.0222222222222,151.969696969697,2.21036860683601
11.1474747474747,151.969696969697,2.00207569027731
11.2727272727273,151.969696969697,1.79142612217996
11.3979797979798,151.969696969697,1.5786555676978
11.5232323232323,151.969696969697,1.36399969198471
11.6484848484848,151.969696969697,1.14769416019455
11.7737373737374,151.969696969697,0.929974637481188
11.8989898989899,151.969696969697,0.711076788998494
12.0242424242424,151.969696969697,0.491236279900337
12.1494949494949,151.969696969697,0.270688775340577
12.2747474747475,151.969696969697,0.0496699404730832
12.4,151.969696969697,-0.171584559548277
0,154.949494949495,7.59321211865996
0.125252525252525,154.949494949495,6.71664586327356
0.25050505050505,154.949494949495,5.84565852336422
0.375757575757576,154.949494949495,4.98582901440899
0.501010101010101,154.949494949495,4.14273625188493
0.626262626262626,154.949494949495,3.3219591512691
0.751515151515151,154.949494949495,2.52907662803855
0.876767676767677,154.949494949495,1.76966759767034
1.0020202020202,154.949494949495,1.04931097564152
1.12727272727273,154.949494949495,0.37358567742916
1.25252525252525,154.949494949495,-0.251929381489691
1.37777777777778,154.949494949495,-0.821655285637977
1.5030303030303,154.949494949495,-1.33001311953864
1.62828282828283,154.949494949495,-1.77142396771462
1.75353535353535,154.949494949495,-2.14030891468887
1.87878787878788,154.949494949495,-2.43108904498433
2.0040404040404,154.949494949495,-2.63818544312393
2.12929292929293,154.949494949495,-2.75604767051987
2.25454545454545,154.949494949495,-2.78319327333727
2.37979797979798,154.949494949495,-2.72639943720808
2.50505050505051,154.949494949495,-2.59344442910892
2.63030303030303,154.949494949495,-2.3921065160164
2.75555555555556,154.949494949495,-2.13016396490716
2.88080808080808,154.949494949495,-1.8153950427578
3.00606060606061,154.949494949495,-1.45557801654497
3.13131313131313,154.949494949495,-1.05849115324527
3.25656565656566,154.949494949495,-0.631912719835321
3.38181818181818,154.949494949495,-0.183620983291757
3.50707070707071,154.949494949495,0.278605789408805
3.63232323232323,154.949494949495,0.746989331289747
3.75757575757576,154.949494949495,1.21375137537444
3.88282828282828,154.949494949495,1.67111365468628
4.00808080808081,154.949494949495,2.11129790224862
4.13333333333333,154.949494949495,2.52655411187142
4.25858585858586,154.949494949495,2.9120625105096
4.38383838383838,154.949494949495,3.2684484167469
4.50909090909091,154.949494949495,3.59692975592854
4.63434343434343,154.949494949495,3.89872445339977
4.75959595959596,154.949494949495,4.1750504345058
4.88484848484848,154.949494949495,4.42712562459186
5.01010101010101,154.949494949495,4.65616794900319
5.13535353535354,154.949494949495,4.863395333085
5.26060606060606,154.949494949495,5.05002570218254
5.38585858585859,154.949494949495,5.21727698164102
5.51111111111111,154.949494949495,5.36636709680568
5.63636363636364,154.949494949495,5.49851397302175
5.76161616161616,154.949494949495,5.61493553563445
5.88686868686869,154.949494949495,5.71684970998901
6.01212121212121,154.949494949495,5.80547442143066
6.13737373737374,154.949494949495,5.88197175019792
6.26262626262626,154.949494949495,5.94692234743929
6.38787878787879,154.949494949495,6.00056160698251
6.51313131313131,154.949494949495,6.04312037245409
6.63838383838384,154.949494949495,6.07482948748051
6.76363636363636,154.949494949495,6.09591979568826
6.88888888888889,154.949494949495,6.10662214070385
7.01414141414141,154.949494949495,6.10716736615376
7.13939393939394,154.949494949495,6.09778631566447
7.26464646464646,154.949494949495,6.0787098328625
7.38989898989899,154.949494949495,6.05016876137432
7.51515151515152,154.949494949495,6.01239394482644
7.64040404040404,154.949494949495,5.96561622684534
7.76565656565657,154.949494949495,5.91006645105752
7.89090909090909,154.949494949495,5.84597546108947
8.01616161616162,154.949494949495,5.77357410056768
8.14141414141414,154.949494949495,5.69309321311865
8.26666666666667,154.949494949495,5.60476364236887
8.39191919191919,154.949494949495,5.50881623194482
8.51717171717172,154.949494949495,5.40548182547302
8.64242424242424,154.949494949495,5.29499126657993
8.76767676767677,154.949494949495,5.17757539889207
8.89292929292929,154.949494949495,5.05346506603591
9.01818181818182,154.949494949495,4.92289111163797
9.14343434343434,154.949494949495,4.78608437932471
9.26868686868687,154.949494949495,4.64327571272265
9.3939393939394,154.949494949495,4.49469595545827
9.51919191919192,154.949494949495,4.34057595115807
9.64444444444444,154.949494949495,4.18114654344853
9.76969696969697,154.949494949495,4.01663857595616
9.8949494949495,154.949494949495,3.84728289230744
10.020202020202,154.949494949495,3.67331033612886
10.1454545454545,154.949494949495,3.49495175104692
10.2707070707071,154.949494949495,3.31243798068812
10.3959595959596,154.949494949495,3.12599986867894
10.5212121212121,154.949494949495,2.93586825864587
10.6464646464646,154.949494949495,2.74227399421542
10.7717171717172,154.949494949495,2.54544791901406
10.8969696969697,154.949494949495,2.34562087666831
11.0222222222222,154.949494949495,2.14302371080463
11.1474747474747,154.949494949495,1.93788726504954
11.2727272727273,154.949494949495,1.73044238302953
11.3979797979798,154.949494949495,1.52091990837107
11.5232323232323,154.949494949495,1.30955068470068
11.6484848484848,154.949494949495,1.09656555564484
11.7737373737374,154.949494949495,0.88219536483004
11.8989898989899,154.949494949495,0.666670955882778
12.0242424242424,154.949494949495,0.450223172429548
12.1494949494949,154.949494949495,0.233082858096837
12.2747474747475,154.949494949495,0.01548085651114
12.4,154.949494949495,-0.202351988701049
0,157.929292929293,7.71065781950739
0.125252525252525,157.929292929293,6.82494869038656
0.25050505050505,157.929292929293,5.94484919428792
0.375757575757576,157.929292929293,5.07596896423364
0.501010101010101,157.929292929293,4.22391763324589
0.626262626262626,157.929292929293,3.39430483434686
0.751515151515151,157.929292929293,2.59274020055873
0.876767676767677,157.929292929293,1.82483336490367
1.0020202020202,157.929292929293,1.09619396040387
1.12727272727273,157.929292929293,0.412431620081499
1.25252525252525,157.929292929293,-0.220844023041253
1.37777777777778,157.929292929293,-0.798023335942212
1.5030303030303,157.929292929293,-1.3134966855992
1.62828282828283,157.929292929293,-1.76165443899003
1.75353535353535,157.929292929293,-2.13688696309253
1.87878787878788,157.929292929293,-2.43358462488452
2.0040404040404,157.929292929293,-2.64613779134382
2.12929292929293,157.929292929293,-2.76896547352743
2.25454545454545,157.929292929293,-2.80057855068672
2.37979797979798,157.929292929293,-2.74779603449827
2.50505050505051,157.929292929293,-2.61844389540647
2.63030303030303,157.929292929293,-2.42034810385573
2.75555555555556,157.929292929293,-2.16133463029042
2.88080808080808,157.929292929293,-1.84922944515495
3.00606060606061,157.929292929293,-1.4918585188937
3.13131313131313,157.929292929293,-1.09704782195107
3.25656565656566,157.929292929293,-0.67262332477144
3.38181818181818,157.929292929293,-0.22641099779921
3.50707070707071,157.929292929293,0.233763188521229
3.63232323232323,157.929292929293,0.700073263745489
3.75757575757576,157.929292929293,1.16469325742918
3.88282828282828,157.929292929293,1.6197971991279
4.00808080808081,157.929292929293,2.05755911839727
4.13333333333333,157.929292929293,2.47018155502236
4.25858585858586,157.929292929293,2.85282314554059
4.38383838383838,157.929292929293,3.20613567904191
4.50909090909091,157.929292929293,3.53136878200206
4.63434343434343,157.929292929293,3.82977208089675
4.75959595959596,157.929292929293,4.10259520220171
4.88484848484848,157.929292929293,4.35108777239267
5.01010101010101,157.929292929293,4.57649941794534
5.13535353535354,157.929292929293,4.78007976533544
5.26060606060606,157.929292929293,4.96307844103871
5.38585858585859,157.929292929293,5.12674507153087
5.51111111111111,157.929292929293,5.27232928328763
5.63636363636364,157.929292929293,5.40108070278472
5.76161616161616,157.929292929293,5.51424895649786
5.88686868686869,157.929292929293,5.61308367090279
6.01212121212121,157.929292929293,5.69883447247521
6.13737373737374,157.929292929293,5.77269307360273
6.26262626262626,157.929292929293,5.83524821646593
6.38787878787879,157.929292929293,5.88673059463421
6.51313131313131,157.929292929293,5.92736618289726
6.63838383838384,157.929292929293,5.95738095604476
6.76363636363636,157.929292929293,5.97700088886642
6.88888888888889,157.929292929293,5.98645195615193
7.01414141414141,157.929292929293,5.98596013269097
7.13939393939394,157.929292929293,5.97575139327325
7.26464646464646,157.929292929293,5.95605171268845
7.38989898989899,157.929292929293,5.92708706572626
7.51515151515152,157.929292929293,5.88908342717638
7.64040404040404,157.929292929293,5.84226677182851
7.76565656565657,157.929292929293,5.78686307447232
7.89090909090909,157.929292929293,5.72309830989752
8.01616161616162,157.929292929293,5.6511984528938
8.14141414141414,157.929292929293,5.57138947825084
8.26666666666667,157.929292929293,5.48389736075835
8.39191919191919,157.929292929293,5.38894807520601
8.51717171717172,157.929292929293,5.28676759638352
8.64242424242424,157.929292929293,5.17758189908056
8.76767676767677,157.929292929293,5.06161695808684
8.89292929292929,157.929292929293,4.93909874819203
9.01818181818182,157.929292929293,4.81025324418585
9.14343434343434,157.929292929293,4.67530642085797
9.26868686868687,157.929292929293,4.53448425299809
9.3939393939394,157.929292929293,4.38801271539591
9.51919191919192,157.929292929293,4.23611778284111
9.64444444444444,157.929292929293,4.07902543012338
9.76969696969697,157.929292929293,3.91696163203243
9.8949494949495,157.929292929293,3.75015236335794
10.020202020202,157.929292929293,3.5788235988896
10.1454545454545,157.929292929293,3.4032013134171
10.2707070707071,157.929292929293,3.22351148173015
10.3959595959596,157.929292929293,3.03998007861842
10.5212121212121,157.929292929293,2.85283307887162
10.6464646464646,157.929292929293,2.66229645727944
10.7717171717172,157.929292929293,2.46859618863156
10.8969696969697,157.929292929293,2.27195824771768
11.0222222222222,157.929292929293,2.0726086093275
11.1474747474747,157.929292929293,1.8707732482507
11.2727272727273,157.929292929293,1.66667813927697
11.3979797979798,157.929292929293,1.46054925719602
11.5232323232323,157.929292929293,1.25261257679753
11.6484848484848,157.929292929293,1.04309407287119
11.7737373737374,157.929292929293,0.832219720206694
11.8989898989899,157.929292929293,0.620215493593739
12.0242424242424,157.929292929293,0.407307367822018
12.1494949494949,157.929292929293,0.193721317681217
12.2747474747475,157.929292929293,-0.0203166820389689
12.4,157.929292929293,-0.234580656548847
0,160.909090909091,7.82251047690875
0.125252525252525,160.909090909091,6.92851808807479
0.25050505050505,160.909090909091,6.0401589575236
0.375757575757576,160.909090909091,5.16306634353798
0.501010101010101,160.909090909091,4.30287350440067
0.626262626262626,160.909090909091,3.46521369839447
0.751515151515151,160.909090909091,2.65572018380215
0.876767676767677,160.909090909091,1.88002621890648
1.0020202020202,160.909090909091,1.14376506199023
1.12727272727273,160.909090909091,0.452569971336189
1.25252525252525,160.909090909091,-0.187925794772874
1.37777777777778,160.909090909091,-0.772088978054182
1.5030303030303,160.909090909091,-1.29428632022496
1.62828282828283,160.909090909091,-1.74888456300243
1.75353535353535,160.909090909091,-2.13025044810382
1.87878787878788,160.909090909091,-2.43275071724636
2.0040404040404,160.909090909091,-2.65075211214727
2.12929292929293,160.909090909091,-2.77865014504394
2.25454545454545,160.909090909091,-2.8149502587351
2.37979797979798,160.909090909091,-2.76650270228896
2.50505050505051,160.909090909091,-2.64116912846933
2.63030303030303,160.909090909091,-2.44681119004002
2.75555555555556,160.909090909091,-2.19129053976484
2.88080808080808,160.909090909091,-1.88246883040762
3.00606060606061,160.909090909091,-1.52820771473217
3.13131313131313,160.909090909091,-1.1363688455023
3.25656565656566,160.909090909091,-0.714813875481827
3.38181818181818,160.909090909091,-0.271404457434573
3.50707070707071,160.909090909091,0.185997755875649
3.63232323232323,160.909090909091,0.649531111685026
3.75757575757576,160.909090909091,1.11133395722974
3.88282828282828,160.909090909091,1.56354463974598
4.00808080808081,160.909090909091,1.99830150646992
4.13333333333333,160.909090909091,2.4077716122823
4.25858585858586,160.909090909091,2.78709857789187
4.38383838383838,160.909090909091,3.13695721312131
4.50909090909091,160.909090909091,3.45862430481984
4.63434343434343,160.909090909091,3.7533766398367
4.75959595959596,160.909090909091,4.02249100502111
4.88484848484848,160.909090909091,4.26724418722229
5.01010101010101,160.909090909091,4.48891297328947
5.13535353535354,160.909090909091,4.68877415007187
5.26060606060606,160.909090909091,4.86810450441874
5.38585858585859,160.909090909091,5.02818082317928
5.51111111111111,160.909090909091,5.17027989320272
5.63636363636364,160.909090909091,5.2956785013383
5.76161616161616,160.909090909091,5.40565343443524
5.88686868686869,160.909090909091,5.50148147934275
6.01212121212121,160.909090909091,5.58443942291009
6.13737373737374,160.909090909091,5.65574432319503
6.26262626262626,160.909090909091,5.71599137433767
6.38787878787879,160.909090909091,5.7654065026279
6.51313131313131,160.909090909091,5.80421076771578
6.63838383838384,160.909090909091,5.83262522925135
6.76363636363636,160.909090909091,5.85087094688467
6.88888888888889,160.909090909091,5.85916898026578
7.01414141414141,160.909090909091,5.85774038904473
7.13939393939394,160.909090909091,5.84680623287157
7.26464646464646,160.909090909091,5.82658757139635
7.38989898989899,160.909090909091,5.79730546426911
7.51515151515152,160.909090909091,5.75918097113991
7.64040404040404,160.909090909091,5.7124351516588
7.76565656565657,160.909090909091,5.65728906547583
7.89090909090909,160.909090909091,5.59396377224104
8.01616161616162,160.909090909091,5.52268033160448
8.14141414141414,160.909090909091,5.44365980321621
8.26666666666667,160.909090909091,5.35712324672626
8.39191919191919,160.909090909091,5.2632917217847
8.51717171717172,160.909090909091,5.16238628804157
8.64242424242424,160.909090909091,5.05462800514691
8.76767676767677,160.909090909091,4.94023793275078
8.89292929292929,160.909090909091,4.81943713050324
9.01818181818182,160.909090909091,4.69244665805432
9.14343434343434,160.909090909091,4.55948757505406
9.26868686868687,160.909090909091,4.42078094115254
9.3939393939394,160.909090909091,4.27654781599979
9.51919191919192,160.909090909091,4.12700925924586
9.64444444444444,160.909090909091,3.97238633054081
9.76969696969697,160.909090909091,3.81290008953467
9.8949494949495,160.909090909091,3.6487715958775
10.020202020202,160.909090909091,3.48022190921935
10.1454545454545,160.909090909091,3.30747208921027
10.2707070707071,160.909090909091,3.13074319550031
10.3959595959596,160.909090909091,2.95025628773951
10.5212121212121,160.909090909091,2.76623242557793
10.6464646464646,160.909090909091,2.57889266866561
10.7717171717172,160.909090909091,2.3884580766526
10.8969696969697,160.909090909091,2.19514970918896
11.0222222222222,160.909090909091,1.99918862592472
11.1474747474747,160.909090909091,1.80079588650995
11.2727272727273,160.909090909091,1.60019255059469
11.3979797979798,160.909090909091,1.39759967782898
11.5232323232323,160.909090909091,1.19323832786289
11.6484848484848,160.909090909091,0.987329560346445
11.7737373737374,160.909090909091,0.780094434929708
11.8989898989899,160.909090909091,0.571754011262727
12.0242424242424,160.909090909091,0.362529348995551
12.1494949494949,160.909090909091,0.152641507778226
12.2747474747475,160.909090909091,-0.0576884527391974
12.4,160.909090909091,-0.26823947290667
0,163.888888888889,7.92889167876503
0.125252525252525,163.888888888889,7.0274569569779
0.25050505050505,163.888888888889,6.13167218062971
0.375757575757576,163.888888888889,5.24718729515941
0.501010101010101,163.888888888889,4.37965224600594
0.626262626262626,163.888888888889,3.53471697860824
0.751515151515151,163.888888888889,2.71803143840527
0.876767676767677,163.888888888889,1.93524557083594
1.0020202020202,163.888888888889,1.19200932133922
1.12727272727273,163.888888888889,0.493972635354047
1.25252525252525,163.888888888889,-0.153214541680638
1.37777777777778,163.888888888889,-0.743902264325892
1.5030303030303,163.888888888889,-1.27244058714277
1.62828282828283,163.888888888889,-1.73317956469233
1.75353535353535,163.888888888889,-2.12046925153563
1.87878787878788,163.888888888889,-2.42865970223372
2.0040404040404,163.888888888889,-2.65210097134767
2.12929292929293,163.888888888889,-2.78517197053658
2.25454545454545,163.888888888889,-2.82637390985855
2.37979797979798,163.888888888889,-2.78257791730843
2.50505050505051,163.888888888889,-2.66166956815042
2.63030303030303,163.888888888889,-2.47153443764873
2.75555555555556,163.888888888889,-2.22005810106756
2.88080808080808,163.888888888889,-1.91512613367113
3.00606060606061,163.888888888889,-1.56462411072363
3.13131313131313,163.888888888889,-1.17643760748927
3.25656565656566,163.888888888889,-0.75845219923226
3.38181818181818,163.888888888889,-0.318553461216805
3.50707070707071,163.888888888889,0.135373031292891
3.63232323232323,163.888888888889,0.595441703032622
3.75757575757576,163.888888888889,1.05376697873818
3.88282828282828,163.888888888889,1.50246328314537
4.00808080808081,163.888888888889,1.93364504098997
4.13333333333333,163.888888888889,2.33945553117059
4.25858585858586,163.888888888889,2.71502979023039
4.38383838383838,163.888888888889,3.06106227394629
4.50909090909091,163.888888888889,3.37885248749615
4.63434343434343,163.888888888889,3.66969993605781
4.75959595959596,163.888888888889,3.93490412480912
4.88484848484848,163.888888888889,4.17576455892791
5.01010101010101,163.888888888889,4.39358074359206
5.13535353535354,163.888888888889,4.58965218397938
5.26060606060606,163.888888888889,4.76527838526774
5.38585858585859,163.888888888889,4.92175885263498
5.51111111111111,163.888888888889,5.06039309125894
5.63636363636364,163.888888888889,5.18248060631748
5.76161616161616,163.888888888889,5.28932090298843
5.88686868686869,163.888888888889,5.38221348644964
6.01212121212121,163.888888888889,5.46245786187897
6.13737373737374,163.888888888889,5.53129223970985
6.26262626262626,163.888888888889,5.58931666260133
6.38787878787879,163.888888888889,5.63675222399963
6.51313131313131,163.888888888889,5.6738150231189
6.63838383838384,163.888888888889,5.70072115917328
6.76363636363636,163.888888888889,5.71768673137692
6.88888888888889,163.888888888889,5.72492783894397
7.01414141414141,163.888888888889,5.72266058108857
7.13939393939394,163.888888888889,5.71110105702487
7.26464646464646,163.888888888889,5.69046536596701
7.38989898989899,163.888888888889,5.66096960712915
7.51515151515152,163.888888888889,5.62282987972543
7.64040404040404,163.888888888889,5.57626228296999
7.76565656565657,163.888888888889,5.52148291607698
7.89090909090909,163.888888888889,5.45870787826056
8.01616161616162,163.888888888889,5.38815326873485
8.14141414141414,163.888888888889,5.31003518671402
8.26666666666667,163.888888888889,5.2245697314122
8.39191919191919,163.888888888889,5.13197300204356
8.51717171717172,163.888888888889,5.03246109782222
8.64242424242424,163.888888888889,4.92625011796233
8.76767676767677,163.888888888889,4.81355616167806
8.89292929292929,163.888888888889,4.69459532818354
9.01818181818182,163.888888888889,4.56958371669291
9.14343434343434,163.888888888889,4.43873742642032
9.26868686868687,163.888888888889,4.30227255657993
9.3939393939394,163.888888888889,4.16040520638587
9.51919191919192,163.888888888889,4.01335147505229
9.64444444444444,163.888888888889,3.86132746179335
9.76969696969697,163.888888888889,3.70454926582318
9.8949494949495,163.888888888889,3.54323298635593
10.020202020202,163.888888888889,3.37759472260576
10.1454545454545,163.888888888889,3.2078505737868
10.2707070707071,163.888888888889,3.0342166391132
10.3959595959596,163.888888888889,2.85690901779911
10.5212121212121,163.888888888889,2.67614380905868
10.6464646464646,163.888888888889,2.49213711210605
10.7717171717172,163.888888888889,2.30510502615536
10.8969696969697,163.888888888889,2.11526365042078
11.0222222222222,163.888888888889,1.92282908411643
11.1474747474747,163.888888888889,1.72801742645647
11.2727272727273,163.888888888889,1.53104477665505
11.3979797979798,163.888888888889,1.33212723392631
11.5232323232323,163.888888888889,1.1314808974844
11.6484848484848,163.888888888889,0.929321866543456
11.7737373737374,163.888888888889,0.725866240317637
11.8989898989899,163.888888888889,0.521330118021084
12.0242424242424,163.888888888889,0.315929598867949
12.1494949494949,163.888888888889,0.109880782072371
12.2747474747475,163.888888888889,-0.0966002331514997
12.4,163.888888888889,-0.303297347589517
0,166.868686868687,8.02992301297725
0.125252525252525,166.868686868687,7.12186819773557
0.25050505050505,166.868686868687,6.21947323116468
0.375757575757576,166.868686868687,5.32839796193534
0.501010101010101,166.868686868687,4.45430223871835
0.626262626262626,166.868686868687,3.60284591018449
0.751515151515151,166.868686868687,2.77968882500453
0.876767676767677,166.868686868687,1.99049083184926
1.0020202020202,166.868686868687,1.24091177938945
1.12727272727273,166.868686868687,0.536611516295893
1.25252525252525,166.868686868687,-0.116750108760634
1.37777777777778,166.868686868687,-0.713513247109349
1.5030303030303,166.868686868687,-1.24801805007947
1.62828282828283,166.868686868687,-1.71460466900022
1.75353535353535,166.868686868687,-2.10761325520082
1.87878787878788,166.868686868687,-2.42138396001048
2.0040404040404,166.868686868687,-2.65025693475842
2.12929292929293,166.868686868687,-2.78860123547257
2.25454545454545,166.868686868687,-2.83491501643316
2.37979797979798,166.868686868687,-2.79608015628491
2.50505050505051,166.868686868687,-2.67999465430267
2.63030303030303,166.868686868687,-2.49455650976132
2.75555555555556,166.868686868687,-2.24766372193573
2.88080808080808,166.868686868687,-1.94721429010078
3.00606060606061,166.868686868687,-1.60110621353135
3.13131313131313,166.868686868687,-1.2172374915023
3.25656565656566,166.868686868687,-0.803506123288515
3.38181818181818,166.868686868687,-0.367810108164863
3.50707070707071,166.868686868687,0.0819525545937802
3.63232323232323,166.868686868687,0.537883865712543
3.75757575757576,166.868686868687,0.992085825916551
3.88282828282828,166.868686868687,1.43666043593093
4.00808080808081,166.868686868687,1.8637096964808
4.13333333333333,166.868686868687,2.26536455920661
4.25858585858586,166.868686868687,2.63675776522309
4.38383838383838,166.868686868687,2.97860011647807
4.50909090909091,166.868686868687,3.29220949314523
4.63434343434343,166.868686868687,3.57890377539827
4.75959595959596,166.868686868687,3.84000084341088
4.88484848484848,166.868686868687,4.07681857735675
5.01010101010101,166.868686868687,4.29067485740958
5.13535353535354,166.868686868687,4.48288756374305
5.26060606060606,166.868686868687,4.65477457653086
5.38585858585859,166.868686868687,4.8076537759467
5.51111111111111,166.868686868687,4.94284304216426
5.63636363636364,166.868686868687,5.06166025535723
5.76161616161616,166.868686868687,5.16542329569931
5.88686868686869,166.868686868687,5.25545004336419
6.01212121212121,166.868686868687,5.33305837852555
6.13737373737374,166.868686868687,5.39950356388225
6.26262626262626,166.868686868687,5.45538892280377
6.38787878787879,166.868686868687,5.50093065178544
6.51313131313131,166.868686868687,5.53633984531584
6.63838383838384,166.868686868687,5.56182759788353
6.76363636363636,166.868686868687,5.57760500397709
6.88888888888889,166.868686868687,5.58388315808507
7.01414141414141,166.868686868687,5.58087315469605
7.13939393939394,166.868686868687,5.5687860882986
7.26464646464646,166.868686868687,5.54783305338128
7.38989898989899,166.868686868687,5.51822514443267
7.51515151515152,166.868686868687,5.48017345594132
7.64040404040404,166.868686868687,5.43388908239582
7.76565656565657,166.868686868687,5.37958311828473
7.89090909090909,166.868686868687,5.3174666580966
8.01616161616162,166.868686868687,5.24775079632002
8.14141414141414,166.868686868687,5.17064662744356
8.26666666666667,166.868686868687,5.08636524595578
8.39191919191919,166.868686868687,4.99511774634524
8.51717171717172,166.868686868687,4.89711522310052
8.64242424242424,166.868686868687,4.79256877071019
8.76767676767677,166.868686868687,4.68168948366281
8.89292929292929,166.868686868687,4.56468845644695
9.01818181818182,166.868686868687,4.44177678355118
9.14343434343434,166.868686868687,4.31316555946407
9.26868686868687,166.868686868687,4.17906587867418
9.3939393939394,166.868686868687,4.0396888356701
9.51919191919192,166.868686868687,3.89524552494036
9.64444444444444,166.868686868687,3.74594704097357
9.76969696969697,166.868686868687,3.59200447825827
9.8949494949495,166.868686868687,3.43362893128304
10.020202020202,166.868686868687,3.27103149453644
10.1454545454545,166.868686868687,3.10442326250705
10.2707070707071,166.868686868687,2.93401532968343
10.3959595959596,166.868686868687,2.76001879055415
10.5212121212121,166.868686868687,2.58264473960778
10.6464646464646,166.868686868687,2.40210427133288
10.7717171717172,166.868686868687,2.21860848021803
10.8969696969697,166.868686868687,2.0323684607518
11.0222222222222,166.868686868687,1.84359530742274
11.1474747474747,166.868686868687,1.65250011471944
11.2727272727273,166.868686868687,1.45929397713045
11.3979797979798,166.868686868687,1.26418798914434
11.5232323232323,166.868686868687,1.0673932452497
11.6484848484848,166.868686868687,0.869120839935073
11.7737373737374,166.868686868687,0.669581867689038
11.8989898989899,166.868686868687,0.468987423000161
12.0242424242424,166.868686868687,0.267548600357015
12.1494949494949,166.868686868687,0.065476494248161
12.2747474747475,166.868686868687,-0.137017800837829
12.4,166.868686868687,-0.339723190412388
0,169.848484848485,8.1257260674464
0.125252525252525,169.848484848485,7.21185471098747
0.25050505050505,169.848484848485,6.30364647668693
0.375757575757576,169.848484848485,5.40676448670317
0.501010101010101,169.848484848485,4.52687186319456
0.626262626262626,169.848484848485,3.66963172831951
0.751515151515151,169.848484848485,2.84070720423639
0.876767676767677,169.848484848485,2.0457614131036
1.0020202020202,169.848484848485,1.29045747707952
1.12727272727273,169.848484848485,0.580458518322545
1.25252525252525,169.848484848485,-0.0785723410089445
1.37777777777778,169.848484848485,-0.680971978756559
1.5030303030303,169.848484848485,-1.22107727276191
1.62828282828283,169.848484848485,-1.69322510086661
1.75353535353535,169.848484848485,-2.09175234091227
1.87878787878788,169.848484848485,-2.41099587074051
2.0040404040404,169.848484848485,-2.64529256819293
2.12929292929293,169.848484848485,-2.78900822531908
2.25454545454545,169.848484848485,-2.84063909083505
2.37979797979798,169.848484848485,-2.80706789594665
2.50505050505051,169.848484848485,-2.696193826779
2.63030303030303,169.848484848485,-2.51591606945724
2.75555555555556,169.848484848485,-2.2741338101065
2.88080808080808,169.848484848485,-1.97874623485191
3.00606060606061,169.848484848485,-1.6376525298186
3.13131313131313,169.848484848485,-1.25875188113171
3.25656565656566,169.848484848485,-0.84994347491637
3.38181818181818,169.848484848485,-0.419126497297707
3.50707070707071,169.848484848485,0.0257998655991456
3.63232323232323,169.848484848485,0.476936427649055
3.75757575757576,169.848484848485,0.926384002726892
3.88282828282828,169.848484848485,1.36624340470752
4.00808080808081,169.848484848485,1.78861544746581
4.13333333333333,169.848484848485,2.18562994390973
4.25858585858586,169.848484848485,2.55242348553694
4.38383838383838,169.848484848485,2.88971999567785
4.50909090909091,169.848484848485,3.19885148488134
4.63434343434343,169.848484848485,3.48114996369629
4.75959595959596,169.848484848485,3.73794744267155
4.88484848484848,169.848484848485,3.970575932356
5.01010101010101,169.848484848485,4.18036744329852
5.13535353535354,169.848484848485,4.36865398604797
5.26060606060606,169.848484848485,4.53676757115323
5.38585858585859,169.848484848485,4.68604020916317
5.51111111111111,169.848484848485,4.81780391062665
5.63636363636364,169.848484848485,4.93339068609256
5.76161616161616,169.848484848485,5.03413254610976
5.88686868686869,169.848484848485,5.12136150122712
6.01212121212121,169.848484848485,5.19640956199353
6.13737373737374,169.848484848485,5.2605450364473
6.26262626262626,169.848484848485,5.31437299649184
6.38787878787879,169.848484848485,5.35810467902138
6.51313131313131,169.848484848485,5.39194613051584
6.63838383838384,169.848484848485,5.4161033974551
6.76363636363636,169.848484848485,5.43078252631908
6.88888888888889,169.848484848485,5.43618956358765
7.01414141414141,169.848484848485,5.43253055574073
7.13939393939394,169.848484848485,5.42001154925821
7.26464646464646,169.848484848485,5.39883859061998
7.38989898989899,169.848484848485,5.36921772630595
7.51515151515152,169.848484848485,5.33135500279601
7.64040404040404,169.848484848485,5.28545646657006
7.76565656565657,169.848484848485,5.231728164108
7.89090909090909,169.848484848485,5.17037614188972
8.01616161616162,169.848484848485,5.10160644639513
8.14141414141414,169.848484848485,5.02562512410412
8.26666666666667,169.848484848485,4.94263822149658
8.39191919191919,169.848484848485,4.85285178505242
8.51717171717172,169.848484848485,4.75647186125154
8.64242424242424,169.848484848485,4.65370449657383
8.76767676767677,169.848484848485,4.54475573749918
8.89292929292929,169.848484848485,4.4298316305075
9.01818181818182,169.848484848485,4.30913822207869
9.14343434343434,169.848484848485,4.18288155869264
9.26868686868687,169.848484848485,4.05126768682925
9.3939393939394,169.848484848485,3.91450265296842
9.51919191919192,169.848484848485,3.77279250359004
9.64444444444444,169.848484848485,3.62634328517401
9.76969696969697,169.848484848485,3.47536104420024
9.8949494949495,169.848484848485,3.32005182714861
10.020202020202,169.848484848485,3.16062168049903
10.1454545454545,169.848484848485,2.9972766507314
10.2707070707071,169.848484848485,2.83022278432561
10.3959595959596,169.848484848485,2.65966612776155
10.5212121212121,169.848484848485,2.48581272751913
10.6464646464646,169.848484848485,2.30886863007825
10.7717171717172,169.848484848485,2.1290398819188
10.8969696969697,169.848484848485,1.94653252952068
11.0222222222222,169.848484848485,1.76155261936378
11.1474747474747,169.848484848485,1.57430619792801
11.2727272727273,169.848484848485,1.38499931169327
11.3979797979798,169.848484848485,1.19383800713944
11.5232323232323,169.848484848485,1.00102833074644
11.6484848484848,169.848484848485,0.806776328994147
11.7737373737374,169.848484848485,0.611288048362471
11.8989898989899,169.848484848485,0.414769535331306
12.0242424242424,169.848484848485,0.217426836380553
12.1494949494949,169.848484848485,0.0194659979901037
12.2747474747475,169.848484848485,-0.178906933360141
12.4,169.848484848485,-0.377485911190282
0,172.828282828283,8.2164224300735
0.125252525252525,172.828282828283,7.29751939737327
0.25050505050505,172.828282828283,6.38427628475491
0.375757575757576,172.828282828283,5.48235301230028
0.501010101010101,172.828282828283,4.59740950009122
0.626262626262626,172.828282828283,3.73510566820961
0.751515151515151,172.828282828283,2.9011014367373
0.876767676767677,172.828282828283,2.10105672575616
1.0020202020202,172.828282828283,1.34063145534805
1.12727272727273,172.828282828283,0.625485545594821
1.25252525252525,172.828282828283,-0.0387210834216571
1.37777777777778,172.828282828283,-0.646328511619526
1.5030303030303,172.828282828283,-1.19167681891692
1.62828282828283,172.828282828283,-1.66910608523199
1.75353535353535,172.828282828283,-2.07295639048287
1.87878787878788,172.828282828283,-2.39756781458769
2.0040404040404,172.828282828283,-2.6372804374646
2.12929292929293,172.828282828283,-2.78646322554333
2.25454545454545,172.828282828283,-2.84361164544033
2.37979797979798,172.828282828283,-2.81559961302191
2.50505050505051,172.828282828283,-2.71031652543235
2.63030303030303,172.828282828283,-2.53565177981596
2.75555555555556,172.828282828283,-2.29949477331701
2.88080808080808,172.828282828283,-2.00973490307982
3.00606060606061,172.828282828283,-1.67426156624865
3.13131313131313,172.828282828283,-1.30096415996782
3.25656565656566,172.828282828283,-0.897732081381599
3.38181818181818,172.828282828283,-0.472454727634294
3.50707070707071,172.828282828283,-0.0330214958701896
3.63232323232323,172.828282828283,0.412678216766423
3.75757575757576,172.828282828283,0.856755013131252
3.88282828282828,172.828282828283,1.29131949608
4.00808080808081,172.828282828283,1.70848226846839
4.13333333333333,172.828282828283,2.10038293279932
4.25858585858586,172.828282828283,2.46216793383887
4.38383838383838,172.828282828283,2.79457116650685
4.50909090909091,172.828282828283,3.09893462581875
4.63434343434343,172.828282828283,3.37660030679005
4.75959595959596,172.828282828283,3.62891020443626
4.88484848484848,172.828282828283,3.85720631377286
5.01010101010101,172.828282828283,4.06283062981536
5.13535353535354,172.828282828283,4.24712514757923
5.26060606060606,172.828282828283,4.41143186207999
5.38585858585859,172.828282828283,4.55709276833311
5.51111111111111,172.828282828283,4.6854498613541
5.63636363636364,172.828282828283,4.79784513615845
5.76161616161616,172.828282828283,4.89562058776165
5.88686868686869,172.828282828283,4.98011821117919
6.01212121212121,172.828282828283,5.05268000142658
6.13737373737374,172.828282828283,5.11458339814004
6.26262626262626,172.828282828283,5.16643372521237
6.38787878787879,172.828282828283,5.20843719874349
6.51313131313131,172.828282828283,5.24079477492812
6.63838383838384,172.828282828283,5.26370740996099
6.76363636363636,172.828282828283,5.2773760600368
6.88888888888889,172.828282828283,5.28200168135029
7.01414141414141,172.828282828283,5.27778523009616
7.13939393939394,172.828282828283,5.26492766246914
7.26464646464646,172.828282828283,5.24362993466394
7.38989898989899,172.828282828283,5.21409300287528
7.51515151515152,172.828282828283,5.17651782329788
7.64040404040404,172.828282828283,5.13110535212647
7.76565656565657,172.828282828283,5.07805654555575
7.89090909090909,172.828282828283,5.01757235978044
8.01616161616162,172.828282828283,4.94985375099527
8.14141414141414,172.828282828283,4.87510167539496
8.26666666666667,172.828282828283,4.79351708917422
8.39191919191919,172.828282828283,4.70530094852776
8.51717171717172,172.828282828283,4.61065420965032
8.64242424242424,172.828282828283,4.50977782873659
8.76767676767677,172.828282828283,4.40287276198132
8.89292929292929,172.828282828283,4.29013996557921
9.01818181818182,172.828282828283,4.17178039572499
9.14343434343434,172.828282828283,4.04799500861336
9.26868686868687,172.828282828283,3.91898476043906
9.3939393939394,172.828282828283,3.78495060739679
9.51919191919192,172.828282828283,3.64609350568128
9.64444444444444,172.828282828283,3.50261441148724
9.76969696969697,172.828282828283,3.3547142810094
9.8949494949495,172.828282828283,3.20259407044247
10.020202020202,172.828282828283,3.04645473598116
10.1454545454545,172.828282828283,2.88649723382021
10.2707070707071,172.828282828283,2.72292252015433
10.3959595959596,172.828282828283,2.55593155117823
10.5212121212121,172.828282828283,2.38572528308664
10.6464646464646,172.828282828283,2.21250467207426
10.7717171717172,172.828282828283,2.03647067433583
10.8969696969697,172.828282828283,1.85782424606606
11.0222222222222,172.828282828283,1.67676634345967
11.1474747474747,172.828282828283,1.49349792271137
11.2727272727273,172.828282828283,1.30821994001589
11.3979797979798,172.828282828283,1.12113335156795
11.5232323232323,172.828282828283,0.932439113562252
11.6484848484848,172.828282828283,0.742338182193527
11.7737373737374,172.828282828283,0.551031513656492
11.8989898989899,172.828282828283,0.358720064145864
12.0242424242424,172.828282828283,0.165604789856365
12.1494949494949,172.828282828283,-0.0281133530172926
12.2747474747475,172.828282828283,-0.222233408280387
12.4,172.828282828283,-0.4165544197382
0,175.808080808081,8.30213368875952
0.125252525252525,175.808080808081,7.37896515753264
0.25050505050505,175.808080808081,6.46144702292705
0.375757575757576,175.808080808081,5.55522968156407
0.501010101010101,175.808080808081,4.66596353006499
0.626262626262626,175.808080808081,3.7992989650511
0.751515151515151,175.808080808081,2.96088638314372
0.876767676767677,175.808080808081,2.15637618096413
1.0020202020202,175.808080808081,1.39141875513364
1.12727272727273,175.808080808081,0.67166450227354
1.25252525252525,175.808080808081,0.00276381900514316
1.37777777777778,175.808080808081,-0.609632898050257
1.5030303030303,175.808080808081,-1.15987525227136
1.62828282828283,175.808080808081,-1.64231284703687
1.75353535353535,175.808080808081,-2.05129528572548
1.87878787878788,175.808080808081,-2.3811721717159
2.0040404040404,175.808080808081,-2.62629310838682
2.12929292929293,175.808080808081,-2.78103652161251
2.25454545454545,175.808080808081,-2.8438981926251
2.37979797979798,175.808080808081,-2.82173378423892
2.50505050505051,175.808080808081,-2.72241219011564
2.63030303030303,175.808080808081,-2.55380230391692
2.75555555555556,175.808080808081,-2.32377301930442
2.88080808080808,175.808080808081,-2.04019322993982
3.00606060606061,175.808080808081,-1.71093182948477
3.13131313131313,175.808080808081,-1.34385771160093
3.25656565656566,175.808080808081,-0.946839769949983
3.38181818181818,175.808080808081,-0.527746898193583
3.50707070707071,175.808080808081,-0.0944479899933969
3.63232323232323,175.808080808081,0.345188060988912
3.75757575757576,175.808080808081,0.78329236109168
3.88282828282828,175.808080808081,1.21199601665324
4.00808080808081,175.808080808081,1.62343013401193
4.13333333333333,175.808080808081,2.00975477339474
4.25858585858586,175.808080808081,2.36613209279585
4.38383838383838,175.808080808081,2.69330288392628
4.50909090909091,175.808080808081,2.99261507907169
4.63434343434343,175.808080808081,3.26541661051776
4.75959595959596,175.808080808081,3.51305541055016
4.88484848484848,175.808080808081,3.73687941145453
5.01010101010101,175.808080808081,3.93823654551657
5.13535353535354,175.808080808081,4.11847474502192
5.26060606060606,175.808080808081,4.27894194225626
5.38585858585859,175.808080808081,4.42098606950526
5.51111111111111,175.808080808081,4.54595505905457
5.63636363636364,175.808080808081,4.65519684318988
5.76161616161616,175.808080808081,4.75005935419684
5.88686868686869,175.808080808081,4.83189052436112
6.01212121212121,175.808080808081,4.9020382859684
6.13737373737374,175.808080808081,4.96178538969553
6.26262626262626,175.808080808081,5.01173595051222
6.38787878787879,175.808080808081,5.05209110398781
6.51313131313131,175.808080808081,5.08304667476193
6.63838383838384,175.808080808081,5.10479848747418
6.76363636363636,175.808080808081,5.11754236676418
6.88888888888889,175.808080808081,5.12147413727155
7.01414141414141,175.808080808081,5.1167896236359
7.13939393939394,175.808080808081,5.10368465049683
7.26464646464646,175.808080808081,5.08235504249398
7.38989898989899,175.808080808081,5.05299662426694
7.51515151515152,175.808080808081,5.01580522045534
7.64040404040404,175.808080808081,4.9709766556988
7.76565656565657,175.808080808081,4.91870675463691
7.89090909090909,175.808080808081,4.8591913419093
8.01616161616162,175.808080808081,4.79262624215558
8.14141414141414,175.808080808081,4.71920728001537
8.26666666666667,175.808080808081,4.63913028012827
8.39191919191919,175.808080808081,4.55259106713392
8.51717171717172,175.808080808081,4.45978546567191
8.64242424242424,175.808080808081,4.36090930038186
8.76767676767677,175.808080808081,4.25615839590339
8.89292929292929,175.808080808081,4.1457285768761
9.01818181818182,175.808080808081,4.02981566793963
9.14343434343434,175.808080808081,3.90861549373357
9.26868686868687,175.808080808081,3.78232387889754
9.3939393939394,175.808080808081,3.65113664807116
9.51919191919192,175.808080808081,3.51524962589404
9.64444444444444,175.808080808081,3.37485863700581
9.76969696969697,175.808080808081,3.23015950604605
9.8949494949495,175.808080808081,3.0813480576544
10.020202020202,175.808080808081,2.92862011647047
10.1454545454545,175.808080808081,2.77217150713387
10.2707070707071,175.808080808081,2.61219805428421
10.3959595959596,175.808080808081,2.44889558256112
10.5212121212121,175.808080808081,2.2824599166042
10.6464646464646,175.808080808081,2.11308688105306
10.7717171717172,175.808080808081,1.94097230054733
10.8969696969697,175.808080808081,1.76631199972662
11.0222222222222,175.808080808081,1.58930180323053
11.1474747474747,175.808080808081,1.41013753569869
11.2727272727273,175.808080808081,1.22901502177071
11.3979797979798,175.808080808081,1.0461300860862
11.5232323232323,175.808080808081,0.861678553284784
11.6484848484848,175.808080808081,0.675856248006065
11.7737373737374,175.808080808081,0.488858994889659
11.8989898989899,175.808080808081,0.300882618575184
12.0242424242424,175.808080808081,0.112122943702254
12.1494949494949,175.808080808081,-0.0772242050895199
12.2747474747475,175.808080808081,-0.266963003160523
12.4,175.808080808081,-0.45689762587114
0,178.787878787879,8.38298143140548
0.125252525252525,178.787878787879,7.45629489210524
0.25050505050505,178.787878787879,6.53524305876179
0.375757575757576,178.787878787879,5.62546063733195
0.501010101010101,178.787878787879,4.73258233377252
0.626262626262626,178.787878787879,3.86224285404029
0.751515151515151,178.787878787879,3.02007690409208
0.876767676767677,178.787878787879,2.21171918988468
1.0020202020202,178.787878787879,1.44280441737489
1.12727272727273,178.787878787879,0.718967292519521
1.25252525252525,178.787878787879,0.0458425212753706
1.37777777777778,178.787878787879,-0.570935190400758
1.5030303030303,178.787878787879,-1.12573113655206
1.62828282828283,178.787878787879,-1.61291061122174
1.75353535353535,178.787878787879,-2.02683890845299
1.87878787878788,178.787878787879,-2.36188132228902
2.0040404040404,178.787878787879,-2.61240314677301
2.12929292929293,178.787878787879,-2.77279839899382
2.25454545454545,178.787878787879,-2.84156424476548
2.37979797979798,178.787878787879,-2.82552888632596
2.50505050505051,178.787878787879,-2.73253026068181
2.63030303030303,178.787878787879,-2.57040630483959
2.75555555555556,178.787878787879,-2.34699495580588
2.88080808080808,178.787878787879,-2.07013415058723
3.00606060606061,178.787878787879,-1.74766182619021
3.13131313131313,178.787878787879,-1.38741591962138
3.25656565656566,178.787878787879,-0.997234367887295
3.38181818181818,178.787878787879,-0.584955107994533
3.50707070707071,178.787878787879,-0.158416076949651
3.63232323232323,178.787878787879,0.274544788240788
3.75757575757576,178.787878787879,0.706089550570221
3.88282828282828,178.787878787879,1.12838027303209
4.00808080808081,178.787878787879,1.53357901861982
4.13333333333333,178.787878787879,1.91387671321537
4.25858585858586,178.787878787879,2.26445694507481
4.38383838383838,178.787878787879,2.58606440289733
4.50909090909091,178.787878787879,2.88004900775443
4.63434343434343,178.787878787879,3.14776068071762
4.75959595959596,178.787878787879,3.39054934285838
4.88484848484848,178.787878787879,3.60976491524821
5.01010101010101,178.787878787879,3.80675731895863
5.13535353535354,178.787878787879,3.98287647506112
5.26060606060606,178.787878787879,4.13947230462718
5.38585858585859,178.787878787879,4.27789472872833
5.51111111111111,178.787878787879,4.39949366843604
5.63636363636364,178.787878787879,4.50561904482184
5.76161616161616,178.787878787879,4.59762077895721
5.88686868686869,178.787878787879,4.67684879191365
6.01212121212121,178.787878787879,4.74465300476267
6.13737373737374,178.787878787879,4.80231775184882
6.26262626262626,178.787878787879,4.85044451393823
6.38787878787879,178.787878787879,4.88922928779039
6.51313131313131,178.787878787879,4.91886272622648
6.63838383838384,178.787878787879,4.93953548206766
6.76363636363636,178.787878787879,4.95143820813511
6.88888888888889,178.787878787879,4.95476155725
7.01414141414141,178.787878787879,4.94969618223348
7.13939393939394,178.787878787879,4.93643273590674
7.26464646464646,178.787878787879,4.91516187109093
7.38989898989899,178.787878787879,4.88607424060722
7.51515151515152,178.787878787879,4.84936049727679
7.64040404040404,178.787878787879,4.8052112939208
7.76565656565657,178.787878787879,4.75381728336042
7.89090909090909,178.787878787879,4.69536911841682
8.01616161616162,178.787878787879,4.63005745191116
8.14141414141414,178.787878787879,4.55807293666462
8.26666666666667,178.787878787879,4.47960622549837
8.39191919191919,178.787878787879,4.39484797123356
8.51717171717172,178.787878787879,4.30398882669137
8.64242424242424,178.787878787879,4.20721944469297
8.76767676767677,178.787878787879,4.10473047805952
8.89292929292929,178.787878787879,3.9967125796122
9.01818181818182,178.787878787879,3.88335640217216
9.14343434343434,178.787878787879,3.76485259856059
9.26868686868687,178.787878787879,3.64139182159864
9.3939393939394,178.787878787879,3.51316472410749
9.51919191919192,178.787878787879,3.3803619589083
9.64444444444444,178.787878787879,3.24317417882225
9.76969696969697,178.787878787879,3.1017920366705
9.8949494949495,178.787878787879,2.95640618527422
10.020202020202,178.787878787879,2.80720727745457
10.1454545454545,178.787878787879,2.65438596603272
10.2707070707071,178.787878787879,2.49813290382986
10.3959595959596,178.787878787879,2.33863874366713
10.5212121212121,178.787878787879,2.17609413836571
10.6464646464646,178.787878787879,2.01068974074677
10.7717171717172,178.787878787879,1.84261620363147
10.8969696969697,178.787878787879,1.67206417984099
11.0222222222222,178.787878787879,1.49922432219649
11.1474747474747,178.787878787879,1.32428728351914
11.2727272727273,178.787878787879,1.14744371663011
11.3979797979798,178.787878787879,0.968884274350562
11.5232323232323,178.787878787879,0.788799609501674
11.6484848484848,178.787878787879,0.607380374904606
11.7737373737374,178.787878787879,0.424817223380529
11.8989898989899,178.787878787879,0.241300807750611
12.0242424242424,178.787878787879,0.0570217808360242
12.1494949494949,178.787878787879,-0.12782920454207
12.2747474747475,178.787878787879,-0.313061495562502
12.4,178.787878787879,-0.498484439404101
0,181.767676767677,8.45908724591239
0.125252525252525,181.767676767677,7.52961150173074
0.25050505050505,181.767676767677,6.60574875981756
0.375757575757576,181.767676767677,5.69311202244132
0.501010101010101,181.767676767677,4.79731429187047
0.626262626262626,181.767676767677,3.92396857037349
0.751515151515151,181.767676767677,3.07868786021885
0.876767676767677,181.767676767677,2.267085163675
1.0020202020202,181.767676767677,1.49477348301043
1.12727272727273,181.767676767677,0.767365820493581
1.25252525252525,181.767676767677,0.0904751783929394
1.37777777777778,181.767676767677,-0.530285441023035
1.5030303030303,181.767676767677,-1.08930303548587
1.62828282828283,181.767676767677,-1.58096460272711
1.75353535353535,181.767676767677,-1.99965714047828
1.87878787878788,181.767676767677,-2.33976764647092
2.0040404040404,181.767676767677,-2.59568311843655
2.12929292929293,181.767676767677,-2.76181914315445
2.25454545454545,181.767676767677,-2.83667531423758
2.37979797979798,181.767676767677,-2.82704339601125
2.50505050505051,181.767676767677,-2.74072017698377
2.63030303030303,181.767676767677,-2.58550244566343
2.75555555555556,181.767676767677,-2.36918699055853
2.88080808080808,181.767676767677,-2.09957060017737
3.00606060606061,181.767676767677,-1.78445006302825
3.13131313131313,181.767676767677,-1.43162216761946
3.25656565656566,181.767676767677,-1.04888370245931
3.38181818181818,181.767676767677,-0.644031456056103
3.50707070707071,181.767676767677,-0.224862216918127
3.63232323232323,181.767676767677,0.200827226446315
3.75757575757576,181.767676767677,0.625240085528925
3.88282828282828,181.767676767677,1.0405795718214
4.00808080808081,181.767676767677,1.43904889681545
4.13333333333333,181.767676767677,1.81287999978058
4.25858585858586,181.767676767677,2.15728347334272
4.38383838383838,181.767676767677,2.47300497838123
4.50909090909091,181.767676767677,2.76139257498123
4.63434343434343,181.767676767677,3.02379432322781
4.75959595959596,181.767676767677,3.26155828320607
4.88484848484848,181.767676767677,3.4760325150011
5.01010101010101,181.767676767677,3.66856507869802
5.13535353535354,181.767676767677,3.84050403438191
5.26060606060606,181.767676767677,3.99319744213789
5.38585858585859,181.767676767677,4.12799336205105
5.51111111111111,181.767676767677,4.24623985420649
5.63636363636364,181.767676767677,4.34928497868932
5.76161616161616,181.767676767677,4.43847679558462
5.88686868686869,181.767676767677,4.51516336497751
6.01212121212121,181.767676767677,4.58069274695308
6.13737373737374,181.767676767677,4.63634722533498
6.26262626262626,181.767676767677,4.68272425703724
6.38787878787879,181.767676767677,4.72001464318727
6.51313131313131,181.767676767677,4.74840382553101
6.63838383838384,181.767676767677,4.76807724581444
6.76363636363636,181.767676767677,4.77922034578352
6.88888888888889,181.767676767677,4.78201856718421
7.01414141414141,181.767676767677,4.77665735176248
7.13939393939394,181.767676767677,4.7633221412643
7.26464646464646,181.767676767677,4.74219837743561
7.38989898989899,181.767676767677,4.7134715020224
7.51515151515152,181.767676767677,4.67732695677063
7.64040404040404,181.767676767677,4.63395018342625
7.76565656565657,181.767676767677,4.58352662373523
7.89090909090909,181.767676767677,4.52624171944355
8.01616161616162,181.767676767677,4.46228091229715
8.14141414141414,181.767676767677,4.391829644042
8.26666666666667,181.767676767677,4.31507335642408
8.39191919191919,181.767676767677,4.23219749118934
8.51717171717172,181.767676767677,4.14338749008375
8.64242424242424,181.767676767677,4.04882879485327
8.76767676767677,181.767676767677,3.94870684724387
8.89292929292929,181.767676767677,3.8432070890015
9.01818181818182,181.767676767677,3.73251496187214
9.14343434343434,181.767676767677,3.61681590760175
9.26868686868687,181.767676767677,3.49629536793629
9.3939393939394,181.767676767677,3.37113878462172
9.51919191919192,181.767676767677,3.24153159940402
9.64444444444444,181.767676767677,3.10765925402914
9.76969696969697,181.767676767677,2.96970719024305
9.8949494949495,181.767676767677,2.82786084979172
10.020202020202,181.767676767677,2.6823056744211
10.1454545454545,181.767676767677,2.53322710587716
10.2707070707071,181.767676767677,2.38081058590587
10.3959595959596,181.767676767677,2.22524155625319
10.5212121212121,181.767676767677,2.06670545866508
10.6464646464646,181.767676767677,1.90538773488751
10.7717171717172,181.767676767677,1.74147382666644
10.8969696969697,181.767676767677,1.57514917574784
11.0222222222222,181.767676767677,1.40659922387767
11.1474747474747,181.767676767677,1.23600941280189
11.2727272727273,181.767676767677,1.06356518426647
11.3979797979798,181.767676767677,0.88945198001737
11.5232323232323,181.767676767677,0.713855241800562
11.6484848484848,181.767676767677,0.536960411362003
11.7737373737374,181.767676767677,0.35895293044766
11.8989898989899,181.767676767677,0.180018240803496
12.0242424242424,181.767676767677,0.000341784175477094
12.1494949494949,181.767676767677,-0.179890997690436
12.2747474747475,181.767676767677,-0.360494663048278
12.4,181.767676767677,-0.541283770152084
0,184.747474747475,8.53057272018123
0.125252525252525,184.747474747475,7.59901788704882
0.25050505050505,184.747474747475,6.6730484936528
0.375757575757576,184.747474747475,5.75824997972956
0.501010101010101,184.747474747475,4.86020778501549
0.626262626262626,184.747474747475,3.984507349247
0.751515151515151,184.747474747475,3.13673411216047
0.876767676767677,184.747474747475,2.32247351349229
1.0020202020202,184.747474747475,1.54731099297884
1.12727272727273,184.747474747475,0.81683199035654
1.25252525252525,184.747474747475,0.136621945361764
1.37777777777778,184.747474747475,-0.487733702269091
1.5030303030303,184.747474747475,-1.05064951279963
1.62828282828283,184.747474747475,-1.54654004649348
1.75353535353535,184.747474747475,-1.96981986361422
1.87878787878788,184.747474747475,-2.31490352442548
2.0040404040404,184.747474747475,-2.57620558919086
2.12929292929293,184.747474747475,-2.74816903956159
2.25454545454545,184.747474747475,-2.8292969134175
2.37979797979798,184.747474747475,-2.82633579002306
2.50505050505051,184.747474747475,-2.74703137887447
2.63030303030303,184.747474747475,-2.59912938946789
2.75555555555556,184.747474747475,-2.39037553129952
2.88080808080808,184.747474747475,-2.12851551386555
3.00606060606061,184.747474747475,-1.82129504666215
3.13131313131313,184.747474747475,-1.47645983918551
3.25656565656566,184.747474747475,-1.10175560093182
3.38181818181818,184.747474747475,-0.70492804139725
3.50707070707071,184.747474747475,-0.293722870077998
3.63232323232323,184.747474747475,0.124114203529759
3.75757575757576,184.747474747475,0.540837469929837
3.88282828282828,184.747474747475,0.948701219626047
4.00808080808081,184.747474747475,1.33995974312221
4.13333333333333,184.747474747475,1.70689588060973
4.25858585858586,184.747474747475,2.04475266026651
4.38383838383838,184.747474747475,2.35427386533919
4.50909090909091,184.747474747475,2.63680194386633
4.63434343434343,184.747474747475,2.89367934388653
4.75959595959596,184.747474747475,3.12624851343836
4.88484848484848,184.747474747475,3.3358519005604
5.01010101010101,184.747474747475,3.52383195329122
5.13535353535354,184.747474747475,3.6915311196694
5.26060606060606,184.747474747475,3.84029184773352
5.38585858585859,184.747474747475,3.97145658552216
5.51111111111111,184.747474747475,4.08636778107389
5.63636363636364,184.747474747475,4.1863678824273
5.76161616161616,184.747474747475,4.27279933762095
5.88686868686869,184.747474747475,4.34700459469344
6.01212121212121,184.747474747475,4.41032610168333
6.13737373737374,184.747474747475,4.46404055088905
6.26262626262626,184.747474747475,4.50874002135611
6.38787878787879,184.747474747475,4.54461006321449
6.51313131313131,184.747474747475,4.57183086888476
6.63838383838384,184.747474747475,4.5905826307875
6.76363636363636,184.747474747475,4.6010455413433
6.88888888888889,184.747474747475,4.60339979297276
7.01414141414141,184.747474747475,4.59782557809645
7.13939393939394,184.747474747475,4.58450308913496
7.26464646464646,184.747474747475,4.56361251850887
7.38989898989899,184.747474747475,4.53533405863877
7.51515151515152,184.747474747475,4.49984790194525
7.64040404040404,184.747474747475,4.45733424084889
7.76565656565657,184.747474747475,4.40797326777028
7.89090909090909,184.747474747475,4.35194517513
8.01616161616162,184.747474747475,4.28943015534864
8.14141414141414,184.747474747475,4.22060840084679
8.26666666666667,184.747474747475,4.14566010404502
8.39191919191919,184.747474747475,4.06476545736394
8.51717171717172,184.747474747475,3.97810465322411
8.64242424242424,184.747474747475,3.88585788404613
8.76767676767677,184.747474747475,3.78820534225057
8.89292929292929,184.747474747475,3.68532722025804
9.01818181818182,184.747474747475,3.57740371048912
9.14343434343434,184.747474747475,3.46461500536438
9.26868686868687,184.747474747475,3.34714129730441
9.3939393939394,184.747474747475,3.22516277872981
9.51919191919192,184.747474747475,3.09885964206115
9.64444444444444,184.747474747475,2.96841207971902
9.76969696969697,184.747474747475,2.83400028412402
9.8949494949495,184.747474747475,2.69580444769671
10.020202020202,184.747474747475,2.55400476285769
10.1454545454545,184.747474747475,2.40878142202754
10.2707070707071,184.747474747475,2.26031461762686
10.3959595959596,184.747474747475,2.10878454207622
10.5212121212121,184.747474747475,1.9543713877962
10.6464646464646,184.747474747475,1.79725534720741
10.7717171717172,184.747474747475,1.63761661273042
10.8969696969697,184.747474747475,1.47563537678581
11.0222222222222,184.747474747475,1.31149183179418
11.1474747474747,184.747474747475,1.14536617017611
11.2727272727273,184.747474747475,0.977438584352175
11.3979797979798,184.747474747475,0.807889266742975
11.5232323232323,184.747474747475,0.636898409769091
11.6484848484848,184.747474747475,0.464646205851106
11.7737373737374,184.747474747475,0.291312847409608
11.8989898989899,184.747474747475,0.117078526865183
12.0242424242424,184.747474747475,-0.0578765633615839
12.1494949494949,184.747474747475,-0.233372230850109
12.2747474747475,184.747474747475,-0.409228283179805
12.4,184.747474747475,-0.585264527930087
0,187.727272727273,8.59755944211303
0.125252525252525,187.727272727273,7.66461694869914
0.25050505050505,187.727272727273,6.73722662782593
0.375757575757576,187.727272727273,5.82094065203408
0.501010101010101,187.727272727273,4.92131119386425
0.626262626262626,187.727272727273,4.04389042585713
0.751515151515151,187.727272727273,3.19423052055339
0.876767676767677,187.727272727273,2.37788365049371
1.0020202020202,187.727272727273,1.60040198821876
1.12727272727273,187.727272727273,0.867337706269215
1.25252525252525,187.727272727273,0.184242977185759
1.37777777777778,187.727272727273,-0.443330026490936
1.5030303030303,187.727272727273,-1.00982913222019
1.62828282828283,187.727272727273,-1.50970216746134
1.75353535353535,187.727272727273,-1.93739695967369
1.87878787878788,187.727272727273,-2.28736133631658
2.0040404040404,187.727272727273,-2.55404312484932
2.12929292929293,187.727272727273,-2.73191837368246
2.25454545454545,187.727272727273,-2.81949455468136
2.37979797979798,187.727272727273,-2.82346454508964
2.50505050505051,187.727272727273,-2.75151330620682
2.63030303030303,187.727272727273,-2.61132579933243
2.75555555555556,187.727272727273,-2.41058698576601
2.88080808080808,187.727272727273,-2.15698182680708
3.00606060606061,187.727272727273,-1.85819528375518
3.13131313131313,187.727272727273,-1.52191231790984
3.25656565656566,187.727272727273,-1.15581789057058
3.38181818181818,187.727272727273,-0.767596963036933
3.50707070707071,187.727272727273,-0.364934496608436
3.63232323232323,187.727272727273,0.0444845474153869
3.75757575757576,187.727272727273,0.452975207735004
3.88282828282828,187.727272727273,0.852852523050885
4.00808080808081,187.727272727273,1.2364315320635
4.13333333333333,187.727272727273,1.5960556032222
4.25858585858586,187.727272727273,1.92700548851314
4.38383838383838,187.727272727273,2.2300203187324
4.50909090909091,187.727272727273,2.506433277524
4.63434343434343,187.727272727273,2.75757754853199
4.75959595959596,187.727272727273,2.98478631540041
4.88484848484848,187.727272727273,3.1893927617733
5.01010101010101,187.727272727273,3.3727300712947
5.13535353535354,187.727272727273,3.53613142760865
5.26060606060606,187.727272727273,3.6809300143592
5.38585858585859,187.727272727273,3.80845901519037
5.51111111111111,187.727272727273,3.92005161374621
5.63636363636364,187.727272727273,4.01704099367077
5.76161616161616,187.727272727273,4.10076033860807
5.88686868686869,187.727272727273,4.17254283220217
6.01212121212121,187.727272727273,4.2337216580971
6.13737373737374,187.727272727273,4.28556446924608
6.26262626262626,187.727272727273,4.32865664844168
6.38787878787879,187.727272727273,4.3631784409081
6.51313131313131,187.727272727273,4.38930475249694
6.63838383838384,187.727272727273,4.40721048905983
6.76363636363636,187.727272727273,4.41707055644838
6.88888888888889,187.727272727273,4.4190598605142
7.01414141414141,187.727272727273,4.41335330710892
7.13939393939394,187.727272727273,4.40012580208415
7.26464646464646,187.727272727273,4.37955225129151
7.38989898989899,187.727272727273,4.3518075605826
7.51515151515152,187.727272727273,4.31706663580906
7.64040404040404,187.727272727273,4.27550438282249
7.76565656565657,187.727272727273,4.2272957074745
7.89090909090909,187.727272727273,4.17261551561673
8.01616161616162,187.727272727273,4.11163871310077
8.14141414141414,187.727272727273,4.04454020577825
8.26666666666667,187.727272727273,3.97149489950079
8.39191919191919,187.727272727273,3.89267770012
8.51717171717172,187.727272727273,3.80826351348749
8.64242424242424,187.727272727273,3.71842724545488
8.76767676767677,187.727272727273,3.6233438018738
8.89292929292929,187.727272727273,3.52318808859585
9.01818181818182,187.727272727273,3.41813501147264
9.14343434343434,187.727272727273,3.30835947635581
9.26868686868687,187.727272727273,3.19403638909695
9.3939393939394,187.727272727273,3.0753406555477
9.51919191919192,187.727272727273,2.95244718155966
9.64444444444444,187.727272727273,2.82553087298445
9.76969696969697,187.727272727273,2.69476663567369
9.8949494949495,187.727272727273,2.56032937547899
10.020202020202,187.727272727273,2.42239399825197
10.1454545454545,187.727272727273,2.28113540984424
10.2707070707071,187.727272727273,2.13672851610742
10.3959595959596,187.727272727273,1.98934822289314
10.5212121212121,187.727272727273,1.83916943605299
10.6464646464646,187.727272727273,1.6863670614386
10.7717171717172,187.727272727273,1.53111600490159
10.8969696969697,187.727272727273,1.37359117229357
11.0222222222222,187.727272727273,1.21396746946616
11.1474747474747,187.727272727273,1.05241980227097
11.2727272727273,187.727272727273,0.889123076559616
11.3979797979798,187.727272727273,0.724252198183722
11.5232323232323,187.727272727273,0.557982072994901
11.6484848484848,187.727272727273,0.390487606844764
11.7737373737374,187.727272727273,0.221943705584932
11.8989898989899,187.727272727273,0.0525252750670198
12.0242424242424,187.727272727273,-0.117592778857355
12.1494949494949,187.727272727273,-0.28823555033658
12.2747474747475,187.727272727273,-0.459228133519037
12.4,187.727272727273,-0.630395622553111
0,190.707070707071,8.66016899960876
0.125252525252525,190.707070707071,7.72651158732137
0.25050505050505,190.707070707071,6.79836752989541
0.375757575757576,190.707070707071,5.88125018219228
0.501010101010101,190.707070707071,4.9806728990734
0.626262626262626,190.707070707071,4.10214903540019
0.751515151515151,190.707070707071,3.25119194603408
0.876767676767677,190.707070707071,2.43331498583646
1.0020202020202,190.707070707071,1.65403150966877
1.12727272727273,190.707070707071,0.918854872392426
1.25252525252525,190.707070707071,0.233298428868838
1.37777777777778,190.707070707071,-0.397124466040573
1.5030303030303,190.707070707071,-0.966900457474388
1.62828282828283,190.707070707071,-1.47051619057119
1.75353535353535,190.707070707071,-1.90245831046957
1.87878787878788,190.707070707071,-2.2572134623081
2.0040404040404,190.707070707071,-2.52926829122536
2.12929292929293,190.707070707071,-2.71313743098424
2.25454545454545,190.707070707071,-2.80733375040526
2.37979797979798,190.707070707071,-2.81848813793922
2.50505050505051,190.707070707071,-2.75421539883375
2.63030303030303,190.707070707071,-2.62213033833651
2.75555555555556,190.707070707071,-2.42984776169513
2.88080808080808,190.707070707071,-2.18498247415729
3.00606060606061,190.707070707071,-1.89514928097061
3.13131313131313,190.707070707071,-1.56796298738276
3.25656565656566,190.707070707071,-1.21103839864137
3.38181818181818,190.707070707071,-0.831990319994112
3.50707070707071,190.707070707071,-0.438433556688617
3.63232323232323,190.707070707071,-0.0379829139725391
3.75757575757576,190.707070707071,0.361746802906474
3.88282828282828,190.707070707071,0.75314078870077
4.00808080808081,190.707070707071,1.1285842381627
4.13333333333333,190.707070707071,1.48049041513736
4.25858585858586,190.707070707071,1.80418294074957
4.38383838383838,190.707070707071,2.10039359352208
4.50909090909091,190.707070707071,2.37044273906848
4.63434343434343,190.707070707071,2.61565074300238
4.75959595959596,190.707070707071,2.83733797093736
4.88484848484848,190.707070707071,3.03682478848702
5.01010101010101,190.707070707071,3.21543156126496
5.13535353535354,190.707070707071,3.37447865488477
5.26060606060606,190.707070707071,3.51528643496006
5.38585858585859,190.707070707071,3.63917526710442
5.51111111111111,190.707070707071,3.74746551693143
5.63636363636364,190.707070707071,3.84147755005471
5.76161616161616,190.707070707071,3.92253173208785
5.88686868686869,190.707070707071,3.99194842864444
6.01212121212121,190.707070707071,4.05104800533808
6.13737373737374,190.707070707071,4.10108572114114
6.26262626262626,190.707070707071,4.1426389798408
6.38787878787879,190.707070707071,4.17588266930414
6.51313131313131,190.707070707071,4.2009863725768
6.63838383838384,190.707070707071,4.21811967270443
6.76363636363636,190.707070707071,4.22745215273266
6.88888888888889,190.707070707071,4.22915339570713
7.01414141414141,190.707070707071,4.22339298467347
7.13939393939394,190.707070707071,4.21034050267734
7.26464646464646,190.707070707071,4.19016553276437
7.38989898989899,190.707070707071,4.1630376579802
7.51515151515152,190.707070707071,4.12912646137046
7.64040404040404,190.707070707071,4.08860152598079
7.76565656565657,190.707070707071,4.04163243485684
7.89090909090909,190.707070707071,3.98838877104425
8.01616161616162,190.707070707071,3.92904011758865
8.14141414141414,190.707070707071,3.86375605753568
8.26666666666667,190.707070707071,3.79270617393098
8.39191919191919,190.707070707071,3.7160600498202
8.51717171717172,190.707070707071,3.63398726824896
8.64242424242424,190.707070707071,3.54665741226291
8.76767676767677,190.707070707071,3.45424006490768
8.89292929292929,190.707070707071,3.35690480922893
9.01818181818182,190.707070707071,3.25482122827228
9.14343434343434,190.707070707071,3.14815890508337
9.26868686868687,190.707070707071,3.03708742270785
9.3939393939394,190.707070707071,2.92177636419135
9.51919191919192,190.707070707071,2.80239531257951
9.64444444444444,190.707070707071,2.67911385091798
9.76969696969697,190.707070707071,2.55210156225238
9.8949494949495,190.707070707071,2.42152802962836
10.020202020202,190.707070707071,2.28756283609156
10.1454545454545,190.707070707071,2.15037556468762
10.2707070707071,190.707070707071,2.01013579846218
10.3959595959596,190.707070707071,1.86701312046087
10.5212121212121,190.707070707071,1.72117711372933
10.6464646464646,190.707070707071,1.57279736131321
10.7717171717172,190.707070707071,1.42204344625814
10.8969696969697,190.707070707071,1.26908495160977
11.0222222222222,190.707070707071,1.11409146041372
11.1474747474747,190.707070707071,0.957232555715647
11.2727272727273,190.707070707071,0.79867782056118
11.3979797979798,190.707070707071,0.638596837995962
11.5232323232323,190.707070707071,0.477159191065632
11.6484848484848,190.707070707071,0.314534462815828
11.7737373737374,190.707070707071,0.150892236292189
11.8989898989899,190.707070707071,-0.0135979054596457
12.0242424242424,190.707070707071,-0.178766379394034
12.1494949494949,190.707070707071,-0.344443602465342
12.2747474747475,190.707070707071,-0.510459991627929
12.4,190.707070707071,-0.676645963836154
0,193.686868686869,8.71852298056944
0.125252525252525,193.686868686869,7.78480470355519
0.25050505050505,193.686868686869,6.85655556741965
0.375757575757576,193.686868686869,5.93924471304155
0.501010101010101,193.686868686869,5.03834128129959
0.626262626262626,193.686868686869,4.15931441307249
0.751515151515151,193.686868686869,3.30763324923897
0.876767676767677,193.686868686869,2.48876693067773
1.0020202020202,193.686868686869,1.7081845982675
1.12727272727273,193.686868686869,0.971355392886991
1.25252525252525,193.686868686869,0.283748455414917
1.37777777777778,193.686868686869,-0.349167073270008
1.5030303030303,193.686868686869,-0.921922052289066
1.62828282828283,193.686868686869,-1.42904734076355
1.75353535353535,193.686868686869,-1.86507379781473
1.87878787878788,193.686868686869,-2.2245322825639
2.0040404040404,193.686868686869,-2.50195365413235
2.12929292929293,193.686868686869,-2.69189649693412
2.25454545454545,193.686868686869,-2.79288001296532
2.37979797979798,193.686868686869,-2.81146504530006
2.50505050505051,193.686868686869,-2.7551870966082
2.63030303030303,193.686868686869,-2.63158166955957
2.75555555555556,193.686868686869,-2.44818426682405
2.88080808080808,193.686868686869,-2.21253039107148
3.00606060606061,193.686868686869,-1.93215554497171
3.13131313131313,193.686868686869,-1.61459523119459
3.25656565656566,193.686868686869,-1.26738495240999
3.38181818181818,193.686868686869,-0.898060211287743
3.50707070707071,193.686868686869,-0.514156510497714
3.63232323232323,193.686868686869,-0.123209352709751
3.75757575757576,193.686868686869,0.267245759406294
3.88282828282828,193.686868686869,0.649673323180565
4.00808080808081,193.686868686869,1.01653783594321
4.13333333333333,193.686868686869,1.36033156387457
4.25858585858586,193.686868686869,1.67642599964274
4.38383838383838,193.686868686869,1.96554294466944
4.50909090909091,193.686868686869,2.22898649161404
4.63434343434343,193.686868686869,2.46806073313589
4.75959595959596,193.686868686869,2.68406976189433
4.88484848484848,193.686868686869,2.87831767054874
5.01010101010101,193.686868686869,3.05210855175846
5.13535353535354,193.686868686869,3.20674649818284
5.26060606060606,193.686868686869,3.34353560248124
5.38585858585859,193.686868686869,3.46377995731302
5.51111111111111,193.686868686869,3.56878365533753
5.63636363636364,193.686868686869,3.65985078921412
5.76161616161616,193.686868686869,3.73828545160215
5.88686868686869,193.686868686869,3.80539173516098
6.01212121212121,193.686868686869,3.86247373254995
6.13737373737374,193.686868686869,3.91077104730928
6.26262626262626,193.686868686869,3.9508518571003
6.38787878787879,193.686868686869,3.98288564143865
6.51313131313131,193.686868686869,4.00703662533357
6.63838383838384,193.686868686869,4.02346903379428
6.76363636363636,193.686868686869,4.03234709183004
6.88888888888889,193.686868686869,4.03383502445009
7.01414141414141,193.686868686869,4.02809705666365
7.13939393939394,193.686868686869,4.01529741347997
7.26464646464646,193.686868686869,3.99560031990828
7.38989898989899,193.686868686869,3.96917000095782
7.51515151515152,193.686868686869,3.93617068163784
7.64040404040404,193.686868686869,3.89676658695757
7.76565656565657,193.686868686869,3.85112194192625
7.89090909090909,193.686868686869,3.79940097155311
8.01616161616162,193.686868686869,3.7417679008474
8.14141414141414,193.686868686869,3.67838695481835
8.26666666666667,193.686868686869,3.60942235847519
8.39191919191919,193.686868686869,3.53503833682719
8.51717171717172,193.686868686869,3.45539911488356
8.64242424242424,193.686868686869,3.37066891765354
8.76767676767677,193.686868686869,3.28101197014637
8.89292929292929,193.686868686869,3.1865924973713
9.01818181818182,193.686868686869,3.08757472433756
9.14343434343434,193.686868686869,2.98412287605439
9.26868686868687,193.686868686869,2.87640117753102
9.3939393939394,193.686868686869,2.7645738537767
9.51919191919192,193.686868686869,2.64880512980066
9.64444444444444,193.686868686869,2.52925923061215
9.76969696969697,193.686868686869,2.40610038122039
9.8949494949495,193.686868686869,2.27949280663463
10.020202020202,193.686868686869,2.14960073186411
10.1454545454545,193.686868686869,2.01658838191806
10.2707070707071,193.686868686869,1.88061998180572
10.3959595959596,193.686868686869,1.74185975653633
10.5212121212121,193.686868686869,1.60047193111913
10.6464646464646,193.686868686869,1.45662073056336
10.7717171717172,193.686868686869,1.31047037987826
10.8969696969697,193.686868686869,1.16218510407305
11.0222222222222,193.686868686869,1.01192912815699
11.1474747474747,193.686868686869,0.859866677139311
11.2727272727273,193.686868686869,0.706161976029247
11.3979797979798,193.686868686869,0.550979249836038
11.5232323232323,193.686868686869,0.394482723568926
11.6484848484848,193.686868686869,0.236836622237145
11.7737373737374,193.686868686869,0.0782051708499347
11.8989898989899,193.686868686869,-0.0812474055834665
12.0242424242424,193.686868686869,-0.241356882053819
12.1494949494949,193.686868686869,-0.401959033551887
12.2747474747475,193.686868686869,-0.562889635068433
12.4,193.686868686869,-0.723984461594216
0,196.666666666667,8.77274297289607
0.125252525252525,196.666666666667,7.83959919804025
0.25050505050505,196.666666666667,6.91187510795711
0.375757575757576,196.666666666667,5.9949903874193
0.501010101010101,196.666666666667,5.09436472119948
0.626262626262626,196.666666666667,4.21541779407033
0.751515151515151,196.666666666667,3.36356929080452
0.876767676767677,196.666666666667,2.5442388961747
1.0020202020202,196.666666666667,1.76284629495355
1.12727272727273,196.666666666667,1.02481117191373
1.25252525252525,196.666666666667,0.335553211827907
1.37777777777778,196.666666666667,-0.299507900531247
1.5030303030303,196.666666666667,-0.874952480391069
1.62828282828283,196.666666666667,-1.38536084297889
1.75353535353535,196.666666666667,-1.82531330352205
1.87878787878788,196.666666666667,-2.18939017724788
2.0040404040404,196.666666666667,-2.47217177938371
2.12929292929293,196.666666666667,-2.66826585699931
2.25454545454545,196.666666666667,-2.77619885473765
2.37979797979798,196.666666666667,-2.80245374390042
2.50505050505051,196.666666666667,-2.75447783938308
2.63030303030303,196.666666666667,-2.63971845608109
2.75555555555556,196.666666666667,-2.4656229088899
2.88080808080808,196.666666666667,-2.23963851270496
3.00606060606061,196.666666666667,-1.96921258242173
3.13131313131313,196.666666666667,-1.66179243293565
3.25656565656566,196.666666666667,-1.32482537914219
3.38181818181818,196.666666666667,-0.965758735936786
3.50707070707071,196.666666666667,-0.592039818214901
3.63232323232323,196.666666666667,-0.211115940871984
3.75757575757576,196.666666666667,0.169565581196511
3.88282828282828,196.666666666667,0.54255743309513
4.00808080808081,196.666666666667,0.900412299928422
4.13333333333333,196.666666666667,1.23571029695321
4.25858585858586,196.666666666667,1.54387564785959
4.38383838383838,196.666666666667,1.82561762713569
4.50909090909091,196.666666666667,2.08222069827492
4.63434343434343,196.666666666667,2.31496932477072
4.75959595959596,196.666666666667,2.52514797011649
4.88484848484848,196.666666666667,2.71404109780567
5.01010101010101,196.666666666667,2.88293317133168
5.13535353535354,196.666666666667,3.03310865418794
5.26060606060606,196.666666666667,3.16585200986788
5.38585858585859,196.666666666667,3.28244770186492
5.51111111111111,196.666666666667,3.38418019367248
5.63636363636364,196.666666666667,3.47233394878399
5.76161616161616,196.666666666667,3.54819343069286
5.88686868686869,196.666666666667,3.61304310289253
6.01212121212121,196.666666666667,3.66816742887641
6.13737373737374,196.666666666667,3.71478718848556
6.26262626262626,196.666666666667,3.75346012176705
6.38787878787879,196.666666666667,3.78435025034769
6.51313131313131,196.666666666667,3.80761640697647
6.63838383838384,196.666666666667,3.8234174244024
6.76363636363636,196.666666666667,3.83191213537446
6.88888888888889,196.666666666667,3.83325937264167
7.01414141414141,196.666666666667,3.827617968953
7.13939393939394,196.666666666667,3.81514675705747
7.26464646464646,196.666666666667,3.79600456970406
7.38989898989899,196.666666666667,3.77035023964178
7.51515151515152,196.666666666667,3.73834259961962
7.64040404040404,196.666666666667,3.70014048238658
7.76565656565657,196.666666666667,3.65590272069166
7.89090909090909,196.666666666667,3.60578814728384
8.01616161616162,196.666666666667,3.54995559491213
8.14141414141414,196.666666666667,3.48856389632554
8.26666666666667,196.666666666667,3.42177188427304
8.39191919191919,196.666666666667,3.34973839150364
8.51717171717172,196.666666666667,3.27262225076635
8.64242424242424,196.666666666667,3.19058229481014
8.76767676767677,196.666666666667,3.10377735638403
8.89292929292929,196.666666666667,3.012366268237
9.01818181818182,196.666666666667,2.91650786311806
9.14343434343434,196.666666666667,2.8163609737762
9.26868686868687,196.666666666667,2.71208443296043
9.3939393939394,196.666666666667,2.60383707341972
9.51919191919192,196.666666666667,2.49177772790309
9.64444444444444,196.666666666667,2.37606522915953
9.76969696969697,196.666666666667,2.25685840993804
9.8949494949495,196.666666666667,2.13431610298761
10.020202020202,196.666666666667,2.00859714105723
10.1454545454545,196.666666666667,1.87986035689592
10.2707070707071,196.666666666667,1.74826458325267
10.3959595959596,196.666666666667,1.61396865287646
10.5212121212121,196.666666666667,1.4771313985163
10.6464646464646,196.666666666667,1.33791165292119
10.7717171717172,196.666666666667,1.19646824884012
10.8969696969697,196.666666666667,1.05296001902209
11.0222222222222,196.666666666667,0.907545796216097
11.1474747474747,196.666666666667,0.760384413171136
11.2727272727273,196.666666666667,0.611634702636207
11.3979797979798,196.666666666667,0.461455497360304
11.5232323232323,196.666666666667,0.310005630092426
11.6484848484848,196.666666666667,0.15744393358157
11.7737373737374,196.666666666667,0.00392924057673005
11.8989898989899,196.666666666667,-0.150379616173094
12.0242424242424,196.666666666667,-0.305323803918904
12.1494949494949,196.666666666667,-0.460744489911707
12.2747474747475,196.666666666667,-0.616482841402503
12.4,196.666666666667,-0.772380025642297
0,199.646464646465,8.82295056448965
0.125252525252525,199.646464646465,7.89099797141624
0.25050505050505,199.646464646465,6.9644105190662
0.375757575757576,199.646464646465,6.04855334816291
0.501010101010101,199.646464646465,5.14879159942972
0.626262626262626,199.646464646465,4.27049041359002
0.751515151515151,199.646464646465,3.41901493136717
0.876767676767677,199.646464646465,2.59973029348455
1.0020202020202,199.646464646465,1.81800164066552
1.12727272727273,199.646464646465,1.07919411363345
1.25252525252525,199.646464646465,0.388672853111726
1.37777777777778,199.646464646465,-0.248197000176297
1.5030303030303,199.646464646465,-0.82605030550724
1.62828282828283,199.646464646465,-1.33952192215774
1.75353535353535,199.646464646465,-1.78324670940442
1.87878787878788,199.646464646465,-2.15185952652391
2.0040404040404,199.646464646465,-2.43999523279284
2.12929292929293,199.646464646465,-2.64231579664701
2.25454545454545,199.646464646465,-2.75735578809835
2.37979797979798,199.646464646465,-2.79151271046854
2.50505050505051,199.646464646465,-2.75213706701134
2.63030303030303,199.646464646465,-2.64657936098052
2.75555555555556,199.646464646465,-2.48219009562984
2.88080808080808,199.646464646465,-2.26631977421307
3.00606060606061,199.646464646465,-2.00631889998395
3.13131313131313,199.646464646465,-1.70953797619626
3.25656565656566,199.646464646465,-1.38332750610376
3.38181818181818,199.646464646465,-1.0350379929602
3.50707070707071,199.646464646465,-0.672019940019351
3.63232323232323,199.646464646465,-0.301623850534975
3.75757575757576,199.646464646465,0.0687997722391721
3.88282828282828,199.646464646465,0.431900425049324
4.00808080808081,199.646464646465,0.78032760464172
4.13333333333333,199.646464646465,1.10675786189265
4.25858585858586,199.646464646465,1.40667286806709
4.38383838383838,199.646464646465,1.68076689588204
4.50909090909091,199.646464646465,1.93030152216539
4.63434343434343,199.646464646465,2.15653832374506
4.75959595959596,199.646464646465,2.36073887744897
4.88484848484848,199.646464646465,2.54416476010501
5.01010101010101,199.646464646465,2.70807754854111
5.13535353535354,199.646464646465,2.85373881958517
5.26060606060606,199.646464646465,2.98241015006511
5.38585858585859,199.646464646465,3.09535311680883
5.51111111111111,199.646464646465,3.19382929664425
5.63636363636364,199.646464646465,3.27910026639929
5.76161616161616,199.646464646465,3.35242760290184
5.88686868686869,199.646464646465,3.41507288297982
6.01212121212121,199.646464646465,3.46829768346115
6.13737373737374,199.646464646465,3.51330088540502
6.26262626262626,199.646464646465,3.55062861538788
6.38787878787879,199.646464646465,3.58043938906728
6.51313131313131,199.646464646465,3.60288661371474
6.63838383838384,199.646464646465,3.61812369660175
6.76363636363636,199.646464646465,3.62630404499981
6.88888888888889,199.646464646465,3.62758106618043
7.01414141414141,199.646464646465,3.62210816741509
7.13939393939394,199.646464646465,3.61003875597529
7.26464646464646,199.646464646465,3.59152623913255
7.38989898989899,199.646464646465,3.56672402415834
7.51515151515152,199.646464646465,3.53578551832419
7.64040404040404,199.646464646465,3.49886412890157
7.76565656565657,199.646464646465,3.456113263162
7.89090909090909,199.646464646465,3.40768632837697
8.01616161616162,199.646464646465,3.35373673181797
8.14141414141414,199.646464646465,3.29441788075652
8.26666666666667,199.646464646465,3.2298831824641
8.39191919191919,199.646464646465,3.16028604421222
8.51717171717172,199.646464646465,3.08577987327238
8.64242424242424,199.646464646465,3.00651807691606
8.76767676767677,199.646464646465,2.92265406241478
8.89292929292929,199.646464646465,2.83434123704004
9.01818181818182,199.646464646465,2.74173300806332
9.14343434343434,199.646464646465,2.64498278275614
9.26868686868687,199.646464646465,2.54424396838998
9.3939393939394,199.646464646465,2.43966997223635
9.51919191919192,199.646464646465,2.33141420156674
9.64444444444444,199.646464646465,2.21963006365266
9.76969696969697,199.646464646465,2.10447096576561
9.8949494949495,199.646464646465,1.98609031517708
10.020202020202,199.646464646465,1.86464151915857
10.1454545454545,199.646464646465,1.74027798498158
10.2707070707071,199.646464646465,1.61315311991761
10.3959595959596,199.646464646465,1.48342033123816
10.5212121212121,199.646464646465,1.35123302621473
10.6464646464646,199.646464646465,1.21674461211881
10.7717171717172,199.646464646465,1.08010849622191
10.8969696969697,199.646464646465,0.941478085795527
11.0222222222222,199.646464646465,0.801006788111154
11.1474747474747,199.646464646465,0.658848010440292
11.2727272727273,199.646464646465,0.515155160054441
11.3979797979798,199.646464646465,0.370081644225101
11.5232323232323,199.646464646465,0.223780870223771
11.6484848484848,199.646464646465,0.0764062453219467
11.7737373737374,199.646464646465,-0.0718888232088707
11.8989898989899,199.646464646465,-0.220950928097183
12.0242424242424,199.646464646465,-0.370626662071488
12.1494949494949,199.646464646465,-0.520762617860292
12.2747474747475,199.646464646465,-0.671205388192095
12.4,199.646464646465,-0.821801565795396
0,202.626262626263,8.86926734325118
0.125252525252525,202.626262626263,7.93910392432281
0.25050505050505,202.626262626263,7.01424616830537
0.375757575757576,202.626262626263,6.09999973810979
0.501010101010101,202.626262626263,5.20167029664698
0.626262626262626,202.626262626263,4.32456350682787
0.751515151515151,202.626262626263,3.47398503156339
0.876767676767677,202.626262626263,2.65524053376447
1.0020202020202,202.626262626263,1.87363567634203
1.12727272727273,202.626262626263,1.13447612220699
1.25252525252525,202.626262626263,0.443067534270286
1.37777777777778,202.626262626263,-0.195284424557162
1.5030303030303,202.626262626263,-0.775274091364425
1.62828282828283,202.626262626263,-1.29159580324058
1.75353535353535,202.626262626263,-1.7389438972747
1.87878787878788,202.626262626263,-2.11201271055586
2.0040404040404,202.626262626263,-2.40549658017314
2.12929292929293,202.626262626263,-2.61411660134441
2.25454545454545,202.626262626263,-2.73641632542353
2.37979797979798,202.626262626263,-2.77870042173266
2.50505050505051,202.626262626263,-2.74821421934589
2.63030303030303,202.626262626263,-2.65220304733732
2.75555555555556,202.626262626263,-2.49791223478102
2.88080808080808,202.626262626263,-2.2925871107511
3.00606060606061,202.626262626263,-2.04347300432164
3.13131313131313,202.626262626263,-1.75781524456673
3.25656565656566,202.626262626263,-1.44285916056047
3.38181818181818,202.626262626263,-1.10585008137694
3.50707070707071,202.626262626263,-0.754033336090239
3.63232323232323,202.626262626263,-0.394654253774454
3.75757575757576,202.626262626263,-0.0349581635036745
3.88282828282828,202.626262626263,0.317809605648007
4.00808080808081,202.626262626263,0.6564037246065
4.13333333333333,202.626262626263,0.97360550621225
4.25858585858586,202.626262626263,1.26495864293219
4.38383838383838,202.626262626263,1.53114000586969
4.50909090909091,202.626262626263,1.7733851263997
4.63434343434343,202.626262626263,1.99292953589712
4.75959595959596,202.626262626263,2.1910087657369
4.88484848484848,202.626262626263,2.36885834729396
5.01010101010101,202.626262626263,2.52771381194322
5.13535353535354,202.626262626263,2.66881069105961
5.26060606060606,202.626262626263,2.79338451601806
5.38585858585859,202.626262626263,2.90267081819349
5.51111111111111,202.626262626263,2.99790512896083
5.63636363636364,202.626262626263,3.08032297969501
5.76161616161616,202.626262626263,3.15115990177096
5.88686868686869,202.626262626263,3.2116514265636
6.01212121212121,202.626262626263,3.26303308544785
6.13737373737374,202.626262626263,3.30647887880273
6.26262626262626,202.626262626263,3.34252217950963
6.38787878787879,202.626262626263,3.37131595063348
6.51313131313131,202.626262626263,3.39300814175762
6.63838383838384,202.626262626263,3.40774670246535
6.76363636363636,202.626262626263,3.41567958234001
6.88888888888889,202.626262626263,3.41695473096494
7.01414141414141,202.626262626263,3.41172009792346
7.13939393939394,202.626262626263,3.40012363279889
7.26464646464646,202.626262626263,3.38231328517456
7.38989898989899,202.626262626263,3.3584370046338
7.51515151515152,202.626262626263,3.32864274075994
7.64040404040404,202.626262626263,3.29307844313631
7.76565656565657,202.626262626263,3.25189206134623
7.89090909090909,202.626262626263,3.20523154497303
8.01616161616162,202.626262626263,3.15324484360004
8.14141414141414,202.626262626263,3.09607990681058
8.26666666666667,202.626262626263,3.03388468418799
8.39191919191919,202.626262626263,2.96680712531559
8.51717171717172,202.626262626263,2.8949951797767
8.64242424242424,202.626262626263,2.81859679715466
8.76767676767677,202.626262626263,2.7377599270328
8.89292929292929,202.626262626263,2.65263251899443
9.01818181818182,202.626262626263,2.5633625226229
9.14343434343434,202.626262626263,2.47009788750152
9.26868686868687,202.626262626263,2.37298656321362
9.3939393939394,202.626262626263,2.27217649934254
9.51919191919192,202.626262626263,2.16781564547159
9.64444444444444,202.626262626263,2.06005195118411
9.76969696969697,202.626262626263,1.94903336606343
9.8949494949495,202.626262626263,1.83490783969286
10.020202020202,202.626262626263,1.71782332165574
10.1454545454545,202.626262626263,1.59792776153541
10.2707070707071,202.626262626263,1.47536910891517
10.3959595959596,202.626262626263,1.35029531337837
10.5212121212121,202.626262626263,1.22285432450832
10.6464646464646,202.626262626263,1.09319409188836
10.7717171717172,202.626262626263,0.96146256510182
10.8969696969697,202.626262626263,0.82780769373202
11.0222222222222,202.626262626263,0.692377427362287
11.1474747474747,202.626262626263,0.555319715575951
11.2727272727273,202.626262626263,0.41678250795634
11.3979797979798,202.626262626263,0.27691375408678
11.5232323232323,202.626262626263,0.135861403550603
11.6484848484848,202.626262626263,-0.00622659406886991
11.7737373737374,202.626262626263,-0.149202289188308
11.8989898989899,202.626262626263,-0.292917732224383
12.0242424242424,202.626262626263,-0.437224973593768
12.1494949494949,202.626262626263,-0.581976063713136
12.2747474747475,202.626262626263,-0.72702305299916
12.4,202.626262626263,-0.872217991868512
0,205.606060606061,8.91181489708166
0.125252525252525,205.606060606061,7.98401995739964
0.25050505050505,205.606060606061,7.06146642323305
0.375757575757576,205.606060606061,6.14939570009733
0.501010101010101,205.606060606061,5.2530491935079
0.626262626262626,205.606060606061,4.37766830898019
0.751515151515151,205.606060606061,3.52849445202963
0.876767676767677,205.606060606061,2.71076902817165
1.0020202020202,205.606060606061,1.92973344292168
1.12727272727273,205.606060606061,1.19062910179515
1.25252525252525,205.606060606061,0.498697410307502
1.37777777777778,205.606060606061,-0.140820226025848
1.5030303030303,205.606060606061,-0.722682401689464
1.62828282828283,205.606060606061,-1.24164771116792
1.75353535353535,205.606060606061,-1.69247474894578
1.87878787878788,205.606060606061,-2.06992210950762
2.0040404040404,205.606060606061,-2.368748387338
2.12929292929293,205.606060606061,-2.5837385565587
2.25454545454545,205.606060606061,-2.71344597908931
2.37979797979798,205.606060606061,-2.76407535442105
2.50505050505051,205.606060606061,-2.74275873623967
2.63030303030303,205.606060606061,-2.65662817823093
2.75555555555556,205.606060606061,-2.51281573408058
2.88080808080808,205.606060606061,-2.31845345747437
3.00606060606061,205.606060606061,-2.08067340209805
3.13131313131313,205.606060606061,-1.80660762163738
3.25656565656566,205.606060606061,-1.5033881697781
3.38181818181818,205.606060606061,-1.17814710020597
3.50707070707071,205.606060606061,-0.838016466606739
3.63232323232323,205.606060606061,-0.49012832266616
3.75757575757576,205.606060606061,-0.141614722069984
3.88282828282828,205.606060606061,0.200392281496037
4.00808080808081,205.606060606061,0.52876063434615
4.13333333333333,205.606060606061,0.836384477431386
4.25858585858586,205.606060606061,1.11887395512182
4.38383838383838,205.606060606061,1.37688621205986
4.50909090909091,205.606060606061,1.61162767409209
4.63434343434343,205.606060606061,1.82430476706509
4.75959595959596,205.606060606061,2.01612391682544
4.88484848484848,205.606060606061,2.18829154921971
5.01010101010101,205.606060606061,2.34201409009448
5.13535353535354,205.606060606061,2.47849796529634
5.26060606060606,205.606060606061,2.59894960067185
5.38585858585859,205.606060606061,2.70457542206761
5.51111111111111,205.606060606061,2.79658185533018
5.63636363636364,205.606060606061,2.87617532630615
5.76161616161616,205.606060606061,2.94456226084208
5.88686868686869,205.606060606061,3.00294908478458
6.01212121212121,205.606060606061,3.0525422239802
6.13737373737374,205.606060606061,3.09448790941373
6.26262626262626,205.606060606061,3.12930565567916
6.38787878787879,205.606060606061,3.15714282808233
6.51313131313131,205.606060606061,3.17814188731431
6.63838383838384,205.606060606061,3.19244529406617
6.76363636363636,205.606060606061,3.20019550902897
6.88888888888889,205.606060606061,3.20153499289378
7.01414141414141,205.606060606061,3.19660620635166
7.13939393939394,205.606060606061,3.18555161009369
7.26464646464646,205.606060606061,3.16851366481093
7.38989898989899,205.606060606061,3.14563483119444
7.51515151515152,205.606060606061,3.11705756993529
7.64040404040404,205.606060606061,3.08292434172455
7.76565656565657,205.606060606061,3.04337760725328
7.89090909090909,205.606060606061,2.99855982721256
8.01616161616162,205.606060606061,2.94861346229344
8.14141414141414,205.606060606061,2.89368097318699
8.26666666666667,205.606060606061,2.83390482058429
8.39191919191919,205.606060606061,2.76942746517639
8.51717171717172,205.606060606061,2.70039136765437
8.64242424242424,205.606060606061,2.62693898870929
8.76767676767677,205.606060606061,2.54921278903221
8.89292929292929,205.606060606061,2.4673552293142
9.01818181818182,205.606060606061,2.38150877024634
9.14343434343434,205.606060606061,2.29181587251968
9.26868686868687,205.606060606061,2.19841899682529
9.3939393939394,205.606060606061,2.10146060385424
9.51919191919192,205.606060606061,2.00108315429759
9.64444444444444,205.606060606061,1.89742910884642
9.76969696969697,205.606060606061,1.79064092819178
9.8949494949495,205.606060606061,1.68086107302475
10.020202020202,205.606060606061,1.56823200403639
10.1454545454545,205.606060606061,1.45289618191776
10.2707070707071,205.606060606061,1.33499606735994
10.3959595959596,205.606060606061,1.21467412105399
10.5212121212121,205.606060606061,1.09207280369098
10.6464646464646,205.606060606061,0.967334575961966
10.7717171717172,205.606060606061,0.840601898558026
10.8969696969697,205.606060606061,0.712017232170222
11.0222222222222,205.606060606061,0.581723037489618
11.1474747474747,205.606060606061,0.449861775207283
11.2727272727273,205.606060606061,0.316575906014284
11.3979797979798,205.606060606061,0.182007890601687
11.5232323232323,205.606060606061,0.0463001896605598
11.6484848484848,205.606060606061,-0.0904047361180341
11.7737373737374,205.606060606061,-0.227964426043027
11.8989898989899,205.606060606061,-0.366236419423352
12.0242424242424,205.606060606061,-0.505078255567941
12.1494949494949,205.606060606061,-0.644347473785731
12.2747474747475,205.606060606061,-0.783901613385655
12.4,205.606060606061,-0.923598213676645
0,208.585858585859,8.95071481388209
0.125252525252525,208.585858585859,8.0258489712864
0.25050505050505,208.585858585859,7.10615565140769
0.375757575757576,208.585858585859,6.19680737696294
0.501010101010101,208.585858585859,5.30297667066914
0.626262626262626,208.585858585859,4.42983605524328
0.751515151515151,208.585858585859,3.58255805340232
0.876767676767677,208.585858585859,2.76631518786327
1.0020202020202,208.585858585859,1.98627998134309
1.12727272727273,208.585858585859,1.24762495655876
1.25252525252525,208.585858585859,0.555522636227288
1.37777777777778,208.585858585859,-0.0848544569343623
1.5030303030303,208.585858585859,-0.668333800209202
1.62828282828283,208.585858585859,-1.18974287088025
1.75353535353535,208.585858585859,-1.64390914623053
1.87878787878788,208.585858585859,-2.02566010354305
2.0040404040404,208.585858585859,-2.32982322010083
2.12929292929293,208.585858585859,-2.5512519477571
2.25454545454545,208.585858585859,-2.68851026147179
2.37979797979798,208.585858585859,-2.74769598526195
2.50505050505051,208.585858585859,-2.73582005754561
2.63030303030303,208.585858585859,-2.65989341674083
2.75555555555556,208.585858585859,-2.52692700126567
2.88080808080808,208.585858585859,-2.3439317495382
3.00606060606061,208.585858585859,-2.11791859997647
3.13131313131313,208.585858585859,-1.85589849099852
3.25656565656566,208.585858585859,-1.56488236102243
3.38181818181818,208.585858585859,-1.25188114846624
3.50707070707071,208.585858585859,-0.923905791748024
3.63232323232323,208.585858585859,-0.587967229285827
3.75757575757576,208.585858585859,-0.251076399497707
3.88282828282828,208.585858585859,0.0797557591982757
4.00808080808081,208.585858585859,0.397518308384064
4.13333333333333,208.585858585859,0.69522602306943
4.25858585858586,208.585858585859,0.968559787302944
4.38383838383838,208.585858585859,1.21815476941376
4.50909090909091,208.585858585859,1.44518532835684
4.63434343434343,208.585858585859,1.65082582308717
4.75959595959596,208.585858585859,1.83625061255972
4.88484848484848,208.585858585859,2.00263405572947
5.01010101010101,208.585858585859,2.15115051155139
5.13535353535354,208.585858585859,2.28297433898046
5.26060606060606,208.585858585859,2.39927989697164
5.38585858585859,208.585858585859,2.50124154447993
5.51111111111111,208.585858585859,2.59003364046028
5.63636363636364,208.585858585859,2.66683054386768
5.76161616161616,208.585858585859,2.7328066136571
5.88686868686869,208.585858585859,2.78913620878351
6.01212121212121,208.585858585859,2.8369936882019
6.13737373737374,208.585858585859,2.87749471797309
6.26262626262626,208.585858585859,2.91114388544331
6.38787878787879,208.585858585859,2.93808291444987
6.51313131313131,208.585858585859,2.95844874659408
6.63838383838384,208.585858585859,2.97237832347722
6.76363636363636,208.585858585859,2.98000858670059
6.88888888888889,208.585858585859,2.98147647786551
7.01414141414141,208.585858585859,2.97691893857326
7.13939393939394,208.585858585859,2.96647291042515
7.26464646464646,208.585858585859,2.95027533502248
7.38989898989899,208.585858585859,2.92846315396653
7.51515151515152,208.585858585859,2.90117330885862
7.64040404040404,208.585858585859,2.86854274130005
7.76565656565657,208.585858585859,2.8307083928921
7.89090909090909,208.585858585859,2.78780720523609
8.01616161616162,208.585858585859,2.7399761199333
8.14141414141414,208.585858585859,2.68735207858505
8.26666666666667,208.585858585859,2.63007202279262
8.39191919191919,208.585858585859,2.56827289415732
8.51717171717172,208.585858585859,2.50209163428045
8.64242424242424,208.585858585859,2.4316651847633
8.76767676767677,208.585858585859,2.35713048720717
8.89292929292929,208.585858585859,2.27862448321337
9.01818181818182,208.585858585859,2.1962841143832
9.14343434343434,208.585858585859,2.11024632231794
9.26868686868687,208.585858585859,2.02064804861891
9.3939393939394,208.585858585859,1.9276262348874
9.51919191919192,208.585858585859,1.83131782272471
9.64444444444444,208.585858585859,1.73185975373214
9.76969696969697,208.585858585859,1.62938896951099
9.8949494949495,208.585858585859,1.52404241166255
10.020202020202,208.585858585859,1.41595702178813
10.1454545454545,208.585858585859,1.30526974148903
10.2707070707071,208.585858585859,1.19211751236654
10.3959595959596,208.585858585859,1.07663727602196
10.5212121212121,208.585858585859,0.9589659740566
10.6464646464646,208.585858585859,0.839240548071751
10.7717171717172,208.585858585859,0.717597939668714
10.8969696969697,208.585858585859,0.594175090448787
11.0222222222222,208.585858585859,0.469108942013271
11.1474747474747,208.585858585859,0.342536435963463
11.2727272727273,208.585858585859,0.214594513900663
11.3979797979798,208.585858585859,0.0854201174261704
11.5232323232323,208.585858585859,-0.0448498118587132
11.6484848484848,208.585858585859,-0.176078332352693
11.7737373737374,208.585858585859,-0.308128502454467
11.8989898989899,208.585858585859,-0.440863380562738
12.0242424242424,208.585858585859,-0.574146025076203
12.1494949494949,208.585858585859,-0.707839494393568
12.2747474747475,208.585858585859,-0.841806846913531
12.4,208.585858585859,-0.975911141034794
0,211.565656565657,8.98608868155349
0.125252525252525,211.565656565657,8.06469386662275
0.25050505050505,211.565656565657,7.1483982203877
0.375757575757576,211.565656565657,6.24230091154401
0.501010101010101,211.565656565657,5.35150110878737
0.626262626262626,211.565656565657,4.48109798081345
0.751515151515151,211.565656565657,3.63619069631794
0.876767676767677,211.565656565657,2.82187842399651
1.0020202020202,211.565656565657,2.04326033254485
1.12727272727273,211.565656565657,1.30543559065864
1.25252525252525,211.565656565657,0.61350336703356
1.37777777777778,211.565656565657,-0.0274371696347085
1.5030303030303,211.565656565657,-0.612286850650482
1.62828282828283,211.565656565657,-1.13594650731809
1.75353535353535,211.565656565657,-1.59331697094183
1.87878787878788,211.565656565657,-1.97929907282604
2.0040404040404,211.565656565657,-2.28879364427504
2.12929292929293,211.565656565657,-2.51672706040678
2.25454545454545,211.565656565657,-2.66167468494709
2.37979797979798,211.565656565657,-2.7296207909836
2.50505050505051,211.565656565657,-2.72744762311662
2.63030303030303,211.565656565657,-2.66203742594646
2.75555555555556,211.565656565657,-2.54027244407345
2.88080808080808,211.565656565657,-2.36903492209791
3.00606060606061,211.565656565657,-2.15520710462014
3.13131313131313,211.565656565657,-1.90567123624048
3.25656565656566,211.565656565657,-1.62730956155923
3.38181818181818,211.565656565657,-1.32700432517672
3.50707070707071,211.565656565657,-1.01163777169327
3.63232323232323,211.565656565657,-0.688092145709188
3.75757575757576,211.565656565657,-0.363249691824798
3.88282828282828,211.565656565657,-0.0439926546404182
4.00808080808081,211.565656565657,0.262796721243632
4.13333333333333,211.565656565657,0.550261390645746
4.25858585858586,211.565656565657,0.814157122142511
4.38383838383838,211.565656565657,1.05509493289259
4.50909090909091,211.565656565657,1.27421425230819
4.63434343434343,211.565656565657,1.47265450980155
4.75959595959596,211.565656565657,1.65155513478489
4.88484848484848,211.565656565657,1.81205555667044
5.01010101010101,211.565656565657,1.95529520487042
5.13535353535354,211.565656565657,2.08241350879704
5.26060606060606,211.565656565657,2.19454989786255
5.38585858585859,211.565656565657,2.29284380147916
5.51111111111111,211.565656565657,2.3784346490591
5.63636363636364,211.565656565657,2.45246187001459
5.76161616161616,211.565656565657,2.51606489375786
5.88686868686869,211.565656565657,2.57038314970113
6.01212121212121,211.565656565657,2.61655606725662
6.13737373737374,211.565656565657,2.65566604521585
6.26262626262626,211.565656565657,2.68820171034893
6.38787878787879,211.565656565657,2.71429910277215
6.51313131313131,211.565656565657,2.73408961580613
6.63838383838384,211.565656565657,2.74770464277148
6.76363636363636,211.565656565657,2.7552755769888
6.88888888888889,211.565656565657,2.75693381177871
7.01414141414141,211.565656565657,2.75281074046181
7.13939393939394,211.565656565657,2.74303775635872
7.26464646464646,211.565656565657,2.72774625279003
7.38989898989899,211.565656565657,2.70706762307638
7.51515151515152,211.565656565657,2.68113326053835
7.64040404040404,211.565656565657,2.65007455849656
7.76565656565657,211.565656565657,2.61402291027163
7.89090909090909,211.565656565657,2.57310970918415
8.01616161616162,211.565656565657,2.52746634855474
8.14141414141414,211.565656565657,2.47722422170401
8.26666666666667,211.565656565657,2.42251472195256
8.39191919191919,211.565656565657,2.36346924262101
8.51717171717172,211.565656565657,2.30021917702997
8.64242424242424,211.565656565657,2.23289591850004
8.76767676767677,211.565656565657,2.16163086035184
8.89292929292929,211.565656565657,2.08655539590596
9.01818181818182,211.565656565657,2.00780091848303
9.14343434343434,211.565656565657,1.92549882140365
9.26868686868687,211.565656565657,1.83978049798843
9.3939393939394,211.565656565657,1.75077734155798
9.51919191919192,211.565656565657,1.65862074543291
9.64444444444444,211.565656565657,1.56344210293383
9.76969696969697,211.565656565657,1.46537280738134
9.8949494949495,211.565656565657,1.36454425209607
10.020202020202,211.565656565657,1.2610878303986
10.1454545454545,211.565656565657,1.15513493560956
10.2707070707071,211.565656565657,1.04681696104956
10.3959595959596,211.565656565657,0.936265300039198
10.5212121212121,211.565656565657,0.82361134589909
10.6464646464646,211.565656565657,0.708986491949843
10.7717171717172,211.565656565657,0.592522131512068
10.8969696969697,211.565656565657,0.474349657906373
11.0222222222222,211.565656565657,0.354600464453368
11.1474747474747,211.565656565657,0.23340594447366
11.2727272727273,211.565656565657,0.11089749128786
11.3979797979798,211.565656565657,-0.0127935017834221
11.5232323232323,211.565656565657,-0.137535641419577
11.6484848484848,211.565656565657,-0.263197534299998
11.7737373737374,211.565656565657,-0.389647787104074
11.8989898989899,211.565656565657,-0.516755006511196
12.0242424242424,211.565656565657,-0.644387799200753
12.1494949494949,211.565656565657,-0.77241477185214
12.2747474747475,211.565656565657,-0.900704531144745
12.4,211.565656565657,-1.02912568375796
0,214.545454545455,9.01805808799683
0.125252525252525,214.545454545455,8.10065754404837
0.25050505050505,214.545454545455,7.18827849773153
0.375757575757576,214.545454545455,6.28594244667794
0.501010101010101,214.545454545455,5.39867088851923
0.626262626262626,214.545454545455,4.53148532088701
0.751515151515151,214.545454545455,3.68940724141291
0.876767676767677,214.545454545455,2.87745814772857
1.0020202020202,214.545454545455,2.10065953746558
1.12727272727273,214.545454545455,1.3640329082556
1.25252525252525,214.545454545455,0.67259975773023
1.37777777777778,214.545454545455,0.0313815835211061
1.5030303030303,214.545454545455,-0.554600116740149
1.62828282828283,214.545454545455,-1.08032384542191
1.75353535353535,214.545454545455,-1.54076810489256
1.87878787878788,214.545454545455,-1.93091139752047
2.0040404040404,214.545454545455,-2.24573222567401
2.12929292929293,214.545454545455,-2.48023417997494
2.25454545454545,214.545454545455,-2.63300476189132
2.37979797979798,214.545454545455,-2.70990824831427
2.50505050505051,214.545454545455,-2.71769087280565
2.63030303030303,214.545454545455,-2.6630988689273
2.75555555555556,214.545454545455,-2.55287847024106
2.88080808080808,214.545454545455,-2.3937759103088
3.00606060606061,214.545454545455,-2.19253742269235
3.13131313131313,214.545454545455,-1.95590924095356
3.25656565656566,214.545454545455,-1.69063759865428
3.38181818181818,214.545454545455,-1.40346872935636
3.50707070707071,214.545454545455,-1.10114886662164
3.63232323232323,214.545454545455,-0.790424244011977
3.75757575757576,214.545454545455,-0.478041095089208
3.88282828282828,214.545454545455,-0.170745653415184
4.00808080808081,214.545454545455,0.124715847448246
4.13333333333333,214.545454545455,0.40162182767971
4.25858585858586,214.545454545455,0.655806942307473
4.38383838383838,214.545454545455,0.887855957457558
4.50909090909091,214.545454545455,1.0988706090604
4.63434343434343,214.545454545455,1.28995263304643
4.75959595959596,214.545454545455,1.46220376534609
4.88484848484848,214.545454545455,1.61672574188981
5.01010101010101,214.545454545455,1.75462029860804
5.13535353535354,214.545454545455,1.87698917143119
5.26060606060606,214.545454545455,1.98493409628972
5.38585858585859,214.545454545455,2.07955680911405
5.51111111111111,214.545454545455,2.16195904583463
5.63636363636364,214.545454545455,2.23324254238188
5.76161616161616,214.545454545455,2.29450903468625
5.88686868686869,214.545454545455,2.34686025867816
6.01212121212121,214.545454545455,2.39139795028806
6.13737373737374,214.545454545455,2.42916863187709
6.26262626262626,214.545454545455,2.46064397194286
6.38787878787879,214.545454545455,2.48595428608521
6.51313131313131,214.545454545455,2.50522539115971
6.63838383838384,214.545454545455,2.51858310402195
6.76363636363636,214.545454545455,2.5261532415275
6.88888888888889,214.545454545455,2.52806162053194
7.01414141414141,214.545454545455,2.52443405789086
7.13939393939394,214.545454545455,2.51539637045983
7.26464646464646,214.545454545455,2.50107437509444
7.38989898989899,214.545454545455,2.48159388865026
7.51515151515152,214.545454545455,2.45708072798287
7.64040404040404,214.545454545455,2.42766070994786
7.76565656565657,214.545454545455,2.3934596514008
7.89090909090909,214.545454545455,2.35460336919728
8.01616161616162,214.545454545455,2.31121768019288
8.14141414141414,214.545454545455,2.26342840124317
8.26666666666667,214.545454545455,2.21136134920373
8.39191919191919,214.545454545455,2.15514234093016
8.51717171717172,214.545454545455,2.09489719327801
8.64242424242424,214.545454545455,2.03075172310288
8.76767676767677,214.545454545455,1.96283174726035
8.89292929292929,214.545454545455,1.89126308260599
9.01818181818182,214.545454545455,1.8161715459954
9.14343434343434,214.545454545455,1.73768295428413
9.26868686868687,214.545454545455,1.65592312432778
9.3939393939394,214.545454545455,1.57101787298194
9.51919191919192,214.545454545455,1.48309301710216
9.64444444444444,214.545454545455,1.39227437354404
9.76969696969697,214.545454545455,1.29868775916316
9.8949494949495,214.545454545455,1.2024589908151
10.020202020202,214.545454545455,1.10371388535544
10.1454545454545,214.545454545455,1.00257825963975
10.2707070707071,214.545454545455,0.899177930523618
10.3959595959596,214.545454545455,0.793638714862626
10.5212121212121,214.545454545455,0.686086429512349
10.6464646464646,214.545454545455,0.576646891328372
10.7717171717172,214.545454545455,0.465445917166274
10.8969696969697,214.545454545455,0.352609323881635
11.0222222222222,214.545454545455,0.238262928330031
11.1474747474747,214.545454545455,0.122532547367048
11.2727272727273,214.545454545455,0.00554399784826373
11.3979797979798,214.545454545455,-0.112576903370744
11.5232323232323,214.545454545455,-0.231704339434389
11.6484848484848,214.545454545455,-0.351712493487098
11.7737373737374,214.545454545455,-0.472475548673287
11.8989898989899,214.545454545455,-0.593867688137377
12.0242424242424,214.545454545455,-0.715763095023786
12.1494949494949,214.545454545455,-0.838035952476937
12.2747474747475,214.545454545455,-0.960560443641248
12.4,214.545454545455,-1.08321075166114
0,217.525252525253,9.04674462111314
0.125252525252525,217.525252525253,8.13384290420292
0.25050505050505,217.525252525253,7.22588085099762
0.375757575757576,217.525252525253,6.32779812520213
0.501010101010101,217.525252525253,5.44453439052138
0.626262626262626,217.525252525253,4.58102931066027
0.751515151515151,217.525252525253,3.74222254932371
0.876767676767677,217.525252525253,2.93305377021662
1.0020202020202,217.525252525253,2.15846263704389
1.12727272727273,217.525252525253,1.42338881351045
1.25252525252525,217.525252525253,0.732771963321213
1.37777777777778,217.525252525253,0.0915517501810759
1.5030303030303,217.525252525253,-0.495332162205043
1.62828282828283,217.525252525253,-1.02294011013224
1.75353535353535,217.525252525253,-1.4863324298956
1.87878787878788,217.525252525253,-1.88056945779021
2.0040404040404,217.525252525253,-2.20071153011116
2.12929292929293,217.525252525253,-2.4418435919288
2.25454545454545,217.525252525253,-2.60256600468058
2.37979797979798,217.525252525253,-2.68861683398219
2.50505050505051,217.525252525253,-2.70659924646561
2.63030303030303,217.525252525253,-2.66311640876278
2.75555555555556,217.525252525253,-2.56477148750565
2.88080808080808,217.525252525253,-2.4181676493262
3.00606060606061,217.525252525253,-2.22990806085636
3.13131313131313,217.525252525253,-2.00659588872809
3.25656565656566,217.525252525253,-1.75483429957336
3.38181818181818,217.525252525253,-1.48122646002412
3.50707070707071,217.525252525253,-1.19237553671233
3.63232323232323,217.525252525253,-0.894884696269931
3.75757575757576,217.525252525253,-0.59535710532889
3.88282828282828,217.525252525253,-0.300395930521162
4.00808080808081,217.525252525253,-0.0166043384787022
4.13333333333333,217.525252525253,0.249438581690687
4.25858585858586,217.525252525253,0.493650230464777
4.38383838383838,217.525252525253,0.716587098069883
4.50909090909091,217.525252525253,0.91931056172772
4.63434343434343,217.525252525253,1.10288199866001
4.75959595959596,217.525252525253,1.26836278608846
4.88484848484848,217.525252525253,1.4168143012348
5.01010101010101,217.525252525253,1.54929792132073
5.13535353535354,217.525252525253,1.66687502356799
5.26060606060606,217.525252525253,1.77060698519828
5.38585858585859,217.525252525253,1.86155518343332
5.51111111111111,217.525252525253,1.94078099549483
5.63636363636364,217.525252525253,2.00934579860453
5.76161616161616,217.525252525253,2.06831096998413
5.88686868686869,217.525252525253,2.11873788685535
6.01212121212121,217.525252525253,2.16168792643991
6.13737373737374,217.525252525253,2.19816921869183
6.26262626262626,217.525252525253,2.22863551177195
6.38787878787879,217.525252525253,2.25321135742509
6.51313131313131,217.525252525253,2.27201696886405
6.63838383838384,217.525252525253,2.28517255930162
6.76363636363636,217.525252525253,2.2927983419506
6.88888888888889,217.525252525253,2.29501453002378
7.01414141414141,217.525252525253,2.29194133673396
7.13939393939394,217.525252525253,2.28369897529393
7.26464646464646,217.525252525253,2.27040765891649
7.38989898989899,217.525252525253,2.25218760081445
7.51515151515152,217.525252525253,2.22915901420058
7.64040404040404,217.525252525253,2.20144211228769
7.76565656565657,217.525252525253,2.16915710828857
7.89090909090909,217.525252525253,2.13242421541601
8.01616161616162,217.525252525253,2.09136364688283
8.14141414141414,217.525252525253,2.04609561590179
8.26666666666667,217.525252525253,1.99674033568572
8.39191919191919,217.525252525253,1.94341801944739
8.51717171717172,217.525252525253,1.88624888039961
8.64242424242424,217.525252525253,1.82535313175516
8.76767676767677,217.525252525253,1.76085098672686
8.89292929292929,217.525252525253,1.69286265852748
9.01818181818182,217.525252525253,1.62150836036983
9.14343434343434,217.525252525253,1.5469083054667
9.26868686868687,217.525252525253,1.46918270703089
9.3939393939394,217.525252525253,1.3884517782752
9.51919191919192,217.525252525253,1.30483573241241
9.64444444444444,217.525252525253,1.21845478265533
9.76969696969697,217.525252525253,1.12942914221674
9.8949494949495,217.525252525253,1.03787902430945
10.020202020202,217.525252525253,0.943924642146255
10.1454545454545,217.525252525253,0.847686208939943
10.2707070707071,217.525252525253,0.749283937903313
10.3959595959596,217.525252525253,0.648838042249158
10.5212121212121,217.525252525253,0.546468735190277
10.6464646464646,217.525252525253,0.442296229939464
10.7717171717172,217.525252525253,0.336440739709512
10.8969696969697,217.525252525253,0.229022477713223
11.0222222222222,217.525252525253,0.120161657163385
11.1474747474747,217.525252525253,0.00997849127279722
11.2727272727273,217.525252525253,-0.101406806745746
11.3979797979798,217.525252525253,-0.213874023679447
11.5232323232323,217.525252525253,-0.327302946315511
11.6484848484848,217.525252525253,-0.441573361441145
11.7737373737374,217.525252525253,-0.556565055843551
11.8989898989899,217.525252525253,-0.672157816309935
12.0242424242424,217.525252525253,-0.7882314296275
12.1494949494949,217.525252525253,-0.904665682583452
12.2747474747475,217.525252525253,-1.021340361965
12.4,217.525252525253,-1.13813525455933
0,220.50505050505,9.0722698688034
0.125252525252525,220.50505050505,8.16435284772608
0.25050505050505,220.50505050505,7.26128964774439
0.375757575757576,220.50505050505,6.36793408995398
0.501010101010101,220.50505050505,5.48913999545047
0.626262626262626,220.50505050505,4.62976118532953
0.751515151515151,220.50505050505,3.79465148068677
0.876767676767677,220.50505050505,2.98866470261785
1.0020202020202,220.50505050505,2.21665467221839
1.12727272727273,220.50505050505,1.48347521058403
1.25252525252525,220.50505050505,0.793980138810424
1.37777777777778,220.50505050505,0.153023277993196
1.5030303030303,220.50505050505,-0.434541550772011
1.62828282828283,220.50505050505,-0.963860526389562
1.75353535353535,220.50505050505,-1.43007982776381
1.87878787878788,220.50505050505,-1.82834563379914
2.0040404040404,220.50505050505,-2.15380412339988
2.12929292929293,220.50505050505,-2.40162558173553
2.25454545454545,220.50505050505,-2.57042392569098
2.37979797979798,220.50505050505,-2.66580502471563
2.50505050505051,220.50505050505,-2.69422218394944
2.63030303030303,220.50505050505,-2.66212870853237
2.75555555555556,220.50505050505,-2.57597790360437
2.88080808080808,220.50505050505,-2.44222307430541
3.00606060606061,220.50505050505,-2.26731752577543
3.13131313131313,220.50505050505,-2.05771456315439
3.25656565656566,220.50505050505,-1.81986749158225
3.38181818181818,220.50505050505,-1.56022961619897
3.50707070707071,220.50505050505,-1.28525424214449
3.63232323232323,220.50505050505,-1.00139467455878
3.75757575757576,220.50505050505,-0.7151042185818
3.88282828282828,220.50505050505,-0.432836179353494
4.00808080808081,220.50505050505,-0.161043862013824
4.13333333333333,220.50505050505,0.0938429001980488
4.25858585858586,220.50505050505,0.327827969281373
4.38383838383838,220.50505050505,0.54143760969077
4.50909090909091,220.50505050505,0.73569027342441
4.63434343434343,220.50505050505,0.911604412480475
4.75959595959596,220.50505050505,1.07019847885714
4.88484848484848,220.50505050505,1.21249092455258
5.01010101010101,220.50505050505,1.33950020156498
5.13535353535354,220.50505050505,1.45224476189251
5.26060606060606,220.50505050505,1.55174305753336
5.38585858585859,220.50505050505,1.63901354048569
5.51111111111111,220.50505050505,1.71507466274768
5.63636363636364,220.50505050505,1.78094487631752
5.76161616161616,220.50505050505,1.83764263319337
5.88686868686869,220.50505050505,1.88618638537343
6.01212121212121,220.50505050505,1.92759458485586
6.13737373737374,220.50505050505,1.96283454639515
6.26262626262626,220.50505050505,1.99234117138305
6.38787878787879,220.50505050505,2.01623320982784
6.51313131313131,220.50505050505,2.03462524512837
6.63838383838384,220.50505050505,2.04763186068348
6.76363636363636,220.50505050505,2.05536763989201
6.88888888888889,220.50505050505,2.05794716615279
7.01414141414141,220.50505050505,2.05548502286466
7.13939393939394,220.50505050505,2.04809579342647
7.26464646464646,220.50505050505,2.03589406123705
7.38989898989899,220.50505050505,2.01899440969524
7.51515151515152,220.50505050505,1.99751142219988
7.64040404040404,220.50505050505,1.97155968214981
7.76565656565657,220.50505050505,1.94125377294386
7.89090909090909,220.50505050505,1.90670827798088
8.01616161616162,220.50505050505,1.8680377806597
8.14141414141414,220.50505050505,1.82535686437917
8.26666666666667,220.50505050505,1.77878011253812
8.39191919191919,220.50505050505,1.72842210853539
8.51717171717172,220.50505050505,1.67439743576982
8.64242424242424,220.50505050505,1.61682067764024
8.76767676767677,220.50505050505,1.55580641754551
8.89292929292929,220.50505050505,1.49146923888444
9.01818181818182,220.50505050505,1.4239237250559
9.14343434343434,220.50505050505,1.3532844594587
9.26868686868687,220.50505050505,1.2796660254917
9.3939393939394,220.50505050505,1.20318300655373
9.51919191919192,220.50505050505,1.12394998604363
9.64444444444444,220.50505050505,1.04208154736024
9.76969696969697,220.50505050505,0.957692273902393
9.8949494949495,220.50505050505,0.870896749068931
10.020202020202,220.50505050505,0.781809556258697
10.1454545454545,220.50505050505,0.690545278870523
10.2707070707071,220.50505050505,0.597218500303255
10.3959595959596,220.50505050505,0.501943803955725
10.5212121212121,220.50505050505,0.404835773226776
10.6464646464646,220.50505050505,0.306008991515244
10.7717171717172,220.50505050505,0.20557804221997
10.8969696969697,220.50505050505,0.103657508739793
11.0222222222222,220.50505050505,0.000361974473549095
11.1474747474747,220.50505050505,-0.104193977179921
11.2727272727273,220.50505050505,-0.209895762821778
11.3979797979798,220.50505050505,-0.316628799053185
11.5232323232323,220.50505050505,-0.4242785024753
11.6484848484848,220.50505050505,-0.532730289689288
11.7737373737374,220.50505050505,-0.641869577296309
11.8989898989899,220.50505050505,-0.751581781897523
12.0242424242424,220.50505050505,-0.861752320094092
12.1494949494949,220.50505050505,-0.972266608487178
12.2747474747475,220.50505050505,-1.08301006367794
12.4,220.50505050505,-1.19386810226754
0,223.484848484848,9.09475541896864
0.125252525252525,223.484848484848,8.1922902752575
0.25050505050505,223.484848484848,7.29458925553028
0.375757575757576,223.484848484848,6.40641648377087
0.501010101010101,223.484848484848,5.53253608396317
0.626262626262626,223.484848484848,4.6777121800911
0.751515151515151,223.484848484848,3.84670889613856
0.876767676767677,223.484848484848,3.04429035608945
1.0020202020202,223.484848484848,2.27522068392768
1.12727272727273,223.484848484848,1.54426400363715
1.25252525252525,223.484848484848,0.856184439201778
1.37777777777778,223.484848484848,0.21574611460546
1.5030303030303,223.484848484848,-0.372286846167893
1.62828282828283,223.484848484848,-0.903150319134381
1.75353535353535,223.484848484848,-1.37208018031009
1.87878787878788,223.484848484848,-1.77431230571113
2.0040404040404,223.484848484848,-2.10508257135357
2.12929292929293,223.484848484848,-2.35965043486235
2.25454545454545,223.484848484848,-2.53664403729863
2.37979797979798,223.484848484848,-2.64153129724282
2.50505050505051,223.484848484848,-2.68060912511007
2.63030303030303,223.484848484848,-2.66017443131553
2.75555555555556,223.484848484848,-2.58652412627437
2.88080808080808,223.484848484848,-2.46595512040175
3.00606060606061,223.484848484848,-2.30476432411283
3.13131313131313,223.484848484848,-2.10924864782276
3.25656565656566,223.484848484848,-1.88570500194672
3.38181818181818,223.484848484848,-1.64043029689984
3.50707070707071,223.484848484848,-1.37972144309731
3.63232323232323,223.484848484848,-1.10987535095427
3.75757575757576,223.484848484848,-0.837188930885888
3.88282828282828,223.484848484848,-0.56795909330732
4.00808080808081,223.484848484848,-0.308482748633727
4.13333333333333,223.484848484848,-0.0650339692788351
4.25858585858586,223.484848484848,0.158481141424213
4.38383838383838,223.484848484848,0.362556747281425
4.50909090909091,223.484848484848,0.548165907264722
4.63434343434343,223.484848484848,0.71628168034603
4.75959595959596,223.484848484848,0.867877125497273
4.88484848484848,223.484848484848,1.00392530169038
5.01010101010101,223.484848484848,1.12539926789726
5.13535353535354,223.484848484848,1.23327208308986
5.26060606060606,223.484848484848,1.32851680624009
5.38585858585859,223.484848484848,1.41210649631988
5.51111111111111,223.484848484848,1.48501421230116
5.63636363636364,223.484848484848,1.54821301315584
5.76161616161616,223.484848484848,1.60267595785585
5.88686868686869,223.484848484848,1.64937610537313
6.01212121212121,223.484848484848,1.68928651467959
6.13737373737374,223.484848484848,1.7233313557221
6.26262626262626,223.484848484848,1.75192579232299
6.38787878787879,223.484848484848,1.7751827363295
6.51313131313131,223.484848484848,1.79321111616191
6.63838383838384,223.484848484848,1.80611986024053
6.76363636363636,223.484848484848,1.81401789698564
6.88888888888889,223.484848484848,1.81701415481754
7.01414141414141,223.484848484848,1.81521756215653
7.13939393939394,223.484848484848,1.80873704742289
7.26464646464646,223.484848484848,1.79768153903692
7.38989898989899,223.484848484848,1.78215996541892
7.51515151515152,223.484848484848,1.76228125498917
7.64040404040404,223.484848484848,1.73815433616798
7.76565656565657,223.484848484848,1.70988813737563
7.89090909090909,223.484848484848,1.67759158703241
8.01616161616162,223.484848484848,1.64137361355863
8.14141414141414,223.484848484848,1.60134314537458
8.26666666666667,223.484848484848,1.55760911090054
8.39191919191919,223.484848484848,1.51028043855682
8.51717171717172,223.484848484848,1.45946605676369
8.64242424242424,223.484848484848,1.40527489394148
8.76767676767677,223.484848484848,1.34781587851045
8.89292929292929,223.484848484848,1.28719793889091
9.01818181818182,223.484848484848,1.22353000350315
9.14343434343434,223.484848484848,1.15692100076746
9.26868686868687,223.484848484848,1.08747985910414
9.3939393939394,223.484848484848,1.01531550693349
9.51919191919192,223.484848484848,0.940536872675784
9.64444444444444,223.484848484848,0.863252884751328
9.76969696969697,223.484848484848,0.783572471580415
9.8949494949495,223.484848484848,0.701604561583337
10.020202020202,223.484848484848,0.617458083180386
10.1454545454545,223.484848484848,0.531241964791858
10.2707070707071,223.484848484848,0.443065134838048
10.3959595959596,223.484848484848,0.353036521739245
10.5212121212121,223.484848484848,0.261265053915745
10.6464646464646,223.484848484848,0.167859659787842
10.7717171717172,223.484848484848,0.0729292677758289
10.8969696969697,223.484848484848,-0.0234171936999988
11.0222222222222,223.484848484848,-0.121070796219351
11.1474747474747,223.484848484848,-0.219922611361932
11.2727272727273,223.484848484848,-0.319863710707449
11.3979797979798,223.484848484848,-0.420785165835608
11.5232323232323,223.484848484848,-0.522578048326115
11.6484848484848,223.484848484848,-0.625133429758678
11.7737373737374,223.484848484848,-0.728342381713002
11.8989898989899,223.484848484848,-0.832095975768794
12.0242424242424,223.484848484848,-0.936285283505758
12.1494949494949,223.484848484848,-1.04080137650361
12.2747474747475,223.484848484848,-1.14553532634204
12.4,223.484848484848,-1.25037820460077
0,226.464646464646,9.11432285950982
0.125252525252525,226.464646464646,8.21775808743687
0.25050505050505,226.464646464646,7.32586404191373
0.375757575757576,226.464646464646,6.44331144949022
0.501010101010101,226.464646464646,5.57477103671613
0.626262626262626,226.464646464646,4.72491353014129
0.751515151515151,226.464646464646,3.89840965631551
0.876767676767677,226.464646464646,3.0999301417886
1.0020202020202,226.464646464646,2.33414571311037
1.12727272727273,226.464646464646,1.60572709683063
1.25252525252525,226.464646464646,0.919345019499187
1.37777777777778,226.464646464646,0.279670207665862
1.5030303030303,226.464646464646,-0.308626612119534
1.62828282828283,226.464646464646,-0.840874713307197
1.75353535353535,226.464646464646,-1.31240336934731
1.87878787878788,226.464646464646,-1.71854185369006
2.0040404040404,226.464646464646,-2.05461943978565
2.12929292929293,226.464646464646,-2.31598843677644
2.25454545454545,226.464646464646,-2.50129185187965
2.37979797979798,226.464646464646,-2.61585412829202
2.50505050505051,226.464646464646,-2.66580950980041
2.63030303030303,226.464646464646,-2.65729224019171
2.75555555555556,226.464646464646,-2.59643656325279
2.88080808080808,226.464646464646,-2.48937672277054
3.00606060606061,226.464646464646,-2.34224696253183
3.13131313131313,226.464646464646,-2.16118152632353
3.25656565656566,226.464646464646,-1.95231465793254
3.38181818181818,226.464646464646,-1.72178060114572
3.50707070707071,226.464646464646,-1.47571359974996
3.63232323232323,226.464646464646,-1.22024789753213
3.75757575757576,226.464646464646,-0.961517738279107
3.88282828282828,226.464646464646,-0.705657365777778
4.00808080808081,226.464646464646,-0.458801023815018
4.13333333333333,226.464646464646,-0.227060779220594
4.25858585858586,226.464646464646,-0.0142492704397514
4.38383838383838,226.464646464646,0.180093765803063
4.50909090909091,226.464646464646,0.356893626362915
4.63434343434343,226.464646464646,0.517075608094872
4.75959595959596,226.464646464646,0.661565007854003
4.88484848484848,226.464646464646,0.791287122495375
5.01010101010101,226.464646464646,0.907167248874056
5.13535353535354,226.464646464646,1.01013068384512
5.26060606060606,226.464646464646,1.10110272426362
5.38585858585859,226.464646464646,1.18100866698463
5.51111111111111,226.464646464646,1.25077380886323
5.63636363636364,226.464646464646,1.31132344675448
5.76161616161616,226.464646464646,1.36358287751344
5.88686868686869,226.464646464646,1.40847739799519
6.01212121212121,226.464646464646,1.44693230505479
6.13737373737374,226.464646464646,1.47982638740773
6.26262626262626,226.464646464646,1.50755421613863
6.38787878787879,226.464646464646,1.53022282996611
6.51313131313131,226.464646464646,1.5479354781739
6.63838383838384,226.464646464646,1.56079541004575
6.76363636363636,226.464646464646,1.56890587486541
6.88888888888889,226.464646464646,1.57237012191661
7.01414141414141,226.464646464646,1.57129140048311
7.13939393939394,226.464646464646,1.56577295984864
7.26464646464646,226.464646464646,1.55591804929694
7.38989898989899,226.464646464646,1.54182991811177
7.51515151515152,226.464646464646,1.52361181557686
7.64040404040404,226.464646464646,1.50136699097595
7.76565656565657,226.464646464646,1.4751986935928
7.89090909090909,226.464646464646,1.44521017271114
8.01616161616162,226.464646464646,1.41150467761473
8.14141414141414,226.464646464646,1.37418545758729
8.26666666666667,226.464646464646,1.33335576191257
8.39191919191919,226.464646464646,1.28911883987433
8.51717171717172,226.464646464646,1.24157794075629
8.64242424242424,226.464646464646,1.19083631384221
8.76767676767677,226.464646464646,1.13699720841583
8.89292929292929,226.464646464646,1.08016387376089
9.01818181818182,226.464646464646,1.02043955916114
9.14343434343434,226.464646464646,0.957927513900308
9.26868686868687,226.464646464646,0.892730987262153
9.3939393939394,226.464646464646,0.824953228530412
9.51919191919192,226.464646464646,0.75469748698883
9.64444444444444,226.464646464646,0.68206701192115
9.76969696969697,226.464646464646,0.607165052611116
9.8949494949495,226.464646464646,0.530094858342469
10.020202020202,226.464646464646,0.450959678398955
10.1454545454545,226.464646464646,0.369862762064316
10.2707070707071,226.464646464646,0.286907358622297
10.3959595959596,226.464646464646,0.202196717356639
10.5212121212121,226.464646464646,0.115834087551087
10.6464646464646,226.464646464646,0.0279227184893834
10.7717171717172,226.464646464646,-0.061434140544726
10.8969696969697,226.464646464646,-0.152133240267499
11.0222222222222,226.464646464646,-0.244071331395196
11.1474747474747,226.464646464646,-0.337145164644068
11.2727272727273,226.464646464646,-0.431251490730375
11.3979797979798,226.464646464646,-0.526287060370372
11.5232323232323,226.464646464646,-0.622148624280316
11.6484848484848,226.464646464646,-0.718732933176464
11.7737373737374,226.464646464646,-0.815936737775073
11.8989898989899,226.464646464646,-0.913656788792399
12.0242424242424,226.464646464646,-1.0117898369447
12.1494949494949,226.464646464646,-1.11023263294823
12.2747474747475,226.464646464646,-1.20888192751924
12.4,226.464646464646,-1.307634471374
0,229.444444444444,9.13109377832798
0.125252525252525,229.444444444444,8.24085918490385
0.25050505050505,229.444444444444,7.35519837445317
0.375757575757576,229.444444444444,6.47868512994941
0.501010101010101,229.444444444444,5.615893234366
0.626262626262626,229.444444444444,4.77139647067641
0.751515151515151,229.444444444444,3.94976862185409
0.876767676767677,229.444444444444,3.15558347087249
1.0020202020202,229.444444444444,2.39341480070507
1.12727272727273,229.444444444444,1.66783639432527
1.25252525252525,229.444444444444,0.983422034706567
1.37777777777778,229.444444444444,0.344745504822397
1.5030303030303,229.444444444444,-0.243619412353779
1.62828282828283,229.444444444444,-0.777098933848512
1.75353535353535,229.444444444444,-1.25111927668834
1.87878787878788,229.444444444444,-1.66110665789982
2.0040404040404,229.444444444444,-2.00248729450949
2.12929292929293,229.444444444444,-2.270709872945
2.25454545454545,229.444444444444,-2.46443288181015
2.37979797979798,229.444444444444,-2.58883199459148
2.50505050505051,229.444444444444,-2.64987277787341
2.63030303030303,229.444444444444,-2.65352079824038
2.75555555555556,229.444444444444,-2.60574162227679
2.88080808080808,229.444444444444,-2.51250081656709
3.00606060606061,229.444444444444,-2.37976394769569
3.13131313131313,229.444444444444,-2.21349658224702
3.25656565656566,229.444444444444,-2.0196642868055
3.38181818181818,229.444444444444,-1.80423262795555
3.50707070707071,229.444444444444,-1.57316717228161
3.63232323232323,229.444444444444,-1.33243348636808
3.75757575757576,229.444444444444,-1.08799713679941
3.88282828282828,229.444444444444,-0.84582369016001
4.00808080808081,229.444444444444,-0.611878713034308
4.13333333333333,229.444444444444,-0.39210628210786
4.25858585858586,229.444444444444,-0.190222283643573
4.38383838383838,229.444444444444,-0.00580207978311028
4.50909090909091,229.444444444444,0.16202959383324
4.63434343434343,229.444444444444,0.314148001565196
4.75959595959596,229.444444444444,0.451428407772471
4.88484848484848,229.444444444444,0.57474607681478
5.01010101010101,229.444444444444,0.68497627305184
5.13535353535354,229.444444444444,0.782994260843365
5.26060606060606,229.444444444444,0.869675304549071
5.38585858585859,229.444444444444,0.945894668528672
5.51111111111111,229.444444444444,1.01252761714188
5.63636363636364,229.444444444444,1.07044941474842
5.76161616161616,229.444444444444,1.120535325708
5.88686868686869,229.444444444444,1.16366061438034
6.01212121212121,229.444444444444,1.20070054512515
6.13737373737374,229.444444444444,1.2324863821871
6.26262626262626,229.444444444444,1.25939128437682
6.38787878787879,229.444444444444,1.28151638377372
6.51313131313131,229.444444444444,1.29895922737358
6.63838383838384,229.444444444444,1.31181736217215
6.76363636363636,229.444444444444,1.32018833516523
6.88888888888889,229.444444444444,1.32416969334857
7.01414141414141,229.444444444444,1.32385898371796
7.13939393939394,229.444444444444,1.31935375326915
7.26464646464646,229.444444444444,1.31075154899793
7.38989898989899,229.444444444444,1.29814991790007
7.51515151515152,229.444444444444,1.28164640697134
7.64040404040404,229.444444444444,1.2613385632075
7.76565656565657,229.444444444444,1.23732393360434
7.89090909090909,229.444444444444,1.20970006515761
8.01616161616162,229.444444444444,1.17856450486311
8.14141414141414,229.444444444444,1.14401479971659
8.26666666666667,229.444444444444,1.10614849671383
8.39191919191919,229.444444444444,1.0650631428506
8.51717171717172,229.444444444444,1.02085628512267
8.64242424242424,229.444444444444,0.973625470525815
8.76767676767677,229.444444444444,0.923468246055803
8.89292929292929,229.444444444444,0.870482158708414
9.01818181818182,229.444444444444,0.814764755479413
9.14343434343434,229.444444444444,0.756413583364572
9.26868686868687,229.444444444444,0.695526189359664
9.3939393939394,229.444444444444,0.632200120460463
9.51919191919192,229.444444444444,0.566532923662735
9.64444444444444,229.444444444444,0.498622145962258
9.76969696969697,229.444444444444,0.428565334354802
9.8949494949495,229.444444444444,0.356460035836136
10.020202020202,229.444444444444,0.282403797402035
10.1454545454545,229.444444444444,0.206494166048269
10.2707070707071,229.444444444444,0.128828688770613
10.3959595959596,229.444444444444,0.0495049125648339
10.5212121212121,229.444444444444,-0.031379615573295
10.6464646464646,229.444444444444,-0.113727348647999
10.7717171717172,229.444444444444,-0.197440739663511
10.8969696969697,229.444444444444,-0.282422241624054
11.0222222222222,229.444444444444,-0.368574307533859
11.1474747474747,229.444444444444,-0.455799390397154
11.2727272727273,229.444444444444,-0.543999943218166
11.3979797979798,229.444444444444,-0.633078419001127
11.5232323232323,229.444444444444,-0.72293727075026
11.6484848484848,229.444444444444,-0.813478951469797
11.7737373737374,229.444444444444,-0.904605914163964
11.8989898989899,229.444444444444,-0.996220611836991
12.0242424242424,229.444444444444,-1.0882254974931
12.1494949494949,229.444444444444,-1.18052302413653
12.2747474747475,229.444444444444,-1.27301564477151
12.4,229.444444444444,-1.36560581240225
0,232.424242424242,9.14518976332411
0.125252525252525,232.424242424242,8.26169646829812
0.25050505050505,232.424242424242,7.38267662070705
0.375757575757576,232.424242424242,6.51260366798585
0.501010101010101,232.424242424242,5.65595105756944
0.626262626262626,232.424242424242,4.81719223689276
0.751515151515151,232.424242424242,4.00080065339074
0.876767676767677,232.424242424242,3.21124975449831
1.0020202020202,232.424242424242,2.45301298765039
1.12727272727273,232.424242424242,1.73056380028192
1.25252525252525,232.424242424242,1.04837563982783
1.37777777777778,232.424242424242,0.410921953723058
1.5030303030303,232.424242424242,-0.177323810597469
1.62828282828283,232.424242424242,-0.711888205698824
1.75353535353535,232.424242424242,-1.18829778414607
1.87878787878788,232.424242424242,-1.60207909850428
2.0040404040404,232.424242424242,-1.94875870133852
2.12929292929293,232.424242424242,-2.22388502883523
2.25454545454545,232.424242424242,-2.42613263946623
2.37979797979798,232.424242424242,-2.56052337286944
2.50505050505051,232.424242424242,-2.63284836918199
2.63030303030303,232.424242424242,-2.64889876854098
2.75555555555556,232.424242424242,-2.61446571108352
2.88080808080808,232.424242424242,-2.53534033694672
3.00606060606061,232.424242424242,-2.41731378626769
3.13131313131313,232.424242424242,-2.26617719918353
3.25656565656566,232.424242424242,-2.08772171583137
3.38181818181818,232.424242424242,-1.88773847634829
3.50707070707071,232.424242424242,-1.67201862087143
3.63232323232323,232.424242424242,-1.44635328953788
3.75757575757576,232.424242424242,-1.21653362248475
3.88282828282828,232.424242424242,-0.988350759849157
4.00808080808081,232.424242424242,-0.767595841768205
4.13333333333333,232.424242424242,-0.56003923042126
4.25858585858586,232.424242424242,-0.3692969155203
4.38383838383838,232.424242424242,-0.194981534515885
4.50909090909091,232.424242424242,-0.0362700272100454
4.63434343434343,232.424242424242,0.107660666595197
4.75959595959596,232.424242424242,0.237633607097817
4.88484848484848,232.424242424242,0.354471854495789
5.01010101010101,232.424242424242,0.458998468987091
5.13535353535354,232.424242424242,0.552036510769696
5.26060606060606,232.424242424242,0.63440904004158
5.38585858585859,232.424242424242,0.706939117000719
5.51111111111111,232.424242424242,0.770449801845086
5.63636363636364,232.424242424242,0.82576415477266
5.76161616161616,232.424242424242,0.873705235981414
5.88686868686869,232.424242424242,0.915096105669323
6.01212121212121,232.424242424242,0.950759824034363
6.13737373737374,232.424242424242,0.981478080795264
6.26262626262626,232.424242424242,1.0076018385844
6.38787878787879,232.424242424242,1.02922629078837
6.51313131313131,232.424242424242,1.04644325997016
6.63838383838384,232.424242424242,1.05934456869271
6.76363636363636,232.424242424242,1.068022039519
6.88888888888889,232.424242424242,1.07256749501199
7.01414141414141,232.424242424242,1.07307275773463
7.13939393939394,232.424242424242,1.06962965024989
7.26464646464646,232.424242424242,1.06232999512073
7.38989898989899,232.424242424242,1.05126561491011
7.51515151515152,232.424242424242,1.03652833218101
7.64040404040404,232.424242424242,1.01820996949637
7.76565656565657,232.424242424242,0.996402349419162
7.89090909090909,232.424242424242,0.97119729451235
8.01616161616162,232.424242424242,0.942686627338891
8.14141414141414,232.424242424242,0.910962170461753
8.26666666666667,232.424242424242,0.876115746443896
8.39191919191919,232.424242424242,0.83823917784828
8.51717171717172,232.424242424242,0.79742428723787
8.64242424242424,232.424242424242,0.753762897175627
8.76767676767677,232.424242424242,0.707346830224515
8.89292929292929,232.424242424242,0.658267908947495
9.01818181818182,232.424242424242,0.606617955907529
9.14343434343434,232.424242424242,0.552488793667582
9.26868686868687,232.424242424242,0.495972244790612
9.3939393939394,232.424242424242,0.437160131839585
9.51919191919192,232.424242424242,0.37614427737746
9.64444444444444,232.424242424242,0.313016503967204
9.76969696969697,232.424242424242,0.247868634171776
9.8949494949495,232.424242424242,0.180792490554139
10.020202020202,232.424242424242,0.111879895677253
10.1454545454545,232.424242424242,0.0412226721040846
10.2707070707071,232.424242424242,-0.0310873576024051
10.3959595959596,232.424242424242,-0.104958370879255
10.5212121212121,232.424242424242,-0.180298545163504
10.6464646464646,232.424242424242,-0.257016057892186
10.7717171717172,232.424242424242,-0.335019086502341
10.8969696969697,232.424242424242,-0.414215808431006
11.0222222222222,232.424242424242,-0.49451440111522
11.1474747474747,232.424242424242,-0.57582304199202
11.2727272727273,232.424242424242,-0.658049908498442
11.3979797979798,232.424242424242,-0.741103178071526
11.5232323232323,232.424242424242,-0.824891028148308
11.6484848484848,232.424242424242,-0.909321636165827
11.7737373737374,232.424242424242,-0.99430317956112
11.8989898989899,232.424242424242,-1.07974383577122
12.0242424242424,232.424242424242,-1.16555178223318
12.1494949494949,232.424242424242,-1.25163519638402
12.2747474747475,232.424242424242,-1.33790225566078
12.4,232.424242424242,-1.42426113750051
0,235.40404040404,9.1567324023992
0.125252525252525,235.40404040404,8.28037283825932
0.25050505050505,235.40404040404,7.40838314823378
0.375757575757576,235.40404040404,6.54513320643694
0.501010101010101,235.40404040404,5.69499288698311
0.626262626262626,235.40404040404,4.86233206398666
0.751515151515151,235.40404040404,4.05152061156192
0.876767676767677,235.40404040404,3.26692840382323
1.0020202020202,235.40404040404,2.51292531488493
1.12727272727273,235.40404040404,1.79388121886137
1.25252525252525,235.40404040404,1.1141659898669
1.37777777777778,235.40404040404,0.478149502015841
1.5030303030303,235.40404040404,-0.109798370577448
1.62828282828283,235.40404040404,-0.645307753798633
1.75353535353535,235.40404040404,-1.12400877353337
1.87878787878788,235.40404040404,-1.54153155566731
2.0040404040404,235.40404040404,-1.89350622608612
2.12929292929293,235.40404040404,-2.17558418991433
2.25454545454545,235.40404040404,-2.38645663722399
2.37979797979798,235.40404040404,-2.53098673985416
2.50505050505051,235.40404040404,-2.61478572357908
2.63030303030303,235.40404040404,-2.64346481417298
2.75555555555556,235.40404040404,-2.62263523741012
2.88080808080808,235.40404040404,-2.55790821906474
3.00606060606061,235.40404040404,-2.45489498491108
3.13131313131313,235.40404040404,-2.3192067607234
3.25656565656566,235.40404040404,-2.15645477227592
3.38181818181818,235.40404040404,-1.97225024534291
3.50707070707071,235.40404040404,-1.7722044056986
3.63232323232323,235.40404040404,-1.56192847911725
3.75757575757576,235.40404040404,-1.34703369137308
3.88282828282828,235.40404040404,-1.13313126824036
4.00808080808081,235.40404040404,-0.925832435493318
4.13333333333333,235.40404040404,-0.730728376641428
4.25858585858586,235.40404040404,-0.551332183402981
4.38383838383838,235.40404040404,-0.387295343434054
4.50909090909091,235.40404040404,-0.237849073652688
4.63434343434343,235.40404040404,-0.102224590976927
4.75959595959596,235.40404040404,0.0203468876751841
4.88484848484848,235.40404040404,0.130634145385604
5.01010101010101,235.40404040404,0.229405965236289
5.13535353535354,235.40404040404,0.317431130309195
5.26060606060606,235.40404040404,0.39547842368628
5.38585858585859,235.40404040404,0.464316628449501
5.51111111111111,235.40404040404,0.524714527680813
5.63636363636364,235.40404040404,0.577440904462173
5.76161616161616,235.40404040404,0.62326454187554
5.88686868686869,235.40404040404,0.662954223002868
6.01212121212121,235.40404040404,0.697278730926115
6.13737373737374,235.40404040404,0.726968223967272
6.26262626262626,235.40404040404,0.752350720308205
6.38787878787879,235.40404040404,0.773515444046109
6.51313131313131,235.40404040404,0.790548472172884
6.63838383838384,235.40404040404,0.803535881680431
6.76363636363636,235.40404040404,0.812563749560644
6.88888888888889,235.40404040404,0.817718152805423
7.01414141414141,235.40404040404,0.819085168406668
7.13939393939394,235.40404040404,0.816750873356278
7.26464646464646,235.40404040404,0.81080134464615
7.38989898989899,235.40404040404,0.80132265926818
7.51515151515152,235.40404040404,0.788400894214271
7.64040404040404,235.40404040404,0.772122126476319
7.76565656565657,235.40404040404,0.752572433046223
7.89090909090909,235.40404040404,0.729837890915884
8.01616161616162,235.40404040404,0.704004577077197
8.14141414141414,235.40404040404,0.675158568522063
8.26666666666667,235.40404040404,0.643385942242376
8.39191919191919,235.40404040404,0.60877277523004
8.51717171717172,235.40404040404,0.571405144476952
8.64242424242424,235.40404040404,0.531369126975008
8.76767676767677,235.40404040404,0.488750799716108
8.89292929292929,235.40404040404,0.443636239692153
9.01818181818182,235.40404040404,0.39611152389504
9.14343434343434,235.40404040404,0.346262729316667
9.26868686868687,235.40404040404,0.294175932948931
9.3939393939394,235.40404040404,0.239937211783731
9.51919191919192,235.40404040404,0.183632642812967
9.64444444444444,235.40404040404,0.12534830302854
9.76969696969697,235.40404040404,0.0651702694223438
9.8949494949495,235.40404040404,0.00318461898627756
10.020202020202,235.40404040404,-0.0605225712877589
10.1454545454545,235.40404040404,-0.125865224407866
10.2707070707071,235.40404040404,-0.192757263382147
10.3959595959596,235.40404040404,-0.261112611218702
10.5212121212121,235.40404040404,-0.330845190925635
10.6464646464646,235.40404040404,-0.401868925511046
10.7717171717172,235.40404040404,-0.474097737983035
10.8969696969697,235.40404040404,-0.547445551349705
11.0222222222222,235.40404040404,-0.621826288619157
11.1474747474747,235.40404040404,-0.697153872799493
11.2727272727273,235.40404040404,-0.773342226898814
11.3979797979798,235.40404040404,-0.850305273925222
11.5232323232323,235.40404040404,-0.927956936886818
11.6484848484848,235.40404040404,-1.0062111387917
11.7737373737374,235.40404040404,-1.08498180264798
11.8989898989899,235.40404040404,-1.16418285146375
12.0242424242424,235.40404040404,-1.24372820824711
12.1494949494949,235.40404040404,-1.32353179600617
12.2747474747475,235.40404040404,-1.40350753774903
12.4,235.40404040404,-1.48356935648378
0,238.383838383838,9.16584328345425
0.125252525252525,238.383838383838,8.29699119542715
0.25050505050505,238.383838383838,7.43240232459182
0.375757575757576,238.383838383838,6.57633988814007
0.501010101010101,238.383838383838,5.73306710326366
0.626262626262626,238.383838383838,4.9068471871544
0.751515151515151,238.383838383838,4.10194335700407
0.876767676767677,238.383838383838,3.32261883000444
1.0020202020202,238.383838383838,2.57313682334731
1.12727272727273,238.383838383838,1.85776055422446
1.25252525252525,238.383838383838,1.18075323982767
1.37777777777778,238.383838383838,0.546378097348739
1.5030303030303,238.383838383838,-0.0411016560205595
1.62828282828283,238.383838383838,-0.57742280308844
1.75353535353535,238.383838383838,-1.05832212666311
1.87878787878788,238.383838383838,-1.4795364095528
2.0040404040404,238.383838383838,-1.83680243456571
2.12929292929293,238.383838383838,-2.12587764164949
2.25454545454545,238.383838383838,-2.34547038745957
2.37979797979798,238.383838383838,-2.50028057227389
2.50505050505051,238.383838383838,-2.5957342809176
2.63030303030303,238.383838383838,-2.63725759821584
2.75555555555556,238.383838383838,-2.63027660899374
2.88080808080808,238.383838383838,-2.58021739807646
3.00606060606061,238.383838383838,-2.49250605028914
3.13131313131313,238.383838383838,-2.37256865045692
3.25656565656566,238.383838383838,-2.22583128340494
3.38181818181818,238.383838383838,-2.05772003395836
3.50707070707071,238.383838383838,-1.8736609869423
3.63232323232323,238.383838383838,-1.67908022718192
3.75757575757576,238.383838383838,-1.47940383950236
3.88282828282828,238.383838383838,-1.28005790872875
4.00808080808081,238.383838383838,-1.08646851968626
4.13333333333333,238.383838383838,-0.904042473248992
4.25858585858586,238.383838383838,-0.73618710462467
4.38383838383838,238.383838383838,-0.582594251576405
4.50909090909091,238.383838383838,-0.442551382380432
4.63434343434343,238.383838383838,-0.315345965312981
4.75959595959596,238.383838383838,-0.200265468650285
4.88484848484848,238.383838383838,-0.0965973606685772
5.01010101010101,238.383838383838,-0.00362910964408655
5.13535353535354,238.383838383838,0.0793518161469517
5.26060606060606,238.383838383838,0.153057948428308
5.38585858585859,238.383838383838,0.218201818923747
5.51111111111111,238.383838383838,0.27549595935704
5.63636363636364,238.383838383838,0.325652901451953
5.76161616161616,238.383838383838,0.369385176932254
5.88686868686869,238.383838383838,0.407405317521711
6.01212121212121,238.383838383838,0.440425854944094
6.13737373737374,238.383838383838,0.469123552438183
6.26262626262626,238.383838383838,0.493802771095095
6.38787878787879,238.383838383838,0.514546736582975
6.51313131313131,238.383838383838,0.531435760190986
6.63838383838384,238.383838383838,0.544550153208296
6.76363636363636,238.383838383838,0.553970226924065
6.88888888888889,238.383838383838,0.559776292627459
7.01414141414141,238.383838383838,0.562048661607641
7.13939393939394,238.383838383838,0.560867645153774
7.26464646464646,238.383838383838,0.556313554555024
7.38989898989899,238.383838383838,0.548466701100555
7.51515151515152,238.383838383838,0.537407396079529
7.64040404040404,238.383838383838,0.523215950781109
7.76565656565657,238.383838383838,0.505972676494463
7.89090909090909,238.383838383838,0.485757884508753
8.01616161616162,238.383838383838,0.462651886113142
8.14141414141414,238.383838383838,0.436734992596792
8.26666666666667,238.383838383838,0.408087515248871
8.39191919191919,238.383838383838,0.376789765358543
8.51717171717172,238.383838383838,0.342922054214967
8.64242424242424,238.383838383838,0.306564693107312
8.76767676767677,238.383838383838,0.267797993324739
8.89292929292929,238.383838383838,0.226702266156412
9.01818181818182,238.383838383838,0.183357822891498
9.14343434343434,238.383838383838,0.137844974819156
9.26868686868687,238.383838383838,0.0902440332285545
9.3939393939394,238.383838383838,0.0406353094088558
9.51919191919192,238.383838383838,-0.010900885350779
9.64444444444444,238.383838383838,-0.0642842397611814
9.76969696969697,238.383838383838,-0.119434442533191
9.8949494949495,238.383838383838,-0.176271182377642
10.020202020202,238.383838383838,-0.234714148005371
10.1454545454545,238.383838383838,-0.294683028127215
10.2707070707071,238.383838383838,-0.356097511454007
10.3959595959596,238.383838383838,-0.418877286696586
10.5212121212121,238.383838383838,-0.48294204256579
10.6464646464646,238.383838383838,-0.54821146777245
10.7717171717172,238.383838383838,-0.614605251027406
10.8969696969697,238.383838383838,-0.682043081041493
11.0222222222222,238.383838383838,-0.750444646525546
11.1474747474747,238.383838383838,-0.819729636190402
11.2727272727273,238.383838383838,-0.889817738746897
11.3979797979798,238.383838383838,-0.960628642905868
11.5232323232323,238.383838383838,-1.03208203737815
11.6484848484848,238.383838383838,-1.10409761087458
11.7737373737374,238.383838383838,-1.17659505210599
11.8989898989899,238.383838383838,-1.24949404978322
12.0242424242424,238.383838383838,-1.32271429261711
12.1494949494949,238.383838383838,-1.39617546931849
12.2747474747475,238.383838383838,-1.46979726859819
12.4,238.383838383838,-1.54349937916707
0,241.363636363636,9.17264399439029
0.125252525252525,241.363636363636,8.31165444044126
0.25050505050505,241.363636363636,7.45481851733958
0.375757575757576,241.363636363636,6.60628985593263
0.501010101010101,241.363636363636,5.77022208706775
0.626262626262626,241.363636363636,4.9507688415923
0.751515151515151,241.363636363636,4.15208375035364
0.876767676767677,241.363636363636,3.37832044419914
1.0020202020202,241.363636363636,2.63363255397613
1.12727272727273,241.363636363636,1.92217371053199
1.25252525252525,241.363636363636,1.24809754471408
1.37777777777778,241.363636363636,0.615557687369745
1.5030303030303,241.363636363636,0.0287077693463528
1.62828282828283,241.363636363636,-0.508298578508745
1.75353535353535,241.363636363636,-0.991307725348186
1.87878787878788,241.363636363636,-1.41616604032462
2.0040404040404,241.363636363636,-1.77871989259067
2.12929292929293,241.363636363636,-2.07483566950791
2.25454545454545,241.363636363636,-2.30323940254906
2.37979797979798,241.363636363636,-2.46846334685688
2.50505050505051,241.363636363636,-2.57574348105049
2.63030303030303,241.363636363636,-2.630315783749
2.75555555555556,241.363636363636,-2.63741623357153
2.88080808080808,241.363636363636,-2.60228080913721
3.00606060606061,241.363636363636,-2.53014548906513
3.13131313131313,241.363636363636,-2.42624625197443
3.25656565656566,241.363636363636,-2.29581907648421
3.38181818181818,241.363636363636,-2.14409994121359
3.50707070707071,241.363636363636,-1.9763248247817
3.63232323232323,241.363636363636,-1.79772970580764
3.75757575757576,241.363636363636,-1.61355056291052
3.88282828282828,241.363636363636,-1.42902337470948
4.00808080808081,241.363636363636,-1.24938411982363
4.13333333333333,241.363636363636,-1.07985027272458
4.25858585858586,241.363636363636,-0.923720696518411
4.38383838383838,241.363636363636,-0.78072900398173
4.50909090909091,241.363636363636,-0.650220790279021
4.63434343434343,241.363636363636,-0.531541650574766
4.75959595959596,241.363636363636,-0.424037180033449
4.88484848484848,241.363636363636,-0.327052973819553
5.01010101010101,241.363636363636,-0.239934627097558
5.13535353535354,241.363636363636,-0.162027735031948
5.26060606060606,241.363636363636,-0.0926778927872067
5.38585858585859,241.363636363636,-0.0312306955278153
5.51111111111111,241.363636363636,0.0229682615817422
5.63636363636364,241.363636363636,0.0705733833769848
5.76161616161616,241.363636363636,0.112239074693428
5.88686868686869,241.363636363636,0.148619740366591
6.01212121212121,241.363636363636,0.18036978523199
6.13737373737374,241.363636363636,0.208110806943051
6.26262626262626,241.363636363636,0.23212283249191
6.38787878787879,241.363636363636,0.252483061435011
6.51313131313131,241.363636363636,0.269266020233695
6.63838383838384,241.363636363636,0.282546235349302
6.76363636363636,241.363636363636,0.292398233243176
6.88888888888889,241.363636363636,0.29889654037666
7.01414141414141,241.363636363636,0.302115683211094
7.13939393939394,241.363636363636,0.302130188207822
7.26464646464646,241.363636363636,0.299014581828184
7.38989898989899,241.363636363636,0.292843390533523
7.51515151515152,241.363636363636,0.283691140785181
7.64040404040404,241.363636363636,0.2716323590445
7.76565656565657,241.363636363636,0.256741571772821
7.89090909090909,241.363636363636,0.239093305431489
8.01616161616162,241.363636363636,0.218762086481843
8.14141414141414,241.363636363636,0.195822441385227
8.26666666666667,241.363636363636,0.170348896602981
8.39191919191919,241.363636363636,0.14241597859645
8.51717171717172,241.363636363636,0.112098213826971
8.64242424242424,241.363636363636,0.0794701287558908
8.76767676767677,241.363636363636,0.0446062498445516
8.89292929292929,241.363636363636,0.00758110355429179
9.01818181818182,241.363636363636,-0.0315307836535456
9.14343434343434,241.363636363636,-0.0726548853176153
9.26868686868687,241.363636363636,-0.11571667497658
9.3939393939394,241.363636363636,-0.160641626169093
9.51919191919192,241.363636363636,-0.207355212433817
9.64444444444444,241.363636363636,-0.255782907309406
9.76969696969697,241.363636363636,-0.305850184334518
9.8949494949495,241.363636363636,-0.357482517047817
10.020202020202,241.363636363636,-0.410605378987952
10.1454545454545,241.363636363636,-0.465144243693589
10.2707070707071,241.363636363636,-0.52102458470338
10.3959595959596,241.363636363636,-0.578171875555986
10.5212121212121,241.363636363636,-0.636511589790066
10.6464646464646,241.363636363636,-0.695969200944275
10.7717171717172,241.363636363636,-0.756470182557272
10.8969696969697,241.363636363636,-0.817940008167715
11.0222222222222,241.363636363636,-0.880304151314264
11.1474747474747,241.363636363636,-0.943488085535574
11.2727272727273,241.363636363636,-1.0074172843703
11.3979797979798,241.363636363636,-1.07201722135711
11.5232323232323,241.363636363636,-1.13721337003466
11.6484848484848,241.363636363636,-1.2029312039416
11.7737373737374,241.363636363636,-1.26909619661659
11.8989898989899,241.363636363636,-1.33563382159829
12.0242424242424,241.363636363636,-1.40246955242536
12.1494949494949,241.363636363636,-1.46952886263646
12.2747474747475,241.363636363636,-1.53673722577024
12.4,241.363636363636,-1.60402011536536
0,244.343434343434,9.17725612310829
0.125252525252525,244.343434343434,8.32446547394133
0.25050505050505,244.343434343434,7.47571609403552
0.375757575757576,244.343434343434,6.63504925265204
0.501010101010101,244.343434343434,5.80650621905203
0.626262626262626,244.343434343434,4.99412826249666
0.751515151515151,244.343434343434,4.2019566522471
0.876767676767677,244.343434343434,3.4340326575645
1.0020202020202,244.343434343434,2.69439754771001
1.12727272727273,244.343434343434,1.9870925919448
1.25252525252525,244.343434343434,1.31615905953003
1.37777777777778,244.343434343434,0.685638219726856
1.5030303030303,244.343434343434,0.0995713417964462
1.62828282828283,244.343434343434,-0.438000305000048
1.75353535353535,244.343434343434,-0.923035451401462
1.87878787878788,244.343434343434,-1.35149282814664
2.0040404040404,244.343434343434,-1.71933116597441
2.12929292929293,244.343434343434,-2.02252855895678
2.25454545454545,244.343434343434,-2.25982919486856
2.37979797979798,244.343434343434,-2.43559354033137
2.50505050505051,244.343434343434,-2.55486276383067
2.63030303030303,244.343434343434,-2.62267803385193
2.75555555555556,244.343434343434,-2.64408051888065
2.88080808080808,244.343434343434,-2.62411138740229
3.00606060606061,244.343434343434,-2.56781180790232
3.13131313131313,244.343434343434,-2.48022294886623
3.25656565656566,244.343434343434,-2.36638597877949
3.38181818181818,244.343434343434,-2.23134206612757
3.50707070707071,244.343434343434,-2.08013237939596
3.63232323232323,244.343434343434,-1.91779808707013
3.75757575757576,244.343434343434,-1.74938035763554
3.88282828282828,244.343434343434,-1.57992035957769
4.00808080808081,244.343434343434,-1.41445926138204
4.13333333333333,244.343434343434,-1.25802052754883
4.25858585858586,244.343434343434,-1.11379197641726
4.38383838383838,244.343434343434,-0.98155034568882
4.50909090909091,244.343434343434,-0.860701134234202
4.63434343434343,244.343434343434,-0.750649840924088
4.75959595959596,244.343434343434,-0.650801964629166
4.88484848484848,244.343434343434,-0.560563004220125
5.01010101010101,244.343434343434,-0.479338458567645
5.13535353535354,244.343434343434,-0.406533826542418
5.26060606060606,244.343434343434,-0.341554607015127
5.38585858585859,244.343434343434,-0.283806298856461
5.51111111111111,244.343434343434,-0.232694400937106
5.63636363636364,244.343434343434,-0.187624412127746
5.76161616161616,244.343434343434,-0.14800183129907
5.88686868686869,244.343434343434,-0.113232157321762
6.01212121212121,244.343434343434,-0.0827208890665106
6.13737373737374,244.343434343434,-0.0559032717830689
6.26262626262626,244.343434343434,-0.0325242539545015
6.38787878787879,244.343434343434,-0.0125126883617383
6.51313131313131,244.343434343434,0.00420014851023682
6.63838383838384,244.343434343434,0.0176829801764403
6.76363636363636,244.343434343434,0.0280045301518877
6.88888888888889,244.343434343434,0.0352335219515958
7.01414141414141,244.343434343434,0.0394386790905811
7.13939393939394,244.343434343434,0.0406887250838603
7.26464646464646,244.343434343434,0.0390523834464498
7.38989898989899,244.343434343434,0.0345983776933661
7.51515151515152,244.343434343434,0.027395431339626
7.64040404040404,244.343434343434,0.0175122679002426
7.76565656565657,244.343434343434,0.00501761089023746
7.89090909090909,244.343434343434,-0.0100198161753753
8.01616161616162,244.343434343434,-0.0275312897815813
8.14141414141414,244.343434343434,-0.0474480864133604
8.26666666666667,244.343434343434,-0.069701482555699
8.39191919191919,244.343434343434,-0.094222754693579
8.51717171717172,244.343434343434,-0.120943179311984
8.64242424242424,244.343434343434,-0.149794032895899
8.76767676767677,244.343434343434,-0.180706591930308
8.89292929292929,244.343434343434,-0.213612132900193
9.01818181818182,244.343434343434,-0.248441932290538
9.14343434343434,244.343434343434,-0.285127266586324
9.26868686868687,244.343434343434,-0.32359941227254
9.3939393939394,244.343434343434,-0.363789645834165
9.51919191919192,244.343434343434,-0.405629243756184
9.64444444444444,244.343434343434,-0.449049482523582
9.76969696969697,244.343434343434,-0.49398163862134
9.8949494949495,244.343434343434,-0.540356988534445
10.020202020202,244.343434343434,-0.588106808747877
10.1454545454545,244.343434343434,-0.637162375746622
10.2707070707071,244.343434343434,-0.68745496601566
10.3959595959596,244.343434343434,-0.73891585603998
10.5212121212121,244.343434343434,-0.791476322304564
10.6464646464646,244.343434343434,-0.845067641294391
10.7717171717172,244.343434343434,-0.89962108949445
10.8969696969697,244.343434343434,-0.955067943389721
11.0222222222222,244.343434343434,-1.01133947946519
11.1474747474747,244.343434343434,-1.06836697420584
11.2727272727273,244.343434343434,-1.12608170409665
11.3979797979798,244.343434343434,-1.18441494562262
11.5232323232323,244.343434343434,-1.24329797526871
11.6484848484848,244.343434343434,-1.30266206951992
11.7737373737374,244.343434343434,-1.36243850486122
11.8989898989899,244.343434343434,-1.42255855777761
12.0242424242424,244.343434343434,-1.48295350475407
12.1494949494949,244.343434343434,-1.54355462227557
12.2747474747475,244.343434343434,-1.60429318682711
12.4,244.343434343434,-1.66510047489366
0,247.323232323232,9.17980125750926
0.125252525252525,247.323232323232,8.33552719656702
0.25050505050505,247.323232323232,7.49517942223806
0.375757575757576,247.323232323232,6.66268422113568
0.501010101010101,247.323232323232,5.84196787987316
0.626262626262626,247.323232323232,5.0369566850638
0.751515151515151,247.323232323232,4.25157692332089
0.876767676767677,247.323232323232,3.4897548812577
1.0020202020202,247.323232323232,2.75541684548754
1.12727272727273,247.323232323232,2.05248910262368
1.25252525252525,247.323232323232,1.38489793927943
1.37777777777778,247.323232323232,0.756569642068065
1.5030303030303,247.323232323232,0.171430497602877
1.62828282828283,247.323232323232,-0.366593207502849
1.75353535353535,247.323232323232,-0.85357518663582
1.87878787878788,247.323232323232,-1.28558915318275
2.0040404040404,247.323232323232,-1.65870882053034
2.12929292929293,247.323232323232,-1.96902659546331
2.25454545454545,247.323232323232,-2.21530527679421
2.37979797979798,247.323232323232,-2.40172962942561
2.50505050505051,247.323232323232,-2.53314156911107
2.63030303030303,247.323232323232,-2.61438301160409
2.75555555555556,247.323232323232,-2.65029587265823
2.88080808080808,247.323232323232,-2.64572206802701
3.00606060606061,247.323232323232,-2.60550351346398
3.13131313131313,247.323232323232,-2.53448212472265
3.25656565656566,247.323232323232,-2.43749981755657
3.38181818181818,247.323232323232,-2.31939850771926
3.50707070707071,247.323232323232,-2.18502011096427
3.63232323232323,247.323232323232,-2.03920654304513
3.75757575757576,247.323232323232,-1.88679971971536
3.88282828282828,247.323232323232,-1.73264155672851
4.00808080808081,247.323232323232,-1.5815739698381
4.13333333333333,247.323232323232,-1.43842199020236
4.25858585858586,247.323232323232,-1.30625996165426
4.38383838383838,247.323232323232,-1.18490902173647
4.50909090909091,247.323232323232,-1.07383625113172
4.63434343434343,247.323232323232,-0.97250873052275
4.75959595959596,247.323232323232,-0.880393540592296
4.88484848484848,247.323232323232,-0.796957762023091
5.01010101010101,247.323232323232,-0.72166847549787
5.13535353535354,247.323232323232,-0.653992761699368
5.26060606060606,247.323232323232,-0.593397701310321
5.38585858585859,247.323232323232,-0.539350375013461
5.51111111111111,247.323232323232,-0.491317863491526
5.63636363636364,247.323232323232,-0.448767247427249
5.76161616161616,247.323232323232,-0.411165607503365
5.88686868686869,247.323232323232,-0.377980024402609
6.01212121212121,247.323232323232,-0.348677578807715
6.13737373737374,247.323232323232,-0.322751943005121
6.26262626262626,247.323232323232,-0.299973646697292
6.38787878787879,247.323232323232,-0.280277619771224
6.51313131313131,247.323232323232,-0.263600958770148
6.63838383838384,247.323232323232,-0.249880760237292
6.76363636363636,247.323232323232,-0.239054120715885
6.88888888888889,247.323232323232,-0.231058136749157
7.01414141414141,247.323232323232,-0.225829904880338
7.13939393939394,247.323232323232,-0.223306521652658
7.26464646464646,247.323232323232,-0.223425083609343
7.38989898989899,247.323232323232,-0.226122687293623
7.51515151515152,247.323232323232,-0.231336429248731
7.64040404040404,247.323232323232,-0.239003406017895
7.76565656565657,247.323232323232,-0.249060714144341
7.89090909090909,247.323232323232,-0.261445450171303
8.01616161616162,247.323232323232,-0.276094710642008
8.14141414141414,247.323232323232,-0.292945592099684
8.26666666666667,247.323232323232,-0.311935191087563
8.39191919191919,247.323232323232,-0.333000604148874
8.51717171717172,247.323232323232,-0.356078927826845
8.64242424242424,247.323232323232,-0.381107258664706
8.76767676767677,247.323232323232,-0.408022693205686
8.89292929292929,247.323232323232,-0.436762327993015
9.01818181818182,247.323232323232,-0.46726325956992
9.14343434343434,247.323232323232,-0.499462584479635
9.26868686868687,247.323232323232,-0.533297399265386
9.3939393939394,247.323232323232,-0.568704800470405
9.51919191919192,247.323232323232,-0.605621884637917
9.64444444444444,247.323232323232,-0.643985748311153
9.76969696969697,247.323232323232,-0.683733488033345
9.8949494949495,247.323232323232,-0.724802200347721
10.020202020202,247.323232323232,-0.767128981797509
10.1454545454545,247.323232323232,-0.810650928925939
10.2707070707071,247.323232323232,-0.855305138276241
10.3959595959596,247.323232323232,-0.901028706391642
10.5212121212121,247.323232323232,-0.947758729815377
10.6464646464646,247.323232323232,-0.99543230509067
10.7717171717172,247.323232323232,-1.04398652876075
10.8969696969697,247.323232323232,-1.09335849736885
11.0222222222222,247.323232323232,-1.1434853074582
11.1474747474747,247.323232323232,-1.19430405557202
11.2727272727273,247.323232323232,-1.24575183825356
11.3979797979798,247.323232323232,-1.29776575204602
11.5232323232323,247.323232323232,-1.35028289349266
11.6484848484848,247.323232323232,-1.40324035913668
11.7737373737374,247.323232323232,-1.45657524552133
11.8989898989899,247.323232323232,-1.51022464918984
12.0242424242424,247.323232323232,-1.56412566668542
12.1494949494949,247.323232323232,-1.61821539455132
12.2747474747475,247.323232323232,-1.67243092933076
12.4,247.323232323232,-1.72670936756697
0,250.30303030303,9.18040098549422
0.125252525252525,250.30303030303,8.34494250895801
0.25050505050505,250.30303030303,7.51329286950563
0.375757575757576,250.30303030303,6.68926090422096
0.501010101010101,250.30303030303,5.8766554501878
0.626262626262626,250.30303030303,5.07928534449002
0.751515151515151,250.30303030303,4.30095942421145
0.876767676767677,250.30303030303,3.54548652643595
1.0020202020202,250.30303030303,2.81667548824734
1.12727272727273,250.30303030303,2.11833514672948
1.25252525252525,250.30303030303,1.45427433896621
1.37777777777778,250.30303030303,0.828301902041366
1.5030303030303,250.30303030303,0.244226673038801
1.62828282828283,250.30303030303,-0.294142510957649
1.75353535353535,250.30303030303,-0.782996812864136
1.87878787878788,250.30303030303,-1.21852739559682
2.0040404040404,250.30303030303,-1.59692542207186
2.12929292929293,250.30303030303,-1.91440006449469
2.25454545454545,250.30303030303,-2.16973316070209
2.37979797979798,250.30303030303,-2.36693009086787
2.50505050505051,250.30303030303,-2.51062933674461
2.63030303030303,250.30303030303,-2.60546938008493
2.75555555555556,250.30303030303,-2.65608870264143
2.88080808080808,250.30303030303,-2.66712578616671
3.00606060606061,250.30303030303,-2.64321911241336
3.13131313131313,250.30303030303,-2.589007163134
3.25656565656566,250.30303030303,-2.50912842008121
3.38181818181818,250.30303030303,-2.40822136500762
3.50707070707071,250.30303030303,-2.2909244796658
3.63232323232323,250.30303030303,-2.16187624580838
3.75757575757576,250.30303030303,-2.02571514518794
3.88282828282828,250.30303030303,-1.88707965955709
4.00808080808081,250.30303030303,-1.75060827066843
4.13333333333333,250.30303030303,-1.62092341316581
4.25858585858586,250.30303030303,-1.50098366956247
4.38383838383838,250.30303030303,-1.39065577716346
4.50909090909091,250.30303030303,-1.28946997785732
4.63434343434343,250.30303030303,-1.19695651353256
4.75959595959596,250.30303030303,-1.11264562607769
4.88484848484848,250.30303030303,-1.03606755738126
5.01010101010101,250.30303030303,-0.966752549331755
5.13535353535354,250.30303030303,-0.904230843817716
5.26060606060606,250.30303030303,-0.848032682727655
5.38585858585859,250.30303030303,-0.797688307950093
5.51111111111111,250.30303030303,-0.75272796137355
5.63636363636364,250.30303030303,-0.712681884886543
5.76161616161616,250.30303030303,-0.677080320377593
5.88686868686869,250.30303030303,-0.645453509735218
6.01212121212121,250.30303030303,-0.617331694847942
6.13737373737374,250.30303030303,-0.592268465988053
6.26262626262626,250.30303030303,-0.570060504189621
6.38787878787879,250.30303030303,-0.550648839757411
6.51313131313131,250.30303030303,-0.533976405398236
6.63838383838384,250.30303030303,-0.519986133818907
6.76363636363636,250.30303030303,-0.508620957726238
6.88888888888889,250.30303030303,-0.499823809827037
7.01414141414141,250.30303030303,-0.493537622828117
7.13939393939394,250.30303030303,-0.489705329436294
7.26464646464646,250.30303030303,-0.488269862358374
7.38989898989899,250.30303030303,-0.489174154301171
7.51515151515152,250.30303030303,-0.492361137971497
7.64040404040404,250.30303030303,-0.497773746076165
7.76565656565657,250.30303030303,-0.505354911321983
7.89090909090909,250.30303030303,-0.515047566415767
8.01616161616162,250.30303030303,-0.526794644064328
8.14141414141414,250.30303030303,-0.540539076974473
8.26666666666667,250.30303030303,-0.556223797853021
8.39191919191919,250.30303030303,-0.573791739406779
8.51717171717172,250.30303030303,-0.59318583434256
8.64242424242424,250.30303030303,-0.614349015367176
8.76767676767677,250.30303030303,-0.63722421518744
8.89292929292929,250.30303030303,-0.66175436651016
9.01818181818182,250.30303030303,-0.687882402042152
9.14343434343434,250.30303030303,-0.715551254490225
9.26868686868687,250.30303030303,-0.744703856561191
9.3939393939394,250.30303030303,-0.775283140961864
9.51919191919192,250.30303030303,-0.807232040399056
9.64444444444444,250.30303030303,-0.840493487579574
9.76969696969697,250.30303030303,-0.875010415210234
9.8949494949495,250.30303030303,-0.910725755997846
10.020202020202,250.30303030303,-0.947582442649223
10.1454545454545,250.30303030303,-0.985523407871177
10.2707070707071,250.30303030303,-1.02449158437052
10.3959595959596,250.30303030303,-1.06442990485406
10.5212121212121,250.30303030303,-1.10528130202861
10.6464646464646,250.30303030303,-1.14698870860099
10.7717171717172,250.30303030303,-1.189495057278
10.8969696969697,250.30303030303,-1.23274328076646
11.0222222222222,250.30303030303,-1.27667631177317
11.1474747474747,250.30303030303,-1.32123708300496
11.2727272727273,250.30303030303,-1.36636852716863
11.3979797979798,250.30303030303,-1.41201357697099
11.5232323232323,250.30303030303,-1.45811516511886
11.6484848484848,250.30303030303,-1.50461622431905
11.7737373737374,250.30303030303,-1.55145968727836
11.8989898989899,250.30303030303,-1.59858848670362
12.0242424242424,250.30303030303,-1.64594555530163
12.1494949494949,250.30303030303,-1.6934738257792
12.2747474747475,250.30303030303,-1.74111623084315
12.4,250.30303030303,-1.78881570320029
0,253.282828282828,9.17917689496415
0.125252525252525,253.282828282828,8.35281431175396
0.25050505050505,253.282828282828,7.53014080339669
0.375757575757576,253.282828282828,6.71484544474526
0.501010101010101,253.282828282828,5.9106173106526
0.626262626262626,253.282828282828,5.12114547597162
0.751515151515151,253.282828282828,4.35011901555525
0.876767676767677,253.282828282828,3.60122700425641
1.0020202020202,253.282828282828,2.87815851692802
1.12727272727273,253.282828282828,2.18460262842299
1.25252525252525,253.282828282828,1.52424841359427
1.37777777777778,253.282828282828,0.900784947294753
1.5030303030303,253.282828282828,0.317901304377376
1.62828282828283,253.282828282828,-0.220713440304946
1.75353535353535,253.282828282828,-0.711370211899288
1.87878787878788,253.282828282828,-1.15037993555273
2.0040404040404,253.282828282828,-1.53405353641235
2.12929292929293,253.282828282828,-1.85871925151812
2.25454545454545,253.282828282828,-2.12317835896833
2.37979797979798,253.282828282828,-2.33125340138637
2.50505050505051,253.282828282828,-2.48737550658424
2.63030303030303,253.282828282828,-2.59597580237392
2.75555555555556,253.282828282828,-2.6614854165674
2.88080808080808,253.282828282828,-2.68833547697668
3.00606060606061,253.282828282828,-2.68095711141375
3.13131313131313,253.282828282828,-2.6437814476906
3.25656565656566,253.282828282828,-2.58123961361921
3.38181818181818,253.282828282828,-2.49776273701159
3.50707070707071,253.282828282828,-2.39778194567972
3.63232323232323,253.282828282828,-2.2857283674356
3.75757575757576,253.282828282828,-2.16603313009122
3.88282828282828,253.282828282828,-2.04312736145856
4.00808080808081,253.282828282828,-1.92144218934962
4.13333333333333,253.282828282828,-1.80539354891981
4.25858585858586,253.282828282828,-1.69782211747493
4.38383838383838,253.282828282828,-1.59864135700859
4.50909090909091,253.282828282828,-1.50744615129674
4.63434343434343,253.282828282828,-1.42383138411531
4.75959595959596,253.282828282828,-1.34739193924022
4.88484848484848,253.282828282828,-1.27772270044742
5.01010101010101,253.282828282828,-1.21441855151282
5.13535353535354,253.282828282828,-1.15707437621237
5.26060606060606,253.282828282828,-1.105285058322
5.38585858585859,253.282828282828,-1.05864548161763
5.51111111111111,253.282828282828,-1.0167505298752
5.63636363636364,253.282828282828,-0.979195086870636
5.76161616161616,253.282828282828,-0.945574036379879
5.88686868686869,253.282828282828,-0.915482262178855
6.01212121212121,253.282828282828,-0.888514648043496
6.13737373737374,253.282828282828,-0.864286099996808
6.26262626262626,253.282828282828,-0.84261998488464
6.38787878787879,253.282828282828,-0.823463455284251
6.51313131313131,253.282828282828,-0.806765295164794
6.63838383838384,253.282828282828,-0.792474288495412
6.76363636363636,253.282828282828,-0.780539219245255
6.88888888888889,253.282828282828,-0.770908871383469
7.01414141414141,253.282828282828,-0.763532028879202
7.13939393939394,253.282828282828,-0.758357475701602
7.26464646464646,253.282828282828,-0.755333995819815
7.38989898989899,253.282828282828,-0.754410373202985
7.51515151515152,253.282828282828,-0.755535391820266
7.64040404040404,253.282828282828,-0.758657835640804
7.76565656565657,253.282828282828,-0.763726488633743
7.89090909090909,253.282828282828,-0.770690134768231
8.01616161616162,253.282828282828,-0.779497558013416
8.14141414141414,253.282828282828,-0.790097542338445
8.26666666666667,253.282828282828,-0.802438871712468
8.39191919191919,253.282828282828,-0.816470330104628
8.51717171717172,253.282828282828,-0.832140701484074
8.64242424242424,253.282828282828,-0.849398769819955
8.76767676767677,253.282828282828,-0.868193319081417
8.89292929292929,253.282828282828,-0.888473133237607
9.01818181818182,253.282828282828,-0.910186996257671
9.14343434343434,253.282828282828,-0.933283692110758
9.26868686868687,253.282828282828,-0.957712004766018
9.3939393939394,253.282828282828,-0.983420718192593
9.51919191919192,253.282828282828,-1.01035861635963
9.64444444444444,253.282828282828,-1.03847448323629
9.76969696969697,253.282828282828,-1.0677171027917
9.8949494949495,253.282828282828,-1.09803525899502
10.020202020202,253.282828282828,-1.12937773581539
10.1454545454545,253.282828282828,-1.16169331722196
10.2707070707071,253.282828282828,-1.19493078718388
10.3959595959596,253.282828282828,-1.2290389296703
10.5212121212121,253.282828282828,-1.26396652865036
10.6464646464646,253.282828282828,-1.29966236809321
10.7717171717172,253.282828282828,-1.336075231968
10.8969696969697,253.282828282828,-1.37315390424388
11.0222222222222,253.282828282828,-1.41084716888998
11.1474747474747,253.282828282828,-1.44910380987547
11.2727272727273,253.282828282828,-1.48787261116948
11.3979797979798,253.282828282828,-1.52710235674117
11.5232323232323,253.282828282828,-1.56674183055968
11.6484848484848,253.282828282828,-1.60673981659416
11.7737373737374,253.282828282828,-1.64704509881375
11.8989898989899,253.282828282828,-1.68760646118761
12.0242424242424,253.282828282828,-1.72837268768488
12.1494949494949,253.282828282828,-1.76929256227471
12.2747474747475,253.282828282828,-1.81031486892624
12.4,253.282828282828,-1.85138839160862
0,256.262626262626,9.17625057382006
0.125252525252525,256.262626262626,8.35924550559455
0.25050505050505,256.262626262626,7.54580759146965
0.375757575757576,256.262626262626,6.739503985546
0.501010101010101,256.262626262626,5.94390184192421
0.626262626262626,256.262626262626,5.16256831470492
0.751515151515151,256.262626262626,4.39907055798873
0.876767676767677,256.262626262626,3.65697572587628
1.0020202020202,256.262626262626,2.93985097246818
1.12727272727273,256.262626262626,2.25126345186505
1.25252525252525,256.262626262626,1.59478031816753
1.37777777777778,256.262626262626,0.973968725476221
1.5030303030303,256.262626262626,0.392395827891759
1.62828282828283,256.262626262626,-0.146371220485242
1.75353535353535,256.262626262626,-0.638765265554153
1.87878787878788,256.262626262626,-1.08121915321436
2.0040404040404,256.262626262626,-1.47016572936523
2.12929292929293,256.262626262626,-1.80205444200079
2.25454545454545,256.262626262626,-2.07570638396903
2.37979797979798,256.262626262626,-2.29475803770938
2.50505050505051,256.262626262626,-2.46342951848287
2.63030303030303,256.262626262626,-2.5859409415505
2.75555555555556,256.262626262626,-2.66651242217328
2.88080808080808,256.262626262626,-2.70936407561225
3.00606060606061,256.262626262626,-2.7187160171284
3.13131313131313,256.262626262626,-2.69878836198276
3.25656565656566,256.262626262626,-2.65380122543633
3.38181818181818,256.262626262626,-2.58797472275015
3.50707070707071,256.262626262626,-2.50552896918521
3.63232323232323,256.262626262626,-2.41068408000255
3.75757575757576,256.262626262626,-2.30766017046316
3.88282828282828,256.262626262626,-2.20067735582807
4.00808080808081,256.262626262626,-2.09395575135829
4.13333333333333,256.262626262626,-1.99170114994499
4.25858585858586,256.262626262626,-1.89663432272469
4.38383838383838,256.262626262626,-1.80871650631065
4.50909090909091,256.262626262626,-1.72760860833574
4.63434343434343,256.262626262626,-1.65297153643281
4.75959595959596,256.262626262626,-1.58446619823474
4.88484848484848,256.262626262626,-1.52175350137438
5.01010101010101,256.262626262626,-1.46449435348459
5.13535353535354,256.262626262626,-1.41234966219825
5.26060606060606,256.262626262626,-1.36498033514821
5.38585858585859,256.262626262626,-1.32204727996734
5.51111111111111,256.262626262626,-1.2832114042885
5.63636363636364,256.262626262626,-1.24813361574455
5.76161616161616,256.262626262626,-1.21647482196836
5.88686868686869,256.262626262626,-1.18789593059278
6.01212121212121,256.262626262626,-1.16205784925069
6.13737373737374,256.262626262626,-1.13863810429633
6.26262626262626,256.262626262626,-1.1174872472355
6.38787878787879,256.262626262626,-1.0985585733157
6.51313131313131,256.262626262626,-1.08180673186059
6.63838383838384,256.262626262626,-1.06718637219381
6.76363636363636,256.262626262626,-1.05465214363903
6.88888888888889,256.262626262626,-1.04415869551989
7.01414141414141,256.262626262626,-1.03566067716004
7.13939393939394,256.262626262626,-1.02911273788314
7.26464646464646,256.262626262626,-1.02446952701284
7.38989898989899,256.262626262626,-1.02168569387279
7.51515151515152,256.262626262626,-1.02071588778664
7.64040404040404,256.262626262626,-1.02151475807806
7.76565656565657,256.262626262626,-1.02403695407068
7.89090909090909,256.262626262626,-1.02823712508816
8.01616161616162,256.262626262626,-1.03406992045416
8.14141414141414,256.262626262626,-1.04148998949232
8.26666666666667,256.262626262626,-1.0504519815263
8.39191919191919,256.262626262626,-1.06091054587976
8.51717171717172,256.262626262626,-1.07282033187634
8.64242424242424,256.262626262626,-1.08613598883969
8.76767676767677,256.262626262626,-1.10081216609347
8.89292929292929,256.262626262626,-1.11680351296133
9.01818181818182,256.262626262626,-1.13406467876693
9.14343434343434,256.262626262626,-1.15255031283391
9.26868686868687,256.262626262626,-1.17221506448593
9.3939393939394,256.262626262626,-1.19301358304664
9.51919191919192,256.262626262626,-1.21490051783969
9.64444444444444,256.262626262626,-1.23783051818874
9.76969696969697,256.262626262626,-1.26175823341743
9.8949494949495,256.262626262626,-1.28663831284943
10.020202020202,256.262626262626,-1.31242540580837
10.1454545454545,256.262626262626,-1.33907416161792
10.2707070707071,256.262626262626,-1.36653922960173
10.3959595959596,256.262626262626,-1.39477525908345
10.5212121212121,256.262626262626,-1.42373689938673
10.6464646464646,256.262626262626,-1.45337879983522
10.7717171717172,256.262626262626,-1.48365560975258
10.8969696969697,256.262626262626,-1.51452197846246
11.0222222222222,256.262626262626,-1.54593255528851
11.1474747474747,256.262626262626,-1.57784198955439
11.2727272727273,256.262626262626,-1.61020493058374
11.3979797979798,256.262626262626,-1.64297602770022
11.5232323232323,256.262626262626,-1.67610993022748
11.6484848484848,256.262626262626,-1.70956128748917
11.7737373737374,256.262626262626,-1.74328474880895
11.8989898989899,256.262626262626,-1.77723496351047
12.0242424242424,256.262626262626,-1.81136658091737
12.1494949494949,256.262626262626,-1.84563425035332
12.2747474747475,256.262626262626,-1.87999262114197
12.4,256.262626262626,-1.91439634260696
0,259.242424242424,9.17174360996295
0.125252525252525,259.242424242424,8.36433899111943
0.25050505050505,259.242424242424,7.56037760128295
0.375757575757576,259.242424242424,6.76330266946056
0.501010101010101,259.242424242424,5.9765574246593
0.626262626262626,259.242424242424,5.20358509588621
0.751515151515151,259.242424242424,4.44782891214835
0.876767676767677,259.242424242424,3.71273210245274
1.0020202020202,259.242424242424,3.00173789580643
1.12727272727273,259.242424242424,2.31828952121647
1.25252525252525,259.242424242424,1.6658302076899
1.37777777777778,259.242424242424,1.04780318423376
1.5030303030303,259.242424242424,0.467651679855106
1.62828282828283,259.242424242424,-0.071181076439036
1.75353535353535,259.242424242424,-0.565251855641612
1.87878787878788,259.242424242424,-1.01111742874558
2.0040404040404,259.242424242424,-1.4053345667439
2.12929292929293,259.242424242424,-1.7444759214099
2.25454545454545,259.242424242424,-2.0273827480803
2.37979797979798,259.242424242424,-2.25750247656515
2.50505050505051,259.242424242424,-2.43884081229343
2.63030303030303,259.242424242424,-2.57540346069413
2.75555555555556,259.242424242424,-2.67119612719623
2.88080808080808,259.242424242424,-2.73022451722872
3.00606060606061,259.242424242424,-2.75649433622058
3.13131313131313,259.242424242424,-2.7540112896008
3.25656565656566,259.242424242424,-2.72678108279836
3.38181818181818,259.242424242424,-2.67880942124224
3.50707070707071,259.242424242424,-2.61410201036144
3.63232323232323,259.242424242424,-2.53666455558494
3.75757575757576,259.242424242424,-2.45050276234171
3.88282828282828,259.242424242424,-2.35962233606075
4.00808080808081,259.242424242424,-2.26802898217104
4.13333333333333,259.242424242424,-2.17971496872197
4.25858585858586,259.242424242424,-2.09727930264481
4.38383838383838,259.242424242424,-2.02073197010843
4.50909090909091,259.242424242424,-1.94980118586005
4.63434343434343,259.242424242424,-1.88421516464687
4.75959595959596,259.242424242424,-1.82370212121609
4.88484848484848,259.242424242424,-1.76799027031493
5.01010101010101,259.242424242424,-1.71680782669058
5.13535353535354,259.242424242424,-1.66988300509026
5.26060606060606,259.242424242424,-1.62694402026116
5.38585858585859,259.242424242424,-1.5877190869505
5.51111111111111,259.242424242424,-1.55193641990547
5.63636363636364,259.242424242424,-1.51932423387328
5.76161616161616,259.242424242424,-1.48961074360115
5.88686868686869,259.242424242424,-1.46252416383626
6.01212121212121,259.242424242424,-1.43779270932584
6.13737373737374,259.242424242424,-1.41515773815157
6.26262626262626,259.242424242424,-1.39449744969536
6.38787878787879,259.242424242424,-1.37577130081572
6.51313131313131,259.242424242424,-1.35893981927639
6.63838383838384,259.242424242424,-1.34396353284112
6.76363636363636,259.242424242424,-1.33080296927364
6.88888888888889,259.242424242424,-1.31941865633771
7.01414141414141,259.242424242424,-1.30977112179707
7.13939393939394,259.242424242424,-1.30182089341545
7.26464646464646,259.242424242424,-1.29552849895661
7.38989898989899,259.242424242424,-1.29085446618429
7.51515151515152,259.242424242424,-1.28775932286222
7.64040404040404,259.242424242424,-1.28620359675416
7.76565656565657,259.242424242424,-1.28614781562385
7.89090909090909,259.242424242424,-1.28755250723502
8.01616161616162,259.242424242424,-1.29037819935143
8.14141414141414,259.242424242424,-1.29458541973682
8.26666666666667,259.242424242424,-1.30013469615493
8.39191919191919,259.242424242424,-1.30698655636951
8.51717171717172,259.242424242424,-1.31510152814429
8.64242424242424,259.242424242424,-1.32444013924302
8.76767676767677,259.242424242424,-1.33496291742945
8.89292929292929,259.242424242424,-1.34663039046732
9.01818181818182,259.242424242424,-1.35940308612037
9.14343434343434,259.242424242424,-1.37324153215235
9.26868686868687,259.242424242424,-1.38810625632699
9.3939393939394,259.242424242424,-1.40395778640805
9.51919191919192,259.242424242424,-1.42075665015926
9.64444444444444,259.242424242424,-1.43846337534438
9.76969696969697,259.242424242424,-1.45703848972713
9.8949494949495,259.242424242424,-1.47644252107127
10.020202020202,259.242424242424,-1.49663599714055
10.1454545454545,259.242424242424,-1.51757944569869
10.2707070707071,259.242424242424,-1.53923339450946
10.3959595959596,259.242424242424,-1.56155837133658
10.5212121212121,259.242424242424,-1.58451490394381
10.6464646464646,259.242424242424,-1.60806352009489
10.7717171717172,259.242424242424,-1.63216474755355
10.8969696969697,259.242424242424,-1.65677911408356
11.0222222222222,259.242424242424,-1.68186714744864
11.1474747474747,259.242424242424,-1.70738937541254
11.2727272727273,259.242424242424,-1.733306325739
11.3979797979798,259.242424242424,-1.75957852619178
11.5232323232323,259.242424242424,-1.7861665045346
11.6484848484848,259.242424242424,-1.81303078853123
11.7737373737374,259.242424242424,-1.84013190594539
11.8989898989899,259.242424242424,-1.86743038454083
12.0242424242424,259.242424242424,-1.8948867520813
12.1494949494949,259.242424242424,-1.92246153633054
12.2747474747475,259.242424242424,-1.95011526505229
12.4,259.242424242424,-1.9778084660103
0,262.222222222222,9.16577759129382
0.125252525252525,262.222222222222,8.36819766896828
0.25050505050505,262.222222222222,7.57393520039503
0.375757575757576,262.222222222222,6.78630763932635
0.501010101010101,262.222222222222,6.00863243951452
0.626262626262626,262.222222222222,5.24422705471182
0.751515151515151,262.222222222222,4.49640893867055
0.876767676767677,262.222222222222,3.76849554514298
1.0020202020202,262.222222222222,3.06380432788139
1.12727272727273,262.222222222222,2.38565274063807
1.25252525252525,262.222222222222,1.7373582371653
1.37777777777778,262.222222222222,1.12223827121538
1.5030303030303,262.222222222222,0.543610296540572
1.62828282828283,262.222222222222,0.00479176689317107
1.75353535353535,262.222222222222,-0.49089986397454
1.87878787878788,262.222222222222,-0.940147142310279
2.0040404040404,262.222222222222,-1.33963261436176
2.12929292929293,262.222222222222,-1.68605397521265
2.25454545454545,262.222222222222,-1.97827296367825
2.37979797979798,262.222222222222,-2.21954519468192
2.50505050505051,262.222222222222,-2.41365882786886
2.63030303030303,262.222222222222,-2.56440202288427
2.75555555555556,262.222222222222,-2.67556293937339
2.88080808080808,262.222222222222,-2.75092973698142
3.00606060606061,262.222222222222,-2.79429057535356
3.13131313131313,262.222222222222,-2.80943361413504
3.25656565656566,262.222222222222,-2.80014701297106
3.38181818181818,262.222222222222,-2.77021893150684
3.50707070707071,262.222222222222,-2.72343752938759
3.63232323232323,262.222222222222,-2.66359096625851
3.75757575757576,262.222222222222,-2.59446740176483
3.88282828282828,262.222222222222,-2.51985499555176
4.00808080808081,262.222222222222,-2.4435419072645
4.13333333333333,262.222222222222,-2.3693037577314
4.25858585858586,262.222222222222,-2.29961607456833
4.38383838383838,262.222222222222,-2.23453849344072
4.50909090909091,262.222222222222,-2.17386772075542
4.63434343434343,262.222222222222,-2.11740046291928
4.75959595959596,262.222222222222,-2.06493342633915
4.88484848484848,262.222222222222,-2.01626331742188
5.01010101010101,262.222222222222,-1.97118684257432
5.13535353535354,262.222222222222,-1.92950070820331
5.26060606060606,262.222222222222,-1.89100162071572
5.38585858585859,262.222222222222,-1.85548628651837
5.51111111111111,262.222222222222,-1.82275141201814
5.63636363636364,262.222222222222,-1.79259370362186
5.76161616161616,262.222222222222,-1.76480986773639
5.88686868686869,262.222222222222,-1.73919661076857
6.01212121212121,262.222222222222,-1.71555063912525
6.13737373737374,262.222222222222,-1.69367826082747
6.26262626262626,262.222222222222,-1.67348575071737
6.38787878787879,262.222222222222,-1.65493874474826
6.51313131313131,262.222222222222,-1.63800366120297
6.63838383838384,262.222222222222,-1.62264691836433
6.76363636363636,262.222222222222,-1.60883493451519
6.88888888888889,262.222222222222,-1.59653412793838
7.01414141414141,262.222222222222,-1.58571091691674
7.13939393939394,262.222222222222,-1.57633171973311
7.26464646464646,262.222222222222,-1.56836295467031
7.38989898989899,262.222222222222,-1.5617710400112
7.51515151515152,262.222222222222,-1.5565223940386
7.64040404040404,262.222222222222,-1.55258343503536
7.76565656565657,262.222222222222,-1.54992058128431
7.89090909090909,262.222222222222,-1.54850025106828
8.01616161616162,262.222222222222,-1.54828886267013
8.14141414141414,262.222222222222,-1.54925283437267
8.26666666666667,262.222222222222,-1.55135858445875
8.39191919191919,262.222222222222,-1.55457253121121
8.51717171717172,262.222222222222,-1.55886109291288
8.64242424242424,262.222222222222,-1.5641906878466
8.76767676767677,262.222222222222,-1.57052773429521
8.89292929292929,262.222222222222,-1.57783865054155
9.01818181818182,262.222222222222,-1.58608985486844
9.14343434343434,262.222222222222,-1.59524776555874
9.26868686868687,262.222222222222,-1.60527880089527
9.3939393939394,262.222222222222,-1.61614937916087
9.51919191919192,262.222222222222,-1.62782591863839
9.64444444444444,262.222222222222,-1.64027483761065
9.76969696969697,262.222222222222,-1.65346255436049
9.8949494949495,262.222222222222,-1.66735548717076
10.020202020202,262.222222222222,-1.68192005432428
10.1454545454545,262.222222222222,-1.6971226741039
10.2707070707071,262.222222222222,-1.71292976479246
10.3959595959596,262.222222222222,-1.72930774467278
10.5212121212121,262.222222222222,-1.74622303202771
10.6464646464646,262.222222222222,-1.76364204514008
10.7717171717172,262.222222222222,-1.78153120229273
10.8969696969697,262.222222222222,-1.7998569217685
11.0222222222222,262.222222222222,-1.81858562185023
11.1474747474747,262.222222222222,-1.83768372082075
11.2727272727273,262.222222222222,-1.8571176369629
11.3979797979798,262.222222222222,-1.87685378855951
11.5232323232323,262.222222222222,-1.89685859389343
11.6484848484848,262.222222222222,-1.91709847124748
11.7737373737374,262.222222222222,-1.93753983890452
11.8989898989899,262.222222222222,-1.95814911514737
12.0242424242424,262.222222222222,-1.97889271825887
12.1494949494949,262.222222222222,-1.99973706652186
12.2747474747475,262.222222222222,-2.02064857821918
12.4,262.222222222222,-2.04159367163365
0,265.20202020202,9.15847410571367
0.125252525252525,265.20202020202,8.37092443978078
0.25050505050505,265.20202020202,7.58656475636433
0.375757575757576,265.20202020202,6.80858503798077
0.501010101010101,265.20202020202,6.04017526714652
0.626262626262626,265.20202020202,5.28452542637805
0.751515151515151,265.20202020202,4.54482549819179
0.876767676767677,265.20202020202,3.82426546510417
1.0020202020202,265.20202020202,3.12603530963165
1.12727272727273,265.20202020202,2.45332501429066
1.25252525252525,265.20202020202,1.80932456159765
1.37777777777778,265.20202020202,1.19722393406905
1.5030303030303,265.20202020202,0.620213114221316
1.62828282828283,265.20202020202,0.081482084570879
1.75353535353535,265.20202020202,-0.415779172365814
1.87878787878788,265.20202020202,-0.868380674072324
2.0040404040404,265.20202020202,-1.27313243803221
2.12929292929293,265.20202020202,-1.62685888887623
2.25454545454545,265.20202020202,-1.928442543139
2.37979797979798,265.20202020202,-2.18094466878794
2.50505050505051,265.20202020202,-2.38793300506207
2.63030303030303,265.20202020202,-2.55297529120039
2.75555555555556,265.20202020202,-2.67963926644191
2.88080808080808,265.20202020202,-2.77149267002565
3.00606060606061,265.20202020202,-2.83210324119061
3.13131313131313,265.20202020202,-2.8650387191758
3.25656565656566,265.20202020202,-2.87386684322022
3.38181818181818,265.20202020202,-2.86215535256289
3.50707070707071,265.20202020202,-2.83347198644282
3.63232323232323,265.20202020202,-2.79138448409901
3.75757575757576,265.20202020202,-2.73946058477047
3.88282828282828,265.20202020202,-2.68126802769621
4.00808080808081,265.20202020202,-2.62037455211525
4.13333333333333,265.20202020202,-2.56033626945388
4.25858585858586,265.20202020202,-2.5035036558283
4.38383838383838,265.20202020202,-2.44998682134631
4.50909090909091,265.20202020202,-2.3996520499076
4.63434343434343,265.20202020202,-2.35236562541185
4.75959595959596,265.20202020202,-2.30799383175877
4.88484848484848,265.20202020202,-2.26640295284803
5.01010101010101,265.20202020202,-2.22745927257932
5.13535353535354,265.20202020202,-2.19102907485233
5.26060606060606,265.20202020202,-2.15697864356674
5.38585858585859,265.20202020202,-2.12517426262225
5.51111111111111,265.20202020202,-2.09548221591854
5.63636363636364,265.20202020202,-2.06776878735529
5.76161616161616,265.20202020202,-2.0419002608322
5.88686868686869,265.20202020202,-2.01774292024895
6.01212121212121,265.20202020202,-1.99516304950524
6.13737373737374,265.20202020202,-1.97403293158897
6.26262626262626,265.20202020202,-1.95428730875469
6.38787878787879,265.20202020202,-1.93589801207728
6.51313131313131,265.20202020202,-1.91883736143109
6.63838383838384,265.20202020202,-1.90307767669047
6.76363636363636,265.20202020202,-1.88859127772976
6.88888888888889,265.20202020202,-1.87535048442332
7.01414141414141,265.20202020202,-1.86332761664551
7.13939393939394,265.20202020202,-1.85249499427065
7.26464646464646,265.20202020202,-1.84282493717312
7.38989898989899,265.20202020202,-1.83428976522724
7.51515151515152,265.20202020202,-1.82686179830739
7.64040404040404,265.20202020202,-1.8205133562879
7.76565656565657,265.20202020202,-1.81521675904312
7.89090909090909,265.20202020202,-1.81094432644741
8.01616161616162,265.20202020202,-1.80766837837512
8.14141414141414,265.20202020202,-1.80536123470058
8.26666666666667,265.20202020202,-1.80399521529816
8.39191919191919,265.20202020202,-1.80354264004221
8.51717171717172,265.20202020202,-1.80397582880706
8.64242424242424,265.20202020202,-1.80526710146708
8.76767676767677,265.20202020202,-1.80738877789661
8.89292929292929,265.20202020202,-1.81031317797
9.01818181818182,265.20202020202,-1.8140126215616
9.14343434343434,265.20202020202,-1.81845942854576
9.26868686868687,265.20202020202,-1.82362591879683
9.3939393939394,265.20202020202,-1.82948441218916
9.51919191919192,265.20202020202,-1.8360072285971
9.64444444444444,265.20202020202,-1.843166687895
9.76969696969697,265.20202020202,-1.85093510995721
9.8949494949495,265.20202020202,-1.85928481465807
10.020202020202,265.20202020202,-1.86818812187195
10.1454545454545,265.20202020202,-1.87761735147318
10.2707070707071,265.20202020202,-1.88754482333612
10.3959595959596,265.20202020202,-1.89794285733511
10.5212121212121,265.20202020202,-1.90878377334451
10.6464646464646,265.20202020202,-1.92003989123867
10.7717171717172,265.20202020202,-1.93168353089193
10.8969696969697,265.20202020202,-1.94368701217865
11.0222222222222,265.20202020202,-1.95602265497317
11.1474747474747,265.20202020202,-1.96866277914985
11.2727272727273,265.20202020202,-1.98157970458303
11.3979797979798,265.20202020202,-1.99474575114706
11.5232323232323,265.20202020202,-2.0081332387163
11.6484848484848,265.20202020202,-2.02171448716509
11.7737373737374,265.20202020202,-2.03546181636778
11.8989898989899,265.20202020202,-2.04934754619872
12.0242424242424,265.20202020202,-2.06334399653227
12.1494949494949,265.20202020202,-2.07742348724277
12.2747474747475,265.20202020202,-2.09155833820456
12.4,265.20202020202,-2.10572086929201
0,268.181818181818,9.14995474112351
0.125252525252525,268.181818181818,8.37262220419659
0.25050505050505,268.181818181818,7.59835063674927
0.375757575757576,268.181818181818,6.8302010082612
0.501010101010101,268.181818181818,6.07123428821197
0.626262626262626,268.181818181818,5.3245114460812
0.751515151515151,268.181818181818,4.59309345134851
0.876767676767677,268.181818181818,3.88004127349352
1.0020202020202,268.181818181818,3.18841588199583
1.12727272727273,268.181818181818,2.52127824633507
1.25252525252525,268.181818181818,1.88168933599085
1.37777777777778,268.181818181818,1.27271012044278
1.5030303030303,268.181818181818,0.697401569170494
1.62828282828283,268.181818181818,0.158824651653588
1.75353535353535,268.181818181818,-0.339959662628312
1.87878787878788,268.181818181818,-0.795890404195596
2.0040404040404,268.181818181818,-1.20590660356864
2.12929292929293,268.181818181818,-1.56696094786785
2.25454545454545,268.181818181818,-1.87795699883865
2.37979797979798,268.181818181818,-2.14175937561147
2.50505050505051,268.181818181818,-2.361712783726
2.63030303030303,268.181818181818,-2.54116192872193
2.75555555555556,268.181818181818,-2.68345151613895
2.88080808080808,268.181818181818,-2.79192625151674
3.00606060606061,268.181818181818,-2.86993084039499
3.13131313131313,268.181818181818,-2.92080998831338
3.25656565656566,268.181818181818,-2.94790840081161
3.38181818181818,268.181818181818,-2.95457078342936
3.50707070707071,268.181818181818,-2.94414184170631
3.63232323232323,268.181818181818,-2.91996628118216
3.75757575757576,268.181818181818,-2.88538880739658
3.88282828282828,268.181818181818,-2.84375412588927
4.00808080808081,268.181818181818,-2.79840694219991
4.13333333333333,268.181818181818,-2.75268125637007
4.25858585858586,268.181818181818,-2.70880106375777
4.38383838383838,268.181818181818,-2.66692769886399
4.50909090909091,268.181818181818,-2.62699801020232
4.63434343434343,268.181818181818,-2.58894884628639
4.75959595959596,268.181818181818,-2.55271705562981
4.88484848484848,268.181818181818,-2.51823948674617
5.01010101010101,268.181818181818,-2.48545298814911
5.13535353535354,268.181818181818,-2.45429440835221
5.26060606060606,268.181818181818,-2.4247005958691
5.38585858585859,268.181818181818,-2.39660839921339
5.51111111111111,268.181818181818,-2.36995466689868
5.63636363636364,268.181818181818,-2.34467624743859
5.76161616161616,268.181818181818,-2.32070998934672
5.88686868686869,268.181818181818,-2.29799274113669
6.01212121212121,268.181818181818,-2.27646135132211
6.13737373737374,268.181818181818,-2.25605500970101
6.26262626262626,268.181818181818,-2.23673728226046
6.38787878787879,268.181818181818,-2.21848620976673
6.51313131313131,268.181818181818,-2.20128002375152
6.63838383838384,268.181818181818,-2.18509695574652
6.76363636363636,268.181818181818,-2.16991523728344
6.88888888888889,268.181818181818,-2.15571309989397
7.01414141414141,268.181818181818,-2.1424687751098
7.13939393939394,268.181818181818,-2.13016049446265
7.26464646464646,268.181818181818,-2.11876648948419
7.38989898989899,268.181818181818,-2.10826499170613
7.51515151515152,268.181818181818,-2.09863423266018
7.64040404040404,268.181818181818,-2.08985244387802
7.76565656565657,268.181818181818,-2.08189785689135
7.89090909090909,268.181818181818,-2.07474870323187
8.01616161616162,268.181818181818,-2.06838321443129
8.14141414141414,268.181818181818,-2.06277962202128
8.26666666666667,268.181818181818,-2.05791615753357
8.39191919191919,268.181818181818,-2.05377105249983
8.51717171717172,268.181818181818,-2.05032253845177
8.64242424242424,268.181818181818,-2.04754884692109
8.76767676767677,268.181818181818,-2.04542820943948
8.89292929292929,268.181818181818,-2.04393885753864
9.01818181818182,268.181818181818,-2.04305902275028
9.14343434343434,268.181818181818,-2.04276693660607
9.26868686868687,268.181818181818,-2.04304083063774
9.3939393939394,268.181818181818,-2.04385893637696
9.51919191919192,268.181818181818,-2.04519948535544
9.64444444444444,268.181818181818,-2.04704070910488
9.76969696969697,268.181818181818,-2.04936083915697
9.8949494949495,268.181818181818,-2.05213810704342
10.020202020202,268.181818181818,-2.05535074429591
10.1454545454545,268.181818181818,-2.05897698244615
10.2707070707071,268.181818181818,-2.06299505302584
10.3959595959596,268.181818181818,-2.06738318756667
10.5212121212121,268.181818181818,-2.07211961760033
10.6464646464646,268.181818181818,-2.07718257465853
10.7717171717172,268.181818181818,-2.08255029027297
10.8969696969697,268.181818181818,-2.08820099597534
11.0222222222222,268.181818181818,-2.09411292329734
11.1474747474747,268.181818181818,-2.10026430377067
11.2727272727273,268.181818181818,-2.10663336892702
11.3979797979798,268.181818181818,-2.11319835029809
11.5232323232323,268.181818181818,-2.11993747941558
11.6484848484848,268.181818181818,-2.12682898781119
11.7737373737374,268.181818181818,-2.13385110701662
11.8989898989899,268.181818181818,-2.14098206856355
12.0242424242424,268.181818181818,-2.1482001039837
12.1494949494949,268.181818181818,-2.15548344480875
12.2747474747475,268.181818181818,-2.16281032257041
12.4,268.181818181818,-2.17015896880037
0,271.161616161616,9.14034108542433
0.125252525252525,271.161616161616,8.37339386285537
0.25050505050505,271.161616161616,7.6093772091083
0.375757575757576,271.161616161616,6.85122169300505
0.501010101010101,271.161616161616,6.10185788336751
0.626262626262626,271.161616161616,5.36421634901758
0.751515151515151,271.161616161616,4.64122765877718
0.876767676767677,271.161616161616,3.9358223814682
1.0020202020202,271.161616161616,3.25093108591254
1.12727272727273,271.161616161616,2.58948434093211
1.25252525252525,271.161616161616,1.95441271534882
1.37777777777778,271.161616161616,1.34864677798457
1.5030303030303,271.161616161616,0.775117097661262
1.62828282828283,271.161616161616,0.236754243200798
1.75353535353535,271.161616161616,-0.263511216574913
1.87878787878788,271.161616161616,-0.722748712843971
2.0040404040404,271.161616161616,-1.13802767678447
2.12929292929293,271.161616161616,-1.50643043765469
2.25454545454545,271.161616161616,-1.8268818431533
2.37979797979798,271.161616161616,-2.10204779188075
2.50505050505051,271.161616161616,-2.33504760371358
2.63030303030303,271.161616161616,-2.52900059852836
2.75555555555556,271.161616161616,-2.68702609620164
2.88080808080808,271.161616161616,-2.81224341661
3.00606060606061,271.161616161616,-2.90777187962997
3.13131313131313,271.161616161616,-2.97673080513812
3.25656565656566,271.161616161616,-3.02223951301101
3.38181818181818,271.161616161616,-3.0474173231252
3.50707070707071,271.161616161616,-3.05538355535724
3.63232323232323,271.161616161616,-3.04925752958369
3.75757575757576,271.161616161616,-3.03215856568111
3.88282828282828,271.161616161616,-3.00720598352606
4.00808080808081,271.161616161616,-2.9775191029951
4.13333333333333,271.161616161616,-2.94620747096059
4.25858585858586,271.161616161616,-2.9153673156898
4.38383838383838,271.161616161616,-2.88521187103255
4.50909090909091,271.161616161616,-2.85574943852534
4.63434343434343,271.161616161616,-2.8269883197047
4.75959595959596,271.161616161616,-2.79893681610712
4.88484848484848,271.161616161616,-2.77160322926912
5.01010101010101,271.161616161616,-2.7449958607272
5.13535353535354,271.161616161616,-2.71912301201788
5.26060606060606,271.161616161616,-2.69399298467767
5.38585858585859,271.161616161616,-2.66961408024307
5.51111111111111,271.161616161616,-2.6459946002506
5.63636363636364,271.161616161616,-2.62314284623677
5.76161616161616,271.161616161616,-2.60106711973808
5.88686868686869,271.161616161616,-2.57977572229105
6.01212121212121,271.161616161616,-2.55927695543218
6.13737373737374,271.161616161616,-2.53957775442855
6.26262626262626,271.161616161616,-2.52067082968785
6.38787878787879,271.161616161616,-2.50254044478058
6.51313131313131,271.161616161616,-2.48517075195504
6.63838383838384,271.161616161616,-2.46854590345952
6.76363636363636,271.161616161616,-2.45265005154232
6.88888888888889,271.161616161616,-2.43746734845174
7.01414141414141,271.161616161616,-2.42298194643609
7.13939393939394,271.161616161616,-2.40917799774364
7.26464646464646,271.161616161616,-2.39603965462271
7.38989898989899,271.161616161616,-2.38355106932159
7.51515151515152,271.161616161616,-2.37169639408857
7.64040404040404,271.161616161616,-2.36045978117196
7.76565656565657,271.161616161616,-2.34982538282005
7.89090909090909,271.161616161616,-2.33977735128114
8.01616161616162,271.161616161616,-2.33029983880352
8.14141414141414,271.161616161616,-2.3213769976355
8.26666666666667,271.161616161616,-2.31299298002536
8.39191919191919,271.161616161616,-2.30513193822142
8.51717171717172,271.161616161616,-2.29777802447196
8.64242424242424,271.161616161616,-2.29091539102529
8.76767676767677,271.161616161616,-2.28452819012969
8.89292929292929,271.161616161616,-2.27860057403347
9.01818181818182,271.161616161616,-2.27311669498493
9.14343434343434,271.161616161616,-2.26806070523236
9.26868686868687,271.161616161616,-2.26341675702406
9.3939393939394,271.161616161616,-2.25916900260832
9.51919191919192,271.161616161616,-2.25530159423345
9.64444444444444,271.161616161616,-2.25179868414774
9.76969696969697,271.161616161616,-2.24864442459949
9.8949494949495,271.161616161616,-2.24582296783699
10.020202020202,271.161616161616,-2.24331846610855
10.1454545454545,271.161616161616,-2.24111507166246
10.2707070707071,271.161616161616,-2.23919693674701
10.3959595959596,271.161616161616,-2.23754821361052
10.5212121212121,271.161616161616,-2.23615305450126
10.6464646464646,271.161616161616,-2.23499561166755
10.7717171717172,271.161616161616,-2.23406003735767
10.8969696969697,271.161616161616,-2.23333048381992
11.0222222222222,271.161616161616,-2.23279110330261
11.1474747474747,271.161616161616,-2.23242604805403
11.2727272727273,271.161616161616,-2.23221947032247
11.3979797979798,271.161616161616,-2.23215552235624
11.5232323232323,271.161616161616,-2.23221835640363
11.6484848484848,271.161616161616,-2.23239212471294
11.7737373737374,271.161616161616,-2.23266097953247
11.8989898989899,271.161616161616,-2.23300907311051
12.0242424242424,271.161616161616,-2.23342055769535
12.1494949494949,271.161616161616,-2.23387958553531
12.2747474747475,271.161616161616,-2.23437030887867
12.4,271.161616161616,-2.23487687997374
0,274.141414141414,9.12975472651715
0.125252525252525,274.141414141414,8.3733423163968
0.25050505050505,274.141414141414,7.61972884099985
0.375757575757576,274.141414141414,6.87171323504972
0.501010101010101,274.141414141414,6.1320944332698
0.626262626262626,274.141414141414,5.4036713703835
0.751515151515151,274.141414141414,4.68924298111423
0.876767676767677,274.141414141414,3.99160820018539
1.0020202020202,274.141414141414,3.31356596232038
1.12727272727273,274.141414141414,2.6579152022426
1.25252525252525,274.141414141414,2.02745485467548
1.37777777777778,274.141414141414,1.4249838543424
1.5030303030303,274.141414141414,0.853301135966776
1.62828282828283,274.141414141414,0.315205634272009
1.75353535353535,274.141414141414,-0.186503716018492
1.87878787878788,274.141414141414,-0.649027980181327
2.0040404040404,274.141414141414,-1.06956822349309
2.12929292929293,274.141414141414,-1.44533764370396
2.25454545454545,274.141414141414,-1.77528258845908
2.37979797979798,274.141414141414,-2.06186839432403
2.50505050505051,274.141414141414,-2.30798690487773
2.63030303030303,274.141414141414,-2.51652996369913
2.75555555555556,274.141414141414,-2.69038941436715
2.88080808080808,274.141414141414,-2.83245710046073
3.00606060606061,274.141414141414,-2.94562486555881
3.13131313131313,274.141414141414,-3.03278455324032
3.25656565656566,274.141414141414,-3.0968280070842
3.38181818181818,274.141414141414,-3.14064707066937
3.50707070707071,274.141414141414,-3.16713358757478
3.63232323232323,274.141414141414,-3.17917940137935
3.75757575757576,274.141414141414,-3.17967635566203
3.88282828282828,274.141414141414,-3.17151629400174
4.00808080808081,274.141414141414,-3.15759105997742
4.13333333333333,274.141414141414,-3.14078366570606
4.25858585858586,274.141414141414,-3.12306142895743
4.38383838383838,274.141414141414,-3.10469008289078
4.50909090909091,274.141414141414,-3.08575017176241
4.63434343434343,274.141414141414,-3.06632223982858
4.75959595959596,274.141414141414,-3.04648683134557
4.88484848484848,274.141414141414,-3.02632449056966
5.01010101010101,274.141414141414,-3.00591576175713
5.13535353535354,274.141414141414,-2.98534118916425
5.26060606060606,274.141414141414,-2.96468131704731
5.38585858585859,274.141414141414,-2.94401668966257
5.51111111111111,274.141414141414,-2.92342785126632
5.63636363636364,274.141414141414,-2.90299534611484
5.76161616161616,274.141414141414,-2.8827997184644
5.88686868686869,274.141414141414,-2.86292151257128
6.01212121212121,274.141414141414,-2.84344127269176
6.13737373737374,274.141414141414,-2.82443442503654
6.26262626262626,274.141414141414,-2.80592310949001
6.38787878787879,274.141414141414,-2.78789782408278
6.51313131313131,274.141414141414,-2.7703486498324
6.63838383838384,274.141414141414,-2.75326566775645
6.76363636363636,274.141414141414,-2.73663895887249
6.88888888888889,274.141414141414,-2.72045860419808
7.01414141414141,274.141414141414,-2.70471468475079
7.13939393939394,274.141414141414,-2.68939728154819
7.26464646464646,274.141414141414,-2.67449647560784
7.38989898989899,274.141414141414,-2.66000234794731
7.51515151515152,274.141414141414,-2.64590497958416
7.64040404040404,274.141414141414,-2.63219445153596
7.76565656565657,274.141414141414,-2.61886084482027
7.89090909090909,274.141414141414,-2.60589424045466
8.01616161616162,274.141414141414,-2.5932847194567
8.14141414141414,274.141414141414,-2.58102236284394
8.26666666666667,274.141414141414,-2.56909725163396
8.39191919191919,274.141414141414,-2.55749946684432
8.51717171717172,274.141414141414,-2.54621908949258
8.64242424242424,274.141414141414,-2.53524620059632
8.76767676767677,274.141414141414,-2.52457088117309
8.89292929292929,274.141414141414,-2.51418321224046
9.01818181818182,274.141414141414,-2.504073274816
9.14343434343434,274.141414141414,-2.49423114991728
9.26868686868687,274.141414141414,-2.48464691856185
9.3939393939394,274.141414141414,-2.47531066176729
9.51919191919192,274.141414141414,-2.46621246055116
9.64444444444444,274.141414141414,-2.45734239593102
9.76969696969697,274.141414141414,-2.44869054892444
9.8949494949495,274.141414141414,-2.44024700054899
10.020202020202,274.141414141414,-2.43200183182222
10.1454545454545,274.141414141414,-2.42394512376172
10.2707070707071,274.141414141414,-2.41606695738504
10.3959595959596,274.141414141414,-2.40835741370974
10.5212121212121,274.141414141414,-2.4008065737534
10.6464646464646,274.141414141414,-2.39340451853357
10.7717171717172,274.141414141414,-2.38614132906783
10.8969696969697,274.141414141414,-2.37900708637374
11.0222222222222,274.141414141414,-2.37199187146887
11.1474747474747,274.141414141414,-2.36508576537077
11.2727272727273,274.141414141414,-2.35827884909702
11.3979797979798,274.141414141414,-2.35156120366518
11.5232323232323,274.141414141414,-2.34492291009282
11.6484848484848,274.141414141414,-2.33835404939749
11.7737373737374,274.141414141414,-2.33184470259678
11.8989898989899,274.141414141414,-2.32538495070824
12.0242424242424,274.141414141414,-2.31896487474944
12.1494949494949,274.141414141414,-2.31257455573794
12.2747474747475,274.141414141414,-2.30620407469131
12.4,274.141414141414,-2.29984351262711
0,277.121212121212,9.11831725230295
0.125252525252525,277.121212121212,8.37257046546055
0.25050505050505,277.121212121212,7.62948989998236
0.375757575757576,277.121212121212,6.89174177723261
0.501010101010101,277.121212121212,6.1619923185755
0.626262626262626,277.121212121212,5.44290774537527
0.751515151515151,277.121212121212,4.73715427899613
0.876767676767677,277.121212121212,4.04739814080229
1.0020202020202,277.121212121212,3.37630555215796
1.12727272727273,277.121212121212,2.72654273442737
1.25252525252525,277.121212121212,2.10077590897474
1.37777777777778,277.121212121212,1.50167129716427
1.5030303030303,277.121212121212,0.931895120360195
1.62828282828283,277.121212121212,0.394113599926721
1.75353535353535,277.121212121212,-0.109007042771929
1.87878787878788,277.121212121212,-0.574800586371543
2.0040404040404,277.121212121212,-1.0006008095079
2.12929292929293,277.121212121212,-1.38375285148285
2.25454545454545,277.121212121212,-1.72322474713209
2.37979797979798,277.121212121212,-2.02127965966956
2.50505050505051,277.121212121212,-2.28058012707139
2.63030303030303,277.121212121212,-2.50378868731369
2.75555555555556,277.121212121212,-2.69356787837261
2.88080808080808,277.121212121212,-2.85258023822427
3.00606060606061,277.121212121212,-2.98348830484479
3.13131313131313,277.121212121212,-3.08895461621031
3.25656565656566,277.121212121212,-3.17164171029694
3.38181818181818,277.121212121212,-3.23421212508083
3.50707070707071,277.121212121212,-3.2793283985381
3.63232323232323,277.121212121212,-3.30965306864487
3.75757575757576,277.121212121212,-3.32784867337727
3.88282828282828,277.121212121212,-3.33657775071143
4.00808080808081,277.121212121212,-3.33850283862347
4.13333333333333,277.121212121212,-3.33627859308713
4.25858585858586,277.121212121212,-3.33174242089371
4.38383838383838,277.121212121212,-3.32521307947749
4.50909090909091,277.121212121212,-3.31684404679926
4.63434343434343,277.121212121212,-3.30678880081983
4.75959595959596,277.121212121212,-3.29520081950001
4.88484848484848,277.121212121212,-3.2822335808006
5.01010101010101,277.121212121212,-3.2680405626824
5.13535353535354,277.121212121212,-3.25277524310623
5.26060606060606,277.121212121212,-3.23659110003288
5.38585858585859,277.121212121212,-3.21964161142316
5.51111111111111,277.121212121212,-3.20208025523787
5.63636363636364,277.121212121212,-3.18406050943782
5.76161616161616,277.121212121212,-3.16573585198382
5.88686868686869,277.121212121212,-3.14725976083666
6.01212121212121,277.121212121212,-3.12878571395716
6.13737373737374,277.121212121212,-3.1104582807899
6.26262626262626,277.121212121212,-3.09232928012009
6.38787878787879,277.121212121212,-3.07439545463728
6.51313131313131,277.121212121212,-3.05665282117438
6.63838383838384,277.121212121212,-3.03909739656433
6.76363636363636,277.121212121212,-3.02172519764003
6.88888888888889,277.121212121212,-3.00453224123441
7.01414141414141,277.121212121212,-2.98751454418038
7.13939393939394,277.121212121212,-2.97066812331086
7.26464646464646,277.121212121212,-2.95398899545877
7.38989898989899,277.121212121212,-2.93747317745703
7.51515151515152,277.121212121212,-2.92111668613856
7.64040404040404,277.121212121212,-2.90491553833627
7.76565656565657,277.121212121212,-2.88886575088309
7.89090909090909,277.121212121212,-2.87296334061192
8.01616161616162,277.121212121212,-2.8572043243557
8.14141414141414,277.121212121212,-2.84158471894733
8.26666666666667,277.121212121212,-2.82610054121975
8.39191919191919,277.121212121212,-2.81074780800585
8.51717171717172,277.121212121212,-2.79552253613857
8.64242424242424,277.121212121212,-2.78042074245082
8.76767676767677,277.121212121212,-2.76543844377552
8.89292929292929,277.121212121212,-2.75057165694559
9.01818181818182,277.121212121212,-2.73581639879395
9.14343434343434,277.121212121212,-2.72116868615351
9.26868686868687,277.121212121212,-2.70662453585719
9.3939393939394,277.121212121212,-2.69217996473792
9.51919191919192,277.121212121212,-2.6778309896286
9.64444444444444,277.121212121212,-2.66357362736217
9.76969696969697,277.121212121212,-2.64940389477153
9.8949494949495,277.121212121212,-2.6353178086896
10.020202020202,277.121212121212,-2.62131138594931
10.1454545454545,277.121212121212,-2.60738064338357
10.2707070707071,277.121212121212,-2.5935215978253
10.3959595959596,277.121212121212,-2.57973026610742
10.5212121212121,277.121212121212,-2.56600266506284
10.6464646464646,277.121212121212,-2.5523348115245
10.7717171717172,277.121212121212,-2.53872272232529
10.8969696969697,277.121212121212,-2.52516241429814
11.0222222222222,277.121212121212,-2.51164990427598
11.1474747474747,277.121212121212,-2.49818120909171
11.2727272727273,277.121212121212,-2.48475234557826
11.3979797979798,277.121212121212,-2.47135933056855
11.5232323232323,277.121212121212,-2.45799818089548
11.6484848484848,277.121212121212,-2.44466491339199
11.7737373737374,277.121212121212,-2.43135554489099
11.8989898989899,277.121212121212,-2.4180660922254
12.0242424242424,277.121212121212,-2.40479257222814
12.1494949494949,277.121212121212,-2.39153100173212
12.2747474747475,277.121212121212,-2.37827739757026
12.4,277.121212121212,-2.36502777657548
0,280.10101010101,9.10615025068274
0.125252525252525,280.10101010101,8.37118121068628
0.25050505050505,280.10101010101,7.63874475361425
0.375757575757576,280.10101010101,6.9113734623911
0.501010101010101,280.10101010101,6.19159991994127
0.626262626262626,280.10101010101,5.4819567091892
0.751515151515151,280.10101010101,4.78497641305932
0.876767676767677,280.10101010101,4.10319161447607
1.0020202020202,280.10101010101,3.43913489636389
1.12727272727273,280.10101010101,2.79533884164722
1.25252525252525,280.10101010101,2.17433603325051
1.37777777777778,280.10101010101,1.57865905409818
1.5030303030303,280.10101010101,1.01084048711467
1.62828282828283,280.10101010101,0.473412915224434
1.75353535353535,280.10101010101,-0.0310910786481
1.87878787878788,280.10101010101,-0.500138911578493
2.0040404040404,280.10101010101,-0.931198000642303
2.12929292929293,280.10101010101,-1.32174634645856
2.25454545454545,280.10101010101,-1.67077383154844
2.37979797979798,280.10101010101,-1.9803400646456
2.50505050505051,280.10101010101,-2.25287671014747
2.63030303030303,280.10101010101,-2.49081543245152
2.75555555555556,280.10101010101,-2.69658789595518
2.88080808080808,280.10101010101,-2.87262576505591
3.00606060606061,280.10101010101,-3.02136070415117
3.13131313131313,280.10101010101,-3.14522437763839
3.25656565656566,280.10101010101,-3.24664844991503
3.38181818181818,280.10101010101,-3.32806458537854
3.50707070707071,280.10101010101,-3.39190444842637
3.63232323232323,280.10101010101,-3.44059970345597
3.75757575757576,280.10101010101,-3.47658201486479
3.88282828282828,280.10101010101,-3.50228304705027
4.00808080808081,280.10101010101,-3.52013446440988
4.13333333333333,280.10101010101,-3.53256100558441
4.25858585858586,280.10101010101,-3.54126930883169
4.38383838383838,280.10101010101,-3.54663160583144
4.50909090909091,280.10101010101,-3.54887490052164
4.63434343434343,280.10101010101,-3.54822619684026
4.75959595959596,280.10101010101,-3.5449124987253
4.88484848484848,280.10101010101,-3.53916081011474
5.01010101010101,280.10101010101,-3.53119813494655
5.13535353535354,280.10101010101,-3.52125147715873
5.26060606060606,280.10101010101,-3.50954784068925
5.38585858585859,280.10101010101,-3.49631422947611
5.51111111111111,280.10101010101,-3.48177764745727
5.63636363636364,280.10101010101,-3.46616509857072
5.76161616161616,280.10101010101,-3.44970358675446
5.88686868686869,280.10101010101,-3.43262011594645
6.01212121212121,280.10101010101,-3.41514169008469
6.13737373737374,280.10101010101,-3.3974825809536
6.26262626262626,280.10101010101,-3.37972450003124
6.38787878787879,280.10101010101,-3.36187044340804
6.51313131313131,280.10101010101,-3.34392236977176
6.63838383838384,280.10101010101,-3.32588223781016
6.76363636363636,280.10101010101,-3.30775200621104
6.88888888888889,280.10101010101,-3.28953363366216
7.01414141414141,280.10101010101,-3.27122907885128
7.13939393939394,280.10101010101,-3.2528403004662
7.26464646464646,280.10101010101,-3.23436925719467
7.38989898989899,280.10101010101,-3.21581790772446
7.51515151515152,280.10101010101,-3.19718821074336
7.64040404040404,280.10101010101,-3.17848212493913
7.76565656565657,280.10101010101,-3.15970160899955
7.89090909090909,280.10101010101,-3.14084862161238
8.01616161616162,280.10101010101,-3.12192512146541
8.14141414141414,280.10101010101,-3.1029330672464
8.26666666666667,280.10101010101,-3.08387441764313
8.39191919191919,280.10101010101,-3.06475113134336
8.51717171717172,280.10101010101,-3.04556516703488
8.64242424242424,280.10101010101,-3.02631848340545
8.76767676767677,280.10101010101,-3.00701303914285
8.89292929292929,280.10101010101,-2.98765079293484
9.01818181818182,280.10101010101,-2.96823370346921
9.14343434343434,280.10101010101,-2.94876372943372
9.26868686868687,280.10101010101,-2.92924282951614
9.3939393939394,280.10101010101,-2.90967296240425
9.51919191919192,280.10101010101,-2.89005608678583
9.64444444444444,280.10101010101,-2.87039416134863
9.76969696969697,280.10101010101,-2.85068914478045
9.8949494949495,280.10101010101,-2.83094299576904
10.020202020202,280.10101010101,-2.81115767300218
10.1454545454545,280.10101010101,-2.79133513516764
10.2707070707071,280.10101010101,-2.7714773409532
10.3959595959596,280.10101010101,-2.75158624904663
10.5212121212121,280.10101010101,-2.7316638181357
10.6464646464646,280.10101010101,-2.71171200690818
10.7717171717172,280.10101010101,-2.69173277405184
10.8969696969697,280.10101010101,-2.67172807825447
11.0222222222222,280.10101010101,-2.65169987820383
11.1474747474747,280.10101010101,-2.63165013258768
11.2727272727273,280.10101010101,-2.61158080009382
11.3979797979798,280.10101010101,-2.59149383941
11.5232323232323,280.10101010101,-2.571391209224
11.6484848484848,280.10101010101,-2.55127486822359
11.7737373737374,280.10101010101,-2.53114677509655
11.8989898989899,280.10101010101,-2.51100888853065
12.0242424242424,280.10101010101,-2.49086316721366
12.1494949494949,280.10101010101,-2.47071156983335
12.2747474747475,280.10101010101,-2.45055605507749
12.4,280.10101010101,-2.43039858163386
0,283.080808080808,9.09337530955752
0.125252525252525,283.080808080808,8.36927745271366
0.25050505050505,283.080808080808,7.64757776945397
0.375757575757576,283.080808080808,6.93067443336261
0.501010101010101,283.080808080808,6.22096561802376
0.626262626262626,283.080808080808,5.52084949702158
0.751515151515151,283.080808080808,4.83272424394025
0.876767676767677,283.080808080808,4.15898803236393
1.0020202020202,283.080808080808,3.50203903587678
1.12727272727273,283.080808080808,2.86427542806299
1.25252525252525,283.080808080808,2.24809538250671
1.37777777777778,283.080808080808,1.65589707279211
1.5030303030303,283.080808080808,1.09007867250337
1.62828282828283,283.080808080808,0.553038355224646
1.75353535353535,283.080808080808,0.0471742945401163
1.87878787878788,283.080808080808,-0.425115335966058
2.0040404040404,283.080808080808,-0.861432362709702
2.12929292929293,283.080808080808,-1.25938841409829
2.25454545454545,283.080808080808,-1.61799535408425
2.37979797979798,283.080808080808,-1.93910808598039
2.50505050505051,283.080808080808,-2.22492609395892
2.63030303030303,283.080808080808,-2.47764886219205
2.75555555555556,283.080808080808,-2.699475874852
2.88080808080808,283.080808080808,-2.89260661611099
3.00606060606061,283.080808080808,-3.05924057014121
3.13131313131313,283.080808080808,-3.20157722111489
3.25656565656566,283.080808080808,-3.32181605320424
3.38181818181818,283.080808080808,-3.42215655058146
3.50707070707071,283.080808080808,-3.50479819741878
3.63232323232323,283.080808080808,-3.57194047788841
3.75757575757576,283.080808080808,-3.62578287616255
3.88282828282828,283.080808080808,-3.66852487641342
4.00808080808081,283.080808080808,-3.70236596281324
4.13333333333333,283.080808080808,-3.72949965567854
4.25858585858586,283.080808080808,-3.75150111010443
4.38383838383838,283.080808080808,-3.76879640699144
4.50909090909091,283.080808080808,-3.78168656981529
4.63434343434343,283.080808080808,-3.79047262205168
4.75959595959596,283.080808080808,-3.7954555871763
4.88484848484848,283.080808080808,-3.79693648866488
5.01010101010101,283.080808080808,-3.7952163499931
5.13535353535354,283.080808080808,-3.79059619463667
5.26060606060606,283.080808080808,-3.7833770460713
5.38585858585859,283.080808080808,-3.77385992777269
5.51111111111111,283.080808080808,-3.76234586321654
5.63636363636364,283.080808080808,-3.74913587587856
5.76161616161616,283.080808080808,-3.73453098923445
5.88686868686869,283.080808080808,-3.71883222675992
6.01212121212121,283.080808080808,-3.70234061193066
6.13737373737374,283.080808080808,-3.68534058479257
6.26262626262626,283.080808080808,-3.66794392767663
6.38787878787879,283.080808080808,-3.65015989735902
6.51313131313131,283.080808080808,-3.63199639941528
6.63838383838384,283.080808080808,-3.61346133942096
6.76363636363636,283.080808080808,-3.59456262295161
6.88888888888889,283.080808080808,-3.57530815558276
7.01414141414141,283.080808080808,-3.55570584288996
7.13939393939394,283.080808080808,-3.53576359044876
7.26464646464646,283.080808080808,-3.51548930383469
7.38989898989899,283.080808080808,-3.49489088862331
7.51515151515152,283.080808080808,-3.47397625039016
7.64040404040404,283.080808080808,-3.45275329471078
7.76565656565657,283.080808080808,-3.43122992716071
7.89090909090909,283.080808080808,-3.40941405331551
8.01616161616162,283.080808080808,-3.38731357875071
8.14141414141414,283.080808080808,-3.36493640904186
8.26666666666667,283.080808080808,-3.34229044976451
8.39191919191919,283.080808080808,-3.31938360649419
8.51717171717172,283.080808080808,-3.29622378480646
8.64242424242424,283.080808080808,-3.27281889027685
8.76767676767677,283.080808080808,-3.24917682848091
8.89292929292929,283.080808080808,-3.22530550499419
9.01818181818182,283.080808080808,-3.20121282539223
9.14343434343434,283.080808080808,-3.17690669525057
9.26868686868687,283.080808080808,-3.15239502014476
9.3939393939394,283.080808080808,-3.12768570565034
9.51919191919192,283.080808080808,-3.10278665734286
9.64444444444444,283.080808080808,-3.07770578079786
9.76969696969697,283.080808080808,-3.05245098159089
9.8949494949495,283.080808080808,-3.02703016529748
10.020202020202,283.080808080808,-3.00145123749319
10.1454545454545,283.080808080808,-2.97572210375356
10.2707070707071,283.080808080808,-2.94985066965413
10.3959595959596,283.080808080808,-2.92384484077045
10.5212121212121,283.080808080808,-2.89771252267805
10.6464646464646,283.080808080808,-2.8714616209525
10.7717171717172,283.080808080808,-2.84510004116932
10.8969696969697,283.080808080808,-2.81863568890407
11.0222222222222,283.080808080808,-2.79207646973228
11.1474747474747,283.080808080808,-2.76543028922951
11.2727272727273,283.080808080808,-2.7387050529713
11.3979797979798,283.080808080808,-2.71190866653319
11.5232323232323,283.080808080808,-2.68504903549072
11.6484848484848,283.080808080808,-2.65813406541944
11.7737373737374,283.080808080808,-2.6311716618949
11.8989898989899,283.080808080808,-2.60416973049263
12.0242424242424,283.080808080808,-2.57713617678819
12.1494949494949,283.080808080808,-2.55007890635711
12.2747474747475,283.080808080808,-2.52300582477495
12.4,283.080808080808,-2.49592483761724
0,286.060606060606,9.0801140168283
0.125252525252525,286.060606060606,8.36696209218237
0.25050505050505,286.060606060606,7.65607331505994
0.375757575757576,286.060606060606,6.94971083298453
0.501010101010101,286.060606060606,6.25013779347962
0.626262626262626,286.060606060606,5.55961734406874
0.751515151515151,286.060606060606,4.88041263227538
0.876767676767677,286.060606060606,4.21478680562305
1.0020202020202,286.060606060606,3.56500301163524
1.12727272727273,286.060606060606,2.93332439783547
1.25252525252525,286.060606060606,2.32201411174725
1.37777777777778,286.060606060606,1.73333530089407
1.5030303030303,286.060606060606,1.16955111279944
1.62828282828283,286.060606060606,0.63292469498686
1.75353535353535,286.060606060606,0.125719194979843
1.87878787878788,286.060606060606,-0.349802239698113
2.0040404040404,286.060606060606,-0.791376461523498
2.12929292929293,286.060606060606,-1.19674933986923
2.25454545454545,286.060606060606,-1.56495482711561
2.37979797979798,286.060606060606,-1.89764220040218
2.50505050505051,286.060606060606,-2.19677771835865
2.63030303030303,286.060606060606,-2.46432763961476
2.75555555555556,286.060606060606,-2.70225822280023
2.88080808080808,286.060606060606,-2.9125357265448
3.00606060606061,286.060606060606,-3.09712640947819
3.13131313131313,286.060606060606,-3.25799653023013
3.25656565656566,286.060606060606,-3.39711234743033
3.38181818181818,286.060606060606,-3.51644011970855
3.50707070707071,286.060606060606,-3.6179461056945
3.63232323232323,286.060606060606,-3.70359656401791
3.75757575757576,286.060606060606,-3.7753577533085
3.88282828282828,286.060606060606,-3.83519593219601
4.00808080808081,286.060606060606,-3.88507735931016
4.13333333333333,286.060606060606,-3.92696329585015
4.25858585858586,286.060606060606,-3.96229684204496
4.38383838383838,286.060606060606,-3.99155822799628
4.50909090909091,286.060606060606,-4.01512289156597
4.63434343434343,286.060606060606,-4.03336627061588
4.75959595959596,286.060606060606,-4.04666380300787
4.88484848484848,286.060606060606,-4.05539092660381
5.01010101010101,286.060606060606,-4.05992307926555
5.13535353535354,286.060606060606,-4.06063569885495
5.26060606060606,286.060606060606,-4.05790422323388
5.38585858585859,286.060606060606,-4.05210409026418
5.51111111111111,286.060606060606,-4.04361073780771
5.63636363636364,286.060606060606,-4.03279960372634
5.76161616161616,286.060606060606,-4.02004612588193
5.88686868686869,286.060606060606,-4.00572574213632
6.01212121212121,286.060606060606,-3.99021389035139
6.13737373737374,286.060606060606,-3.97386555157175
6.26262626262626,286.060606060606,-3.9568227215094
6.38787878787879,286.060606060606,-3.93910092345417
6.51313131313131,286.060606060606,-3.92071401389574
6.63838383838384,286.060606060606,-3.90167584932373
6.76363636363636,286.060606060606,-3.88200028622782
6.88888888888889,286.060606060606,-3.86170118109764
7.01414141414141,286.060606060606,-3.84079239042285
7.13939393939394,286.060606060606,-3.8192877706931
7.26464646464646,286.060606060606,-3.79720117839803
7.38989898989899,286.060606060606,-3.7745464700273
7.51515151515152,286.060606060606,-3.75133750207056
7.64040404040404,286.060606060606,-3.72758813101746
7.76565656565657,286.060606060606,-3.70331221335764
7.89090909090909,286.060606060606,-3.67852360558077
8.01616161616162,286.060606060606,-3.65323616417649
8.14141414141414,286.060606060606,-3.62746374563444
8.26666666666667,286.060606060606,-3.60122020644429
8.39191919191919,286.060606060606,-3.57451940309567
8.51717171717172,286.060606060606,-3.54737519207825
8.64242424242424,286.060606060606,-3.51980142988166
8.76767676767677,286.060606060606,-3.49181197299557
8.89292929292929,286.060606060606,-3.46342067790962
9.01818181818182,286.060606060606,-3.43464140111346
9.14343434343434,286.060606060606,-3.40548799909675
9.26868686868687,286.060606060606,-3.37597432834912
9.3939393939394,286.060606060606,-3.34611424536024
9.51919191919192,286.060606060606,-3.31592160661975
9.64444444444444,286.060606060606,-3.2854102686173
9.76969696969697,286.060606060606,-3.25459408784255
9.8949494949495,286.060606060606,-3.22348692078514
10.020202020202,286.060606060606,-3.19210262393473
10.1454545454545,286.060606060606,-3.16045505378096
10.2707070707071,286.060606060606,-3.12855806681348
10.3959595959596,286.060606060606,-3.09642551952195
10.5212121212121,286.060606060606,-3.06407126839602
10.6464646464646,286.060606060606,-3.03150916992533
10.7717171717172,286.060606060606,-2.99875308059954
10.8969696969697,286.060606060606,-2.96581685690829
11.0222222222222,286.060606060606,-2.93271435534124
11.1474747474747,286.060606060606,-2.89945943238803
11.2727272727273,286.060606060606,-2.86606594453832
11.3979797979798,286.060606060606,-2.83254774828176
11.5232323232323,286.060606060606,-2.798918700108
11.6484848484848,286.060606060606,-2.76519265650669
11.7737373737374,286.060606060606,-2.73138347396747
11.8989898989899,286.060606060606,-2.69750500898
12.0242424242424,286.060606060606,-2.66357111803394
12.1494949494949,286.060606060606,-2.62959565761892
12.2747474747475,286.060606060606,-2.5955924842246
12.4,286.060606060606,-2.56157545434063
0,289.040404040404,9.06648796039607
0.125252525252525,289.040404040404,8.36433802973207
0.25050505050505,289.040404040404,7.66431575799061
0.375757575757576,289.040404040404,6.96854880409425
0.501010101010101,289.040404040404,6.27916482696552
0.626262626262626,289.040404040404,5.59829148552697
0.751515151515151,289.040404040404,4.92805643870116
0.876767676767677,289.040404040404,4.27058734541061
1.0020202020202,289.040404040404,3.62801186457788
1.12727272727273,289.040404040404,3.00245765512551
1.25252525252525,289.040404040404,2.39605237597605
1.37777777777778,289.040404040404,1.81092368605204
1.5030303030303,289.040404040404,1.24919924427604
1.62828282828283,289.040404040404,0.713006709570574
1.75353535353535,289.040404040404,0.204473740858203
1.87878787878788,289.040404040404,-0.274272002938536
2.0040404040404,289.040404040404,-0.721102862897091
2.12929292929293,289.040404040404,-1.13389940923858
2.25454545454545,289.040404040404,-1.51171776301864
2.37979797979798,289.040404040404,-1.85600088463922
2.50505050505051,289.040404040404,-2.1684810231996
2.63030303030303,289.040404040404,-2.45089042779909
2.75555555555556,289.040404040404,-2.70496134753701
2.88080808080808,289.040404040404,-2.93242603151267
3.00606060606061,289.040404040404,-3.13501672882536
3.13131313131313,289.040404040404,-3.31446568857441
3.25656565656566,289.040404040404,-3.4725051598591
3.38181818181818,289.040404040404,-3.61086739177876
3.50707070707071,289.040404040404,-3.73128463343269
3.63232323232323,289.040404040404,-3.8354891339202
3.75757575757576,289.040404040404,-3.92521314234059
3.88282828282828,289.040404040404,-4.00218890779317
4.00808080808081,289.040404040404,-4.06814867937726
4.13333333333333,289.040404040404,-4.12482067857987
4.25858585858586,289.040404040404,-4.17351552198635
4.38383838383838,289.040404040404,-4.21476781388475
4.50909090909091,289.040404040404,-4.24902770265941
4.63434343434343,289.040404040404,-4.27674533669467
4.75959595959596,289.040404040404,-4.29837086437487
4.88484848484848,289.040404040404,-4.31435443408435
5.01010101010101,289.040404040404,-4.32514619420745
5.13535353535354,289.040404040404,-4.3311962931285
5.26060606060606,289.040404040404,-4.33295487923186
5.38585858585859,289.040404040404,-4.33087210090184
5.51111111111111,289.040404040404,-4.32539810652281
5.63636363636364,289.040404040404,-4.31698304447908
5.76161616161616,289.040404040404,-4.30607706315501
5.88686868686869,289.040404040404,-4.29313031093493
6.01212121212121,289.040404040404,-4.27859293620319
6.13737373737374,289.040404040404,-4.26289074055611
6.26262626262626,289.040404040404,-4.2461960399827
6.38787878787879,289.040404040404,-4.22853062865746
6.51313131313131,289.040404040404,-4.20991431700388
6.63838383838384,289.040404040404,-4.19036691544548
6.76363636363636,289.040404040404,-4.16990823440576
6.88888888888889,289.040404040404,-4.14855808430823
7.01414141414141,289.040404040404,-4.1263362755764
7.13939393939394,289.040404040404,-4.10326261863377
7.26464646464646,289.040404040404,-4.07935692390385
7.38989898989899,289.040404040404,-4.05463900181014
7.51515151515152,289.040404040404,-4.02912866277616
7.64040404040404,289.040404040404,-4.00284571722541
7.76565656565657,289.040404040404,-3.9758099755814
7.89090909090909,289.040404040404,-3.94804124826763
8.01616161616162,289.040404040404,-3.91955934570761
8.14141414141414,289.040404040404,-3.89038407832486
8.26666666666667,289.040404040404,-3.86053525654286
8.39191919191919,289.040404040404,-3.83003269078514
8.51717171717172,289.040404040404,-3.7988961914752
8.64242424242424,289.040404040404,-3.76714556903654
8.76767676767677,289.040404040404,-3.73480063389268
8.89292929292929,289.040404040404,-3.70188119646711
9.01818181818182,289.040404040404,-3.66840706718336
9.14343434343434,289.040404040404,-3.63439805646491
9.26868686868687,289.040404040404,-3.59987397473529
9.3939393939394,289.040404040404,-3.56485463241799
9.51919191919192,289.040404040404,-3.52935983993653
9.64444444444444,289.040404040404,-3.4934094077144
9.76969696969697,289.040404040404,-3.45702314617513
9.8949494949495,289.040404040404,-3.42022086574221
10.020202020202,289.040404040404,-3.38302237683916
10.1454545454545,289.040404040404,-3.34544748988947
10.2707070707071,289.040404040404,-3.30751601531665
10.3959595959596,289.040404040404,-3.26924776354422
10.5212121212121,289.040404040404,-3.23066254499568
10.6464646464646,289.040404040404,-3.19178017009454
10.7717171717172,289.040404040404,-3.1526204492643
10.8969696969697,289.040404040404,-3.11320319292847
11.0222222222222,289.040404040404,-3.07354821151056
11.1474747474747,289.040404040404,-3.03367531543407
11.2727272727273,289.040404040404,-2.99360431512251
11.3979797979798,289.040404040404,-2.95335502099939
11.5232323232323,289.040404040404,-2.91294724348821
11.6484848484848,289.040404040404,-2.87240079301249
11.7737373737374,289.040404040404,-2.83173547999572
11.8989898989899,289.040404040404,-2.79097111486142
12.0242424242424,289.040404040404,-2.75012750803309
12.1494949494949,289.040404040404,-2.70922446993424
12.2747474747475,289.040404040404,-2.66828181098838
12.4,289.040404040404,-2.62731934161901
0,292.020202020202,9.05261872816185
0.125252525252525,292.020202020202,8.36150816600244
0.25050505050505,292.020202020202,7.67238946580441
0.375757575757576,292.020202020202,6.98725448952918
0.501010101010101,292.020202020202,6.3080950991381
0.626262626262626,292.020202020202,5.63690315659259
0.751515151515151,292.020202020202,4.97567052385403
0.876767676767677,292.020202020202,4.3263890628838
1.0020202020202,292.020202020202,3.69105063564329
1.12727272727273,292.020202020202,3.0716471040939
1.25252525252525,292.020202020202,2.47017033019702
1.37777777777778,292.020202020202,1.88861217591403
1.5030303030303,292.020202020202,1.32896450320632
1.62828282828283,292.020202020202,0.793219174035288
1.75353535353535,292.020202020202,0.283368050362317
1.87878787878788,292.020202020202,-0.198597005851204
2.0040404040404,292.020202020202,-0.650684132643882
2.12929292929293,292.020202020202,-1.07090890767353
2.25454545454545,292.020202020202,-1.45834967416946
2.37979797979798,292.020202020202,-1.81424261541976
2.50505050505051,292.020202020202,-2.14008544833469
2.63030303030303,292.020202020202,-2.43737588982451
2.75555555555556,292.020202020202,-2.7076116567995
2.88080808080808,292.020202020202,-2.95229046616991
3.00606060606061,292.020202020202,-3.17291003484601
3.13131313131313,292.020202020202,-3.37096807973806
3.25656565656566,292.020202020202,-3.54796231775631
3.38181818181818,292.020202020202,-3.70539046581105
3.50707070707071,292.020202020202,-3.84475024081253
3.63232323232323,292.020202020202,-3.96753935967102
3.75757575757576,292.020202020202,-4.07525553929677
3.88282828282828,292.020202020202,-4.16939649660006
4.00808080808081,292.020202020202,-4.25145994849114
4.13333333333333,292.020202020202,-4.32294055634833
4.25858585858586,292.020202020202,-4.38501616726164
4.38383838383838,292.020202020202,-4.43827590969563
4.50909090909091,292.020202020202,-4.48324483998136
4.63434343434343,292.020202020202,-4.52044801444985
4.75959595959596,292.020202020202,-4.55041048943215
4.88484848484848,292.020202020202,-4.57365732125928
5.01010101010101,292.020202020202,-4.5907135662623
5.13535353535354,292.020202020202,-4.60210428077223
5.26060606060606,292.020202020202,-4.6083545211201
5.38585858585859,292.020202020202,-4.60998934363697
5.51111111111111,292.020202020202,-4.60753380465385
5.63636363636364,292.020202020202,-4.6015129605018
5.76161616161616,292.020202020202,-4.59245186751184
5.88686868686869,292.020202020202,-4.58087558201501
6.01212121212121,292.020202020202,-4.56730916034236
6.13737373737374,292.020202020202,-4.55224941101057
6.26262626262626,292.020202020202,-4.5358990415497
6.38787878787879,292.020202020202,-4.51828611993283
6.51313131313131,292.020202020202,-4.49943641253049
6.63838383838384,292.020202020202,-4.47937568571321
6.76363636363636,292.020202020202,-4.45812970585153
6.88888888888889,292.020202020202,-4.43572423931596
7.01414141414141,292.020202020202,-4.41218505247705
7.13939393939394,292.020202020202,-4.38753791170533
7.26464646464646,292.020202020202,-4.36180858337132
7.38989898989899,292.020202020202,-4.33502283384555
7.51515151515152,292.020202020202,-4.30720642949856
7.64040404040404,292.020202020202,-4.27838513670088
7.76565656565657,292.020202020202,-4.24858472182304
7.89090909090909,292.020202020202,-4.21783095123556
8.01616161616162,292.020202020202,-4.18614959130898
8.14141414141414,292.020202020202,-4.15356640841383
8.26666666666667,292.020202020202,-4.12010716892064
8.39191919191919,292.020202020202,-4.08579763919994
8.51717171717172,292.020202020202,-4.05066358562226
8.64242424242424,292.020202020202,-4.01473077455813
8.76767676767677,292.020202020202,-3.97802497237808
8.89292929292929,292.020202020202,-3.94057194545264
9.01818181818182,292.020202020202,-3.90239746015235
9.14343434343434,292.020202020202,-3.86352728284773
9.26868686868687,292.020202020202,-3.82398717990932
9.3939393939394,292.020202020202,-3.78380291770764
9.51919191919192,292.020202020202,-3.74300026261323
9.64444444444444,292.020202020202,-3.70160498099661
9.76969696969697,292.020202020202,-3.65964283922832
9.8949494949495,292.020202020202,-3.61713960367889
10.020202020202,292.020202020202,-3.57412104071884
10.1454545454545,292.020202020202,-3.53061291671871
10.2707070707071,292.020202020202,-3.48664099804904
10.3959595959596,292.020202020202,-3.44223105108034
10.5212121212121,292.020202020202,-3.39740884218315
10.6464646464646,292.020202020202,-3.35220013772801
10.7717171717172,292.020202020202,-3.30663070408543
10.8969696969697,292.020202020202,-3.26072630762596
11.0222222222222,292.020202020202,-3.21451271472012
11.1474747474747,292.020202020202,-3.16801569173844
11.2727272727273,292.020202020202,-3.12126100505146
11.3979797979798,292.020202020202,-3.0742744210297
11.5232323232323,292.020202020202,-3.0270817060437
11.6484848484848,292.020202020202,-2.97970862646398
11.7737373737374,292.020202020202,-2.93218094866108
11.8989898989899,292.020202020202,-2.88452443900553
12.0242424242424,292.020202020202,-2.83676486386785
12.1494949494949,292.020202020202,-2.78892798961858
12.2747474747475,292.020202020202,-2.74103958262826
12.4,292.020202020202,-2.6931254092674
0,295,9.03862790802662
0.125252525252525,295,8.35857540163313
0.25050505050505,295,7.68037880605978
0.375757575757576,295,7.00589403212671
0.501010101010101,295,6.33697699065403
0.626262626262626,295,5.6754835924619
0.751515151515151,295,5.02326974837045
0.876767676767677,295,4.38219136919981
1.0020202020202,295,3.7541043657701
1.12727272727273,295,3.14086464890148
1.25252525252525,295,2.54432812941408
1.37777777777778,295,1.96635071812802
1.5030303030303,295,1.40878832586345
1.62828282828283,295,0.873496863440502
1.75353535353535,295,0.36233224167931
1.87878787878788,295,-0.122849628599995
2.0040404040404,295,-0.580192836577272
2.12929292929293,295,-1.00784812064129
2.25454545454545,295,-1.40491607294416
2.37979797979798,295,-1.77242586947205
2.50505050505051,295,-2.11164043361685
2.63030303030303,295,-2.42382268877048
2.75555555555556,295,-2.71023555832483
2.88080808080808,295,-2.97214196567184
3.00606060606061,295,-3.21080483420338
3.13131313131313,295,-3.42748708731139
3.25656565656566,295,-3.62345164838775
3.38181818181818,295,-3.79996144082439
3.50707070707071,295,-3.9582793880132
3.63232323232323,295,-4.09966841334611
3.75757575757576,295,-4.225391440215
3.88282828282828,295,-4.3367113920118
4.00808080808081,295,-4.43489119212841
4.13333333333333,295,-4.52119168163616
4.25858585858586,295,-4.59665779520387
4.38383838383838,295,-4.66193326046772
4.50909090909091,295,-4.71761814041756
4.63434343434343,295,-4.76431249804323
4.75959595959596,295,-4.80261639633457
4.88484848484848,295,-4.83312989828142
5.01010101010101,295,-4.85645306687363
5.13535353535354,295,-4.87318596510103
5.26060606060606,295,-4.88392865595348
5.38585858585859,295,-4.88928120242081
5.51111111111111,295,-4.88984366749287
5.63636363636364,295,-4.8862161141595
5.76161616161616,295,-4.87899860541054
5.88686868686869,295,-4.86879120423583
6.01212121212121,295,-4.85619397362522
6.13737373737374,295,-4.84177482220009
6.26262626262626,295,-4.82576688466354
6.38787878787879,295,-4.80820450424425
6.51313131313131,295,-4.78911940426633
6.63838383838384,295,-4.76854330805394
6.76363636363636,295,-4.7465079389312
6.88888888888889,295,-4.72304502022227
7.01414141414141,295,-4.69818627525127
7.13939393939394,295,-4.67196342734234
7.26464646464646,295,-4.64440819981962
7.38989898989899,295,-4.61555231600725
7.51515151515152,295,-4.58542749922937
7.64040404040404,295,-4.55406547281011
7.76565656565657,295,-4.52149796007361
7.89090909090909,295,-4.48775668434402
8.01616161616162,295,-4.45287336894546
8.14141414141414,295,-4.41687973720208
8.26666666666667,295,-4.37980751243801
8.39191919191919,295,-4.34168841797739
8.51717171717172,295,-4.30255417714437
8.64242424242424,295,-4.26243651326306
8.76767676767677,295,-4.22136714965763
8.89292929292929,295,-4.1793778096522
9.01818181818182,295,-4.1365002165709
9.14343434343434,295,-4.09276609373789
9.26868686868687,295,-4.04820716447729
9.3939393939394,295,-4.00285515211324
9.51919191919192,295,-3.95674177996989
9.64444444444444,295,-3.90989877137137
9.76969696969697,295,-3.86235784964181
9.8949494949495,295,-3.81415073810536
10.020202020202,295,-3.76530916008616
10.1454545454545,295,-3.71586483890833
10.2707070707071,295,-3.66584949789603
10.3959595959596,295,-3.61529486037338
10.5212121212121,295,-3.56423264966452
10.6464646464646,295,-3.5126945890936
10.7717171717172,295,-3.46071240198475
10.8969696969697,295,-3.4083178116621
11.0222222222222,295,-3.35554254144981
11.1474747474747,295,-3.30241831467199
11.2727272727273,295,-3.2489768546528
11.3979797979798,295,-3.19524988471637
11.5232323232323,295,-3.14126912818683
11.6484848484848,295,-3.08706630838833
11.7737373737374,295,-3.032673148645
11.8989898989899,295,-2.97812137228098
12.0242424242424,295,-2.92344270262042
12.1494949494949,295,-2.86866886298743
12.2747474747475,295,-2.81383157670618
12.4,295,-2.75896256710078
