"x","y","z"
2,0,8.42670674356454
2.10909090909091,0,7.79511218822595
2.21818181818182,0,7.1656062720897
2.32727272727273,0,6.54027763435814
2.43636363636364,0,5.92121491423362
2.54545454545455,0,5.31050675091849
2.65454545454545,0,4.71024178361509
2.76363636363636,0,4.12250865152577
2.87272727272727,0,3.54939599385286
2.98181818181818,0,2.99299244979873
3.09090909090909,0,2.45538665856572
3.2,0,1.93866725935616
3.30909090909091,0,1.44492289137242
3.41818181818182,0,0.97624219381683
3.52727272727273,0,0.534713805891736
3.63636363636364,0,0.122230012908125
3.74545454545455,0,-0.260807546196744
3.85454545454545,0,-0.614681107410654
3.96363636363636,0,-0.93967648512005
4.07272727272727,0,-1.23607949371137
4.18181818181818,0,-1.50417594757106
4.29090909090909,0,-1.74425166108556
4.4,0,-1.95659244864132
4.50909090909091,0,-2.14148412462477
4.61818181818182,0,-2.29921250342236
4.72727272727273,0,-2.43006339942053
4.83636363636364,0,-2.53432262700573
4.94545454545455,0,-2.61227600056439
5.05454545454545,0,-2.66420933448296
5.16363636363636,0,-2.69047768869161
5.27272727272727,0,-2.69254384993797
5.38181818181818,0,-2.67276151046367
5.49090909090909,0,-2.63350959776681
5.6,0,-2.57716703934548
5.70909090909091,0,-2.50611276269776
5.81818181818182,0,-2.42272569532175
5.92727272727273,0,-2.32938476471554
6.03636363636364,0,-2.22846889837721
6.14545454545455,0,-2.12235702380485
6.25454545454545,0,-2.01342806849657
6.36363636363636,0,-1.90406095995044
6.47272727272727,0,-1.79663462566456
6.58181818181818,0,-1.69352799313701
6.69090909090909,0,-1.59711998986589
6.8,0,-1.50978954334929
6.90909090909091,0,-1.43348437655
7.01818181818182,0,-1.36842739428963
7.12727272727273,0,-1.3144102968545
7.23636363636364,0,-1.27122478453093
7.34545454545455,0,-1.23866255760523
7.45454545454546,0,-1.21651531636371
7.56363636363636,0,-1.20457476109271
7.67272727272727,0,-1.20263259207852
7.78181818181818,0,-1.21048050960746
7.89090909090909,0,-1.22791021396587
8,0,-1.25471340544004
8.10909090909091,0,-1.29068178431629
8.21818181818182,0,-1.33560705088095
8.32727272727273,0,-1.38928090542033
8.43636363636364,0,-1.45149504822074
8.54545454545455,0,-1.5220411795685
8.65454545454546,0,-1.60071099974993
8.76363636363637,0,-1.68729620905134
8.87272727272727,0,-1.78158850775904
8.98181818181818,0,-1.88337959615937
9.09090909090909,0,-1.99246117453863
9.2,0,-2.10862494318313
9.30909090909091,0,-2.2316626023792
9.41818181818182,0,-2.36136585241315
9.52727272727273,0,-2.49752639357129
9.63636363636364,0,-2.63993592613995
9.74545454545455,0,-2.78838615040544
9.85454545454546,0,-2.94266876665407
9.96363636363636,0,-3.10257547517217
10.0727272727273,0,-3.26789797624604
10.1818181818182,0,-3.438427970162
10.2909090909091,0,-3.61395715720638
10.4,0,-3.79427723766549
10.5090909090909,0,-3.97917991182563
10.6181818181818,0,-4.16845687997314
10.7272727272727,0,-4.36189984239432
10.8363636363636,0,-4.55930049937549
10.9454545454545,0,-4.76045055120297
11.0545454545455,0,-4.96514169816307
11.1636363636364,0,-5.17316564054211
11.2727272727273,0,-5.38431407862641
11.3818181818182,0,-5.59837871270229
11.4909090909091,0,-5.81515124305605
11.6,0,-6.03442336997402
11.7090909090909,0,-6.2559867937425
11.8181818181818,0,-6.47963321464783
11.9272727272727,0,-6.70515433297631
12.0363636363636,0,-6.93234184901426
12.1454545454545,0,-7.16098746304799
12.2545454545455,0,-7.39088287536383
12.3636363636364,0,-7.62181978624809
12.4727272727273,0,-7.85358989598708
12.5818181818182,0,-8.08598490486712
12.6909090909091,0,-8.31879651317453
12.8,0,-8.55181642119563
2,11.3333333333333,7.15687587446829
2.10909090909091,11.3333333333333,6.58751955234424
2.21818181818182,11.3333333333333,6.02038166615975
2.32727272727273,11.3333333333333,5.4576806518544
2.43636363636364,11.3333333333333,4.90163494536774
2.54545454545455,11.3333333333333,4.35446298263935
2.65454545454545,11.3333333333333,3.81838319960879
2.76363636363636,11.3333333333333,3.29561403221562
2.87272727272727,11.3333333333333,2.78837391639941
2.98181818181818,11.3333333333333,2.29888128809973
3.09090909090909,11.3333333333333,1.82935458325615
3.2,11.3333333333333,1.38201223780822
3.30909090909091,11.3333333333333,0.959072687695523
3.41818181818182,11.3333333333333,0.562754368857615
3.52727272727273,11.3333333333333,0.195275717234063
3.63636363636364,11.3333333333333,-0.141403663916293
3.74545454545455,11.3333333333333,-0.447289133649529
3.85454545454545,11.3333333333333,-0.723287531399316
3.96363636363636,11.3333333333333,-0.970310413625868
4.07272727272727,11.3333333333333,-1.1892693367894
4.18181818181818,11.3333333333333,-1.38107585735012
4.29090909090909,11.3333333333333,-1.54664153176824
4.4,11.3333333333333,-1.68687791650399
4.50909090909091,11.3333333333333,-1.80269656801757
4.61818181818182,11.3333333333333,-1.89500904276919
4.72727272727273,11.3333333333333,-1.96472689721907
4.83636363636364,11.3333333333333,-2.01276168782743
4.94545454545455,11.3333333333333,-2.04002497105448
5.05454545454545,11.3333333333333,-2.04742830336042
5.16363636363636,11.3333333333333,-2.03591577629409
5.27272727272727,11.3333333333333,-2.00695194796742
5.38181818181818,11.3333333333333,-1.96241996933784
5.49090909090909,11.3333333333333,-1.90421484817351
5.6,11.3333333333333,-1.83423159224256
5.70909090909091,11.3333333333333,-1.75436520931313
5.81818181818182,11.3333333333333,-1.66651070715336
5.92727272727273,11.3333333333333,-1.5725630935314
6.03636363636364,11.3333333333333,-1.47441737621539
6.14545454545455,11.3333333333333,-1.37396856297348
6.25454545454545,11.3333333333333,-1.27311166157379
6.36363636363636,11.3333333333333,-1.17374167978448
6.47272727272727,11.3333333333333,-1.0777536253737
6.58181818181818,11.3333333333333,-0.987042506109569
6.69090909090909,11.3333333333333,-0.903503329760244
6.8,11.3333333333333,-0.829031104093865
6.90909090909091,11.3333333333333,-0.765171784194638
7.01818181818182,11.3333333333333,-0.712075114411022
7.12727272727273,11.3333333333333,-0.669541786407546
7.23636363636364,11.3333333333333,-0.637372491848736
7.34545454545455,11.3333333333333,-0.615367922399115
7.45454545454546,11.3333333333333,-0.603328769723209
7.56363636363636,11.3333333333333,-0.601055725485547
7.67272727272727,11.3333333333333,-0.608349481350651
7.78181818181818,11.3333333333333,-0.625010728983047
7.89090909090909,11.3333333333333,-0.650840160047263
8,11.3333333333333,-0.685638466207823
8.10909090909091,11.3333333333333,-0.729206339129253
8.21818181818182,11.3333333333333,-0.781344470476079
8.32727272727273,11.3333333333333,-0.841853551912826
8.43636363636364,11.3333333333333,-0.91053427510402
8.54545454545455,11.3333333333333,-0.987187331714187
8.65454545454546,11.3333333333333,-1.07161341340785
8.76363636363637,11.3333333333333,-1.16361321184954
8.87272727272727,11.3333333333333,-1.26298741870378
8.98181818181818,11.3333333333333,-1.36953672563509
9.09090909090909,11.3333333333333,-1.48306182430801
9.2,11.3333333333333,-1.60336340638705
9.30909090909091,11.3333333333333,-1.73024216353675
9.41818181818182,11.3333333333333,-1.86349878742162
9.52727272727273,11.3333333333333,-2.0029339697062
9.63636363636364,11.3333333333333,-2.148348402055
9.74545454545455,11.3333333333333,-2.29954277613257
9.85454545454546,11.3333333333333,-2.45631778360341
9.96363636363636,11.3333333333333,-2.61847411613206
10.0727272727273,11.3333333333333,-2.78581246538304
10.1818181818182,11.3333333333333,-2.95813352302088
10.2909090909091,11.3333333333333,-3.13523798071011
10.4,11.3333333333333,-3.31692653011524
10.5090909090909,11.3333333333333,-3.50299986290081
10.6181818181818,11.3333333333333,-3.69325867073134
10.7272727272727,11.3333333333333,-3.88750364527135
10.8363636363636,11.3333333333333,-4.08553547818538
10.9454545454545,11.3333333333333,-4.28715486113794
11.0545454545455,11.3333333333333,-4.49216248579357
11.1636363636364,11.3333333333333,-4.70035904381679
11.2727272727273,11.3333333333333,-4.91154522687212
11.3818181818182,11.3333333333333,-5.12552172662409
11.4909090909091,11.3333333333333,-5.34208923473723
11.6,11.3333333333333,-5.56104844287606
11.7090909090909,11.3333333333333,-5.78220004270511
11.8181818181818,11.3333333333333,-6.0053447258889
11.9272727272727,11.3333333333333,-6.23028318409196
12.0363636363636,11.3333333333333,-6.45681610897881
12.1454545454545,11.3333333333333,-6.68474419221399
12.2545454545455,11.3333333333333,-6.91386812546201
12.3636363636364,11.3333333333333,-7.1439886003874
12.4727272727273,11.3333333333333,-7.37490630865469
12.5818181818182,11.3333333333333,-7.6064219419284
12.6909090909091,11.3333333333333,-7.83833619187306
12.8,11.3333333333333,-8.0704497501532
2,22.6666666666667,5.88580173736416
2.10909090909091,22.6666666666667,5.37807807005711
2.21818181818182,22.6666666666667,4.87272413135553
2.32727272727273,22.6666666666667,4.37210964986489
2.43636363636364,22.6666666666667,3.87860435419066
2.54545454545455,22.6666666666667,3.39457797293831
2.65454545454545,22.6666666666667,2.9224002347133
2.76363636363636,22.6666666666667,2.46444086812111
2.87272727272727,22.6666666666667,2.02306960176722
2.98181818181818,22.6666666666667,1.60065616425708
3.09090909090909,22.6666666666667,1.19957028419616
3.2,22.6666666666667,0.822181690189947
3.30909090909091,22.6666666666667,0.470860110843897
3.41818181818182,22.6666666666667,0.147975274763484
3.52727272727273,22.6666666666667,-0.144103089445826
3.63636363636364,22.6666666666667,-0.403333577977662
3.74545454545455,22.6666666666667,-0.6301673078908
3.85454545454545,22.6666666666667,-0.826198908581935
3.96363636363636,22.6666666666667,-0.99302899291472
4.07272727272727,22.6666666666667,-1.13225817375281
4.18181818181818,22.6666666666667,-1.24548706395985
4.29090909090909,22.6666666666667,-1.3343162763995
4.4,22.6666666666667,-1.40034642393541
4.50909090909091,22.6666666666667,-1.44517811943123
4.61818181818182,22.6666666666667,-1.47041197575061
4.72727272727273,22.6666666666667,-1.47764860575722
4.83636363636364,22.6666666666667,-1.4684886223147
4.94545454545455,22.6666666666667,-1.4445326382867
5.05454545454545,22.6666666666667,-1.40738126653688
5.16363636363636,22.6666666666667,-1.35862713497744
5.27272727272727,22.6666666666667,-1.29973513557732
5.38181818181818,22.6666666666667,-1.23206742680485
5.49090909090909,22.6666666666667,-1.15698325716064
5.6,22.6666666666667,-1.0758418751453
5.70909090909091,22.6666666666667,-0.990002529259434
5.81818181818182,22.6666666666667,-0.900824468003652
5.92727272727273,22.6666666666667,-0.809666939878566
6.03636363636364,22.6666666666667,-0.717889193384782
6.14545454545455,22.6666666666667,-0.626850477022913
6.25454545454545,22.6666666666667,-0.537910039293565
6.36363636363636,22.6666666666667,-0.452427128697348
6.47272727272727,22.6666666666667,-0.371760993734872
6.58181818181818,22.6666666666667,-0.297270882906745
6.69090909090909,22.6666666666667,-0.230316044713575
6.8,22.6666666666667,-0.172255727655974
6.90909090909091,22.6666666666667,-0.124191566788581
7.01818181818182,22.6666666666667,-0.0861947433821598
7.12727272727273,22.6666666666667,-0.0580788252615103
7.23636363636364,22.6666666666667,-0.0396573802514273
7.34545454545455,22.6666666666667,-0.0307439761767086
7.45454545454546,22.6666666666667,-0.0311521808621494
7.56363636363636,22.6666666666667,-0.0406955621325475
7.67272727272727,22.6666666666667,-0.059187687812701
7.78181818181818,22.6666666666667,-0.0864421257274034
7.89090909090909,22.6666666666667,-0.122272443701456
8,22.6666666666667,-0.16649220955965
8.10909090909091,22.6666666666667,-0.218914991126788
8.21818181818182,22.6666666666667,-0.279354356227663
8.32727272727273,22.6666666666667,-0.347623872687074
8.43636363636364,22.6666666666667,-0.423537108329815
8.54545454545455,22.6666666666667,-0.506907630980685
8.65454545454546,22.6666666666667,-0.59754900846448
8.76363636363637,22.6666666666667,-0.695274808605999
8.87272727272727,22.6666666666667,-0.799898599230032
8.98181818181818,22.6666666666667,-0.911233948161385
9.09090909090909,22.6666666666667,-1.02909442322485
9.2,22.6666666666667,-1.15329359224522
9.30909090909091,22.6666666666667,-1.2836450230473
9.41818181818182,22.6666666666667,-1.41996228345588
9.52727272727273,22.6666666666667,-1.56205894129576
9.63636363636364,22.6666666666667,-1.70974856439174
9.74545454545455,22.6666666666667,-1.86284472056861
9.85454545454546,22.6666666666667,-2.02116097765117
9.96363636363636,22.6666666666667,-2.18451090346422
10.0727272727273,22.6666666666667,-2.35270806583255
10.1818181818182,22.6666666666667,-2.52556603258096
10.2909090909091,22.6666666666667,-2.70289837153425
10.4,22.6666666666667,-2.88451865051721
10.5090909090909,22.6666666666667,-3.07024043735465
10.6181818181818,22.6666666666667,-3.25987729987135
10.7272727272727,22.6666666666667,-3.45324280589211
10.8363636363636,22.6666666666667,-3.65015052324173
10.9454545454545,22.6666666666667,-3.85041401974502
11.0545454545455,22.6666666666667,-4.05384686322675
11.1636363636364,22.6666666666667,-4.26026262151174
11.2727272727273,22.6666666666667,-4.46947486242478
11.3818181818182,22.6666666666667,-4.68129715379066
11.4909090909091,22.6666666666667,-4.89554306343419
11.6,22.6666666666667,-5.11202615918015
11.7090909090909,22.6666666666667,-5.33056000885334
11.8181818181818,22.6666666666667,-5.55095818027857
11.9272727272727,22.6666666666667,-5.77303424128063
12.0363636363636,22.6666666666667,-5.99660175968432
12.1454545454545,22.6666666666667,-6.22147430331443
12.2545454545455,22.6666666666667,-6.44746543999575
12.3636363636364,22.6666666666667,-6.6743887375531
12.4727272727273,22.6666666666667,-6.90205776381125
12.5818181818182,22.6666666666667,-7.13028608659501
12.6909090909091,22.6666666666667,-7.35888727372918
12.8,22.6666666666667,-7.58767489303856
2,34,4.6127897126996
2.10909090909091,34,4.16553445272653
2.21818181818182,34,3.72084153114599
2.32727272727273,34,3.28127328635052
2.43636363636364,34,2.84939205673263
2.54545454545455,34,2.42776018068488
2.65454545454545,34,2.01893999659978
2.76363636363636,34,1.62549384286986
2.87272727272727,34,1.24998405788767
2.98181818181818,34,0.894972980045732
3.09090909090909,34,0.563022947736573
3.2,34,0.256696299352726
3.30909090909091,34,-0.0214446267132739
3.41818181818182,34,-0.268837492068898
3.52727272727273,34,-0.482919958321616
3.63636363636364,34,-0.661541039772615
3.74545454545455,34,-0.805672588762843
3.85454545454545,34,-0.917719145269972
3.96363636363636,34,-1.00009274585817
4.07272727272727,34,-1.05520542709158
4.18181818181818,34,-1.08546922553438
4.29090909090909,34,-1.09329617775072
4.4,34,-1.08109832030475
4.50909090909091,34,-1.05128768976065
4.61818181818182,34,-1.00627632268257
4.72727272727273,34,-0.948476255634663
4.83636363636364,34,-0.880299525181097
4.94545454545455,34,-0.804158167886028
5.05454545454545,34,-0.722464220313617
5.16363636363636,34,-0.637573835070396
5.27272727272727,34,-0.550949184367853
5.38181818181818,34,-0.463333443609869
5.49090909090909,34,-0.375449422326559
5.6,34,-0.288019930048032
5.70909090909091,34,-0.201767776304399
5.81818181818182,34,-0.117415770625774
5.92727272727273,34,-0.0356867225422679
6.03636363636364,34,0.0426965584160085
6.14545454545455,34,0.117011262718942
6.25454545454545,34,0.186534580836422
6.36363636363636,34,0.250543703238337
6.47272727272727,34,0.308315820394574
6.58181818181818,34,0.359128122775022
6.69090909090909,34,0.40225780084957
6.8,34,0.436982045088106
6.90909090909091,34,0.462726175559069
7.01818181818182,34,0.479508030725112
7.12727272727273,34,0.487493578647435
7.23636363636364,34,0.48684878738724
7.34545454545455,34,0.47773962500573
7.45454545454546,34,0.460332059564108
7.56363636363636,34,0.434792059123575
7.67272727272727,34,0.401285591745334
7.78181818181818,34,0.359978625490587
7.89090909090909,34,0.311037128420536
8,34,0.254627068596384
8.10909090909091,34,0.190914414079333
8.21818181818182,34,0.120065132930584
8.32727272727273,34,0.0422451932113412
8.43636363636364,34,-0.042379437017194
8.54545454545455,34,-0.133642789693821
8.65454545454546,34,-0.231378896757333
8.76363636363637,34,-0.335421790146533
8.87272727272727,34,-0.445605501800214
8.98181818181818,34,-0.561764063657178
9.09090909090909,34,-0.68373150765622
9.2,34,-0.811341865736138
9.30909090909091,34,-0.944429169835732
9.41818181818182,34,-1.0828274518938
9.52727272727273,34,-1.22637074384913
9.63636363636364,34,-1.37489307764054
9.74545454545455,34,-1.52822848520681
9.85454545454546,34,-1.68621099848674
9.96363636363636,34,-1.84867464941913
10.0727272727273,34,-2.01545346994278
10.1818181818182,34,-2.18638149199649
10.2909090909091,34,-2.36129274751905
10.4,34,-2.54002126844927
10.5090909090909,34,-2.72240108672593
10.6181818181818,34,-2.90826623428784
10.7272727272727,34,-3.0974507430738
10.8363636363636,34,-3.28978864502259
10.9454545454545,34,-3.48511397207303
11.0545454545455,34,-3.68326075616391
11.1636363636364,34,-3.88406302923402
11.2727272727273,34,-4.08735482322217
11.3818181818182,34,-4.29297017006715
11.4909090909091,34,-4.50074310170776
11.6,34,-4.71050765008279
11.7090909090909,34,-4.92209784713105
11.8181818181818,34,-5.13534772479133
11.9272727272727,34,-5.35009131500244
12.0363636363636,34,-5.56616264970316
12.1454545454545,34,-5.7833957608323
12.2545454545455,34,-6.00162468032865
12.3636363636364,34,-6.22068344013101
12.4727272727273,34,-6.44040607217818
12.5818181818182,34,-6.66062660840895
12.6909090909091,34,-6.88117908076214
12.8,34,-7.10189752117652
2,45.3333333333333,3.34716739476388
2.10909090909091,45.3333333333333,2.9595145224489
2.21818181818182,45.3333333333333,2.57464714406052
2.32727272727273,45.3333333333333,2.19535075352534
2.43636363636364,45.3333333333333,1.82441084476995
2.54545454545455,45.3333333333333,1.46461291172096
2.65454545454545,45.3333333333333,1.11874244830496
2.76363636363636,45.3333333333333,0.789584948448553
2.87272727272727,45.3333333333333,0.479925906078334
2.98181818181818,45.3333333333333,0.192550815120904
3.09090909090909,45.3333333333333,-0.0697548304971404
3.2,45.3333333333333,-0.304205536849201
3.30909090909091,45.3333333333333,-0.508015810008677
3.41818181818182,45.3333333333333,-0.67840015604897
3.52727272727273,45.3333333333333,-0.812573081043485
3.63636363636364,45.3333333333333,-0.908254562892727
3.74545454545455,45.3333333333333,-0.967001935308456
3.85454545454545,45.3333333333333,-0.992133024272118
3.96363636363636,45.3333333333333,-0.986974867600468
4.07272727272727,45.3333333333333,-0.95485450311026
4.18181818181818,45.3333333333333,-0.899098968618251
4.29090909090909,45.3333333333333,-0.823035301941194
4.4,45.3333333333333,-0.729990540895845
4.50909090909091,45.3333333333333,-0.623291723298959
4.61818181818182,45.3333333333333,-0.506265886967292
4.72727272727273,45.3333333333333,-0.382240069717598
4.83636363636364,45.3333333333333,-0.254541309366633
4.94545454545455,45.3333333333333,-0.126496643731151
5.05454545454545,45.3333333333333,-0.00143311062790751
5.16363636363636,45.3333333333333,0.117432595613618
5.27272727272727,45.3333333333333,0.228648954759227
5.38181818181818,45.3333333333333,0.332184113657369
5.49090909090909,45.3333333333333,0.428046431797626
5.6,45.3333333333333,0.516244268669581
5.70909090909091,45.3333333333333,0.59678598376282
5.81818181818182,45.3333333333333,0.669679936566925
5.92727272727273,45.3333333333333,0.73493448657148
6.03636363636364,45.3333333333333,0.792557993266067
6.14545454545455,45.3333333333333,0.84255881614027
6.25454545454545,45.3333333333333,0.884945314683675
6.36363636363636,45.3333333333333,0.919725848385862
6.47272727272727,45.3333333333333,0.946908776736417
6.58181818181818,45.3333333333333,0.966502459224922
6.69090909090909,45.3333333333333,0.978515255340961
6.8,45.3333333333333,0.982955524574118
6.90909090909091,45.3333333333333,0.979853154885085
7.01818181818182,45.3333333333333,0.969324148118996
7.12727272727273,45.3333333333333,0.95150603459209
7.23636363636364,45.3333333333333,0.926536344620611
7.34545454545455,45.3333333333333,0.8945526085208
7.45454545454546,45.3333333333333,0.855692356608899
7.56363636363636,45.3333333333333,0.810093119201151
7.67272727272727,45.3333333333333,0.757892426613795
7.78181818181818,45.3333333333333,0.699227809163075
7.89090909090909,45.3333333333333,0.634236797165233
8,45.3333333333333,0.563056920936509
8.10909090909091,45.3333333333333,0.485825710793146
8.21818181818182,45.3333333333333,0.402680697051385
8.32727272727273,45.3333333333333,0.313759410027469
8.43636363636364,45.3333333333333,0.219199380037639
8.54545454545455,45.3333333333333,0.119138137398137
8.65454545454546,45.3333333333333,0.0137132124252049
8.76363636363637,45.3333333333333,-0.0969378645649163
8.87272727272727,45.3333333333333,-0.21267756325598
8.98181818181818,45.3333333333333,-0.333368353331753
9.09090909090909,45.3333333333333,-0.458872704475988
9.2,45.3333333333333,-0.589053086372442
9.30909090909091,45.3333333333333,-0.723771968704878
9.41818181818182,45.3333333333333,-0.862891821157051
9.52727272727273,45.3333333333333,-1.00627511341272
9.63636363636364,45.3333333333333,-1.15378431515564
9.74545454545455,45.3333333333333,-1.30528189606958
9.85454545454546,45.3333333333333,-1.46063032583828
9.96363636363636,45.3333333333333,-1.61969207414552
10.0727272727273,45.3333333333333,-1.78232961067504
10.1818181818182,45.3333333333333,-1.9484054051106
10.2909090909091,45.3333333333333,-2.11778192713597
10.4,45.3333333333333,-2.2903216464349
10.5090909090909,45.3333333333333,-2.46588703269116
10.6181818181818,45.3333333333333,-2.64434055558848
10.7272727272727,45.3333333333333,-2.82554468481065
10.8363636363636,45.3333333333333,-3.0093618900414
10.9454545454545,45.3333333333333,-3.19565464096451
11.0545454545455,45.3333333333333,-3.38428540726373
11.1636363636364,45.3333333333333,-3.57511665862283
11.2727272727273,45.3333333333333,-3.76801086472554
11.3818181818182,45.3333333333333,-3.96283049525564
11.4909090909091,45.3333333333333,-4.15943801989689
11.6,45.3333333333333,-4.35769590833304
11.7090909090909,45.3333333333333,-4.55746663024784
11.8181818181818,45.3333333333333,-4.75861265532507
11.9272727272727,45.3333333333333,-4.96099645324847
12.0363636363636,45.3333333333333,-5.1644804937018
12.1454545454545,45.3333333333333,-5.36892724636883
12.2545454545455,45.3333333333333,-5.57419918093331
12.3636363636364,45.3333333333333,-5.780158767079
12.4727272727273,45.3333333333333,-5.98666847448965
12.5818181818182,45.3333333333333,-6.19359077284903
12.6909090909091,45.3333333333333,-6.4007881318409
12.8,45.3333333333333,-6.608123021149
2,56.6666666666667,2.10702443055596
2.10909090909091,56.6666666666667,1.77915530744679
2.21818181818182,56.6666666666667,1.45428786221605
2.32727272727273,56.6666666666667,1.13542377274217
2.43636363636364,56.6666666666667,0.825564716903572
2.54545454545455,56.6666666666667,0.527712372578694
2.65454545454545,56.6666666666667,0.244868417645963
2.76363636363636,56.6666666666667,-0.0199654700161941
2.87272727272727,56.6666666666667,-0.263787612529346
2.98181818181818,56.6666666666667,-0.483596332015062
3.09090909090909,56.6666666666667,-0.676389950594915
3.2,56.6666666666667,-0.839166790390476
3.30909090909091,56.6666666666667,-0.968925173523315
3.41818181818182,56.6666666666667,-1.062663422115
3.52727272727273,56.6666666666667,-1.11737985828711
3.63636363636364,56.6666666666667,-1.13067320231829
3.74545454545455,56.6666666666667,-1.10470017600898
3.85454545454545,56.6666666666667,-1.0437086094224
3.96363636363636,56.6666666666667,-0.951957274416464
4.07272727272727,56.6666666666667,-0.833704942849086
4.18181818181818,56.6666666666667,-0.693210386578172
4.29090909090909,56.6666666666667,-0.53473237746163
4.4,56.6666666666667,-0.36252968735737
4.50909090909091,56.6666666666667,-0.1808610881233
4.61818181818182,56.6666666666667,0.00601464838266942
4.72727272727273,56.6666666666667,0.193838750302632
4.83636363636364,56.6666666666667,0.378352445778676
4.94545454545455,56.6666666666667,0.555296962952895
5.05454545454545,56.6666666666667,0.72041352996738
5.16363636363636,56.6666666666667,0.869610083948961
5.27272727272727,56.6666666666667,1.00146141974829
5.38181818181818,56.6666666666667,1.11668719154446
5.49090909090909,56.6666666666667,1.21606780751977
5.6,56.6666666666667,1.3003836758565
5.70909090909091,56.6666666666667,1.37041520473693
5.81818181818182,56.6666666666667,1.42694280234335
5.92727272727273,56.6666666666667,1.47074687685805
6.03636363636364,56.6666666666667,1.50260783646331
6.14545454545455,56.6666666666667,1.52330608934142
6.25454545454545,56.6666666666667,1.53362204367467
6.36363636363636,56.6666666666667,1.53433610764533
6.47272727272727,56.6666666666667,1.52622868943571
6.58181818181818,56.6666666666667,1.51008019722807
6.69090909090909,56.6666666666667,1.48667103920471
6.8,56.6666666666667,1.45678162354792
6.90909090909091,56.6666666666667,1.42107956268066
7.01818181818182,56.6666666666667,1.37978128598863
7.12727272727273,56.6666666666667,1.33299042709823
7.23636363636364,56.6666666666667,1.28081061963583
7.34545454545455,56.6666666666667,1.22334549722781
7.45454545454546,56.6666666666667,1.16069869350057
7.56363636363636,56.6666666666667,1.09297384208049
7.67272727272727,56.6666666666667,1.02027457659394
7.78181818181818,56.6666666666667,0.942704530667328
7.89090909090909,56.6666666666667,0.860367337927022
8,56.6666666666667,0.773366631999414
8.10909090909091,56.6666666666667,0.681806046510884
8.21818181818182,56.6666666666667,0.58578921508782
8.32727272727273,56.6666666666667,0.485419771356604
8.43636363636364,56.6666666666667,0.380801348943623
8.54545454545455,56.6666666666667,0.272037581475259
8.65454545454546,56.6666666666667,0.159232102577898
8.76363636363637,56.6666666666667,0.0424885458779239
8.87272727272727,56.6666666666667,-0.0780894549982749
8.98181818181818,56.6666666666667,-0.20239826642432
9.09090909090909,56.6666666666667,-0.330334254773824
9.2,56.6666666666667,-0.461793786420401
9.30909090909091,56.6666666666667,-0.59667322773767
9.41818181818182,56.6666666666667,-0.734868945099243
9.52727272727273,56.6666666666667,-0.876277304878738
9.63636363636364,56.6666666666667,-1.02079467344977
9.74545454545455,56.6666666666667,-1.16831741718595
9.85454545454546,56.6666666666667,-1.3187419024609
9.96363636363636,56.6666666666667,-1.47196449564824
10.0727272727273,56.6666666666667,-1.62788156312157
10.1818181818182,56.6666666666667,-1.78638947125451
10.2909090909091,56.6666666666667,-1.94738458642068
10.4,56.6666666666667,-2.1107632749937
10.5090909090909,56.6666666666667,-2.27642190334718
10.6181818181818,56.6666666666667,-2.44425683785473
10.7272727272727,56.6666666666667,-2.61416444488998
10.8363636363636,56.6666666666667,-2.78604109082653
10.9454545454545,56.6666666666667,-2.959783142038
11.0545454545455,56.6666666666667,-3.13528696489801
11.1636363636364,56.6666666666667,-3.31244892578017
11.2727272727273,56.6666666666667,-3.4911653910581
11.3818181818182,56.6666666666667,-3.67133272710541
11.4909090909091,56.6666666666667,-3.85284730029573
11.6,56.6666666666667,-4.03560547700266
11.7090909090909,56.6666666666667,-4.21950362359981
11.8181818181818,56.6666666666667,-4.40443810646081
11.9272727272727,56.6666666666667,-4.59030529195928
12.0363636363636,56.6666666666667,-4.77700154646882
12.1454545454545,56.6666666666667,-4.96442323636305
12.2545454545455,56.6666666666667,-5.15246672801559
12.3636363636364,56.6666666666667,-5.34102838780005
12.4727272727273,56.6666666666667,-5.53000458209005
12.5818181818182,56.6666666666667,-5.7192916772592
12.6909090909091,56.6666666666667,-5.90878603968113
12.8,56.6666666666667,-6.09838403572944
2,68,0.910745655874955
2.10909090909091,68,0.643914263314892
2.21818181818182,68,0.380255342616899
2.32727272727273,68,0.122941365643051
2.43636363636364,68,-0.124855195744585
2.54545454545455,68,-0.359961869683932
2.65454545454545,68,-0.579206184312923
2.76363636363636,68,-0.779415667769485
2.87272727272727,68,-0.957417848191547
2.98181818181818,68,-1.11004025371704
3.09090909090909,68,-1.23411041248388
3.2,68,-1.32645585263001
3.30909090909091,68,-1.38390410229336
3.41818181818182,68,-1.40328268961184
3.52727272727273,68,-1.3814191427234
3.63636363636364,68,-1.31582657329878
3.74545454545455,68,-1.20922279050659
3.85454545454545,68,-1.06671340130166
3.96363636363636,68,-0.893416506871426
4.07272727272727,68,-0.694450208403355
4.18181818181818,68,-0.474932607084893
4.29090909090909,68,-0.239981804103494
4.4,68,0.00528409935338832
4.50909090909091,68,0.255747002098303
4.61818181818182,68,0.506288802943795
4.72727272727273,68,0.751791400702416
4.83636363636364,68,0.98713669418671
4.94545454545455,68,1.20720658220923
5.05454545454545,68,1.40688296358251
5.16363636363636,68,1.58126793377693
5.27272727272727,68,1.72898609281507
5.38181818181818,68,1.851495066524
5.49090909090909,68,1.95033272732617
5.6,68,2.02703694764405
5.70909090909091,68,2.08314559990011
5.81818181818182,68,2.12019655651681
5.92727272727273,68,2.13972768991662
6.03636363636364,68,2.143276872522
6.14545454545455,68,2.13238197675542
6.25454545454545,68,2.10858087503935
6.36363636363636,68,2.07341143979623
6.47272727272727,68,2.02841154344856
6.58181818181818,68,1.97511905841878
6.69090909090909,68,1.91507185712936
6.8,68,1.84980781200277
6.90909090909091,68,1.78061963178929
7.01818181818182,68,1.70781937055046
7.12727272727273,68,1.63147391867564
7.23636363636364,68,1.55165016655419
7.34545454545455,68,1.46841500457547
7.45454545454546,68,1.38183532312883
7.56363636363636,68,1.29197801260364
7.67272727272727,68,1.19890996338924
7.78181818181818,68,1.10269806587501
7.89090909090909,68,1.00340921045029
8,68,0.901110287504454
8.10909090909091,68,0.795868187426849
8.21818181818182,68,0.687749800606838
8.32727272727273,68,0.576822017433776
8.43636363636364,68,0.463151728297026
8.54545454545455,68,0.346805823585942
8.65454545454546,68,0.227851193689885
8.76363636363637,68,0.106354728998212
8.87272727272727,68,-0.017616680099715
8.98181818181818,68,-0.143996143214543
9.09090909090909,68,-0.272716769956913
9.2,68,-0.403711669937462
9.30909090909091,68,-0.536913952766837
9.41818181818182,68,-0.672256728055678
9.52727272727273,68,-0.809673105414626
9.63636363636364,68,-0.949096194454323
9.74545454545455,68,-1.09045910478541
9.85454545454546,68,-1.23369494601853
9.96363636363636,68,-1.37873682776433
10.0727272727273,68,-1.52551785963344
10.1818181818182,68,-1.6739711512365
10.2909090909091,68,-1.82402981218417
10.4,68,-1.97562695208708
10.5090909090909,68,-2.12869568055587
10.6181818181818,68,-2.28316910720119
10.7272727272727,68,-2.43898034163367
10.8363636363636,68,-2.59606249346396
10.9454545454545,68,-2.75434867230269
11.0545454545455,68,-2.91377198776052
11.1636363636364,68,-3.07426554944809
11.2727272727273,68,-3.23576246697602
11.3818181818182,68,-3.39819584995498
11.4909090909091,68,-3.56149880799559
11.6,68,-3.7256044507085
11.7090909090909,68,-3.89044588770435
11.8181818181818,68,-4.05595622859378
11.9272727272727,68,-4.22206858298745
12.0363636363636,68,-4.38871606049597
12.1454545454545,68,-4.55583177073001
12.2545454545455,68,-4.72334882330019
12.3636363636364,68,-4.89120032781717
12.4727272727273,68,-5.05931939389157
12.5818181818182,68,-5.22763913113406
12.6909090909091,68,-5.39609264915526
12.8,68,-5.56461305756582
2,79.3333333333333,-0.223284093480056
2.10909090909091,79.3333333333333,-0.426751154352121
2.21818181818182,79.3333333333333,-0.626958757732615
2.32727272727273,79.3333333333333,-0.820647446129962
2.43636363636364,79.3333333333333,-1.00455776205259
2.54545454545455,79.3333333333333,-1.17543024800893
2.65454545454545,79.3333333333333,-1.3300054465074
2.76363636363636,79.3333333333333,-1.46502390005643
2.87272727272727,79.3333333333333,-1.57722615116445
2.98181818181818,79.3333333333333,-1.66335274233989
3.09090909090909,79.3333333333333,-1.72014421609117
3.2,79.3333333333333,-1.74434111492672
3.30909090909091,79.3333333333333,-1.73268398135497
3.41818181818182,79.3333333333333,-1.68191335788434
3.52727272727273,79.3333333333333,-1.58876978702327
3.63636363636364,79.3333333333333,-1.45074429108365
3.74545454545455,79.3333333333333,-1.27102525844349
3.85454545454545,79.3333333333333,-1.05541490049074
3.96363636363636,79.3333333333333,-0.809729105530624
4.07272727272727,79.3333333333333,-0.539783761868361
4.18181818181818,79.3333333333333,-0.251394757809166
4.29090909090909,79.3333333333333,0.049622018341742
4.4,79.3333333333333,0.357450678279145
4.50909090909091,79.3333333333333,0.666275333697826
4.61818181818182,79.3333333333333,0.970280096292563
4.72727272727273,79.3333333333333,1.26364907775814
4.83636363636364,79.3333333333333,1.54056638978935
4.94545454545455,79.3333333333333,1.79521614408096
5.05454545454545,79.3333333333333,2.02178245232776
5.16363636363636,79.3333333333333,2.21471544893881
5.27272727272727,79.3333333333333,2.37272085617532
5.38181818181818,79.3333333333333,2.49792701506855
5.49090909090909,79.3333333333333,2.59255921370311
5.6,79.3333333333333,2.65884274016358
5.70909090909091,79.3333333333333,2.69900288253455
5.81818181818182,79.3333333333333,2.71526492890062
5.92727272727273,79.3333333333333,2.70985416734638
6.03636363636364,79.3333333333333,2.6849958859564
6.14545454545455,79.3333333333333,2.6429153728153
6.25454545454545,79.3333333333333,2.58583791600765
6.36363636363636,79.3333333333333,2.51598880361805
6.47272727272727,79.3333333333333,2.43559332373109
6.58181818181818,79.3333333333333,2.34687676443135
6.69090909090909,79.3333333333333,2.25206441380344
6.8,79.3333333333333,2.15338155993193
6.90909090909091,79.3333333333333,2.05268759505448
7.01818181818182,79.3333333333333,1.95037832802092
7.12727272727273,79.3333333333333,1.84648367183414
7.23636363636364,79.3333333333333,1.74103353949703
7.34545454545455,79.3333333333333,1.63405784401249
7.45454545454546,79.3333333333333,1.5255864983834
7.56363636363636,79.3333333333333,1.41564941561266
7.67272727272727,79.3333333333333,1.30427650870316
7.78181818181818,79.3333333333333,1.19149769065779
7.89090909090909,79.3333333333333,1.07734287447943
8,79.3333333333333,0.961841973170987
8.10909090909091,79.3333333333333,0.845024899735341
8.21818181818182,79.3333333333333,0.726921567175388
8.32727272727273,79.3333333333333,0.607561888494017
8.43636363636364,79.3333333333333,0.486975776694119
8.54545454545455,79.3333333333333,0.365193144778585
8.65454545454546,79.3333333333333,0.242243905750308
8.76363636363637,79.3333333333333,0.118157972612175
8.87272727272727,79.3333333333333,-0.00703474163291763
8.98181818181818,79.3333333333333,-0.133304323982085
9.09090909090909,79.3333333333333,-0.260620861432434
9.2,79.3333333333333,-0.388954440981071
9.30909090909091,79.3333333333333,-0.518275149625109
9.41818181818182,79.3333333333333,-0.648553074361656
9.52727272727273,79.3333333333333,-0.779758302187821
9.63636363636364,79.3333333333333,-0.911860920100712
9.74545454545455,79.3333333333333,-1.04483101509744
9.85454545454546,79.3333333333333,-1.17863867417511
9.96363636363636,79.3333333333333,-1.31325398433084
10.0727272727273,79.3333333333333,-1.44864703256173
10.1818181818182,79.3333333333333,-1.58478790586489
10.2909090909091,79.3333333333333,-1.72164669123743
10.4,79.3333333333333,-1.85919347567647
10.5090909090909,79.3333333333333,-1.9973983461791
10.6181818181818,79.3333333333333,-2.13623138974244
10.7272727272727,79.3333333333333,-2.2756626933636
10.8363636363636,79.3333333333333,-2.41566234403969
10.9454545454545,79.3333333333333,-2.55620042876781
11.0545454545455,79.3333333333333,-2.69724703454508
11.1636363636364,79.3333333333333,-2.8387722483686
11.2727272727273,79.3333333333333,-2.98074615723549
11.3818181818182,79.3333333333333,-3.12313884814285
11.4909090909091,79.3333333333333,-3.26592040808779
11.6,79.3333333333333,-3.40906092406742
11.7090909090909,79.3333333333333,-3.55253048307885
11.8181818181818,79.3333333333333,-3.69629917211919
11.9272727272727,79.3333333333333,-3.84033707818555
12.0363636363636,79.3333333333333,-3.98461428827503
12.1454545454545,79.3333333333333,-4.12910088938475
12.2545454545455,79.3333333333333,-4.27376696851182
12.3636363636364,79.3333333333333,-4.41858261265334
12.4727272727273,79.3333333333333,-4.56351790880642
12.5818181818182,79.3333333333333,-4.70854294396818
12.6909090909091,79.3333333333333,-4.85362780513572
12.8,79.3333333333333,-4.99874257930615
2,90.6666666666667,-1.27910304302873
2.10909090909091,90.6666666666667,-1.41596986911897
2.21818181818182,90.6666666666667,-1.54960727154013
2.32727272727273,90.6666666666667,-1.67678582662314
2.43636363636364,90.6666666666667,-1.79427611069892
2.54545454545455,90.6666666666667,-1.89884870009841
2.65454545454545,90.6666666666667,-1.98727417115251
2.76363636363636,90.6666666666667,-2.05632310019216
2.87272727272727,90.6666666666667,-2.10276606354829
2.98181818181818,90.6666666666667,-2.12337363755181
3.09090909090909,90.6666666666667,-2.11491639853365
3.2,90.6666666666667,-2.07416492282474
3.30909090909091,90.6666666666667,-1.99788978675599
3.41818181818182,90.6666666666667,-1.88286156665834
3.52727272727273,90.6666666666667,-1.72585083886271
3.63636363636364,90.6666666666667,-1.52441410917559
3.74545454545455,90.6666666666667,-1.28207437031438
3.85454545454545,90.6666666666667,-1.00509190457832
3.96363636363636,90.6666666666667,-0.699741317226888
4.07272727272727,90.6666666666667,-0.372297213519596
4.18181818181818,90.6666666666667,-0.0290341987159252
4.29090909090909,90.6666666666667,0.323773121924628
4.4,90.6666666666667,0.679850143142568
4.50909090909091,90.6666666666667,1.0329222596784
4.61818181818182,90.6666666666667,1.37671486627264
4.72727272727273,90.6666666666667,1.70495335766579
4.83636363636364,90.6666666666667,2.01136312859834
4.94545454545455,90.6666666666667,2.28966957381083
5.05454545454545,90.6666666666667,2.53359808804374
5.16363636363636,90.6666666666667,2.73717408018647
5.27272727272727,90.6666666666667,2.89922231083379
5.38181818181818,90.6666666666667,3.02242748938232
5.49090909090909,90.6666666666667,3.10958365983104
5.6,90.6666666666667,3.16348486617893
5.70909090909091,90.6666666666667,3.186925152425
5.81818181818182,90.6666666666667,3.1826985625682
5.92727272727273,90.6666666666667,3.15359914060755
6.03636363636364,90.6666666666667,3.10242093054201
6.14545454545455,90.6666666666667,3.03195797637058
6.25454545454545,90.6666666666667,2.94500432209225
6.36363636363636,90.6666666666667,2.84435401170599
6.47272727272727,90.6666666666667,2.73280108921079
6.58181818181818,90.6666666666667,2.61313959860564
6.69090909090909,90.6666666666667,2.48816358388952
6.8,90.6666666666667,2.36066708906142
6.90909090909091,90.6666666666667,2.23297765513903
7.01818181818182,90.6666666666667,2.10555681121478
7.12727272727273,90.6666666666667,1.97839958339983
7.23636363636364,90.6666666666667,1.85150099780531
7.34545454545455,90.6666666666667,1.72485608054239
7.45454545454546,90.6666666666667,1.59845985772219
7.56363636363636,90.6666666666667,1.47230735545588
7.67272727272727,90.6666666666667,1.34639359985459
7.78181818181818,90.6666666666667,1.22071361702946
7.89090909090909,90.6666666666667,1.09526243309165
8,90.6666666666667,0.970035074152292
8.10909090909091,90.6666666666667,0.845026566322542
8.21818181818182,90.6666666666667,0.720231935713541
8.32727272727273,90.6666666666667,0.595646208436434
8.43636363636364,90.6666666666667,0.471264410602367
8.54545454545455,90.6666666666667,0.347081568322486
8.65454545454546,90.6666666666667,0.223092707707935
8.76363636363637,90.6666666666667,0.0992928548698601
8.87272727272727,90.6666666666667,-0.02432296408059
8.98181818181818,90.6666666666667,-0.147759723032275
9.09090909090909,90.6666666666667,-0.27102239587405
9.2,90.6666666666667,-0.394115956494764
9.30909090909091,90.6666666666667,-0.517045378783277
9.41818181818182,90.6666666666667,-0.639815636628441
9.52727272727273,90.6666666666667,-0.762431703919113
9.63636363636364,90.6666666666667,-0.884898554544145
9.74545454545455,90.6666666666667,-1.00722116239239
9.85454545454546,90.6666666666667,-1.12940450135271
9.96363636363636,90.6666666666667,-1.25145354531395
10.0727272727273,90.6666666666667,-1.37337326816498
10.1818181818182,90.6666666666667,-1.49516864379463
10.2909090909091,90.6666666666667,-1.61684464609178
10.4,90.6666666666667,-1.73840624894526
10.5090909090909,90.6666666666667,-1.85985842624395
10.6181818181818,90.6666666666667,-1.98120615187669
10.7272727272727,90.6666666666667,-2.10245439973234
10.8363636363636,90.6666666666667,-2.22360814369975
10.9454545454545,90.6666666666667,-2.34467235766777
11.0545454545455,90.6666666666667,-2.46565201552527
11.1636363636364,90.6666666666667,-2.58655209116109
11.2727272727273,90.6666666666667,-2.70737755846409
11.3818181818182,90.6666666666667,-2.82813339132313
11.4909090909091,90.6666666666667,-2.94882456362706
11.6,90.6666666666667,-3.06945604926473
11.7090909090909,90.6666666666667,-3.190032822125
11.8181818181818,90.6666666666667,-3.31055985609672
11.9272727272727,90.6666666666667,-3.43104212506875
12.0363636363636,90.6666666666667,-3.55148460292995
12.1454545454545,90.6666666666667,-3.67189226356916
12.2545454545455,90.6666666666667,-3.79227008087525
12.3636363636364,90.6666666666667,-3.91262302873706
12.4727272727273,90.6666666666667,-4.03295608104345
12.5818181818182,90.6666666666667,-4.15327421168328
12.6909090909091,90.6666666666667,-4.2735823945454
12.8,90.6666666666667,-4.39388560351867
2,102,-2.25589948773018
2.10909090909091,102,-2.32304201060214
2.21818181818182,102,-2.38710281586959
2.32727272727273,102,-2.44500018592802
2.43636363636364,102,-2.49365240317291
2.54545454545455,102,-2.52997774999975
2.65454545454545,102,-2.55089450880404
2.76363636363636,102,-2.55332096198125
2.87272727272727,102,-2.53417539192687
2.98181818181818,102,-2.49037608103641
3.09090909090909,102,-2.41884131170533
3.2,102,-2.31648936632913
3.30909090909091,102,-2.1802385273033
3.41818181818182,102,-2.00700707702333
3.52727272727273,102,-1.7937132978847
3.63636363636364,102,-1.53806694235373
3.74545454545455,102,-1.24378631196488
3.85454545454545,102,-0.917346295003154
3.96363636363636,102,-0.565236203686917
4.07272727272727,102,-0.193945350234536
4.18181818181818,102,0.190036953135631
4.29090909090909,102,0.580221394205218
4.4,102,0.970118660755861
4.50909090909091,102,1.3532394405692
4.61818181818182,102,1.72309442142686
4.72727272727273,102,2.07319429111049
4.83636363636364,102,2.39704973740173
4.94545454545455,102,2.6881714480822
5.05454545454545,102,2.94007011093355
5.16363636363636,102,3.14657823060848
5.27272727272727,102,3.30667644345515
5.38181818181818,102,3.42348584603167
5.49090909090909,102,3.50024481509698
5.6,102,3.54019172741003
5.70909090909091,102,3.54656495972976
5.81818181818182,102,3.52260288881511
5.92727272727273,102,3.47154389142502
6.03636363636364,102,3.39662634431843
6.14545454545455,102,3.3010886242543
6.25454545454545,102,3.18816910799155
6.36363636363636,102,3.06110617228913
6.47272727272727,102,2.92313819390599
6.58181818181818,102,2.77750354960105
6.69090909090909,102,2.62744061613328
6.8,102,2.4761877702616
6.90909090909091,102,2.3264374518174
7.01818181818182,102,2.17869835292178
7.12727272727273,102,2.0329332287683
7.23636363636364,102,1.88910483455049
7.34545454545455,102,1.74717592546189
7.45454545454546,102,1.60710925669606
7.56363636363636,102,1.46886758344654
7.67272727272727,102,1.33241366090688
7.78181818181818,102,1.19771024427061
7.89090909090909,102,1.06472008873128
8,102,0.933405949482446
8.10909090909091,102,0.80373058171764
8.21818181818182,102,0.675656740630412
8.32727272727273,102,0.549147181414305
8.43636363636364,102,0.424164659262864
8.54545454545455,102,0.300671929369635
8.65454545454546,102,0.178631746928161
8.76363636363637,102,0.0580068671319888
8.87272727272727,102,-0.0612399548253351
8.98181818181818,102,-0.179145963750273
9.09090909090909,102,-0.295748404449275
9.2,102,-0.411084521728796
9.30909090909091,102,-0.525191560395294
9.41818181818182,102,-0.638106765255223
9.52727272727273,102,-0.749867381115038
9.63636363636364,102,-0.860510652781196
9.74545454545455,102,-0.97007382506015
9.85454545454546,102,-1.07859414275836
9.96363636363636,102,-1.18610885068227
10.0727272727273,102,-1.29265519363835
10.1818181818182,102,-1.39827041643304
10.2909090909091,102,-1.50299176387281
10.4,102,-1.6068564807641
10.5090909090909,102,-1.70990181191338
10.6181818181818,102,-1.8121650021271
10.7272727272727,102,-1.91368329621171
10.8363636363636,102,-2.01449393897368
10.9454545454545,102,-2.11463417521944
11.0545454545455,102,-2.21414124975547
11.1636363636364,102,-2.31305240738821
11.2727272727273,102,-2.41140489292413
11.3818181818182,102,-2.50923595116967
11.4909090909091,102,-2.60658282693129
11.6,102,-2.70348276501545
11.7090909090909,102,-2.7999730102286
11.8181818181818,102,-2.8960908073772
11.9272727272727,102,-2.9918734012677
12.0363636363636,102,-3.08735803670656
12.1454545454545,102,-3.18258195850023
12.2545454545455,102,-3.27758241145516
12.3636363636364,102,-3.37239664037783
12.4727272727273,102,-3.46706189007467
12.5818181818182,102,-3.56161540535214
12.6909090909091,102,-3.65609443101671
12.8,102,-3.75053621187482
2,113.333333333333,-3.15870542436435
2.10909090909091,113.333333333333,-3.15350528420138
2.21818181818182,113.333333333333,-3.1454768991035
2.32727272727273,113.333333333333,-3.1317920241358
2.43636363636364,113.333333333333,-3.10962241436337
2.54545454545455,113.333333333333,-3.07613982485131
2.65454545454545,113.333333333333,-3.02851601066469
2.76363636363636,113.333333333333,-2.96392272686862
2.87272727272727,113.333333333333,-2.87953172852818
2.98181818181818,113.333333333333,-2.77251477070846
3.09090909090909,113.333333333333,-2.64004360847455
3.2,113.333333333333,-2.47928999689155
3.30909090909091,113.333333333333,-2.28742569102454
3.41818181818182,113.333333333333,-2.06162244593862
3.52727272727273,113.333333333333,-1.79905201669887
3.63636363636364,113.333333333333,-1.49765615133252
3.74545454545455,113.333333333333,-1.16122210064143
3.85454545454545,113.333333333333,-0.796218900217153
3.96363636363636,113.333333333333,-0.409129618180792
4.07272727272727,113.333333333333,-0.00643732265345744
4.18181818181818,113.333333333333,0.405374918243747
4.29090909090909,113.333333333333,0.819824036389711
4.4,113.333333333333,1.23042696366333
4.50909090909091,113.333333333333,1.63070063194349
4.61818181818182,113.333333333333,2.01416197310908
4.72727272727273,113.333333333333,2.37432791903901
4.83636363636364,113.333333333333,2.70471540161216
4.94545454545455,113.333333333333,2.99884135270742
5.05454545454545,113.333333333333,3.25022270420369
5.16363636363636,113.333333333333,3.4527089378062
5.27272727272727,113.333333333333,3.60546936290879
5.38181818181818,113.333333333333,3.71195183812884
5.49090909090909,113.333333333333,3.77572541371142
5.6,113.333333333333,3.8003591399016
5.70909090909091,113.333333333333,3.78942206694444
5.81818181818182,113.333333333333,3.74648324508502
5.92727272727273,113.333333333333,3.6751117245684
6.03636363636364,113.333333333333,3.57887655563964
6.14545454545455,113.333333333333,3.46134678854383
6.25454545454545,113.333333333333,3.32609147352602
6.36363636363636,113.333333333333,3.17667966083128
6.47272727272727,113.333333333333,3.01668040070468
6.58181818181818,113.333333333333,2.84966274339129
6.69090909090909,113.333333333333,2.67919573913618
6.8,113.333333333333,2.50884843818442
6.90909090909091,113.333333333333,2.3415838710325
7.01818181818182,113.333333333333,2.17794098918266
7.12727272727273,113.333333333333,2.01785272438856
7.23636363636364,113.333333333333,1.86125200840387
7.34545454545455,113.333333333333,1.70807177298226
7.45454545454546,113.333333333333,1.55824494987738
7.56363636363636,113.333333333333,1.41170447084291
7.67272727272727,113.333333333333,1.26838326763251
7.78181818181818,113.333333333333,1.12821427199984
7.89090909090909,113.333333333333,0.991130415698576
8,113.333333333333,0.857064630482376
8.10909090909091,113.333333333333,0.725949848104903
8.21818181818182,113.333333333333,0.597719000319829
8.32727272727273,113.333333333333,0.472305018880813
8.43636363636364,113.333333333333,0.349640835541525
8.54545454545455,113.333333333333,0.229659382055628
8.65454545454546,113.333333333333,0.112293590176786
8.76363636363637,113.333333333333,-0.00252360834133229
8.87272727272727,113.333333333333,-0.114859281745062
8.98181818181818,113.333333333333,-0.224780498280741
9.09090909090909,113.333333333333,-0.332354326194704
9.2,113.333333333333,-0.437647833733282
9.30909090909091,113.333333333333,-0.540728089142813
9.41818181818182,113.333333333333,-0.641662160669632
9.52727272727273,113.333333333333,-0.740517116560072
9.63636363636364,113.333333333333,-0.83736002506047
9.74545454545455,113.333333333333,-0.932257954417159
9.85454545454546,113.333333333333,-1.02527797287647
9.96363636363636,113.333333333333,-1.11648714868475
10.0727272727273,113.333333333333,-1.20595255008832
10.1818181818182,113.333333333333,-1.29374124533352
10.2909090909091,113.333333333333,-1.37992030266669
10.4,113.333333333333,-1.46455679033415
10.5090909090909,113.333333333333,-1.54771777658225
10.6181818181818,113.333333333333,-1.62947032965732
10.7272727272727,113.333333333333,-1.7098815178057
10.8363636363636,113.333333333333,-1.78901840927371
10.9454545454545,113.333333333333,-1.8669480723077
11.0545454545455,113.333333333333,-1.943737575154
11.1636363636364,113.333333333333,-2.01945398605894
11.2727272727273,113.333333333333,-2.09416437326886
11.3818181818182,113.333333333333,-2.16793580503009
11.4909090909091,113.333333333333,-2.24083534958897
11.6,113.333333333333,-2.31293007519183
11.7090909090909,113.333333333333,-2.38428705008501
11.8181818181818,113.333333333333,-2.45497334251484
11.9272727272727,113.333333333333,-2.52505602072766
12.0363636363636,113.333333333333,-2.5946021529698
12.1454545454545,113.333333333333,-2.66367880748759
12.2545454545455,113.333333333333,-2.73235305252738
12.3636363636364,113.333333333333,-2.80069195633549
12.4727272727273,113.333333333333,-2.86876258715827
12.5818181818182,113.333333333333,-2.93663201324204
12.6909090909091,113.333333333333,-3.00436730283314
12.8,113.333333333333,-3.07203552417791
2,124.666666666667,-3.99256526853378
2.10909090909091,124.666666666667,-3.91291065118563
2.21818181818182,124.666666666667,-3.83077509585147
2.32727272727273,124.666666666667,-3.7436776645453
2.43636363636364,124.666666666667,-3.6491374192811
2.54545454545455,124.666666666667,-3.54467342207286
2.65454545454545,124.666666666667,-3.42780473493459
2.76363636363636,124.666666666667,-3.29605041988027
2.87272727272727,124.666666666667,-3.14692953892389
2.98181818181818,124.666666666667,-2.97796115407945
3.09090909090909,124.666666666667,-2.78666432736094
3.2,124.666666666667,-2.57055812078234
3.30909090909091,124.666666666667,-2.32716159635765
3.41818181818182,124.666666666667,-2.05399381610087
3.52727272727273,124.666666666667,-1.74857384202598
3.63636363636364,124.666666666667,-1.40914513279677
3.74545454545455,124.666666666667,-1.03945049945364
3.85454545454545,124.666666666667,-0.645755731833717
3.96363636363636,124.666666666667,-0.23433982134599
4.07272727272727,124.666666666667,0.188518240600566
4.18181818181818,124.666666666667,0.616539462596981
4.29090909090909,124.666666666667,1.04344485323428
4.4,124.666666666667,1.46295542110347
4.50909090909091,124.666666666667,1.8687921747956
4.61818181818182,124.666666666667,2.25467612290168
4.72727272727273,124.666666666667,2.61432827401273
4.83636363636364,124.666666666667,2.94146963671979
4.94545454545455,124.666666666667,3.22982121961387
5.05454545454545,124.666666666667,3.473104031286
5.16363636363636,124.666666666667,3.6653724154179
5.27272727272727,124.666666666667,3.80601310532023
5.38181818181818,124.666666666667,3.89870148665139
5.49090909090909,124.666666666667,3.94723442287255
5.6,124.666666666667,3.95540877744487
5.70909090909091,124.666666666667,3.92702141382952
5.81818181818182,124.666666666667,3.86586919548765
5.92727272727273,124.666666666667,3.77574898588043
6.03636363636364,124.666666666667,3.66045764846901
6.14545454545455,124.666666666667,3.52379204671457
6.25454545454545,124.666666666667,3.36954904407826
6.36363636363636,124.666666666667,3.20152550402124
6.47272727272727,124.666666666667,3.02351829000468
6.58181818181818,124.666666666667,2.83932426548973
6.69090909090909,124.666666666667,2.65274029393756
6.8,124.666666666667,2.46756323880933
6.90909090909091,124.666666666667,2.28694138395939
7.01818181818182,124.666666666667,2.11142869481482
7.12727272727273,124.666666666667,1.94093055719589
7.23636363636364,124.666666666667,1.77535235692288
7.34545454545455,124.666666666667,1.61459947981605
7.45454545454546,124.666666666667,1.45857731169567
7.56363636363636,124.666666666667,1.30719123838203
7.67272727272727,124.666666666667,1.16034664569538
7.78181818181818,124.666666666667,1.017948919456
7.89090909090909,124.666666666667,0.879903445484154
8,124.666666666667,0.746115609600124
8.10909090909091,124.666666666667,0.616490797624173
8.21818181818182,124.666666666667,0.490934395376576
8.32727272727273,124.666666666667,0.369351788677598
8.43636363636364,124.666666666667,0.251648363347516
8.54545454545455,124.666666666667,0.137729505206598
8.65454545454546,124.666666666667,0.0275006000751156
8.76363636363637,124.666666666667,-0.0791329662266596
8.87272727272727,124.666666666667,-0.182265807878457
8.98181818181818,124.666666666667,-0.281992539060007
9.09090909090909,124.666666666667,-0.378407773951039
9.2,124.666666666667,-0.471606126731279
9.30909090909091,124.666666666667,-0.56168221158046
9.41818181818182,124.666666666667,-0.648730642678309
9.52727272727273,124.666666666667,-0.732846034204555
9.63636363636364,124.666666666667,-0.814123000338928
9.74545454545455,124.666666666667,-0.892656155261157
9.85454545454546,124.666666666667,-0.968540113150971
9.96363636363636,124.666666666667,-1.0418694881881
10.0727272727273,124.666666666667,-1.11273889455227
10.1818181818182,124.666666666667,-1.18124294642321
10.2909090909091,124.666666666667,-1.24747625798066
10.4,124.666666666667,-1.31153344340433
10.5090909090909,124.666666666667,-1.37350911687396
10.6181818181818,124.666666666667,-1.43349789256928
10.7272727272727,124.666666666667,-1.49159438467003
10.8363636363636,124.666666666667,-1.54789320735591
10.9454545454545,124.666666666667,-1.60248897480668
11.0545454545455,124.666666666667,-1.65547630120204
11.1636363636364,124.666666666667,-1.70694980072174
11.2727272727273,124.666666666667,-1.75700408754551
11.3818181818182,124.666666666667,-1.80573377585307
11.4909090909091,124.666666666667,-1.85323347982415
11.6,124.666666666667,-1.89959781363848
11.7090909090909,124.666666666667,-1.94492139147579
11.8181818181818,124.666666666667,-1.9892988275158
11.9272727272727,124.666666666667,-2.03282473593826
12.0363636363636,124.666666666667,-2.07559373092288
12.1454545454545,124.666666666667,-2.11770042664941
12.2545454545455,124.666666666667,-2.15923943729755
12.3636363636364,124.666666666667,-2.20030537704705
12.4727272727273,124.666666666667,-2.24099286007763
12.5818181818182,124.666666666667,-2.28139650056903
12.6909090909091,124.666666666667,-2.32161091270097
12.8,124.666666666667,-2.36173071065317
2,136,-4.76252343584103
2.10909090909091,136,-4.60680907282386
2.21818181818182,136,-4.44904298072315
2.32727272727273,136,-4.28717343045534
2.43636363636364,136,-4.11914869293689
2.54545454545455,136,-3.94291703908425
2.65454545454545,136,-3.75642673981387
2.76363636363636,136,-3.55762606604222
2.87272727272727,136,-3.34446328868573
2.98181818181818,136,-3.11488667866087
3.09090909090909,136,-2.86684450688409
3.2,136,-2.59828504427183
3.30909090909091,136,-2.30715656174057
3.41818181818182,136,-1.99140733020673
3.52727272727273,136,-1.64898562058679
3.63636363636364,136,-1.27849728343131
3.74545454545455,136,-0.883540271511096
3.85454545454545,136,-0.470002801466251
3.96363636363636,136,-0.0437850738199915
4.07272727272727,136,0.389212710904459
4.18181818181818,136,0.82309035218389
4.29090909090909,136,1.25194764949508
4.4,136,1.66988440231481
4.50909090909091,136,2.07100041011986
4.61818181818182,136,2.44939547238702
4.72727272727273,136,2.79916938859306
4.83636363636364,136,3.11442195821477
4.94545454545455,136,3.38925298072893
5.05454545454545,136,3.61776225561233
5.16363636363636,136,3.79437487708185
5.27272727272727,136,3.91871970681494
5.38181818181818,136,3.99461081257683
5.49090909090909,136,4.02598080977853
5.6,136,4.01676231383106
5.70909090909091,136,3.97088794014544
5.81818181818182,136,3.8922903041327
5.92727272727273,136,3.78490202120385
6.03636363636364,136,3.65265570676992
6.14545454545455,136,3.49948397624193
6.25454545454545,136,3.32931944503089
6.36363636363636,136,3.14609472854783
6.47272727272727,136,2.95374244220377
6.58181818181818,136,2.75619520140973
6.69090909090909,136,2.55738562157674
6.8,136,2.3612463181158
6.90909090909091,136,2.17103446177314
7.01818181818182,136,1.98730544463568
7.12727272727273,136,1.80993921412556
7.23636363636364,136,1.6388157176649
7.34545454545455,136,1.47381490267582
7.45454545454546,136,1.31481671658046
7.56363636363636,136,1.16170110680094
7.67272727272727,136,1.01434802075938
7.78181818181818,136,0.872637405877905
7.89090909090909,136,0.73644920957865
8,136,0.605663379283738
8.10909090909091,136,0.480159862415289
8.21818181818182,136,0.359818606395436
8.32727272727273,136,0.244519558646298
8.43636363636364,136,0.134142666590006
8.54545454545455,136,0.0285678776486833
8.65454545454546,136,-0.0723248607555446
8.76363636363637,136,-0.168655601200549
8.87272727272727,136,-0.260544396264207
8.98181818181818,136,-0.348111298524391
9.09090909090909,136,-0.431476360558977
9.2,136,-0.51075963494584
9.30909090909091,136,-0.586081174262851
9.41818181818182,136,-0.657561031087886
9.52727272727273,136,-0.725319257998822
9.63636363636364,136,-0.789475907573529
9.74545454545455,136,-0.850151032389884
9.85454545454546,136,-0.907464685025757
9.96363636363636,136,-0.961536918059028
10.0727272727273,136,-1.01248778406757
10.1818181818182,136,-1.06043733562925
10.2909090909091,136,-1.10550562532195
10.4,136,-1.14781270572355
10.5090909090909,136,-1.18747862941191
10.6181818181818,136,-1.22462344896491
10.7272727272727,136,-1.25936721696043
10.8363636363636,136,-1.29182998597633
10.9454545454545,136,-1.3221318085905
11.0545454545455,136,-1.35039273738081
11.1636363636364,136,-1.37673282492513
11.2727272727273,136,-1.40127212380133
11.3818181818182,136,-1.4241306865873
11.4909090909091,136,-1.4454285658609
11.6,136,-1.46528581420001
11.7090909090909,136,-1.4838224841825
11.8181818181818,136,-1.50115862838625
11.9272727272727,136,-1.51741429938914
12.0363636363636,136,-1.53270954976902
12.1454545454545,136,-1.54716443210379
12.2545454545455,136,-1.56089899897132
12.3636363636364,136,-1.57403330294947
12.4727272727273,136,-1.58668739661613
12.5818181818182,136,-1.59898133254916
12.6909090909091,136,-1.61103516332644
12.8,136,-1.62296894152585
2,147.333333333333,-5.47362434188867
2.10909090909091,147.333333333333,-5.24075151038505
2.21818181818182,147.333333333333,-5.00632612832817
2.32727272727273,147.333333333333,-4.76879564516475
2.43636363636364,147.333333333333,-4.52660751034154
2.54545454545455,147.333333333333,-4.27820917330526
2.65454545454545,147.333333333333,-4.02204808350266
2.76363636363636,147.333333333333,-3.75657169038046
2.87272727272727,147.333333333333,-3.48022744338539
2.98181818181818,147.333333333333,-3.1914627919642
3.09090909090909,147.333333333333,-2.88872518556362
3.2,147.333333333333,-2.57046207363038
3.30909090909091,147.333333333333,-2.23512090561121
3.41818181818182,147.333333333333,-1.88114913095285
3.52727272727273,147.333333333333,-1.50699419910204
3.63636363636364,147.333333333333,-1.11167599992096
3.74545454545455,147.333333333333,-0.698560179923413
3.85454545454545,147.333333333333,-0.273006120728158
3.96363636363636,147.333333333333,0.159616363759725
4.07272727272727,147.333333333333,0.593937459635148
4.18181818181818,147.333333333333,1.02458735299303
4.29090909090909,147.333333333333,1.44619622992829
4.4,147.333333333333,1.85339427653584
4.50909090909091,147.333333333333,2.2408116789106
4.61818181818182,147.333333333333,2.60307862314748
4.72727272727273,147.333333333333,2.9348252953414
4.83636363636364,147.333333333333,3.23068188158727
4.94545454545455,147.333333333333,3.48527856798001
5.05454545454545,147.333333333333,3.69324554061454
5.16363636363636,147.333333333333,3.84952253643629
5.27272727272727,147.333333333333,3.95400120351844
5.38181818181818,147.333333333333,4.01055583688271
5.49090909090909,147.333333333333,4.02317354162755
5.6,147.333333333333,3.99584142285139
5.70909090909091,147.333333333333,3.93254658565269
5.81818181818182,147.333333333333,3.83727613512989
5.92727272727273,147.333333333333,3.71401717638142
6.03636363636364,147.333333333333,3.56675681450574
6.14545454545455,147.333333333333,3.3994821546013
6.25454545454545,147.333333333333,3.21618030176652
6.36363636363636,147.333333333333,3.02083836109986
6.47272727272727,147.333333333333,2.81744343769977
6.58181818181818,147.333333333333,2.60998263666468
6.69090909090909,147.333333333333,2.40244306309304
6.8,147.333333333333,2.19881182208329
6.90909090909091,147.333333333333,2.00238757564881
7.01818181818182,147.333333333333,1.81371521346266
7.12727272727273,147.333333333333,1.63265118211284
7.23636363636364,147.333333333333,1.45905192818734
7.34545454545455,147.333333333333,1.29277389827415
7.45454545454546,147.333333333333,1.13367353896126
7.56363636363636,147.333333333333,0.981607296836684
7.67272727272727,147.333333333333,0.836431618488401
7.78181818181818,147.333333333333,0.698002950504403
7.89090909090909,147.333333333333,0.56617773947269
8,147.333333333333,0.440812431981255
8.10909090909091,147.333333333333,0.321763474618091
8.21818181818182,147.333333333333,0.208887313971192
8.32727272727273,147.333333333333,0.102040396628549
8.43636363636364,147.333333333333,0.00107916917816016
8.54545454545455,147.333333333333,-0.0941399217919835
8.65454545454546,147.333333333333,-0.183760429693888
8.76363636363637,147.333333333333,-0.267925907939557
8.87272727272727,147.333333333333,-0.346779909940997
8.98181818181818,147.333333333333,-0.420465989110217
9.09090909090909,147.333333333333,-0.489127698859223
9.2,147.333333333333,-0.552908592600018
9.30909090909091,147.333333333333,-0.611952223744609
9.41818181818182,147.333333333333,-0.666402145705005
9.52727272727273,147.333333333333,-0.71640191189321
9.63636363636364,147.333333333333,-0.762095075721232
9.74545454545455,147.333333333333,-0.803625190601073
9.85454545454546,147.333333333333,-0.841135809944741
9.96363636363636,147.333333333333,-0.874770487164245
10.0727272727273,147.333333333333,-0.904672775671588
10.1818181818182,147.333333333333,-0.930986228878778
10.2909090909091,147.333333333333,-0.95385440019782
10.4,147.333333333333,-0.97342084304072
10.5090909090909,147.333333333333,-0.989829110819483
10.6181818181818,147.333333333333,-1.00322275694612
10.7272727272727,147.333333333333,-1.01374533483263
10.8363636363636,147.333333333333,-1.02154039789103
10.9454545454545,147.333333333333,-1.02675149953331
11.0545454545455,147.333333333333,-1.02952219317149
11.1636363636364,147.333333333333,-1.02999603221757
11.2727272727273,147.333333333333,-1.02831657008356
11.3818181818182,147.333333333333,-1.02462736018147
11.4909090909091,147.333333333333,-1.01907195592329
11.6,147.333333333333,-1.01179391072104
11.7090909090909,147.333333333333,-1.00293677798672
11.8181818181818,147.333333333333,-0.992644111132342
11.9272727272727,147.333333333333,-0.981059463569907
12.0363636363636,147.333333333333,-0.968326388711422
12.1454545454545,147.333333333333,-0.954588439968895
12.2545454545455,147.333333333333,-0.939989170754331
12.3636363636364,147.333333333333,-0.924672134479735
12.4727272727273,147.333333333333,-0.908780884557116
12.5818181818182,147.333333333333,-0.892458974398478
12.6909090909091,147.333333333333,-0.875849957415826
12.8,147.333333333333,-0.859097387021171
2,158.666666666667,-6.13091240227923
2.10909090909091,158.666666666667,-5.82028892513815
2.21818181818182,158.666666666667,-5.50867011327616
2.32727272727273,158.666666666667,-5.19506063197236
2.43636363636364,158.666666666667,-4.87846514650585
2.54545454545455,158.666666666667,-4.55788832215572
2.65454545454545,158.666666666667,-4.23233482420107
2.76363636363636,158.666666666667,-3.90080931792099
2.87272727272727,158.666666666667,-3.56231646859458
2.98181818181818,158.666666666667,-3.21586094150093
3.09090909090909,158.666666666667,-2.86044740191914
3.2,158.666666666667,-2.49508051512831
3.30909090909091,158.666666666667,-2.11876494640752
3.41818181818182,158.666666666667,-1.73050536103588
3.52727272727273,158.666666666667,-1.32930642429248
3.63636363636364,158.666666666667,-0.914644678950533
3.74545454545455,158.666666666667,-0.48957898780019
3.85454545454545,158.666666666667,-0.0588117012328439
3.96363636363636,158.666666666667,0.372946230755681
4.07272727272727,158.666666666667,0.800983858169558
4.18181818181818,158.666666666667,1.22059023101297
4.29090909090909,158.666666666667,1.62705439929008
4.4,158.666666666667,2.01566541300508
4.50909090909091,158.666666666667,2.38171232216214
4.61818181818182,158.666666666667,2.72048417676543
4.72727272727273,158.666666666667,3.02727002681914
4.83636363636364,158.666666666667,3.29735892232743
4.94545454545455,158.666666666667,3.52603991329448
5.05454545454545,158.666666666667,3.70860204972448
5.16363636363636,158.666666666667,3.84062160711951
5.27272727272727,158.666666666667,3.92226963155622
5.38181818181818,158.666666666667,3.95741258054657
5.49090909090909,158.666666666667,3.95002158561779
5.6,158.666666666667,3.90406777829709
5.70909090909091,158.666666666667,3.82352229011173
5.81818181818182,158.666666666667,3.71235625258891
5.92727272727273,158.666666666667,3.57454079725588
6.03636363636364,158.666666666667,3.41404705563985
6.14545454545455,158.666666666667,3.23484615926807
6.25454545454545,158.666666666667,3.04090923966776
6.36363636363636,158.666666666667,2.83620742836615
6.47272727272727,158.666666666667,2.62471185689046
6.58181818181818,158.666666666667,2.41039365676793
6.69090909090909,158.666666666667,2.19722395952579
6.8,158.666666666667,1.98917389669126
6.90909090909091,158.666666666667,1.78952519676148
7.01818181818182,158.666666666667,1.59880197611318
7.12727272727273,158.666666666667,1.416838948093
7.23636363636364,158.666666666667,1.24347082604759
7.34545454545455,158.666666666667,1.07853232332358
7.45454545454546,158.666666666667,0.921858153267608
7.56363636363636,158.666666666667,0.773283029226316
7.67272727272727,158.666666666667,0.632641664546343
7.78181818181818,158.666666666667,0.499768772574327
7.89090909090909,158.666666666667,0.374499066656907
8,158.666666666667,0.256667260140726
8.10909090909091,158.666666666667,0.14610806637242
8.21818181818182,158.666666666667,0.0426561986986286
8.32727272727273,158.666666666667,-0.0538536295340096
8.43636363636364,158.666666666667,-0.143586704978854
8.54545454545455,158.666666666667,-0.226708314289268
8.65454545454546,158.666666666667,-0.30338374411861
8.76363636363637,158.666666666667,-0.373778281120239
8.87272727272727,158.666666666667,-0.438057211947519
8.98181818181818,158.666666666667,-0.49638582325381
9.09090909090909,158.666666666667,-0.548929401692474
9.2,158.666666666667,-0.595853233916867
9.30909090909091,158.666666666667,-0.637322606580356
9.41818181818182,158.666666666667,-0.6735028063363
9.52727272727273,158.666666666667,-0.704559119838058
9.63636363636364,158.666666666667,-0.73065683373899
9.74545454545455,158.666666666667,-0.751961234692463
9.85454545454546,158.666666666667,-0.76863760935183
9.96363636363636,158.666666666667,-0.780851244370456
10.0727272727273,158.666666666667,-0.788767426401702
10.1818181818182,158.666666666667,-0.792551442098926
10.2909090909091,158.666666666667,-0.792368578115491
10.4,158.666666666667,-0.788384121104758
10.5090909090909,158.666666666667,-0.780763357720087
10.6181818181818,158.666666666667,-0.769671574614839
10.7272727272727,158.666666666667,-0.755274058442375
10.8363636363636,158.666666666667,-0.737736095856055
10.9454545454545,158.666666666667,-0.717222973509242
11.0545454545455,158.666666666667,-0.693899978055295
11.1636363636364,158.666666666667,-0.667932396147573
11.2727272727273,158.666666666667,-0.639485514439443
11.3818181818182,158.666666666667,-0.608724619584257
11.4909090909091,158.666666666667,-0.575814998235383
11.6,158.666666666667,-0.540921937046178
11.7090909090909,158.666666666667,-0.504210722670006
11.8181818181818,158.666666666667,-0.465846641760226
11.9272727272727,158.666666666667,-0.425994980970197
12.0363636363636,158.666666666667,-0.384821026953281
12.1454545454545,158.666666666667,-0.342490066362841
12.2545454545455,158.666666666667,-0.299167385852236
12.3636363636364,158.666666666667,-0.255018272074826
12.4727272727273,158.666666666667,-0.210208011683974
12.5818181818182,158.666666666667,-0.16490189133304
12.6909090909091,158.666666666667,-0.119265197675383
12.8,158.666666666667,-0.073463217364365
2,170,-6.73943203261528
2.10909090909091,170,-6.35097227835212
2.21818181818182,170,-5.96212051017676
2.32727272727273,170,-5.572484714177
2.43636363636364,170,-5.18167287644062
2.54545454545455,170,-4.78929298305544
2.65454545454545,170,-4.39495302010924
2.76363636363636,170,-3.99826097368982
2.87272727272727,170,-3.59882482988499
2.98181818181818,170,-3.19625257478254
3.09090909090909,170,-2.79015219447027
3.2,170,-2.38013167503596
3.30909090909091,170,-1.96579900256743
3.41818181818182,170,-1.54676216315247
3.52727272727273,170,-1.12262914287887
3.63636363636364,170,-0.693366717204861
3.74545454545455,170,-0.261665458251028
3.85454545454545,170,0.168534445406287
3.96363636363636,170,0.593286266530398
4.07272727272727,170,1.00864327788461
4.18181818181818,170,1.41065875223225
4.29090909090909,170,1.79538596233662
4.4,170,2.15887818096104
4.50909090909091,170,2.49718868086881
4.61818181818182,170,2.80637073482325
4.72727272727273,170,3.08247761558768
4.83636363636364,170,3.32156259592541
4.94545454545455,170,3.51967894859974
5.05454545454545,170,3.672879946374
5.16363636363636,170,3.77747830276976
5.27272727272727,170,3.83393702705378
5.38181818181818,170,3.84605706454594
5.49090909090909,170,3.81773390894742
5.6,170,3.75286305395938
5.70909090909091,170,3.65533999328301
5.81818181818182,170,3.52906022061948
5.92727272727273,170,3.37791922966996
6.03636363636364,170,3.20581251413563
6.14545454545455,170,3.01663556771766
6.25454545454545,170,2.81428388411723
6.36363636363636,170,2.6026529570355
6.47272727272727,170,2.38563828017366
6.58181818181818,170,2.16713534723287
6.69090909090909,170,1.95103965191432
6.8,170,1.74124668791917
6.90909090909091,170,1.54097179628621
7.01818181818182,170,1.35070970740465
7.12727272727273,170,1.17027499900133
7.23636363636364,170,0.99948224880307
7.34545454545455,170,0.838146034536688
7.45454545454546,170,0.686080933929014
7.56363636363636,170,0.543101524706879
7.67272727272727,170,0.409022384597101
7.78181818181818,170,0.28365809132651
7.89090909090909,170,0.166823222621932
8,170,0.0583323562101928
8.10909090909091,170,-0.0419999301818815
8.21818181818182,170,-0.134359058827469
8.32727272727273,170,-0.218930451999741
8.43636363636364,170,-0.29589953197187
8.54545454545455,170,-0.365451721017032
8.65454545454546,170,-0.427772441408402
8.76363636363637,170,-0.48304711541915
8.87272727272727,170,-0.531461165322455
8.98181818181818,170,-0.573200013391489
9.09090909090909,170,-0.608449081899429
9.2,170,-0.637393793119444
9.30909090909091,170,-0.660219569324712
9.41818181818182,170,-0.677111832788407
9.52727272727273,170,-0.688256005783704
9.63636363636364,170,-0.693837510583772
9.74545454545455,170,-0.69404176946179
9.85454545454546,170,-0.689054204690931
9.96363636363636,170,-0.679060238544368
10.0727272727273,170,-0.664245293295279
10.1818181818182,170,-0.644794791216836
10.2909090909091,170,-0.62089415458221
10.4,170,-0.592728805664577
10.5090909090909,170,-0.560484166737113
10.6181818181818,170,-0.524345660072992
10.7272727272727,170,-0.484498707945388
10.8363636363636,170,-0.441128732627475
10.9454545454545,170,-0.394421156392425
11.0545454545455,170,-0.344561401513415
11.1636363636364,170,-0.291734890263616
11.2727272727273,170,-0.236127044916206
11.3818181818182,170,-0.177923287744357
11.4909090909091,170,-0.117309041021245
11.6,170,-0.0544697270200403
11.7090909090909,170,0.0104092319860767
11.8181818181818,170,0.077142413723939
11.9272727272727,170,0.145544395920367
12.0363636363636,170,0.215429756302189
12.1454545454545,170,0.286613072596231
12.2545454545455,170,0.358908922529318
12.3636363636364,170,0.432131883828275
12.4727272727273,170,0.506096534219928
12.5818181818182,170,0.580617451431105
12.6909090909091,170,0.655509213188629
12.8,170,0.73058639721933
2,181.333333333333,-7.30422764849937
2.10909090909091,181.333333333333,-6.83835253129594
2.21818181818182,181.333333333333,-6.37272289363961
2.32727272727273,181.333333333333,-5.90758421507748
2.43636363636364,181.333333333333,-5.44318197515665
2.54545454545455,181.333333333333,-4.97976165342422
2.65454545454545,181.333333333333,-4.51756872942729
2.76363636363636,181.333333333333,-4.05684868271296
2.87272727272727,181.333333333333,-3.59784699282834
2.98181818181818,181.333333333333,-3.14080913932052
3.09090909090909,181.333333333333,-2.6859806017366
3.2,181.333333333333,-2.23360685962369
3.30909090909091,181.333333333333,-1.78393339252888
3.41818181818182,181.333333333333,-1.33720567999927
3.52727272727273,181.333333333333,-0.893669201581966
3.63636363636364,181.333333333333,-0.453805511368761
3.74545454545455,181.333333333333,-0.0198883543855287
3.85454545454545,181.333333333333,0.404986307575832
3.96363636363636,181.333333333333,0.817718210446398
4.07272727272727,181.333333333333,1.21520709015724
4.18181818181818,181.333333333333,1.59435268263944
4.29090909090909,181.333333333333,1.95205472382407
4.4,181.333333333333,2.28521294964221
4.50909090909091,181.333333333333,2.59072709602494
4.61818181818182,181.333333333333,2.86549689890332
4.72727272727273,181.333333333333,3.10642209420843
4.83636363636364,181.333333333333,3.31040241787136
4.94545454545455,181.333333333333,3.47433760582318
5.05454545454545,181.333333333333,3.59512739399496
5.16363636363636,181.333333333333,3.66989883702531
5.27272727272727,181.333333333333,3.69941542613661
5.38181818181818,181.333333333333,3.68736530985835
5.49090909090909,181.333333333333,3.63751947881462
5.6,181.333333333333,3.55364892362948
5.70909090909091,181.333333333333,3.43952463492702
5.81818181818182,181.333333333333,3.29891760333131
5.92727272727273,181.333333333333,3.13559881946642
6.03636363636364,181.333333333333,2.95333927395645
6.14545454545455,181.333333333333,2.75590995742546
6.25454545454545,181.333333333333,2.54708186049753
6.36363636363636,181.333333333333,2.33062597379673
6.47272727272727,181.333333333333,2.11031328794715
6.58181818181818,181.333333333333,1.88991479357287
6.69090909090909,181.333333333333,1.67320148129795
6.8,181.333333333333,1.46394434174648
6.90909090909091,181.333333333333,1.26525184539807
7.01818181818182,181.333333333333,1.0775823821545
7.12727272727273,181.333333333333,0.900731821773096
7.23636363636364,181.333333333333,0.734496034011167
7.34545454545455,181.333333333333,0.578670888626032
7.45454545454546,181.333333333333,0.433052255375008
7.56363636363636,181.333333333333,0.297436004015414
7.67272727272727,181.333333333333,0.17161800430457
7.78181818181818,181.333333333333,0.0553941259997883
7.89090909090909,181.333333333333,-0.0514397611416074
8,181.333333333333,-0.149087787362302
8.10909090909091,181.333333333333,-0.237754082904979
8.21818181818182,181.333333333333,-0.317642778012316
8.32727272727273,181.333333333333,-0.388958002927004
8.43636363636364,181.333333333333,-0.451903887891718
8.54545454545455,181.333333333333,-0.506684563149142
8.65454545454546,181.333333333333,-0.553504158941959
8.76363636363637,181.333333333333,-0.592566805512849
8.87272727272727,181.333333333333,-0.624076633104496
8.98181818181818,181.333333333333,-0.648237771959582
9.09090909090909,181.333333333333,-0.66525435232079
9.2,181.333333333333,-0.675330504430802
9.30909090909091,181.333333333333,-0.678670358532299
9.41818181818182,181.333333333333,-0.675478044867965
9.52727272727273,181.333333333333,-0.665957693680481
9.63636363636364,181.333333333333,-0.650313435212529
9.74545454545455,181.333333333333,-0.628749399706792
9.85454545454546,181.333333333333,-0.601469717405953
9.96363636363636,181.333333333333,-0.568678518552692
10.0727272727273,181.333333333333,-0.530579933389694
10.1818181818182,181.333333333333,-0.48737809215964
10.2909090909091,181.333333333333,-0.439277125105212
10.4,181.333333333333,-0.386481162469091
10.5090909090909,181.333333333333,-0.32919433449396
10.6181818181818,181.333333333333,-0.267620771422504
10.7272727272727,181.333333333333,-0.201964603497404
10.8363636363636,181.333333333333,-0.132429960961338
10.9454545454545,181.333333333333,-0.059220974056994
11.0545454545455,181.333333333333,0.0174582269729499
11.1636363636364,181.333333333333,0.0974035118858085
11.2727272727273,181.333333333333,0.180410750438902
11.3818181818182,181.333333333333,0.266275812389546
11.4909090909091,181.333333333333,0.35479456749506
11.6,181.333333333333,0.44576288551276
11.7090909090909,181.333333333333,0.538976636199964
11.8181818181818,181.333333333333,0.634231689313992
11.9272727272727,181.333333333333,0.731323914612159
12.0363636363636,181.333333333333,0.830049181851786
12.1454545454545,181.333333333333,0.930203360790188
12.2545454545455,181.333333333333,1.03158232118468
12.3636363636364,181.333333333333,1.13398193279259
12.4727272727273,181.333333333333,1.23719806537122
12.5818181818182,181.333333333333,1.34102658867791
12.6909090909091,181.333333333333,1.44526337246995
12.8,181.333333333333,1.54970428650468
2,192.666666666667,-7.83034366553406
2.10909090909091,192.666666666667,-7.28798064523857
2.21818181818182,192.666666666667,-6.74652283827433
2.32727272727273,192.666666666667,-6.20687545797263
2.43636363636364,192.666666666667,-5.66994371766472
2.54545454545455,192.666666666667,-5.13663283068188
2.65454545454545,192.666666666667,-4.60784801035535
2.76363636363636,192.666666666667,-4.08449447001641
2.87272727272727,192.666666666667,-3.56747742299632
2.98181818181818,192.666666666667,-3.05770208262635
3.09090909090909,192.666666666667,-2.55607366223776
3.2,192.666666666667,-2.06349737516182
3.30909090909091,192.666666666667,-1.58087843472979
3.41818181818182,192.666666666667,-1.10912205427293
3.52727272727273,192.666666666667,-0.649133447122508
3.63636363636364,192.666666666667,-0.201924458127053
3.74545454545455,192.666666666667,0.230683560686706
3.85454545454545,192.666666666667,0.646497873662385
3.96363636363636,192.666666666667,1.0433238018662
4.07272727272727,192.666666666667,1.41896666636436
4.18181818181818,192.666666666667,1.7712317882231
4.29090909090909,192.666666666667,2.09792448850861
4.4,192.666666666667,2.39685008828712
4.50909090909091,192.666666666667,2.66581390862484
4.61818181818182,192.666666666667,2.90262127058799
4.72727272727273,192.666666666667,3.10507749524279
4.83636363636364,192.666666666667,3.27098790365544
4.94545454545455,192.666666666667,3.39815781689218
5.05454545454545,192.666666666667,3.4843925560192
5.16363636363636,192.666666666667,3.52768942352442
5.27272727272727,192.666666666667,3.52911686493021
5.38181818181818,192.666666666667,3.49221333746135
5.49090909090909,192.666666666667,3.42058726241757
5.6,192.666666666667,3.31784706109861
5.70909090909091,192.666666666667,3.18760115480421
5.81818181818182,192.666666666667,3.03345796483409
5.92727272727273,192.666666666667,2.859025912488
6.03636363636364,192.666666666667,2.66791341906568
6.14545454545455,192.666666666667,2.46372890586686
6.25454545454545,192.666666666667,2.25008079419127
6.36363636363636,192.666666666667,2.03057750533865
6.47272727272727,192.666666666667,1.80882746060875
6.58181818181818,192.666666666667,1.58843908130129
6.69090909090909,192.666666666667,1.37302078871601
6.8,192.666666666667,1.16618100415265
6.90909090909091,192.666666666667,0.970889815272128
7.01818181818182,192.666666666667,0.787563975180141
7.12727272727273,192.666666666667,0.615981903343568
7.23636363636364,192.666666666667,0.455922019229286
7.34545454545455,192.666666666667,0.307162742304172
7.45454545454546,192.666666666667,0.169482492035108
7.56363636363636,192.666666666667,0.0426596878889713
7.67272727272727,192.666666666667,-0.0735272506673575
7.78181818181818,192.666666666667,-0.179299904167002
7.89090909090909,192.666666666667,-0.27487985314308
8,192.666666666667,-0.360488678128714
8.10909090909091,192.666666666667,-0.436347959657026
8.21818181818182,192.666666666667,-0.502679278261134
8.32727272727273,192.666666666667,-0.559704214474164
8.43636363636364,192.666666666667,-0.607644348829233
8.54545454545455,192.666666666667,-0.646721261859463
8.65454545454546,192.666666666667,-0.677156534097975
8.76363636363637,192.666666666667,-0.699171746077888
8.87272727272727,192.666666666667,-0.712988478332326
8.98181818181818,192.666666666667,-0.718828311394408
9.09090909090909,192.666666666667,-0.716912825797258
9.2,192.666666666667,-0.707463602073993
9.30909090909091,192.666666666667,-0.690702220757737
9.41818181818182,192.666666666667,-0.66685026238161
9.52727272727273,192.666666666667,-0.63612930747873
9.63636363636364,192.666666666667,-0.598760936582222
9.74545454545455,192.666666666667,-0.554966730225206
9.85454545454546,192.666666666667,-0.504968268940803
9.96363636363636,192.666666666667,-0.448987133262133
10.0727272727273,192.666666666667,-0.387244903722319
10.1818181818182,192.666666666667,-0.319963160854479
10.2909090909091,192.666666666667,-0.247363485191737
10.4,192.666666666667,-0.169667457267211
10.5090909090909,192.666666666667,-0.0870966576140226
10.6181818181818,192.666666666667,0.000127333234705307
10.7272727272727,192.666666666667,0.091782934745852
10.8363636363636,192.666666666667,0.187648566386297
10.9454545454545,192.666666666667,0.287502647622919
11.0545454545455,192.666666666667,0.391123597922598
11.1636363636364,192.666666666667,0.498289836752215
11.2727272727273,192.666666666667,0.608779783578645
11.3818181818182,192.666666666667,0.722371857868769
11.4909090909091,192.666666666667,0.838844479089465
11.6,192.666666666667,0.957976066707616
11.7090909090909,192.666666666667,1.07954504019009
11.8181818181818,192.666666666667,1.20332981900378
11.9272727272727,192.666666666667,1.32910882261556
12.0363636363636,192.666666666667,1.4566604704923
12.1454545454545,192.666666666667,1.5857631821009
12.2545454545455,192.666666666667,1.71619537690821
12.3636363636364,192.666666666667,1.84773547438114
12.4727272727273,192.666666666667,1.98016189398654
12.5818181818182,192.666666666667,2.11325305519131
12.6909090909091,192.666666666667,2.24678737746232
12.8,192.666666666667,2.38054328026646
2,204,-8.3228244993219
2.10909090909091,204,-7.70540758144896
2.21818181818182,204,-7.08956591869057
2.32727272727273,204,-6.47687476616129
2.43636363636364,204,-5.86890937897565
2.54545454545455,204,-5.26724501224822
2.65454545454545,204,-4.67345692109354
2.76363636363636,204,-4.08912036062616
2.87272727272727,204,-3.51581058596064
2.98181818181818,204,-2.95510285221152
3.09090909090909,204,-2.40857241449336
3.2,204,-1.8777945279207
3.30909090909091,204,-1.3643444476081
3.41818181818182,204,-0.869797428670098
3.52727272727273,204,-0.395728726221255
3.63636363636364,204,0.0563130458354383
3.74545454545455,204,0.484981523856073
3.85454545454545,204,0.889023132052541
3.96363636363636,204,1.26718478015233
4.07272727272727,204,1.61821337788291
4.18181818181818,204,1.94085583497177
4.29090909090909,204,2.2338590611464
4.4,204,2.49596996613427
4.50909090909091,204,2.72593545966286
4.61818181818182,204,2.92250245145966
4.72727272727273,204,3.08441785125215
4.83636363636364,204,3.21042856876781
4.94545454545455,204,3.29928151373413
5.05454545454545,204,3.34972359587858
5.16363636363636,204,3.36065627590536
5.27272727272727,204,3.33345337956009
5.38181818181818,204,3.27147716833247
5.49090909090909,204,3.17814622695446
5.6,204,3.056879140158
5.70909090909091,204,2.91109449267505
5.81818181818182,204,2.74421086923755
5.92727272727273,204,2.55964685457745
6.03636363636364,204,2.36082103342671
6.14545454545455,204,2.15115199051727
6.25454545454545,204,1.93405831058108
6.36363636363636,204,1.71295857835009
6.47272727272727,204,1.49127137855625
6.58181818181818,204,1.27241529593151
6.69090909090909,204,1.05980891520782
6.8,204,0.856870821117136
6.90909090909091,204,0.666410177083452
7.01818181818182,204,0.488798461298988
7.12727272727273,204,0.323797730648022
7.23636363636364,204,0.171170042014828
7.34545454545455,204,0.0306774522836749
7.45454545454546,204,-0.0979179816611609
7.56363636363636,204,-0.214854202935406
7.67272727272727,204,-0.320369154654785
7.78181818181818,204,-0.414700779935027
7.89090909090909,204,-0.498087021891856
8,204,-0.570765823641001
8.10909090909091,204,-0.632975128298184
8.21818181818182,204,-0.684952878979136
8.32727272727273,204,-0.726937018799581
8.43636363636364,204,-0.759165490875249
8.54545454545455,204,-0.781876238321859
8.65454545454546,204,-0.795307204255144
8.76363636363637,204,-0.799696331790825
8.87272727272727,204,-0.795281564044634
8.98181818181818,204,-0.782300844132293
9.09090909090909,204,-0.760992115169532
9.2,204,-0.731593320272074
9.30909090909091,204,-0.694342402555648
9.41818181818182,204,-0.649477305135977
9.52727272727273,204,-0.597235971128789
9.63636363636364,204,-0.53785634364981
9.74545454545455,204,-0.471576365814769
9.85454545454546,204,-0.39863398073939
9.96363636363636,204,-0.319267131539397
10.0727272727273,204,-0.233713761330523
10.1818181818182,204,-0.142211813228491
10.2909090909091,204,-0.0449992303490243
10.4,204,0.0576860441921488
10.5090909090909,204,0.165606067279302
10.6181818181818,204,0.278522895796708
10.7272727272727,204,0.396198586628639
10.8363636363636,204,0.518395196659372
10.9454545454545,204,0.644874782773177
11.0545454545455,204,0.775399401854334
11.1636363636364,204,0.90973111078711
11.2727272727273,204,1.04763196645578
11.3818181818182,204,1.18886402574462
11.4909090909091,204,1.3331893455379
11.6,204,1.4803699827199
11.7090909090909,204,1.63016799417489
11.8181818181818,204,1.78234543678714
11.9272727272727,204,1.93666436744093
12.0363636363636,204,2.09288684302053
12.1454545454545,204,2.25077492041022
12.2545454545455,204,2.41009065649426
12.3636363636364,204,2.57059610815694
12.4727272727273,204,2.73205333228251
12.5818181818182,204,2.89422438575527
12.6909090909091,204,3.05687132545949
12.8,204,3.21975620827942
2,215.333333333333,-8.78671456546544
2.10909090909091,215.333333333333,-8.09618430119609
2.21818181818182,215.333333333333,-7.40789770949796
2.32727272727273,215.333333333333,-6.72409846294227
2.43636363636364,215.333333333333,-6.04703023410023
2.54545454545455,215.333333333333,-5.37893669554307
2.65454545454545,215.333333333333,-4.722061519842
2.76363636363636,215.333333333333,-4.07864837956823
2.87272727272727,215.333333333333,-3.450940947293
2.98181818181818,215.333333333333,-2.84118289558752
3.09090909090909,215.333333333333,-2.251617897023
3.2,215.333333333333,-1.68448962417066
3.30909090909091,215.333333333333,-1.14204174960174
3.41818181818182,215.333333333333,-0.626517945887428
3.52727272727273,215.333333333333,-0.140161885598956
3.63636363636364,215.333333333333,0.314943603833897
3.74545454545455,215.333333333333,0.737936772012972
3.85454545454545,215.333333333333,1.1285160711329
3.96363636363636,215.333333333333,1.4863828846673
4.07272727272727,215.333333333333,1.8112385960898
4.18181818181818,215.333333333333,2.10278458887403
4.29090909090909,215.333333333333,2.36072224649361
4.4,215.333333333333,2.58475295242216
4.50909090909091,215.333333333333,2.77457809013331
4.61818181818182,215.333333333333,2.92989904310069
4.72727272727273,215.333333333333,3.05041719479791
4.83636363636364,215.333333333333,3.13583392869862
4.94545454545455,215.333333333333,3.18585062827642
5.05454545454545,215.333333333333,3.20016867700495
5.16363636363636,215.333333333333,3.17860560780639
5.27272727272727,215.333333333333,3.12283700615173
5.38181818181818,215.333333333333,3.03603282344924
5.49090909090909,215.333333333333,2.92140533962345
5.6,215.333333333333,2.78216683459887
5.70909090909091,215.333333333333,2.62152958830001
5.81818181818182,215.333333333333,2.44270588065138
5.92727272727273,215.333333333333,2.24890799157751
6.03636363636364,215.333333333333,2.0433482010029
6.14545454545455,215.333333333333,1.82923878885208
6.25454545454545,215.333333333333,1.60979203504955
6.36363636363636,215.333333333333,1.38822021951984
6.47272727272727,215.333333333333,1.16773562218745
6.58181818181818,215.333333333333,0.951550522976908
6.69090909090909,215.333333333333,0.74287720181272
6.8,215.333333333333,0.544927938619407
6.90909090909091,215.333333333333,0.360337402007109
7.01818181818182,215.333333333333,0.18942981532846
7.12727272727273,215.333333333333,0.0319517906217329
7.23636363636364,215.333333333333,-0.112350060074808
7.34545454545455,215.333333333333,-0.2437291247229
7.45454545454546,215.333333333333,-0.362438791284278
7.56363636363636,215.333333333333,-0.468732447720672
7.67272727272727,215.333333333333,-0.562863481993817
7.78181818181818,215.333333333333,-0.645085282065451
7.89090909090909,215.333333333333,-0.715651235897306
8,215.333333333333,-0.774814731451116
8.10909090909091,215.333333333333,-0.822829156688615
8.21818181818182,215.333333333333,-0.859947899571537
8.32727272727273,215.333333333333,-0.88642434806162
8.43636363636364,215.333333333333,-0.902511890120597
8.54545454545455,215.333333333333,-0.908463913710197
8.65454545454546,215.333333333333,-0.904533806792161
8.76363636363637,215.333333333333,-0.890974957328218
8.87272727272727,215.333333333333,-0.868040753280109
8.98181818181818,215.333333333333,-0.835984582609561
9.09090909090909,215.333333333333,-0.795059833278314
9.2,215.333333333333,-0.745519893248098
9.30909090909091,215.333333333333,-0.68761815048065
9.41818181818182,215.333333333333,-0.621607992937704
9.52727272727273,215.333333333333,-0.547742808580994
9.63636363636364,215.333333333333,-0.466275985372254
9.74545454545455,215.333333333333,-0.377460911273218
9.85454545454546,215.333333333333,-0.281550974245621
9.96363636363636,215.333333333333,-0.178799562251197
10.0727272727273,215.333333333333,-0.0694600632516818
10.1818181818182,215.333333333333,0.0462141347911904
10.2909090909091,215.333333333333,0.167969643915687
10.4,215.333333333333,0.295553076160075
10.5090909090909,215.333333333333,0.428711043562619
10.6181818181818,215.333333333333,0.567190158161581
10.7272727272727,215.333333333333,0.710737031995231
10.8363636363636,215.333333333333,0.859098277101832
10.9454545454545,215.333333333333,1.01202050551965
11.0545454545455,215.333333333333,1.16925032928695
11.1636363636364,215.333333333333,1.330534360442
11.2727272727273,215.333333333333,1.49561921102307
11.3818181818182,215.333333333333,1.66425149306842
11.4909090909091,215.333333333333,1.83617781861631
11.6,215.333333333333,2.01114479970502
11.7090909090909,215.333333333333,2.1888990483728
11.8181818181818,215.333333333333,2.36918717665793
11.9272727272727,215.333333333333,2.55175579659866
12.0363636363636,215.333333333333,2.73635152023327
12.1454545454545,215.333333333333,2.92272095960002
12.2545454545455,215.333333333333,3.11061072673718
12.3636363636364,215.333333333333,3.29976743368301
12.4727272727273,215.333333333333,3.48993769247577
12.5818181818182,215.333333333333,3.68086811515374
12.6909090909091,215.333333333333,3.87230531375518
12.8,215.333333333333,4.06399590031835
2,226.666666666667,-9.22705827956724
2.10909090909091,226.666666666667,-8.46586176574892
2.21818181818182,226.666666666667,-7.70756378530613
2.32727272727273,226.666666666667,-6.9550628716144
2.43636363636364,226.666666666667,-6.21125755804925
2.54545454545455,226.666666666667,-5.47904637798622
2.65454545454545,226.666666666667,-4.76132786480084
2.76363636363636,226.666666666667,-4.06100055186862
2.87272727272727,226.666666666667,-3.3809629725651
2.98181818181818,226.666666666667,-2.72411366026582
3.09090909090909,226.666666666667,-2.0933511483463
3.2,226.666666666667,-1.49157397018206
3.30909090909091,226.666666666667,-0.921680659148642
3.41818181818182,226.666666666667,-0.386569748621568
3.52727272727273,226.666666666667,0.110860228023636
3.63636363636364,226.666666666667,0.568003819183497
3.74545454545455,226.666666666667,0.9844805420478
3.85454545454545,226.666666666667,1.36093067929005
3.96363636363636,226.666666666667,1.69799985477364
4.07272727272727,226.666666666667,1.99633369236197
4.18181818181818,226.666666666667,2.25657781591842
4.29090909090909,226.666666666667,2.4793778493064
4.4,226.666666666667,2.66537941638931
4.50909090909091,226.666666666667,2.81522814103052
4.61818181818182,226.666666666667,2.92956964709345
4.72727272727273,226.666666666667,3.00904955844148
4.83636363636364,226.666666666667,3.05431349893801
4.94545454545455,226.666666666667,3.06600709244644
5.05454545454545,226.666666666667,3.04477596283016
5.16363636363636,226.666666666667,2.99134363286577
5.27272727272727,226.666666666667,2.90767978083063
5.38181818181818,226.666666666667,2.79675632378921
5.49090909090909,226.666666666667,2.66157356762273
5.6,226.666666666667,2.50513181821244
5.70909090909091,226.666666666667,2.33043138143954
5.81818181818182,226.666666666667,2.14047256318529
5.92727272727273,226.666666666667,1.93825566933091
6.03636363636364,226.666666666667,1.72678100575763
6.14545454545455,226.666666666667,1.50904887834669
6.25454545454545,226.666666666667,1.28805959297931
6.36363636363636,226.666666666667,1.06681345553672
6.47272727272727,226.666666666667,0.848310771900155
6.58181818181818,226.666666666667,0.635551847950847
6.69090909090909,226.666666666667,0.431536989570025
6.8,226.666666666667,0.239266502638922
6.90909090909091,226.666666666667,0.0611959612181666
7.01818181818182,226.666666666667,-0.102397987914025
7.12727272727273,226.666666666667,-0.251783429800026
7.23636363636364,226.666666666667,-0.38722844948222
7.34545454545455,226.666666666667,-0.50900113200299
7.45454545454546,226.666666666667,-0.617369562404719
7.56363636363636,226.666666666667,-0.712601825729781
7.67272727272727,226.666666666667,-0.79496600702056
7.78181818181818,226.666666666667,-0.864730191319441
7.89090909090909,226.666666666667,-0.922162463668798
8,226.666666666667,-0.967530909111015
8.10909090909091,226.666666666667,-1.00110361268847
8.21818181818182,226.666666666667,-1.02314865944355
8.32727272727273,226.666666666667,-1.03393413441864
8.43636363636364,226.666666666667,-1.03372812265611
8.54545454545455,226.666666666667,-1.02279870919834
8.65454545454546,226.666666666667,-1.00141397908772
8.76363636363637,226.666666666667,-0.96984201736662
8.87272727272727,226.666666666667,-0.928350909077433
8.98181818181818,226.666666666667,-0.877208739262531
9.09090909090909,226.666666666667,-0.8166835929643
9.2,226.666666666667,-0.74704355522512
9.30909090909091,226.666666666667,-0.668556711087368
9.41818181818182,226.666666666667,-0.581491145593428
9.52727272727273,226.666666666667,-0.486114943785682
9.63636363636364,226.666666666667,-0.382696190706508
9.74545454545455,226.666666666667,-0.271502971398289
9.85454545454546,226.666666666667,-0.152803370903405
9.96363636363636,226.666666666667,-0.0268654742642353
10.0727272727273,226.666666666667,0.106042633476833
10.1818181818182,226.666666666667,0.245652867277424
10.2909090909091,226.666666666667,0.39169714209516
10.4,226.666666666667,0.543907372887656
10.5090909090909,226.666666666667,0.702015474612531
10.6181818181818,226.666666666667,0.865753362227403
10.7272727272727,226.666666666667,1.03485295068989
10.8363636363636,226.666666666667,1.20904615495762
10.9454545454545,226.666666666667,1.3880648899882
11.0545454545455,226.666666666667,1.57164107073926
11.1636363636364,226.666666666667,1.75950661216841
11.2727272727273,226.666666666667,1.95139342923328
11.3818181818182,226.666666666667,2.14703343689148
11.4909090909091,226.666666666667,2.34615855010063
11.6,226.666666666667,2.54850068381835
11.7090909090909,226.666666666667,2.75379175300225
11.8181818181818,226.666666666667,2.96176367260997
11.9272727272727,226.666666666667,3.17214835759912
12.0363636363636,226.666666666667,3.38467772292732
12.1454545454545,226.666666666667,3.59908368355218
12.2545454545455,226.666666666667,3.81509815443132
12.3636363636364,226.666666666667,4.03245305052237
12.4727272727273,226.666666666667,4.25088028678294
12.5818181818182,226.666666666667,4.47011177817066
12.6909090909091,226.666666666667,4.68987943964314
12.8,226.666666666667,4.90991518615799
2,238,-9.64821543879594
2.10909090909091,238,-8.81922890206406
2.21818181818182,238,-7.99377201473476
2.32727272727273,238,-7.17537442621063
2.43636363636364,238,-6.36756578589423
2.54545454545455,238,-5.57387574318816
2.65454545454545,238,-4.79783394749499
2.76363636363636,238,-4.0429700482173
2.87272727272727,238,-3.31281369475768
2.98181818181818,238,-2.6108945365187
3.09090909090909,238,-1.94074222290294
3.2,238,-1.30588640331299
3.30909090909091,238,-0.709856727151423
3.41818181818182,238,-0.156182843820822
3.52727272727273,238,0.351605597276237
3.63636363636364,238,0.810399820638383
3.74545454545455,238,1.22028617030209
3.85454545454545,238,1.58281683906111
3.96363636363636,238,1.89955168981237
4.07272727272727,238,2.17205058545277
4.18181818181818,238,2.40187338887924
4.29090909090909,238,2.59057996298869
4.4,238,2.73973017067805
4.50909090909091,238,2.85088387484421
4.61818181818182,238,2.92560093838412
4.72727272727273,238,2.96544122419468
4.83636363636364,238,2.9719645951728
4.94545454545455,238,2.94673091421542
5.05454545454545,238,2.89130004421944
5.16363636363636,238,2.80727260753428
5.27272727272727,238,2.6969012589171
5.38181818181818,238,2.56296305972531
5.49090909090909,238,2.40824992534415
5.6,238,2.2355537711589
5.70909090909091,238,2.04766651255483
5.81818181818182,238,1.8473800649172
5.92727272727273,238,1.63748634363126
6.03636363636364,238,1.42077726408231
6.14545454545455,238,1.20004474165559
6.25454545454545,238,0.978080691736371
6.36363636363636,238,0.757677029709922
6.47272727272727,238,0.541625670961512
6.58181818181818,238,0.332718530876402
6.69090909090909,238,0.133747524839857
6.8,238,-0.052495431762853
6.90909090909091,238,-0.223730772973761
7.01818181818182,238,-0.379728330544103
7.12727272727273,238,-0.520770285652401
7.23636363636364,238,-0.647138819477186
7.34545454545455,238,-0.75911611319699
7.45454545454546,238,-0.856984347990339
7.56363636363636,238,-0.941025705035763
7.67272727272727,238,-1.01152236551179
7.78181818181818,238,-1.06875651059695
7.89090909090909,238,-1.11301032146978
8,238,-1.14456597930879
8.10909090909091,238,-1.16370566529253
8.21818181818182,238,-1.17071156059952
8.32727272727273,238,-1.16586584640828
8.43636363636364,238,-1.14945070389736
8.54545454545455,238,-1.12174831424526
8.65454545454546,238,-1.08304085863054
8.76363636363637,238,-1.03361051823171
8.87272727272727,238,-0.973739474227304
8.98181818181818,238,-0.903709907795851
9.09090909090909,238,-0.82380400011588
9.2,238,-0.734303932365923
9.30909090909091,238,-0.635491885724504
9.41818181818182,238,-0.527650041370154
9.52727272727273,238,-0.411060580481404
9.63636363636364,238,-0.286005684236783
9.74545454545455,238,-0.152767533814815
9.85454545454546,238,-0.0116283103940339
9.96363636363636,238,0.137129804847034
10.0727272727273,238,0.293224630729853
10.1818181818182,238,0.456373986075899
10.2909090909091,238,0.626295689706646
10.4,238,0.802707560443561
10.5090909090909,238,0.985327417108118
10.6181818181818,238,1.17387307852178
10.7272727272727,238,1.36806236350603
10.8363636363636,238,1.56761309088233
10.9454545454545,238,1.77224307947215
11.0545454545455,238,1.98167014809697
11.1636363636364,238,2.19561211557825
11.2727272727273,238,2.41378680073747
11.3818181818182,238,2.6359120223961
11.4909090909091,238,2.8617055993756
11.6,238,3.09088535049746
11.7090909090909,238,3.32316909458312
11.8181818181818,238,3.55827465045409
11.9272727272727,238,3.79591983693181
12.0363636363636,238,4.03582247283777
12.1454545454545,238,4.27770037699343
12.2545454545455,238,4.52127136822027
12.3636363636364,238,4.76625326533975
12.4727272727273,238,5.01236388717335
12.5818181818182,238,5.25932105254253
12.6909090909091,238,5.50684258026878
12.8,238,5.75464628917355
2,249.333333333333,-10.0513493638496
2.10909090909091,249.333333333333,-9.15751670668238
2.21818181818182,249.333333333333,-8.26781902569851
2.32727272727273,249.333333333333,-7.38639129708138
2.43636363636364,249.333333333333,-6.51736849701432
2.54545454545455,249.333333333333,-5.66488560168071
2.65454545454545,249.333333333333,-4.8330775872639
2.76363636363636,249.333333333333,-4.02607942994725
2.87272727272727,249.333333333333,-3.24802610591414
2.98181818181818,249.333333333333,-2.50305259134791
3.09090909090909,249.333333333333,-1.79529386243193
3.2,249.333333333333,-1.12888489534955
3.30909090909091,249.333333333333,-0.507960666284147
3.41818181818182,249.333333333333,0.0633438485809279
3.52727272727273,249.333333333333,0.580893673062315
3.63636363636364,249.333333333333,1.04109754233994
3.74545454545455,249.333333333333,1.44449184786985
3.85454545454545,249.333333333333,1.79350665668146
3.96363636363636,249.333333333333,2.09058194452562
4.07272727272727,249.333333333333,2.33815768715319
4.18181818181818,249.333333333333,2.53867386031502
4.29090909090909,249.333333333333,2.69457043976198
4.4,249.333333333333,2.8082874012449
4.50909090909091,249.333333333333,2.88226472051466
4.61818181818182,249.333333333333,2.9189423733221
4.72727272727273,249.333333333333,2.92076033541808
4.83636363636364,249.333333333333,2.89015858255345
4.94545454545455,249.333333333333,2.82957709047908
5.05454545454545,249.333333333333,2.74145583494581
5.16363636363636,249.333333333333,2.62823972650388
5.27272727272727,249.333333333333,2.49245261810641
5.38181818181818,249.333333333333,2.33668185328859
5.49090909090909,249.333333333333,2.1635165739819
5.6,249.333333333333,1.97554592211781
5.70909090909091,249.333333333333,1.7753590396278
5.81818181818182,249.333333333333,1.56554506844334
5.92727272727273,249.333333333333,1.34869315049592
6.03636363636364,249.333333333333,1.127392427717
6.14545454545455,249.333333333333,0.904232042038058
6.25454545454545,249.333333333333,0.681801135390572
6.36363636363636,249.333333333333,0.462688849706016
6.47272727272727,249.333333333333,0.249484326915868
6.58181818181818,249.333333333333,0.0447767089515986
6.69090909090909,249.333333333333,-0.148844862255315
6.8,249.333333333333,-0.328791244773398
6.90909090909091,249.333333333333,-0.492954106176782
7.01818181818182,249.333333333333,-0.641148352062052
7.12727272727273,249.333333333333,-0.773669697531387
7.23636363636364,249.333333333333,-0.890813857686979
7.34545454545455,249.333333333333,-0.992876547631015
7.45454545454546,249.333333333333,-1.08015348246568
7.56363636363636,249.333333333333,-1.15294037729317
7.67272727272727,249.333333333333,-1.21153294721565
7.78181818181818,249.333333333333,-1.25622690733534
7.89090909090909,249.333333333333,-1.2873179727544
8,249.333333333333,-1.30510185857503
8.10909090909091,249.333333333333,-1.30987427989942
8.21818181818182,249.333333333333,-1.30193095182974
8.32727272727273,249.333333333333,-1.2815675894682
8.43636363636364,249.333333333333,-1.24907990791698
8.54545454545455,249.333333333333,-1.20476362227826
8.65454545454546,249.333333333333,-1.14891444765423
8.76363636363637,249.333333333333,-1.08182809914708
8.87272727272727,249.333333333333,-1.003800291859
8.98181818181818,249.333333333333,-0.91512674089217
9.09090909090909,249.333333333333,-0.816103161348784
9.2,249.333333333333,-0.707025268331028
9.30909090909091,249.333333333333,-0.588188776941085
9.41818181818182,249.333333333333,-0.459889402281148
9.52727272727273,249.333333333333,-0.3224228594534
9.63636363636364,249.333333333333,-0.176084863560032
9.74545454545455,249.333333333333,-0.0211711297032292
9.85454545454546,249.333333333333,0.14202262701482
9.96363636363636,249.333333333333,0.313200691491931
10.0727272727273,249.333333333333,0.492067348625909
10.1818181818182,249.333333333333,0.678326883314573
10.2909090909091,249.333333333333,0.871683580455737
10.4,249.333333333333,1.07184172494721
10.5090909090909,249.333333333333,1.27850560168681
10.6181818181818,249.333333333333,1.49137949557234
10.7272727272727,249.333333333333,1.71016769150161
10.8363636363636,249.333333333333,1.93457447437245
10.9454545454545,249.333333333333,2.16430412908266
11.0545454545455,249.333333333333,2.39906094053006
11.1636363636364,249.333333333333,2.63854919361245
11.2727272727273,249.333333333333,2.88247317322766
11.3818181818182,249.333333333333,3.13053716427349
11.4909090909091,249.333333333333,3.38244545164775
11.6,249.333333333333,3.63790232024827
11.7090909090909,249.333333333333,3.89661205497284
11.8181818181818,249.333333333333,4.15827894071929
11.9272727272727,249.333333333333,4.42260726238542
12.0363636363636,249.333333333333,4.68930130486906
12.1454545454545,249.333333333333,4.958065353068
12.2545454545455,249.333333333333,5.22860369188007
12.3636363636364,249.333333333333,5.50062060620308
12.4727272727273,249.333333333333,5.77382038093484
12.5818181818182,249.333333333333,6.04790730097315
12.6909090909091,249.333333333333,6.32258565121585
12.8,249.333333333333,6.59755971656073
2,260.666666666667,-10.4366912298196
2.10909090909091,260.666666666667,-9.48091862456677
2.21818181818182,260.666666666667,-8.52986086338806
2.32727272727273,260.666666666667,-7.5882327903576
2.43636363636364,260.666666666667,-6.66074924954946
2.54545454545455,260.666666666667,-5.7521250850378
2.65454545454545,260.666666666667,-4.86707514089672
2.76363636363636,260.666666666667,-4.01031426120032
2.87272727272727,260.666666666667,-3.18655729002273
2.98181818181818,260.666666666667,-2.40051907143806
3.09090909090909,260.666666666667,-1.65691444952044
3.2,260.666666666667,-0.960458268343958
3.30909090909091,260.666666666667,-0.315865371982754
3.41818181818182,260.666666666667,0.272149395489068
3.52727272727273,260.666666666667,0.798871189997395
3.63636363636364,260.666666666667,1.26024682508132
3.74545454545455,260.666666666667,1.65724617501438
3.85454545454545,260.666666666667,1.9931435810073
3.96363636363636,260.666666666667,2.27122544247194
4.07272727272727,260.666666666667,2.49477815882016
4.18181818181818,260.666666666667,2.6670881294638
4.29090909090909,260.666666666667,2.79144175381474
4.4,260.666666666667,2.87112543128483
4.50909090909091,260.666666666667,2.90942556128593
4.61818181818182,260.666666666667,2.90962854322989
4.72727272727273,260.666666666667,2.87502077652858
4.83636363636364,260.666666666667,2.80888866059385
4.94545454545455,260.666666666667,2.71451859483756
5.05454545454545,260.666666666667,2.59519697867157
5.16363636363636,260.666666666667,2.45418061963063
5.27272727272727,260.666666666667,2.29425294148941
5.38181818181818,260.666666666667,2.11781664221006
5.49090909090909,260.666666666667,1.92726363554298
5.6,260.666666666667,1.72498583523855
5.70909090909091,260.666666666667,1.51337515504716
5.81818181818182,260.666666666667,1.29482350871919
5.92727272727273,260.666666666667,1.07172281000503
6.03636363636364,260.666666666667,0.846464972655074
6.14545454545455,260.666666666667,0.621441910419698
6.25454545454545,260.666666666667,0.399045537049292
6.36363636363636,260.666666666667,0.181667766294242
6.47272727272727,260.666666666667,-0.0282994880950634
6.58181818181818,260.666666666667,-0.228464312368241
6.69090909090909,260.666666666667,-0.416434792774901
6.8,260.666666666667,-0.58981901556466
6.90909090909091,260.666666666667,-0.746675168283001
7.01818181818182,260.666666666667,-0.886861843658916
7.12727272727273,260.666666666667,-1.01068773571726
7.23636363636364,260.666666666667,-1.11846153848289
7.34545454545455,260.666666666667,-1.21049194598068
7.45454545454546,260.666666666667,-1.28708765223547
7.56363636363636,260.666666666667,-1.34855735127213
7.67272727272727,260.666666666667,-1.39520973711552
7.78181818181818,260.666666666667,-1.42735350379051
7.89090909090909,260.666666666667,-1.44529734532194
8,260.666666666667,-1.44934995573468
8.10909090909091,260.666666666667,-1.43982002905358
8.21818181818182,260.666666666667,-1.41701625930352
8.32727272727273,260.666666666667,-1.38124734050934
8.43636363636364,260.666666666667,-1.33282196669592
8.54545454545455,260.666666666667,-1.27204883188809
8.65454545454546,260.666666666667,-1.19923663011074
8.76363636363637,260.666666666667,-1.11469405538871
8.87272727272727,260.666666666667,-1.01872980174688
8.98181818181818,260.666666666667,-0.911652563210085
9.09090909090909,260.666666666667,-0.793771033803204
9.2,260.666666666667,-0.665393907551086
9.30909090909091,260.666666666667,-0.526829878478595
9.41818181818182,260.666666666667,-0.37838764061059
9.52727272727273,260.666666666667,-0.22037588797193
9.63636363636364,260.666666666667,-0.0531033145874775
9.74545454545455,260.666666666667,0.123121385517911
9.85454545454546,260.666666666667,0.307989518319373
9.96363636363636,260.666666666667,0.501192389792051
10.0727272727273,260.666666666667,0.702421305911082
10.1818181818182,260.666666666667,0.911367572651606
10.2909090909091,260.666666666667,1.12772249598877
10.4,260.666666666667,1.35117738189771
10.5090909090909,260.666666666667,1.58142353635356
10.6181818181818,260.666666666667,1.81815226533147
10.7272727272727,260.666666666667,2.06105487480658
10.8363636363636,260.666666666667,2.30982267075402
10.9454545454545,260.666666666667,2.56414695914893
11.0545454545455,260.666666666667,2.82371904596647
11.1636363636364,260.666666666667,3.08823023718176
11.2727272727273,260.666666666667,3.35737183876995
11.3818181818182,260.666666666667,3.63083515670618
11.4909090909091,260.666666666667,3.90831149696558
11.6,260.666666666667,4.18949216552331
11.7090909090909,260.666666666667,4.47406846835448
11.8181818181818,260.666666666667,4.76173171143426
11.9272727272727,260.666666666667,5.05217320073777
12.0363636363636,260.666666666667,5.34508424224017
12.1454545454545,260.666666666667,5.64015614191658
12.2545454545455,260.666666666667,5.93708020574215
12.3636363636364,260.666666666667,6.23554773969202
12.4727272727273,260.666666666667,6.53525004974133
12.5818181818182,260.666666666667,6.83587844186522
12.6909090909091,260.666666666667,7.13712422203883
12.8,260.666666666667,7.4386786962373
2,272,-10.8044721024083
2.10909090909091,272,-9.78962797892157
2.21818181818182,272,-8.78005343914463
2.32727272727273,272,-7.78101806678726
2.43636363636364,272,-6.79779144555921
2.54545454545455,272,-5.83564315917029
2.65454545454545,272,-4.89984279133027
2.76363636363636,272,-3.99565992574891
2.87272727272727,272,-3.12836414613602
2.98181818181818,272,-2.30322503620136
3.09090909090909,272,-1.52551217965471
3.2,272,-0.800495160205851
3.30909090909091,272,-0.133443561564569
3.41818181818182,272,0.470373032559364
3.52727272727273,272,1.00568503845617
3.63636363636364,272,1.46799764858928
3.74545454545455,272,1.85869787057235
3.85454545454545,272,2.18187115610741
3.96363636363636,272,2.44161707659637
4.07272727272727,272,2.64203520344112
4.18181818181818,272,2.7872251080436
4.29090909090909,272,2.8812863618057
4.4,272,2.92831853612935
4.50909090909091,272,2.93242120241646
4.61818181818182,272,2.89769393206893
4.72727272727273,272,2.82823629648868
4.83636363636364,272,2.72814786707763
4.94545454545455,272,2.60152821523768
5.05454545454545,272,2.45247691237075
5.16363636363636,272,2.28503069244495
5.27272727272727,272,2.10222107368696
5.38181818181818,272,1.9062711148617
5.49090909090909,272,1.69938097479464
5.6,272,1.48375081231125
5.70909090909091,272,1.26158078623699
5.81818181818182,272,1.03507105539734
5.92727272727273,272,0.806421778617777
6.03636363636364,272,0.577833114723763
6.14545454545455,272,0.351505222540778
6.25454545454545,272,0.129638260894287
6.36363636363636,272,-0.0855676113902372
6.47272727272727,272,-0.291912235487321
6.58181818181818,272,-0.487195452571496
6.69090909090909,272,-0.66921710381729
6.8,272,-0.83577703039923
6.90909090909091,272,-0.985095287488482
7.01818181818182,272,-1.11707278624276
7.12727272727273,272,-1.23203065181642
7.23636363636364,272,-1.33029000936381
7.34545454545455,272,-1.41217198403928
7.45454545454546,272,-1.47799770099718
7.56363636363636,272,-1.52808828539187
7.67272727272727,272,-1.56276486237769
7.78181818181818,272,-1.582348557109
7.89090909090909,272,-1.58716049474014
8,272,-1.57752180042548
8.10909090909091,272,-1.55375359931935
8.21818181818182,272,-1.51617701657612
8.32727272727273,272,-1.46511317735013
8.43636363636364,272,-1.40088320679573
8.54545454545455,272,-1.32380823006728
8.65454545454546,272,-1.23420937231913
8.76363636363637,272,-1.13240775870563
8.87272727272727,272,-1.01872451438113
8.98181818181818,272,-0.893480764499974
9.09090909090909,272,-0.756997634216526
9.2,272,-0.609596248685132
9.30909090909091,272,-0.451597733060141
9.41818181818182,272,-0.28332321249591
9.52727272727273,272,-0.105093812146784
9.63636363636364,272,0.0827693428328814
9.74545454545455,272,0.279945127288736
9.85454545454546,272,0.486112416066429
9.96363636363636,272,0.700950084011609
10.0727272727273,272,0.924137005969921
10.1818181818182,272,1.15535205678702
10.2909090909091,272,1.39427411130855
10.4,272,1.64058204438016
10.5090909090909,272,1.8939547308475
10.6181818181818,272,2.15407104555622
10.7272727272727,272,2.42060986335196
10.8363636363636,272,2.69325005908039
10.9454545454545,272,2.97167050758713
11.0545454545455,272,3.25555008371785
11.1636363636364,272,3.54456766231819
11.2727272727273,272,3.8384021182338
11.3818181818182,272,4.13673232631033
11.4909090909091,272,4.43923716139343
11.6,272,4.74559549832875
11.7090909090909,272,5.05548621196192
11.8181818181818,272,5.36858817713861
11.9272727272727,272,5.68458026870447
12.0363636363636,272,6.00314136150513
12.1454545454545,272,6.32395033038626
12.2545454545455,272,6.64668605019349
12.3636363636364,272,6.97102739577248
12.4727272727273,272,7.29665324196887
12.5818181818182,272,7.62324246362832
12.6909090909091,272,7.95047393559647
12.8,272,8.27802653271898
2,283.333333333333,-11.1549230473181
2.10909090909091,283.333333333333,-10.0838380929511
2.21818181818182,283.333333333333,-9.01855266430944
2.32727272727273,283.333333333333,-7.96486628711835
2.43636363636364,283.333333333333,-6.92857848710311
2.54545454545455,283.333333333333,-5.91548878998903
2.65454545454545,283.333333333333,-4.93139672150139
2.76363636363636,283.333333333333,-3.98210180736547
2.87272727272727,283.333333333333,-3.07340357330657
2.98181818181818,283.333333333333,-2.21110154504998
3.09090909090909,283.333333333333,-1.40099524832099
3.2,283.333333333333,-0.648884208844865
3.30909090909091,283.333333333333,0.039432047653083
3.41818181818182,283.333333333333,0.658153995447575
3.52727272727273,283.333333333333,1.20148210881333
3.63636363636364,283.333333333333,1.66449999259057
3.74545454545455,283.333333333333,2.04899565338044
3.85454545454545,283.333333333333,2.35983292605055
3.96363636363636,283.333333333333,2.60189173984391
4.07272727272727,283.333333333333,2.78005202400353
4.18181818181818,283.333333333333,2.89919370777242
4.29090909090909,283.333333333333,2.96419672039356
4.4,283.333333333333,2.97994099110998
4.50909090909091,283.333333333333,2.95130644916467
4.61818181818182,283.333333333333,2.88317302380064
4.72727272727273,283.333333333333,2.78042064426089
4.83636363636364,283.333333333333,2.64792923978843
4.94545454545455,283.333333333333,2.49057873962626
5.05454545454545,283.333333333333,2.31324907301739
5.16363636363636,283.333333333333,2.12072535047726
5.27272727272727,283.333333333333,1.91627585931993
5.38181818181818,283.333333333333,1.70194895961548
5.49090909090909,283.333333333333,1.4797584565041
5.6,283.333333333333,1.25171815512599
5.70909090909091,283.333333333333,1.01984186062135
5.81818181818182,283.333333333333,0.78614337813039
5.92727272727273,283.333333333333,0.552636512793304
6.03636363636364,283.333333333333,0.321335069750295
6.14545454545455,283.333333333333,0.0942528541415654
6.25454545454545,283.333333333333,-0.126596328892683
6.36363636363636,283.333333333333,-0.339198674212254
6.47272727272727,283.333333333333,-0.54154037667694
6.58181818181818,283.333333333333,-0.731607631146544
6.69090909090909,283.333333333333,-0.907386632480864
6.8,283.333333333333,-1.0668635755397
6.90909090909091,283.333333333333,-1.20841579198929
7.01818181818182,283.333333333333,-1.33198516072166
7.12727272727273,283.333333333333,-1.43790469743528
7.23636363636364,283.333333333333,-1.52650741782862
7.34545454545455,283.333333333333,-1.59812633760013
7.45454545454546,283.333333333333,-1.65309447244829
7.56363636363636,283.333333333333,-1.69174483807157
7.67272727272727,283.333333333333,-1.71441045016843
7.78181818181818,283.333333333333,-1.72142432443735
7.89090909090909,283.333333333333,-1.71311947657677
8,283.333333333333,-1.68982892228518
8.10909090909091,283.333333333333,-1.65188567726104
8.21818181818182,283.333333333333,-1.59962275720282
8.32727272727273,283.333333333333,-1.53337317780899
8.43636363636364,283.333333333333,-1.453469954778
8.54545454545455,283.333333333333,-1.36024610380833
8.65454545454546,283.333333333333,-1.25403464059846
8.76363636363637,283.333333333333,-1.13516858084683
8.87272727272727,283.333333333333,-1.00398094025192
8.98181818181818,283.333333333333,-0.8608047345122
9.09090909090909,283.333333333333,-0.705972979326132
9.2,283.333333333333,-0.539818690392189
9.30909090909091,283.333333333333,-0.362674883408829
9.41818181818182,283.333333333333,-0.174874574074527
9.52727272727273,283.333333333333,0.0232492219122543
9.63636363636364,283.333333333333,0.231363488853046
9.74545454545455,283.333333333333,0.449135211049384
9.85454545454546,283.333333333333,0.676231372802797
9.96363636363636,283.333333333333,0.912318958414824
10.0727272727273,283.333333333333,1.15706495218699
10.1818181818182,283.333333333333,1.41013633842082
10.2909090909091,283.333333333333,1.67120010141788
10.4,283.333333333333,1.93992322547967
10.5090909090909,283.333333333333,2.21597269490774
10.6181818181818,283.333333333333,2.49901549400361
10.7272727272727,283.333333333333,2.78871860706883
10.8363636363636,283.333333333333,3.08474901840492
10.9454545454545,283.333333333333,3.38677371231341
11.0545454545455,283.333333333333,3.69445967309584
11.1636363636364,283.333333333333,4.00747388505375
11.2727272727273,283.333333333333,4.32548333248867
11.3818181818182,283.333333333333,4.64815499970212
11.4909090909091,283.333333333333,4.97515587099564
11.6,283.333333333333,5.30615293067077
11.7090909090909,283.333333333333,5.64081316302903
11.8181818181818,283.333333333333,5.97880355237196
11.9272727272727,283.333333333333,6.3197910830011
12.0363636363636,283.333333333333,6.66344273921798
12.1454545454545,283.333333333333,7.00942550532412
12.2545454545455,283.333333333333,7.35740636562107
12.3636363636364,283.333333333333,7.70705230441035
12.4727272727273,283.333333333333,8.05803030599349
12.5818181818182,283.333333333333,8.41000735467205
12.6909090909091,283.333333333333,8.76265043474753
12.8,283.333333333333,9.11562653052148
2,294.666666666667,-11.4882751302514
2.10909090909091,294.666666666667,-10.3637422898598
2.21818181818182,294.666666666667,-9.24551445022373
2.32727272727273,294.666666666667,-8.13989661209885
2.43636363636364,294.666666666667,-7.0531937762407
2.54545454545455,294.666666666667,-5.99171094340486
2.65454545454545,294.666666666667,-4.96175311434692
2.76363636363636,294.666666666667,-3.96962528982242
2.87272727272727,294.666666666667,-3.02163247058697
2.98181818181818,294.666666666667,-2.12407965739614
3.09090909090909,294.666666666667,-1.28327185100551
3.2,294.666666666667,-0.505514052170639
3.30909090909091,294.666666666667,0.202888738352875
3.41818181818182,294.666666666667,0.835631519809464
3.52727272727273,294.666666666667,1.38640929144355
3.63636363636364,294.666666666667,1.84990383681196
3.74545454545455,294.666666666667,2.22828824227529
3.85454545454545,294.666666666667,2.52717243490547
3.96363636363636,294.666666666667,2.75218432515961
4.07272727272727,294.666666666667,2.90895182349484
4.18181818181818,294.666666666667,3.00310284036828
4.29090909090909,294.666666666667,3.04026528623704
4.4,294.666666666667,3.02606707155824
4.50909090909091,294.666666666667,2.96613610678901
4.61818181818182,294.666666666667,2.86610030238646
4.72727272727273,294.666666666667,2.73158756880772
4.83636363636364,294.666666666667,2.5682258165099
4.94545454545455,294.666666666667,2.38164295595012
5.05454545454545,294.666666666667,2.17746689758551
5.16363636363636,294.666666666667,1.96119999925799
5.27272727272727,294.666666666667,1.73633614300918
5.38181818181818,294.666666666667,1.50475386484336
5.49090909090909,294.666666666667,1.26828594543858
5.6,294.666666666667,1.02876516547289
5.70909090909091,294.666666666667,0.788024305624323
5.81818181818182,294.666666666667,0.547896146570938
5.92727272727273,294.666666666667,0.310213468990779
6.03636363636364,294.666666666667,0.0768090535618938
6.14545454545455,294.666666666667,-0.150484319037669
6.25454545454545,294.666666666667,-0.369833868129863
6.36363636363636,294.666666666667,-0.579406813036643
6.47272727272727,294.666666666667,-0.777370373079959
6.58181818181818,294.666666666667,-0.961891767581763
6.69090909090909,294.666666666667,-1.13113821586401
6.8,294.666666666667,-1.28327693724865
6.90909090909091,294.666666666667,-1.41683800998149
7.01818181818182,294.666666666667,-1.53180294800368
7.12727272727273,294.666666666667,-1.62851612418025
7.23636363636364,294.666666666667,-1.70732191137619
7.34545454545455,294.666666666667,-1.76856468245653
7.45454545454546,294.666666666667,-1.81258881028628
7.56363636363636,294.666666666667,-1.83973866773045
7.67272727272727,294.666666666667,-1.85035862765405
7.78181818181818,294.666666666667,-1.84479306292209
7.89090909090909,294.666666666667,-1.82338634639959
8,294.666666666667,-1.78648285095155
8.10909090909091,294.666666666667,-1.73442694944299
8.21818181818182,294.666666666667,-1.66756301473892
8.32727272727273,294.666666666667,-1.58623541970435
8.43636363636364,294.666666666667,-1.49078853720429
8.54545454545455,294.666666666667,-1.38156674010376
8.65454545454546,294.666666666667,-1.25891440126777
8.76363636363637,294.666666666667,-1.12317589356132
8.87272727272727,294.666666666667,-0.974695589849448
8.98181818181818,294.666666666667,-0.813817862997137
9.09090909090909,294.666666666667,-0.640887085869411
9.2,294.666666666667,-0.456247631331288
9.30909090909091,294.666666666667,-0.260243872247768
9.41818181818182,294.666666666667,-0.0532201814838704
9.52727272727273,294.666666666667,0.164479068095398
9.63636363636364,294.666666666667,0.392509503625019
9.74545454545455,294.666666666667,0.630526752239986
9.85454545454546,294.666666666667,0.878186441075285
9.96363636363636,294.666666666667,1.13514419726591
10.0727272727273,294.666666666667,1.40105564794683
10.1818181818182,294.666666666667,1.67557642025305
10.2909090909091,294.666666666667,1.95836214131956
10.4,294.666666666667,2.24906843828134
10.5090909090909,294.666666666667,2.54735093827339
10.6181818181818,294.666666666667,2.85286526843068
10.7272727272727,294.666666666667,3.1652670558882
10.8363636363636,294.666666666667,3.48421192778096
10.9454545454545,294.666666666667,3.80935551124392
11.0545454545455,294.666666666667,4.14035343341209
11.1636363636364,294.666666666667,4.47686132142045
11.2727272727273,294.666666666667,4.81853480240399
11.3818181818182,294.666666666667,5.16502950349769
11.4909090909091,294.666666666667,5.51600105183655
11.6,294.666666666667,5.87110507455555
11.7090909090909,294.666666666667,6.22999719878968
11.8181818181818,294.666666666667,6.59233305167392
11.9272727272727,294.666666666667,6.95776826034328
12.0363636363636,294.666666666667,7.32595845193273
12.1454545454545,294.666666666667,7.69655925357726
12.2545454545455,294.666666666667,8.06922629241187
12.3636363636364,294.666666666667,8.44361519557153
12.4727272727273,294.666666666667,8.81938159019124
12.5818181818182,294.666666666667,9.19618110340599
12.6909090909091,294.666666666667,9.57366936235076
12.8,294.666666666667,9.95150199416054
2,306,-11.8047594169105
2.10909090909091,306,-10.6295338928518
2.21818181818182,306,-9.4610947082287
2.32727272727273,306,-8.30622820247674
2.43636363636364,306,-7.17172071503153
2.54545454545455,306,-6.06435858532865
2.65454545454545,306,-4.99092815280367
2.76363636363636,306,-3.95821575689219
2.87272727272727,306,-2.97300773702978
2.98181818181818,306,-2.04209043265203
3.09090909090909,306,-1.17225018319451
3.2,306,-0.370273328092815
3.30909090909091,306,0.357053793217477
3.41818181818182,306,1.00294484130079
3.52727272727273,306,1.56061347672154
3.63636363636364,306,2.0243591609802
3.74545454545455,306,2.39672435609358
3.85454545454545,306,2.68403322674093
3.96363636363636,306,2.89262972548848
4.07272727272727,306,3.02885780490248
4.18181818181818,306,3.09906141754918
4.29090909090909,306,3.10958451599482
4.4,306,3.06677105280565
4.50909090909091,306,2.9769649805479
4.61818181818182,306,2.84651025178782
4.72727272727273,306,2.68175081909167
4.83636363636364,306,2.48903063502567
4.94545454545455,306,2.27469365215608
5.05454545454545,306,2.04508382304915
5.16363636363636,306,1.80639004431757
5.27272727272727,306,1.56232076937557
5.38181818181818,306,1.31458951891733
5.49090909090909,306,1.06485330636533
5.6,306,0.814769145142054
5.70909090909091,306,0.565994048669981
5.81818181818182,306,0.320185030371594
5.92727272727273,306,0.0789991036693702
6.03636363636364,306,-0.155906718014204
6.14545454545455,306,-0.382875421256648
6.25454545454545,306,-0.600249992635485
6.36363636363636,306,-0.80637341872823
6.47272727272727,306,-0.999588686112403
6.58181818181818,306,-1.17823878136552
6.69090909090909,306,-1.34066669106511
6.8,306,-1.48521540178868
6.90909090909091,306,-1.61056326966113
7.01818181818182,306,-1.71673012899688
7.12727272727273,306,-1.80407118365771
7.23636363636364,306,-1.87294163750541
7.34545454545455,306,-1.92369669440179
7.45454545454546,306,-1.95669155820862
7.56363636363636,306,-1.97228143278769
7.67272727272727,306,-1.97082152200081
7.78181818181818,306,-1.95266702970976
7.89090909090909,306,-1.91817315977633
8,306,-1.86769511606231
8.10909090909091,306,-1.80158810242949
8.21818181818182,306,-1.72020732273967
8.32727272727273,306,-1.62390798085463
8.43636363636364,306,-1.51304528063616
8.54545454545455,306,-1.38797442594606
8.65454545454546,306,-1.24905062064612
8.76363636363637,306,-1.09662906859813
8.87272727272727,306,-0.931064973663875
8.98181818181818,306,-0.752713539705147
9.09090909090909,306,-0.56192997058374
9.2,306,-0.359069470161447
9.30909090909091,306,-0.144487242300054
9.41818181818182,306,0.0814615091386459
9.52727272727273,306,0.318421580292864
9.63636363636364,306,0.566037767300806
9.74545454545455,306,0.823954866300684
9.85454545454546,306,1.09181767343071
9.96363636363636,306,1.36927098482908
10.0727272727273,306,1.65595959663402
10.1818181818182,306,1.95152830498372
10.2909090909091,306,2.25562190601641
10.4,306,2.56788519587029
10.5090909090909,306,2.88796297068357
10.6181818181818,306,3.21550002659445
10.7272727272727,306,3.55014115974115
10.8363636363636,306,3.89153116626188
10.9454545454545,306,4.23931484229484
11.0545454545455,306,4.59313698397824
11.1636363636364,306,4.95264238745031
11.2727272727273,306,5.31747584884923
11.3818181818182,306,5.68728216431323
11.4909090909091,306,6.0617061299805
11.6,306,6.44039254198927
11.7090909090909,306,6.82298619647773
11.8181818181818,306,7.20913188958411
11.9272727272727,306,7.5984744174466
12.0363636363636,306,7.99065857620342
12.1454545454545,306,8.38532916199278
12.2545454545455,306,8.78213097095288
12.3636363636364,306,9.18070879922193
12.4727272727273,306,9.58070744293814
12.5818181818182,306,9.98177169823973
12.6909090909091,306,10.3835463612649
12.8,306,10.7856762281519
2,317.333333333333,-12.1046069729979
2.10909090909091,317.333333333333,-10.8814062251316
2.21818181818182,317.333333333333,-9.66544934966558
2.32727272727273,317.333333333333,-8.46398021900001
2.43636363636364,317.333333333333,-7.28424270553514
2.54545454545455,317.333333333333,-6.13348068167123
2.65454545454545,317.333333333333,-5.0189380198085
2.76363636363636,317.333333333333,-3.9478585923472
2.87272727272727,317.333333333333,-2.92748627168756
2.98181818181818,317.333333333333,-1.96506493022983
3.09090909090909,317.333333333333,-1.06783844037424
3.2,317.333333333333,-0.243050674521027
3.30909090909091,317.333333333333,0.502054494929569
3.41818181818182,317.333333333333,1.16023319557731
3.52727272727273,317.333333333333,1.72424155502197
3.63636363636364,317.333333333333,2.18801594482204
3.74545454545455,317.333333333333,2.55445271367197
3.85454545454545,317.333333333333,2.83055884562569
3.96363636363636,317.333333333333,3.02336283377555
4.07272727272727,317.333333333333,3.13989317121392
4.18181818181818,317.333333333333,3.18717835103316
4.29090909090909,317.333333333333,3.17224686632563
4.4,317.333333333333,3.10212721018372
4.50909090909091,317.333333333333,2.98384787569977
4.61818181818182,317.333333333333,2.82443735596615
4.72727272727273,317.333333333333,2.63092414407523
4.83636363636364,317.333333333333,2.41033673311939
4.94545454545455,317.333333333333,2.16970361619096
5.05454545454545,317.333333333333,1.91605328638234
5.16363636363636,317.333333333333,1.65623089118642
5.27272727272727,317.333333333333,1.39414858303995
5.38181818181818,317.333333333333,1.13135961020934
5.49090909090909,317.333333333333,0.86935040405156
5.6,317.333333333333,0.609607395923588
5.70909090909091,317.333333333333,0.353617017182392
5.81818181818182,317.333333333333,0.102865699184951
5.92727272727273,317.333333333333,-0.141160126711764
6.03636363636364,317.333333333333,-0.376974029150776
6.14545454545455,317.333333333333,-0.603089576775111
6.25454545454545,317.333333333333,-0.818020338227796
6.36363636363636,317.333333333333,-1.02027988215186
6.47272727272727,317.333333333333,-1.20838177719032
6.58181818181818,317.333333333333,-1.3808395919862
6.69090909090909,317.333333333333,-1.53616689518255
6.8,317.333333333333,-1.67287725542237
6.90909090909091,317.333333333333,-1.78979289922429
7.01818181818182,317.333333333333,-1.88697068460932
7.12727272727273,317.333333333333,-1.96477612747408
7.23636363636364,317.333333333333,-2.02357474371517
7.34545454545455,317.333333333333,-2.0637320492292
7.45454545454546,317.333333333333,-2.08561355991278
7.56363636363636,317.333333333333,-2.08958479166251
7.67272727272727,317.333333333333,-2.07601126037502
7.78181818181818,317.333333333333,-2.0452584819469
7.89090909090909,317.333333333333,-1.99769197227476
8,317.333333333333,-1.93367724725522
8.10909090909091,317.333333333333,-1.85357982278488
8.21818181818182,317.333333333333,-1.75776521476036
8.32727272727273,317.333333333333,-1.64659893907826
8.43636363636364,317.333333333333,-1.52044651163519
8.54545454545455,317.333333333333,-1.37967344832775
8.65454545454546,317.333333333333,-1.22464526505257
8.76363636363637,317.333333333333,-1.05572747770624
8.87272727272727,317.333333333333,-0.873285602185386
8.98181818181818,317.333333333333,-0.6776851543866
9.09090909090909,317.333333333333,-0.469291650206501
9.2,317.333333333333,-0.248470605541699
9.30909090909091,317.333333333333,-0.0155875362887931
9.41818181818182,317.333333333333,0.228992041655597
9.52727272727273,317.333333333333,0.484902612394868
9.63636363636364,317.333333333333,0.751778660032409
9.74545454545455,317.333333333333,1.02925466867161
9.85454545454546,317.333333333333,1.31696512241587
9.96363636363636,317.333333333333,1.61454450536857
10.0727272727273,317.333333333333,1.9216273016331
10.1818181818182,317.333333333333,2.23784799531286
10.2909090909091,317.333333333333,2.56284107051123
10.4,317.333333333333,2.89624101133161
10.5090909090909,317.333333333333,3.2376823018774
10.6181818181818,317.333333333333,3.58679942625196
10.7272727272727,317.333333333333,3.94322686855871
10.8363636363636,317.333333333333,4.30659911290103
10.9454545454545,317.333333333333,4.67655064338232
11.0545454545455,317.333333333333,5.05271594410595
11.1636363636364,317.333333333333,5.43472949917533
11.2727272727273,317.333333333333,5.82222579269385
11.3818181818182,317.333333333333,6.21483930876489
11.4909090909091,317.333333333333,6.61220453149185
11.6,317.333333333333,7.01395594497812
11.7090909090909,317.333333333333,7.41972803332708
11.8181818181818,317.333333333333,7.82915528064213
11.9272727272727,317.333333333333,8.24187217102667
12.0363636363636,317.333333333333,8.65751318858408
12.1454545454545,317.333333333333,9.07571281741776
12.2545454545455,317.333333333333,9.49610554163108
12.3636363636364,317.333333333333,9.91832584532746
12.4727272727273,317.333333333333,10.3420082126103
12.5818181818182,317.333333333333,10.7667871275829
12.6909090909091,317.333333333333,11.1922970743487
12.8,317.333333333333,11.6181725370112
2,328.666666666667,-12.388048864216
2.10909090909091,328.666666666667,-11.1195526099036
2.21818181818182,328.666666666667,-9.85873428587561
2.32727272727273,328.666666666667,-8.61327182241663
2.43636363636364,328.666666666667,-7.39084314981108
2.54545454545455,328.666666666667,-6.19912619834345
2.65454545454545,328.666666666667,-5.04579889829823
2.76363636363636,328.666666666667,-3.93853917995988
2.87272727272727,328.666666666667,-2.8850249736129
2.98181818181818,328.666666666667,-1.89293420954176
3.09090909090909,328.666666666667,-0.969944818030937
3.2,328.666666666667,-0.123734729364913
3.30909090909091,328.666666666667,0.638018126171823
3.41818181818182,328.666666666667,1.3076358182948
3.52727272727273,328.666666666667,1.87744041671954
3.63636363636364,328.666666666667,2.34102416806423
3.74545454545455,328.666666666667,2.70162203384714
3.85454545454545,328.666666666667,2.96689283562852
3.96363636363636,328.666666666667,3.14451854296585
4.07272727272727,328.666666666667,3.24218112541659
4.18181818181818,328.666666666667,3.26756255253821
4.29090909090909,328.666666666667,3.22834479388818
4.4,328.666666666667,3.13220981902397
4.50909090909091,328.666666666667,2.98683959750305
4.61818181818182,328.666666666667,2.79991609888288
4.72727272727273,328.666666666667,2.57912129272093
4.83636363636364,328.666666666667,2.33213714857468
4.94545454545455,328.666666666667,2.06664563600159
5.05454545454545,328.666666666667,1.79032872455912
5.16363636363636,328.666666666667,1.51065794539497
5.27272727272727,328.666666666667,1.23173842862319
5.38181818181818,328.666666666667,0.954967827091371
5.49090909090909,328.666666666667,0.681667103264508
5.6,328.666666666667,0.413157219607596
5.70909090909091,328.666666666667,0.150759138585628
5.81818181818182,328.666666666667,-0.10420617733639
5.92727272727273,328.666666666667,-0.350417765693462
6.03636363636364,328.666666666667,-0.586554664020593
6.14545454545455,328.666666666667,-0.811295909852783
6.25454545454545,328.666666666667,-1.02332054072504
6.36363636363636,328.666666666667,-1.22130759417235
6.47272727272727,328.666666666667,-1.40393610772973
6.58181818181818,328.666666666667,-1.56988511893219
6.69090909090909,328.666666666667,-1.71783366531471
6.8,328.666666666667,-1.84646078441231
6.90909090909091,328.666666666667,-1.95472822686702
7.01818181818182,328.666666666667,-2.04272859574909
7.12727272727273,328.666666666667,-2.11083720723577
7.23636363636364,328.666666666667,-2.15942937750434
7.34545454545455,328.666666666667,-2.18888042273207
7.45454545454546,328.666666666667,-2.19956565909623
7.56363636363636,328.666666666667,-2.1918604027741
7.67272727272727,328.666666666667,-2.16613996994294
7.78181818181818,328.666666666667,-2.12277967678003
7.89090909090909,328.666666666667,-2.06215483946264
8,328.666666666667,-1.98464077416804
8.10909090909091,328.666666666667,-1.89061279707349
8.21818181818182,328.666666666667,-1.78044622435628
8.32727272727273,328.666666666667,-1.65451637219367
8.43636363636364,328.666666666667,-1.51319855676294
8.54545454545455,328.666666666667,-1.35686809424134
8.65454545454546,328.666666666667,-1.18590030080617
8.76363636363637,328.666666666667,-1.00067049263469
8.87272727272727,328.666666666667,-0.801553985904169
8.98181818181818,328.666666666667,-0.588926096791874
9.09090909090909,328.666666666667,-0.363162141475085
9.2,328.666666666667,-0.124637436131072
9.30909090909091,328.666666666667,0.1262727030629
9.41818181818182,328.666666666667,0.389192959929552
9.52727272727273,328.666666666667,0.663748018291618
9.63636363636364,328.666666666667,0.949562561971826
9.74545454545455,328.666666666667,1.2462612747929
9.85454545454546,328.666666666667,1.55346884057758
9.96363636363636,328.666666666667,1.87080994314858
10.0727272727273,328.666666666667,2.19790926632863
10.1818181818182,328.666666666667,2.53439149394047
10.2909090909091,328.666666666667,2.87988130980682
10.4,328.666666666667,3.23400339775042
10.5090909090909,328.666666666667,3.59638244159398
10.6181818181818,328.666666666667,3.96664312516024
10.7272727272727,328.666666666667,4.34441013227193
10.8363636363636,328.666666666667,4.72930814675177
10.9454545454545,328.666666666667,5.1209618524225
11.0545454545455,328.666666666667,5.51899593310684
11.1636363636364,328.666666666667,5.92303507262753
11.2727272727273,328.666666666667,6.33270395480728
11.3818181818182,328.666666666667,6.74762726346883
11.4909090909091,328.666666666667,7.16742968243492
11.6,328.666666666667,7.59173589552825
11.7090909090909,328.666666666667,8.02017058657157
11.8181818181818,328.666666666667,8.4523584393876
11.9272727272727,328.666666666667,8.88792413779908
12.0363636363636,328.666666666667,9.32649236562873
12.1454545454545,328.666666666667,9.76768780669928
12.2545454545455,328.666666666667,10.2111351448335
12.3636363636364,328.666666666667,10.656459063854
12.4727272727273,328.666666666667,11.1032842475836
12.5818181818182,328.666666666667,11.551235379845
12.6909090909091,328.666666666667,11.999937144461
12.8,328.666666666667,12.4490142252543
2,340,-12.6553161562671
2.10909090909091,340,-11.3441663703719
2.21818181818182,340,-10.0411054282
2.32727272727273,340,-8.75422217347458
2.43636363636364,340,-7.49160544991889
2.54545454545455,340,-6.26134410125618
2.65454545454545,340,-5.07152697120969
2.76363636363636,340,-3.93024290350266
2.87272727272727,340,-2.84558074185835
2.98181818181818,340,-1.82562932999999
3.09090909090909,340,-0.878477511650836
3.2,340,-0.0122141305341168
3.30909090909091,340,0.765071969626909
3.41818181818182,340,1.445291945109
3.52727272727273,340,2.02035695218893
3.63636363636364,340,2.48353381043354
3.74545454545455,340,2.83838103545573
3.85454545454545,340,3.09317874081817
3.96363636363636,340,3.25623174600439
4.07272727272727,340,3.33584487049794
4.18181818181818,340,3.34032293378235
4.29090909090909,340,3.27797075534116
4.4,340,3.15709315465792
4.50909090909091,340,2.98599495121617
4.61818181818182,340,2.77298096449944
4.72727272727273,340,2.52635601399126
4.83636363636364,340,2.2544249191752
4.94545454545455,340,1.96549249953477
5.05454545454545,340,1.66786357455353
5.16363636363636,340,1.36960661247365
5.27272727272727,340,1.07500915074616
5.38181818181818,340,0.785317857935401
5.49090909090909,340,0.501693268771405
5.6,340,0.225295917984188
5.70909090909091,340,-0.0427136596962291
5.81818181818182,340,-0.301174929539817
5.92727272727273,340,-0.548927356816554
6.03636363636364,340,-0.784810406796422
6.14545454545455,340,-1.00766354474939
6.25454545454545,340,-1.21632623594544
6.36363636363636,340,-1.40963794565455
6.47272727272727,340,-1.58643813914669
6.58181818181818,340,-1.74556628169184
6.69090909090909,340,-1.88586183855998
6.8,340,-2.00616427502108
6.90909090909091,340,-2.10557058078539
7.01818181818182,340,-2.18420784332422
7.12727272727273,340,-2.24246067454917
7.23636363636364,340,-2.2807136863718
7.34545454545455,340,-2.2993514907037
7.45454545454546,340,-2.29875869945646
7.56363636363636,340,-2.27931992454166
7.67272727272727,340,-2.24141977787088
7.78181818181818,340,-2.1854428713557
7.89090909090909,340,-2.11177381690771
8,340,-2.02079722643849
8.10909090909091,340,-1.91289771185962
8.21818181818182,340,-1.78845988508269
8.32727272727273,340,-1.64786835801927
8.43636363636364,340,-1.49150774258096
8.54545454545455,340,-1.31976265067933
8.65454545454546,340,-1.13301769422597
8.76363636363637,340,-0.931657485132461
8.87272727272727,340,-0.716066635310389
8.98181818181818,340,-0.486629756671325
9.09090909090909,340,-0.243731461126862
9.2,340,0.0122436394114162
9.30909090909091,340,0.280910933031933
9.41818181818182,340,0.561885807823102
9.52727272727273,340,0.854783651873342
9.63636363636364,340,1.15921985327107
9.74545454545455,340,1.4748098001047
9.85454545454546,340,1.80116888046265
9.96363636363636,340,2.13791248243334
10.0727272727273,340,2.48465599410518
10.1818181818182,340,2.84101480356659
10.2909090909091,340,3.206604298906
10.4,340,3.58103986821181
10.5090909090909,340,3.96393689957245
10.6181818181818,340,4.35491078107633
10.7272727272727,340,4.75357690081186
10.8363636363636,340,5.15955064686747
10.9454545454545,340,5.57244740733157
11.0545454545455,340,5.99188257029258
11.1636363636364,340,6.41747152383892
11.2727272727273,340,6.848829656059
11.3818181818182,340,7.28557235504124
11.4909090909091,340,7.72731500887406
11.6,340,8.17367300564587
11.7090909090909,340,8.62426173344509
11.8181818181818,340,9.07869658036014
11.9272727272727,340,9.53659293447945
12.0363636363636,340,9.99756618389141
12.1454545454545,340,10.4612317166845
12.2545454545455,340,10.927204920947
12.3636363636364,340,11.3951011847674
12.4727272727273,340,11.8645358962342
12.5818181818182,340,12.3351244434358
12.6909090909091,340,12.8064822144605
12.8,340,13.2782245973968
2,351.333333333333,-12.9066399148536
2.10909090909091,351.333333333333,-11.555440829741
2.21818181818182,351.333333333333,-10.21271868798
2.32727272727273,351.333333333333,-8.88695043292184
2.43636363636364,351.333333333333,-7.58661300791811
2.54545454545455,351.333333333333,-6.32018335632025
2.65454545454545,351.333333333333,-5.09613842147971
2.76363636363636,351.333333333333,-3.92295514674797
2.87272727272727,351.333333333333,-2.80911047547649
2.98181818181818,351.333333333333,-1.76308135101674
3.09090909090909,351.333333333333,-0.793344716720176
3.2,351.333333333333,0.0916224840617298
3.30909090909091,351.333333333333,0.883343307977506
3.41818181818182,351.333333333333,1.57334081167569
3.52727272727273,351.333333333333,2.15313805180483
3.63636363636364,351.333333333333,2.61569485165672
3.74545454545455,351.333333333333,2.96487843733443
3.85454545454545,351.333333333333,3.2095601052634
3.96363636363636,351.333333333333,3.35863733583621
4.07272727272727,351.333333333333,3.42100760944542
4.18181818181818,351.333333333333,3.4055684064836
4.29090909090909,351.333333333333,3.3212172073433
4.4,351.333333333333,3.1768514924171
4.50909090909091,351.333333333333,2.98136874209757
4.61818181818182,351.333333333333,2.74366643677726
4.72727272727273,351.333333333333,2.47264205684874
4.83636363636364,351.333333333333,2.17719308270458
4.94545454545455,351.333333333333,1.86621699473734
5.05454545454545,351.333333333333,1.54861127333959
5.16363636363636,351.333333333333,1.23301229795288
5.27272727272727,351.333333333333,0.923879594029704
5.38181818181818,351.333333333333,0.622313391113394
5.49090909090909,351.333333333333,0.329318765339475
5.6,351.333333333333,0.0459007928434649
5.70909090909091,351.333333333333,-0.226935450239114
5.81818181818182,351.333333333333,-0.48818488777274
5.92727272727273,351.333333333333,-0.736842443621889
6.03636363636364,351.333333333333,-0.971903041651039
6.14545454545455,351.333333333333,-1.19236160572467
6.25454545454545,351.333333333333,-1.39721305970725
6.36363636363636,351.333333333333,-1.58545232746328
6.47272727272727,351.333333333333,-1.75607433285721
6.58181818181818,351.333333333333,-1.90807399975354
6.69090909090909,351.333333333333,-2.04044625201674
6.8,351.333333333333,-2.15218601351128
6.90909090909091,351.333333333333,-2.24252128917546
7.01818181818182,351.333333333333,-2.31161240824282
7.12727272727273,351.333333333333,-2.35985278102069
7.23636363636364,351.333333333333,-2.38763581781644
7.34545454545455,351.333333333333,-2.3953549289374
7.45454545454546,351.333333333333,-2.38340352469094
7.56363636363636,351.333333333333,-2.35217501538439
7.67272727272727,351.333333333333,-2.30206281132511
7.78181818181818,351.333333333333,-2.23346032282044
7.89090909090909,351.333333333333,-2.14676096017774
8,351.333333333333,-2.04235813370434
8.10909090909091,351.333333333333,-1.92064525370761
8.21818181818182,351.333333333333,-1.78201573049488
8.32727272727273,351.333333333333,-1.62686297437351
8.43636363636364,351.333333333333,-1.45558039565085
8.54545454545455,351.333333333333,-1.26856140463424
8.65454545454546,351.333333333333,-1.06619941163104
8.76363636363637,351.333333333333,-0.848887826948582
8.87272727272727,351.333333333333,-0.617020060894238
8.98181818181818,351.333333333333,-0.370989523775332
9.09090909090909,351.333333333333,-0.111189625899227
9.2,351.333333333333,0.161986222426727
9.30909090909091,351.333333333333,0.448144610895193
9.41818181818182,351.333333333333,0.746892129198812
9.52727272727273,351.333333333333,1.05783536703024
9.63636363636364,351.333333333333,1.38058091408213
9.74545454545455,351.333333333333,1.71473536004712
9.85454545454546,351.333333333333,2.05990529461788
9.96363636363636,351.333333333333,2.41569730748706
10.0727272727273,351.333333333333,2.7817179883473
10.1818181818182,351.333333333333,3.15757392689124
10.2909090909091,351.333333333333,3.54287171281156
10.4,351.333333333333,3.9372179358009
10.5090909090909,351.333333333333,4.34021918555191
10.6181818181818,351.333333333333,4.75148205175724
10.7272727272727,351.333333333333,5.17061312410954
10.8363636363636,351.333333333333,5.59721899230147
10.9454545454545,351.333333333333,6.03090624602567
11.0545454545455,351.333333333333,6.4712814749748
11.1636363636364,351.333333333333,6.9179512688415
11.2727272727273,351.333333333333,7.37052221731844
11.3818181818182,351.333333333333,7.82860091009826
11.4909090909091,351.333333333333,8.29179393687361
11.6,351.333333333333,8.75970788733714
11.7090909090909,351.333333333333,9.2319493511815
11.8181818181818,351.333333333333,9.70812491809936
11.9272727272727,351.333333333333,10.1878411777834
12.0363636363636,351.333333333333,10.6707047199261
12.1454545454545,351.333333333333,11.1563221342204
12.2545454545455,351.333333333333,11.6443000103587
12.3636363636364,351.333333333333,12.1342449380337
12.4727272727273,351.333333333333,12.6257635069382
12.5818181818182,351.333333333333,13.1184623067647
12.6909090909091,351.333333333333,13.6119479272059
12.8,351.333333333333,14.1058269579544
2,362.666666666667,-13.1422512056778
2.10909090909091,362.666666666667,-11.7535693112153
2.21818181818182,362.666666666667,-10.3737299765567
2.32727272727273,362.666666666667,-9.01157576150641
2.43636363636364,362.666666666667,-7.6759492258683
2.54545454545455,362.666666666667,-6.37569292944652
2.65454545454545,362.666666666667,-5.11964943204514
2.76363636363636,362.666666666667,-3.91666129346823
2.87272727272727,362.666666666667,-2.77557107351988
2.98181818181818,362.666666666667,-1.70522133200418
3.09090909090909,362.666666666667,-0.714454628725203
3.2,362.666666666667,0.187886476512983
3.30909090909091,362.666666666667,0.992959423906284
3.41818181818182,362.666666666667,1.69192165365062
3.52727272727273,362.666666666667,2.27593060594193
3.63636363636364,362.666666666667,2.73765727146053
3.74545454545455,362.666666666667,3.08126295831988
3.85454545454545,362.666666666667,3.31618047303297
3.96363636363636,362.666666666667,3.45187020540633
4.07272727272727,362.666666666667,3.49779254524648
4.18181818181818,362.666666666667,3.46340788235996
4.29090909090909,362.666666666667,3.35817660655329
4.4,362.666666666667,3.19155910763302
4.50909090909091,362.666666666667,2.97301577540567
4.61818181818182,362.666666666667,2.71200699967777
4.72727272727273,362.666666666667,2.41799317025586
4.83636363636364,362.666666666667,2.10043467694646
4.94545454545455,362.666666666667,1.76879190955612
5.05454545454545,362.666666666667,1.43252525789135
5.16363636363636,362.666666666667,1.10081040736309
5.27272727272727,362.666666666667,0.778268603094695
5.38181818181818,362.666666666667,0.465858114997326
5.49090909090909,362.666666666667,0.164433457735953
5.6,362.666666666667,-0.125150854024462
5.70909090909091,362.666666666667,-0.402040305618952
5.81818181818182,362.666666666667,-0.665380382382551
5.92727272727273,362.666666666667,-0.914316569650292
6.03636363636364,362.666666666667,-1.14799435275721
6.14545454545455,362.666666666667,-1.36555921703834
6.25454545454545,362.666666666667,-1.56615664782872
6.36363636363636,362.666666666667,-1.74893213046337
6.47272727272727,362.666666666667,-1.91303115027734
6.58181818181818,362.666666666667,-2.05759919260566
6.69090909090909,362.666666666667,-2.18178174278337
6.8,362.666666666667,-2.28472428614549
6.90909090909091,362.666666666667,-2.36578168023329
7.01818181818182,362.666666666667,-2.42514627141291
7.12727272727273,362.666666666667,-2.46321977825674
7.23636363636364,362.666666666667,-2.48040391933713
7.34545454545455,362.666666666667,-2.47710041322647
7.45454545454546,362.666666666667,-2.45371097849714
7.56363636363636,362.666666666667,-2.41063733372149
7.67272727272727,362.666666666667,-2.34828119747192
7.78181818181818,362.666666666667,-2.26704428832078
7.89090909090909,362.666666666667,-2.16732832484046
8,362.666666666667,-2.04953502560333
8.10909090909091,362.666666666667,-1.91406610918176
8.21818181818182,362.666666666667,-1.76132329414812
8.32727272727273,362.666666666667,-1.5917082990748
8.43636363636364,362.666666666667,-1.40562284253416
8.54545454545455,362.666666666667,-1.20346864309857
8.65454545454546,362.666666666667,-0.985647419340411
8.76363636363637,362.666666666667,-0.752560889832057
8.87272727272727,362.666666666667,-0.504610773145886
8.98181818181818,362.666666666667,-0.242198787854257
9.09090909090909,362.666666666667,0.034273347470446
9.2,362.666666666667,0.324403914255846
9.30909090909091,362.666666666667,0.627791193929579
9.41818181818182,362.666666666667,0.944033467919267
9.52727272727273,362.666666666667,1.27272901765254
9.63636363636364,362.666666666667,1.61347612455701
9.74545454545455,362.666666666667,1.96587307006033
9.85454545454546,362.666666666667,2.3295181355901
9.96363636363636,362.666666666667,2.70400960257396
10.0727272727273,362.666666666667,3.08894575243953
10.1818181818182,362.666666666667,3.48392486661444
10.2909090909091,362.666666666667,3.88854522652632
10.4,362.666666666667,4.30240511360279
10.5090909090909,362.666666666667,4.72510280927148
10.6181818181818,362.666666666667,5.15623659496002
10.7272727272727,362.666666666667,5.59540475209603
10.8363636363636,362.666666666667,6.04220556210713
10.9454545454545,362.666666666667,6.49623730642096
11.0545454545455,362.666666666667,6.95709826646514
11.1636363636364,362.666666666667,7.4243867236673
11.2727272727273,362.666666666667,7.89770095945507
11.3818181818182,362.666666666667,8.37663925525606
11.4909090909091,362.666666666667,8.86079989249791
11.6,362.666666666667,9.34978115260825
11.7090909090909,362.666666666667,9.84318131701469
11.8181818181818,362.666666666667,10.3405986671449
11.9272727272727,362.666666666667,10.8416314844264
12.0363636363636,362.666666666667,11.3458780502869
12.1454545454545,362.666666666667,11.8529366461541
12.2545454545455,362.666666666667,12.3624055534555
12.3636363636364,362.666666666667,12.8738830536187
12.4727272727273,362.666666666667,13.3869674280715
12.5818181818182,362.666666666667,13.9012569582413
12.6909090909091,362.666666666667,14.416349925556
12.8,362.666666666667,14.931844611443
2,374,-13.3623810944423
2.10909090909091,374,-11.9387451379989
2.21818181818182,374,-10.5242952052716
2.32727272727273,374,-9.12821731997624
2.43636363636364,374,-7.75969750582899
2.54545454545455,374,-6.42792178654583
2.65454545454545,374,-5.14207618584279
2.76363636363636,374,-3.91134672743587
2.87272727272727,374,-2.74491943504111
2.98181818181818,374,-1.65198033237453
3.09090909090909,374,-0.641715443152153
3.2,374,0.276689208910007
3.30909090909091,374,1.09404760009592
3.41818181818182,374,1.80117370668956
3.52727272727273,374,2.38888150497492
3.63636363636364,374,2.84957104957171
3.74545454545455,374,3.18768331724877
3.85454545454545,374,3.41318338819565
3.96363636363636,374,3.53606524765977
4.07272727272727,374,3.56632288088856
4.18181818181818,374,3.51395027312945
4.29090909090909,374,3.38894140962985
4.4,374,3.20129027563719
4.50909090909091,374,2.9609908563989
4.61818181818182,374,2.67803713716241
4.72727272727273,374,2.36242310317513
4.83636363636364,374,2.02414273968449
4.94545454545455,374,1.67319003193791
5.05454545454545,374,1.31955896518283
5.16363636363636,374,0.972936346234716
5.27272727272727,374,0.638095022561991
5.38181818181818,374,0.315855717959165
5.49090909090909,374,0.00692721072806416
5.6,374,-0.287981720829488
5.70909090909091,374,-0.568162298411669
5.81818181818182,374,-0.832905743716649
5.92727272727273,374,-1.0815032784426
6.03636363636364,374,-1.31324612428771
6.14545454545455,374,-1.52742550295014
6.25454545454545,374,-1.72333263612806
6.36363636363636,374,-1.90025874551967
6.47272727272727,374,-2.05749505282312
6.58181818181818,374,-2.19433277973659
6.69090909090909,374,-2.31006314795826
6.8,374,-2.4039773791863
6.90909090909091,374,-2.47555308215494
7.01818181818182,374,-2.52501341374259
7.12727272727273,374,-2.55276791786371
7.23636363636364,374,-2.55922613843276
7.34545454545455,374,-2.54479761936422
7.45454545454546,374,-2.50989190457253
7.56363636363636,374,-2.45491853797217
7.67272727272727,374,-2.38028706347759
7.78181818181818,374,-2.28640702500326
7.89090909090909,374,-2.17368796646365
8,374,-2.04253943177321
8.10909090909091,374,-1.89337096484641
8.21818181818182,374,-1.7265921095977
8.32727272727273,374,-1.54261240994157
8.43636363636364,374,-1.34184140979245
8.54545454545455,374,-1.12468865306482
8.65454545454546,374,-0.891563683673153
8.76363636363637,374,-0.64287604553189
8.87272727272727,374,-0.379035282555514
8.98181818181818,374,-0.10045093865847
9.09090909090909,374,0.192467442244771
9.2,374,0.499310316239738
9.30909090909091,374,0.819668139411987
9.41818181818182,374,1.15313136784704
9.52727272727273,374,1.49929045763044
9.63636363636364,374,1.85773586484773
9.74545454545455,374,2.22805804558444
9.85454545454546,374,2.6098474559261
9.96363636363636,374,3.00269455195826
10.0727272727273,374,3.40618978976645
10.1818181818182,374,3.81992362543621
10.2909090909091,374,4.24348651505308
10.4,374,4.67646891470259
10.5090909090909,374,5.11846128047028
10.6181818181818,374,5.5690540684417
10.7272727272727,374,6.02783773470236
10.8363636363636,374,6.49440273533782
10.9454545454545,374,6.96833952643361
11.0545454545455,374,7.44923856407526
11.1636363636364,374,7.93669030434833
11.2727272727273,374,8.43028520333833
11.3818181818182,374,8.92961371713081
11.4909090909091,374,9.43426630181131
11.6,374,9.94383341346537
11.7090909090909,374,10.4579055081785
11.8181818181818,374,10.9760730420363
11.9272727272727,374,11.4979264711242
12.0363636363636,374,12.0230562515279
12.1454545454545,374,12.5510528393327
12.2545454545455,374,13.0815066906244
12.3636363636364,374,13.6140082614884
12.4727272727273,374,14.1481480080102
12.5818181818182,374,14.6835163862754
12.6909090909091,374,15.2197038523695
12.8,374,15.7563008623781
2,385.333333333333,-13.5672606468493
2.10909090909091,385.333333333333,-12.1111616332964
2.21818181818182,385.333333333333,-10.6645702854656
2.32727272727273,385.333333333333,-9.23699426907934
2.43636363636364,385.333333333333,-7.83794124985973
2.54545454545455,385.333333333333,-6.47691889352905
2.65454545454545,385.333333333333,-5.1634348658095
2.76363636363636,385.333333333333,-3.90699683242331
2.87272727272727,385.333333333333,-2.71711245909273
2.98181818181818,385.333333333333,-1.60328941153997
3.09090909090909,385.333333333333,-0.575035355487266
3.2,385.333333333333,0.358142043343165
3.30909090909091,385.333333333333,1.18673511922908
3.41818181818182,385.333333333333,1.90123620644826
3.52727272727273,385.333333333333,2.49213763927848
3.63636363636364,385.333333333333,2.95158616571703
3.74545454545455,385.333333333333,3.28428823295775
3.85454545454545,385.333333333333,3.50071239482018
3.96363636363636,385.333333333333,3.61135735554156
4.07272727272727,385.333333333333,3.62672181935912
4.18181818181818,385.333333333333,3.55730449051008
4.29090909090909,385.333333333333,3.41360407323168
4.4,385.333333333333,3.20611927176114
4.50909090909091,385.333333333333,2.94534879033571
4.61818181818182,385.333333333333,2.6417913331926
4.72727272727273,385.333333333333,2.30594560456905
4.83636363636364,385.333333333333,1.94831030870229
4.94545454545455,385.333333333333,1.57938414982955
5.05454545454545,385.333333333333,1.20966583218806
5.16363636363636,385.333333333333,0.849325520098173
5.27272727272727,385.333333333333,0.503277697052451
5.38181818181818,385.333333333333,0.17220988837088
5.49090909090909,385.333333333333,-0.143310110916963
5.6,385.333333333333,-0.442714505781513
5.70909090909091,385.333333333333,-0.725435501193196
5.81818181818182,385.333333333333,-0.990905302122438
5.92727272727273,385.333333333333,-1.23855611353967
6.03636363636364,385.333333333333,-1.46782014041531
6.14545454545455,385.333333333333,-1.67812958771979
6.25454545454545,385.333333333333,-1.86891666042355
6.36363636363636,385.333333333333,-2.039613563497
6.47272727272727,385.333333333333,-2.18965250191057
6.58181818181818,385.333333333333,-2.3184656806347
6.69090909090909,385.333333333333,-2.4254853046398
6.8,385.333333333333,-2.51014357889631
6.90909090909091,385.333333333333,-2.57203682313648
7.01818181818182,385.333333333333,-2.61141781613991
7.12727272727273,385.333333333333,-2.62870345144802
7.23636363636364,385.333333333333,-2.62431062260222
7.34545454545455,385.333333333333,-2.59865622314394
7.45454545454546,385.333333333333,-2.5521571466146
7.56363636363636,385.333333333333,-2.48523028655562
7.67272727272727,385.333333333333,-2.39829253650842
7.78181818181818,385.333333333333,-2.29176079001442
7.89090909090909,385.333333333333,-2.16605194061505
8,385.333333333333,-2.02158288185173
8.10909090909091,385.333333333333,-1.85877050726587
8.21818181818182,385.333333333333,-1.6780317103989
8.32727272727273,385.333333333333,-1.47978338479224
8.43636363636364,385.333333333333,-1.2644424239873
8.54545454545455,385.333333333333,-1.03242572152552
8.65454545454546,385.333333333333,-0.784150170948316
8.76363636363637,385.333333333333,-0.520032665797099
8.87272727272727,385.333333333333,-0.240490099613306
8.98181818181818,385.333333333333,0.0540606340616562
9.09090909090909,385.333333333333,0.36320264168636
9.2,385.333333333333,0.686519029719383
9.30909090909091,385.333333333333,1.02359290461931
9.41818181818182,385.333333333333,1.37400737284471
9.52727272727273,385.333333333333,1.73734554085417
9.63636363636364,385.333333333333,2.11319051510627
9.74545454545455,385.333333333333,2.50112540205959
9.85454545454546,385.333333333333,2.9007333081727
9.96363636363636,385.333333333333,3.31159733990418
10.0727272727273,385.333333333333,3.73330060371261
10.1818181818182,385.333333333333,4.16542620605656
10.2909090909091,385.333333333333,4.60755725339464
10.4,385.333333333333,5.0592768521854
10.5090909090909,385.333333333333,5.52016810888742
10.6181818181818,385.333333333333,5.9898141299593
10.7272727272727,385.333333333333,6.46779802185959
10.8363636363636,385.333333333333,6.95370289104689
10.9454545454545,385.333333333333,7.44711184397977
11.0545454545455,385.333333333333,7.9476079871168
11.1636363636364,385.333333333333,8.45477442691659
11.2727272727273,385.333333333333,8.96819426983769
11.3818181818182,385.333333333333,9.48745062233868
11.4909090909091,385.333333333333,10.0121265908782
11.6,385.333333333333,10.5418052819147
11.7090909090909,385.333333333333,11.0760698019068
11.8181818181818,385.333333333333,11.6145032573132
11.9272727272727,385.333333333333,12.1566887545924
12.0363636363636,385.333333333333,12.7022094002029
12.1454545454545,385.333333333333,13.2506483006034
12.2545454545455,385.333333333333,13.8015885622524
12.3636363636364,385.333333333333,14.3546132916085
12.4727272727273,385.333333333333,14.9093055951303
12.5818181818182,385.333333333333,15.4652485792764
12.6909090909091,385.333333333333,16.0220253505053
12.8,385.333333333333,16.5792190152756
2,396.666666666667,-13.7571209286013
2.10909090909091,396.666666666667,-12.2710121203119
2.21818181818182,396.666666666667,-10.7947111284802
2.32727272727273,396.666666666667,-9.33802576956367
2.43636363636364,396.666666666667,-7.91076386002007
2.54545454545455,396.666666666667,-6.522733216307
2.65454545454545,396.666666666667,-5.18374165488211
2.76363636363636,396.666666666667,-3.90359699220299
2.87272727272727,396.666666666667,-2.69210704472731
2.98181818181818,396.666666666667,-1.5590796289127
3.09090909090909,396.666666666667,-0.514322561216782
3.2,396.666666666667,0.432356341902816
3.30909090909091,396.666666666667,1.27114926398845
3.41818181818182,396.666666666667,1.99224838858249
3.52727272727273,396.666666666667,2.58584589922731
3.63636363636364,396.666666666667,3.04385259962324
3.74545454545455,396.666666666667,3.37122642428349
3.85454545454545,396.666666666667,3.57891103697534
3.96363636363636,396.666666666667,3.67788142199673
4.07272727272727,396.666666666667,3.67911256364559
4.18181818181818,396.666666666667,3.59357944621987
4.29090909090909,396.666666666667,3.43225705401749
4.4,396.666666666667,3.20612037133639
4.50909090909091,396.666666666667,2.92614438247451
4.61818181818182,396.666666666667,2.60330407172978
4.72727272727273,396.666666666667,2.24857442340014
4.83636363636364,396.666666666667,1.87293042178352
4.94545454545455,396.666666666667,1.48734705117786
5.05454545454545,396.666666666667,1.10279929588109
5.16363636363636,396.666666666667,0.72991333448389
5.27272727272727,396.666666666667,0.37373547118694
5.38181818181818,396.666666666667,0.0348243146044506
5.49090909090909,396.666666666667,-0.286388642431895
5.6,396.666666666667,-0.589471907090424
5.70909090909091,396.666666666667,-0.873993986539457
5.81818181818182,396.666666666667,-1.13952338794731
5.92727272727273,396.666666666667,-1.38562861848232
6.03636363636364,396.666666666667,-1.61187818531278
6.14545454545455,396.666666666667,-1.81784059560704
6.25454545454545,396.666666666667,-2.0030843565334
6.36363636363636,396.666666666667,-2.16717797526019
6.47272727272727,396.666666666667,-2.30968995895574
6.58181818181818,396.666666666667,-2.43018881478835
6.69090909090909,396.666666666667,-2.52824304992636
6.8,396.666666666667,-2.60342117153809
6.90909090909091,396.666666666667,-2.65543423137397
7.01818181818182,396.666666666667,-2.68456345951294
7.12727272727273,396.666666666667,-2.69123263061606
7.23636363636364,396.666666666667,-2.67586551934437
7.34545454545455,396.666666666667,-2.63888590035894
7.45454545454546,396.666666666667,-2.58071754832081
7.56363636363636,396.666666666667,-2.50178423789104
7.67272727272727,396.666666666667,-2.40250974373068
7.78181818181818,396.666666666667,-2.28331784050079
7.89090909090909,396.666666666667,-2.14463230286242
8,396.666666666667,-1.98687690547663
8.10909090909091,396.666666666667,-1.81047542300446
8.21818181818182,396.666666666667,-1.61585163010698
8.32727272727273,396.666666666667,-1.40342930144523
8.43636363636364,396.666666666667,-1.17363221168028
8.54545454545455,396.666666666667,-0.926884135473165
8.65454545454546,396.666666666667,-0.663608847484953
8.76363636363637,396.666666666667,-0.384230122376687
8.87272727272727,396.666666666667,-0.0891717348094405
8.98181818181818,396.666666666667,0.221142540555758
9.09090909090909,396.666666666667,0.546288929057839
9.2,396.666666666667,0.885843656035748
9.30909090909091,396.666666666667,1.23938294682844
9.41818181818182,396.666666666667,1.60648302677486
9.52727272727273,396.666666666667,1.98672012121395
9.63636363636364,396.666666666667,2.37967045548465
9.74545454545455,396.666666666667,2.78491025492592
9.85454545454546,396.666666666667,3.2020157448767
9.96363636363636,396.666666666667,3.63056315067593
10.0727272727273,396.666666666667,4.07012869766256
10.1818181818182,396.666666666667,4.52028861117553
10.2909090909091,396.666666666667,4.98061911655381
10.4,396.666666666667,5.45069643913632
10.5090909090909,396.666666666667,5.93009680426202
10.6181818181818,396.666666666667,6.41839643726986
10.7272727272727,396.666666666667,6.91517156349876
10.8363636363636,396.666666666667,7.4199984082877
10.9454545454545,396.666666666667,7.93245319697559
11.0545454545455,396.666666666667,8.45211215490141
11.1636363636364,396.666666666667,8.97855150740409
11.2727272727273,396.666666666667,9.51134747982258
11.3818181818182,396.666666666667,10.0500762974958
11.4909090909091,396.666666666667,10.5943141857628
11.6,396.666666666667,11.1436373699624
11.7090909090909,396.666666666667,11.6976220754335
11.8181818181818,396.666666666667,12.2558445275153
11.9272727272727,396.666666666667,12.8178809515465
12.0363636363636,396.666666666667,13.3833075728661
12.1454545454545,396.666666666667,13.9517006168131
12.2545454545455,396.666666666667,14.5226363087265
12.3636363636364,396.666666666667,15.0956908739451
12.4727272727273,396.666666666667,15.6704405378079
12.5818181818182,396.666666666667,16.2464615256539
12.6909090909091,396.666666666667,16.823330062822
12.8,396.666666666667,17.4006223746511
2,408,-13.9321930054006
2.10909090909091,408,-12.4184899222499
2.21818181818182,408,-10.9148736456564
2.32727272727273,408,-9.43143098217722
2.43636363636364,408,-7.97824873836954
2.54545454545455,408,-6.56541372079056
2.65454545454545,408,-5.20301273599744
2.76363636363636,408,-3.90113259054734
2.87272727272727,408,-2.66986009099744
2.98181818181818,408,-1.51928204390492
3.09090909090909,408,-0.459485255826941
3.2,408,0.499443466679324
3.30909090909091,408,1.3474173170567
3.41818181818182,408,2.07434948874801
3.52727272727273,408,2.6701531751961
3.63636363636364,408,3.1265203310171
3.74545454545455,408,3.44864661006265
3.85454545454545,408,3.64792285872988
3.96363636363636,408,3.73577233997029
4.07272727272727,408,3.72361831673544
4.18181818181818,408,3.62288405197683
4.29090909090909,408,3.44499280864599
4.4,408,3.20136784969445
4.50909090909091,408,2.90343243807374
4.61818181818182,408,2.56260983673537
4.72727272727273,408,2.19032330863089
4.83636363636364,408,1.7979961167118
4.94545454545455,408,1.39705152392965
5.05454545454545,408,0.998912793235945
5.16363636363636,408,0.614635194922294
5.27272727272727,408,0.249387189586314
5.38181818181818,408,-0.0963973149681586
5.49090909090909,408,-0.422418519049506
5.6,408,-0.72837662296612
5.70909090909091,408,-1.01397182702638
5.81818181818182,408,-1.27890433153867
5.92727272727273,408,-1.52287433681139
6.03636363636364,408,-1.7455820431529
6.14545454545455,408,-1.94672765087159
6.25454545454545,408,-2.12601136027586
6.36363636363636,408,-2.28313337167409
6.47272727272727,408,-2.41779388537465
6.58181818181818,408,-2.52969310168594
6.69090909090909,408,-2.61853122091634
6.8,408,-2.68400844337424
6.90909090909091,408,-2.72594663506347
7.01818181818182,408,-2.74465432476975
7.12727272727273,408,-2.74056170697424
7.23636363636364,408,-2.71409897615811
7.34545454545455,408,-2.66569632680252
7.45454545454546,408,-2.59578395338864
7.56363636363636,408,-2.50479205039763
7.67272727272727,408,-2.39315081231067
7.78181818181818,408,-2.26129043360891
7.89090909090909,408,-2.10964110877352
8,408,-1.93863303228567
8.10909090909091,408,-1.74869639862652
8.21818181818182,408,-1.54026140227724
8.32727272727273,408,-1.31375823771899
8.43636363636364,408,-1.06961709943295
8.54545454545455,408,-0.808268181900266
8.65454545454546,408,-0.530141679602123
8.76363636363637,408,-0.235667787019671
8.87272727272727,408,0.0747233013659056
8.98181818181818,408,0.400601391073459
9.09090909090909,408,0.741536287621818
9.2,408,1.09709779652981
9.30909090909091,408,1.46685572331628
9.41818181818182,408,1.85037987350005
9.52727272727273,408,2.24724005259997
9.63636363636364,408,2.65700606613486
9.74545454545455,408,3.07924771962356
9.85454545454546,408,3.51353481858491
9.96363636363636,408,3.95943716853773
10.0727272727273,408,4.41652457500086
10.1818181818182,408,4.88436684349313
10.2909090909091,408,5.3625337795334
10.4,408,5.85059518864047
10.5090909090909,408,6.3481208763332
10.6181818181818,408,6.8546806481304
10.7272727272727,408,7.36984430955092
10.8363636363636,408,7.8931816661136
10.9454545454545,408,8.42426252333725
11.0545454545455,408,8.96265668674072
11.1636363636364,408,9.50793396184285
11.2727272727273,408,10.0596641541625
11.3818181818182,408,10.6174170692184
11.4909090909091,408,11.1807625125295
11.6,408,11.7492702896146
11.7090909090909,408,12.3225102059925
11.8181818181818,408,12.9000520671821
11.9272727272727,408,13.4814656787021
12.0363636363636,408,14.0663208460715
12.1454545454545,408,14.6541873748091
12.2545454545455,408,15.2446350704336
12.3636363636364,408,15.837233738464
12.4727272727273,408,16.431553184419
12.5818181818182,408,17.0271632138175
12.6909090909091,408,17.6236336321784
12.8,408,18.2205342450204
2,419.333333333333,-14.0927079429497
2.10909090909091,419.333333333333,-12.5537883623147
2.21818181818182,419.333333333333,-11.0252137483356
2.32727272727273,419.333333333333,-9.51732906766798
2.43636363636364,419.333333333333,-8.04047928696771
2.54545454545455,419.333333333333,-6.60500937289057
2.65454545454545,419.333333333333,-5.22126429209233
2.76363636363636,419.333333333333,-3.89958901122877
2.87272727272727,419.333333333333,-2.65032849695567
2.98181818181818,419.333333333333,-1.48382771592882
3.09090909090909,419.333333333333,-0.410431634803988
3.2,419.333333333333,0.559514779763046
3.30909090909091,419.333333333333,1.41566656111649
3.41818181818182,419.333333333333,2.14767874260058
3.52727272727273,419.333333333333,2.74520635755952
3.63636363636364,419.333333333333,3.19973933962536
3.74545454545455,419.333333333333,3.51669750913191
3.85454545454545,419.333333333333,3.70789140415255
3.96363636363636,419.333333333333,3.78516500240728
4.07272727272727,419.333333333333,3.76036228161609
4.18181818181818,419.333333333333,3.64532721949896
4.29090909090909,419.333333333333,3.45190379377588
4.4,419.333333333333,3.19193598216684
4.50909090909091,419.333333333333,2.87726776239182
4.61818181818182,419.333333333333,2.51974311217082
4.72727272727273,419.333333333333,2.13120600922381
4.83636363636364,419.333333333333,1.72350043127079
4.94545454545455,419.333333333333,1.30847035603175
5.05454545454545,419.333333333333,0.897959761226664
5.16363636363636,419.333333333333,0.503426506943816
5.27272727272727,419.333333333333,0.13015169687144
5.38181818181818,419.333333333333,-0.221551311974972
5.49090909090909,419.333333333333,-0.551509876002564
5.6,419.333333333333,-0.859551351618488
5.70909090909091,419.333333333333,-1.14550309522989
5.81818181818182,419.333333333333,-1.40919246324392
5.92727272727273,419.333333333333,-1.65044681206771
6.03636363636364,419.333333333333,-1.86909349810842
6.14545454545455,419.333333333333,-2.06495987777319
6.25454545454545,419.333333333333,-2.23787330746917
6.36363636363636,419.333333333333,-2.38766114360351
6.47272727272727,419.333333333333,-2.51415074258335
6.58181818181818,419.333333333333,-2.61716946081583
6.69090909090909,419.333333333333,-2.69654465470811
6.8,419.333333333333,-2.75210368066734
6.90909090909091,419.333333333333,-2.78377536240104
7.01818181818182,419.333333333333,-2.79189439281841
7.12727272727273,419.333333333333,-2.77689693212897
7.23636363636364,419.333333333333,-2.73921914054232
7.34545454545455,419.333333333333,-2.67929717826799
7.45454545454546,419.333333333333,-2.59756720551557
7.56363636363636,419.333333333333,-2.49446538249461
7.67272727272727,419.333333333333,-2.37042786941466
7.78181818181818,419.333333333333,-2.2258908264853
7.89090909090909,419.333333333333,-2.06129041391609
8,419.333333333333,-1.87706279191658
8.10909090909091,419.333333333333,-1.67364412069634
8.21818181818182,419.333333333333,-1.45147056046494
8.32727272727273,419.333333333333,-1.21097827143193
8.43636363636364,419.333333333333,-0.952603413806871
8.54545454545455,419.333333333333,-0.67678214779933
8.65454545454546,419.333333333333,-0.383950633618872
8.76363636363637,419.333333333333,-0.0745450314750526
8.87272727272727,419.333333333333,0.250998498422551
8.98181818181818,419.333333333333,0.592243795864401
9.09090909090909,419.333333333333,0.948754700640917
9.2,419.333333333333,1.32009505254254
9.30909090909091,419.333333333333,1.70582869135972
9.41818181818182,419.333333333333,2.10551945688288
9.52727272727273,419.333333333333,2.51873118890247
9.63636363636364,419.333333333333,2.94502772720891
9.74545454545455,419.333333333333,3.38397291159266
9.85454545454546,419.333333333333,3.83513058184415
9.96363636363636,419.333333333333,4.29806457775381
10.0727272727273,419.333333333333,4.77233873911208
10.1818181818182,419.333333333333,5.2575169057094
10.2909090909091,419.333333333333,5.75316291733621
10.4,419.333333333333,6.25884061378295
10.5090909090909,419.333333333333,6.77411383484006
10.6181818181818,419.333333333333,7.29854642029797
10.7272727272727,419.333333333333,7.83170220994712
10.8363636363636,419.333333333333,8.37314504357795
10.9454545454545,419.333333333333,8.92243876098089
11.0545454545455,419.333333333333,9.47914720194639
11.1636363636364,419.333333333333,10.0428342062649
11.2727272727273,419.333333333333,10.6130636137268
11.3818181818182,419.333333333333,11.1893992641226
11.4909090909091,419.333333333333,11.7714049972427
11.6,419.333333333333,12.3586446528776
11.7090909090909,419.333333333333,12.9506820708176
11.8181818181818,419.333333333333,13.5470810908532
11.9272727272727,419.333333333333,14.1474055527749
12.0363636363636,419.333333333333,14.7512192963731
12.1454545454545,419.333333333333,15.3580861614383
12.2545454545455,419.333333333333,15.9675699877608
12.3636363636364,419.333333333333,16.5792346151311
12.4727272727273,419.333333333333,17.1926438833397
12.5818181818182,419.333333333333,17.8073616321769
12.6909090909091,419.333333333333,18.4229517014333
12.8,419.333333333333,19.0389779308992
2,430.666666666667,-14.2388968069508
2.10909090909091,430.666666666667,-12.6771007637107
2.21818181818182,430.666666666667,-11.1258873478589
2.32727272727273,430.666666666667,-9.59583918678391
2.43636363636364,430.666666666667,-8.0975389078741
2.54545454545455,430.666666666667,-6.64156913851787
2.65454545454545,430.666666666667,-5.23851250610362
2.76363636363636,430.666666666667,-3.89895163801971
2.87272727272727,430.666666666667,-2.63346916165457
2.98181818181818,430.666666666667,-1.45264770439659
3.09090909090909,430.666666666667,-0.367069893634153
3.2,430.666666666667,0.612681643244351
3.30909090909091,430.666666666667,1.47602427885052
3.41818181818182,430.666666666667,2.21237538579595
3.52727272727273,430.666666666667,2.81115233669227
3.63636363636364,430.666666666667,3.26365960517478
3.74545454545455,430.666666666667,3.57552784032791
3.85454545454545,430.666666666667,3.75896021731213
3.96363636363636,430.666666666667,3.82619430225273
4.07272727272727,430.666666666667,3.78946766127501
4.18181818181818,430.666666666667,3.6610178605043
4.29090909090909,430.666666666667,3.45308246606588
4.4,430.666666666667,3.17789904408508
4.50909090909091,430.666666666667,2.8477051606872
4.61818181818182,430.666666666667,2.47473838199754
4.72727272727273,430.666666666667,2.07123627414141
4.83636363636364,430.666666666667,1.64943640324412
4.94545454545455,430.666666666667,1.22157633543097
5.05454545454545,430.666666666667,0.799893636827272
5.16363636363636,430.666666666667,0.396222676078875
5.27272727272727,430.666666666667,0.015947837663174
5.38181818181818,430.666666666667,-0.340733988044021
5.49090909090909,430.666666666667,-0.673772848523844
5.6,430.666666666667,-0.98311879125743
5.70909090909091,430.666666666667,-1.26872186372592
5.81818181818182,430.666666666667,-1.53053211341044
5.92727272727273,430.666666666667,-1.76849958779214
6.03636363636364,430.666666666667,-1.98257433435213
6.14545454545455,430.666666666667,-2.17270640057157
6.25454545454545,430.666666666667,-2.33884583393158
6.36363636363636,430.666666666667,-2.4809426819133
6.47272727272727,430.666666666667,-2.59894699199787
6.58181818181818,430.666666666667,-2.69280881166641
6.69090909090909,430.666666666667,-2.76247818840007
6.8,430.666666666667,-2.80790516967998
6.90909090909091,430.666666666667,-2.82912174158275
7.01818181818182,430.666666666667,-2.82648764456696
7.12727272727273,430.666666666667,-2.80044455768665
7.23636363636364,430.666666666667,-2.75143415999587
7.34545454545455,430.666666666667,-2.67989813054866
7.45454545454546,430.666666666667,-2.58627814839907
7.56363636363636,430.666666666667,-2.47101589260115
7.67272727272727,430.666666666667,-2.33455304220895
7.78181818181818,430.666666666667,-2.17733127627652
7.89090909090909,430.666666666667,-1.99979227385789
8,430.666666666667,-1.80237771400713
8.10909090909091,430.666666666667,-1.58552927577827
8.21818181818182,430.666666666667,-1.34968863822537
8.32727272727273,430.666666666667,-1.09529748040247
8.43636363636364,430.666666666667,-0.822797481363621
8.54545454545455,430.666666666667,-0.532630320162868
8.65454545454546,430.666666666667,-0.225237675854262
8.76363636363637,430.666666666667,0.0989387725081519
8.87272727272727,430.666666666667,0.439457345870317
8.98181818181818,430.666666666667,0.795876365178205
9.09090909090909,430.666666666667,1.16775415137775
9.2,430.666666666667,1.55464902541492
9.30909090909091,430.666666666667,1.95611930823565
9.41818181818182,430.666666666667,2.37172332078591
9.52727272727273,430.666666666667,2.80101938401164
9.63636363636364,430.666666666667,3.2435658188588
9.74545454545455,430.666666666667,3.69892094627334
9.85454545454546,430.666666666667,4.16664308720121
9.96363636363636,430.666666666667,4.64629056258837
10.0727272727273,430.666666666667,5.13742169338076
10.1818181818182,430.666666666667,5.63959480052433
10.2909090909091,430.666666666667,6.15236820496505
10.4,430.666666666667,6.67530022764887
10.5090909090909,430.666666666667,7.20794918952173
10.6181818181818,430.666666666667,7.74987341152959
10.7272727272727,430.666666666667,8.3006312146184
10.8363636363636,430.666666666667,8.85978091973412
10.9454545454545,430.666666666667,9.42688084782268
11.0545454545455,430.666666666667,10.0014893198301
11.1636363636364,430.666666666667,10.5831646567022
11.2727272727273,430.666666666667,11.1714651793851
11.3818181818182,430.666666666667,11.7659492088246
11.4909090909091,430.666666666667,12.3661750659667
11.6,430.666666666667,12.9717010717574
11.7090909090909,430.666666666667,13.5820855471426
11.8181818181818,430.666666666667,14.1968868130684
11.9272727272727,430.666666666667,14.8156631904805
12.0363636363636,430.666666666667,15.437973000325
12.1454545454545,430.666666666667,16.0633745635479
12.2545454545455,430.666666666667,16.691426201095
12.3636363636364,430.666666666667,17.3216862339124
12.4727272727273,430.666666666667,17.9537129829459
12.5818181818182,430.666666666667,18.5870647691416
12.6909090909091,430.666666666667,19.2212999134454
12.8,430.666666666667,19.8559767368033
2,442,-14.3709906631065
2.10909090909091,442,-12.7886204496421
2.21818181818182,442,-11.2170503555676
2.32727272727273,442,-9.66708050027301
2.43636363636364,442,-8.14951100314827
2.54545454545455,442,-6.67514198358333
2.65454545454545,442,-5.25477356096812
2.76363636363636,442,-3.89920585469261
2.87272727272727,442,-2.61923898414673
2.98181818181818,442,-1.42567306872044
3.09090909090909,442,-0.329308227803686
3.2,442,0.659055419213592
3.30909090909091,442,1.52861775294143
3.41818181818182,442,2.2685786539899
3.52727272727273,442,2.86813800296904
3.63636363636364,442,3.31843110739211
3.74545454545455,442,3.62528632248735
3.85454545454545,442,3.80127284227736
3.96363636363636,442,3.85899513245164
4.07272727272727,442,3.81105765869964
4.18181818181818,442,3.67006488671084
4.29090909090909,442,3.4486212821747
4.4,442,3.15933131078069
4.50909090909091,442,2.8147994382183
4.61818181818182,442,2.42763013017697
4.72727272727273,442,2.01042785234619
4.83636363636364,442,1.57579707041542
4.94545454545455,442,1.13634225007414
5.05454545454545,442,0.704667857011811
5.16363636363636,442,0.292959107857905
5.27272727272727,442,-0.0933055434176179
5.38181818181818,442,-0.45404165480333
5.49090909090909,442,-0.789317571846109
5.6,442,-1.09920164009283
5.70909090909091,442,-1.38376220509039
5.81818181818182,442,-1.64306761238565
5.92727272727273,442,-1.87718620752549
6.03636363636364,442,-2.0861863360568
6.14545454545455,442,-2.27013634352645
6.25454545454545,442,-2.42910457548132
6.36363636363636,442,-2.56315937746829
6.47272727272727,442,-2.67236909503423
6.58181818181818,442,-2.75680207372604
6.69090909090909,442,-2.81652665909059
6.8,442,-2.85161119667475
6.90909090909091,442,-2.86218710080466
7.01818181818182,442,-2.8486380609235
7.12727272727273,442,-2.81141083525368
7.23636363636364,442,-2.75095218201765
7.34545454545455,442,-2.66770885943781
7.45454545454546,442,-2.56212762573661
7.56363636363636,442,-2.43465523913647
7.67272727272727,442,-2.28573845785982
7.78181818181818,442,-2.11582404012908
7.89090909090909,442,-1.92535874416668
8,442,-1.71478932819505
8.10909090909091,442,-1.48456255043661
8.21818181818182,442,-1.2351251691138
8.32727272727273,442,-0.966923942449045
8.43636363636364,442,-0.680405628664765
8.54545454545455,442,-0.376016985983385
8.65454545454546,442,-0.0542047726273446
8.76363636363637,442,0.284584253180941
8.87272727272727,442,0.639903333219028
8.98181818181818,442,1.01130570926451
9.09090909090909,442,1.39834462309495
9.2,442,1.80057331648791
9.30909090909091,442,2.21754503122098
9.41818181818182,442,2.64881300907173
9.52727272727273,442,3.09393049181772
9.63636363636364,442,3.55245072123654
9.74545454545455,442,4.02392693910575
9.85454545454546,442,4.50791238720292
9.96363636363636,442,5.00396030730564
10.0727272727273,442,5.51162394119146
10.1818181818182,442,6.03045653063797
10.2909090909091,442,6.56001131742273
10.4,442,7.09984154332333
10.5090909090909,442,7.64950045011733
10.6181818181818,442,8.2085412795823
10.7272727272727,442,8.77651727349581
10.8363636363636,442,9.35298167363545
10.9454545454545,442,9.93748772177878
11.0545454545455,442,10.5295886597034
11.1636363636364,442,11.1288377291868
11.2727272727273,442,11.7347881720067
11.3818181818182,442,12.3469932299405
11.4909090909091,442,12.9650061447659
11.6,442,13.5883801582604
11.7090909090909,442,14.2166685122016
11.8181818181818,442,14.8494244483671
11.9272727272727,442,15.4862012085344
12.0363636363636,442,16.1265520344812
12.1454545454545,442,16.7700301679849
12.2545454545455,442,17.4161888508232
12.3636363636364,442,18.0645813247736
12.4727272727273,442,18.7147608316138
12.5818181818182,442,19.3662806131212
12.6909090909091,442,20.0186939110735
12.8,442,20.6715539672482
2,453.333333333333,-14.489220577119
2.10909090909091,453.333333333333,-12.8885407433133
2.21818181818182,453.333333333333,-11.2988586828029
2.32727272727273,453.333333333333,-9.73117216888325
2.43636363636364,453.333333333333,-8.19647897484975
2.54545454545455,453.333333333333,-6.70577687399778
2.65454545454545,453.333333333333,-5.27006363962269
2.76363636363636,453.333333333333,-3.90033704501987
2.87272727272727,453.333333333333,-2.6075948634847
2.98181818181818,453.333333333333,-1.40283486831256
3.09090909090909,453.333333333333,-0.297054832798821
3.2,453.333333333333,0.698747469761137
3.30909090909091,453.333333333333,1.57357426607193
3.41818181818182,453.333333333333,2.31642778283818
3.52727272727273,453.333333333333,2.91631024676451
3.63636363636364,453.333333333333,3.36420382600411
3.74545454545455,453.333333333333,3.66612167444686
3.85454545454545,453.333333333333,3.83497282311702
3.96363636363636,453.333333333333,3.88370238594905
4.07272727272727,453.333333333333,3.82525547687743
4.18181818181818,453.333333333333,3.6725772098366
4.29090909090909,453.333333333333,3.43861269876103
4.4,453.333333333333,3.13630705758519
4.50909090909091,453.333333333333,2.77860540024354
4.61818181818182,453.333333333333,2.37845284067054
4.72727272727273,453.333333333333,1.94879449280066
4.83636363636364,453.333333333333,1.50257547056835
4.94545454545455,453.333333333333,1.05274088790808
5.05454545454545,453.333333333333,0.612235858754313
5.16363636363636,453.333333333333,0.193571207811331
5.27272727272727,453.333333333333,-0.197689601750077
5.38181818181818,453.333333333333,-0.561570623880931
5.49090909090909,453.333333333333,-0.898254181202134
5.6,453.333333333333,-1.2079225963346
5.70909090909091,453.333333333333,-1.49075819189923
5.81818181818182,453.333333333333,-1.74694329051693
5.92727272727273,453.333333333333,-1.97666021480862
6.03636363636364,453.333333333333,-2.18009128739519
6.14545454545455,453.333333333333,-2.35741883089756
6.25454545454545,453.333333333333,-2.50882516793662
6.36363636363636,453.333333333333,-2.6344926211333
6.47272727272727,453.333333333333,-2.73460351310849
6.58181818181818,453.333333333333,-2.80934016648311
6.69090909090909,453.333333333333,-2.85888490387805
6.8,453.333333333333,-2.88342004791423
6.90909090909091,453.333333333333,-2.88317276826282
7.01818181818182,453.333333333333,-2.85854962279607
7.12727272727273,453.333333333333,-2.81000201643647
7.23636363636364,453.333333333333,-2.73798135410653
7.34545454545455,453.333333333333,-2.64293904072877
7.45454545454546,453.333333333333,-2.52532648122568
7.56363636363636,453.333333333333,-2.38559508051977
7.67272727272727,453.333333333333,-2.22419624353355
7.78181818181818,453.333333333333,-2.04158137518953
7.89090909090909,453.333333333333,-1.83820188041021
8,453.333333333333,-1.6145091641181
8.10909090909091,453.333333333333,-1.3709546312357
8.21818181818182,453.333333333333,-1.10798968668553
8.32727272727273,453.333333333333,-0.826065735390077
8.43636363636364,453.333333333333,-0.525634182271867
8.54545454545455,453.333333333333,-0.207146432253392
8.65454545454546,453.333333333333,0.128946109742827
8.76363636363637,453.333333333333,0.482192038794299
8.87272727272727,453.333333333333,0.852139949978501
8.98181818181818,453.333333333333,1.23833843837294
9.09090909090909,453.333333333333,1.64033609905511
9.2,453.333333333333,2.05768152710249
9.30909090909091,453.333333333333,2.4899233175926
9.41818181818182,453.333333333333,2.9366100656029
9.52727272727273,453.333333333333,3.39729036621091
9.63636363636364,453.333333333333,3.87151281449412
9.74545454545455,453.333333333333,4.35882600553001
9.85454545454546,453.333333333333,4.85877853439608
9.96363636363636,453.333333333333,5.37091899616984
10.0727272727273,453.333333333333,5.89479598592875
10.1818181818182,453.333333333333,6.42995809875032
10.2909090909091,453.333333333333,6.97595392971205
10.4,453.333333333333,7.53233207389143
10.5090909090909,453.333333333333,8.09864112636596
10.6181818181818,453.333333333333,8.67442968221312
10.7272727272727,453.333333333333,9.2592463365104
10.8363636363636,453.333333333333,9.85263968433532
10.9454545454545,453.333333333333,10.4541583207653
11.0545454545455,453.333333333333,11.063350840878
11.1636363636364,453.333333333333,11.6797658397507
11.2727272727273,453.333333333333,12.3029519124611
11.3818181818182,453.333333333333,12.9324576540865
11.4909090909091,453.333333333333,13.5678316597045
11.6,453.333333333333,14.2086225243926
11.7090909090909,453.333333333333,14.8543788432283
11.8181818181818,453.333333333333,15.504649211289
11.9272727272727,453.333333333333,16.1589822236523
12.0363636363636,453.333333333333,16.8169264753956
12.1454545454545,453.333333333333,17.4780305615965
12.2545454545455,453.333333333333,18.1418430773324
12.3636363636364,453.333333333333,18.8079126176809
12.4727272727273,453.333333333333,19.4757877777193
12.5818181818182,453.333333333333,20.1450171525253
12.6909090909091,453.333333333333,20.8151493371764
12.8,453.333333333333,21.4857329267499
2,464.666666666667,-14.5938176146908
2.10909090909091,464.666666666667,-12.9770549679286
2.21818181818182,464.666666666667,-11.371468240906
2.32727272727273,464.666666666667,-9.78823335336261
2.43636363636364,464.666666666667,-8.2385262250381
2.54545454545455,464.666666666667,-6.73352277567207
2.65454545454545,464.666666666667,-5.28439892500414
2.76363636363636,464.666666666667,-3.90233059277392
2.87272727272727,464.666666666667,-2.59849369872105
2.98181818181818,464.666666666667,-1.38406416258513
3.09090909090909,464.666666666667,-0.270217904105798
3.2,464.666666666667,0.731869156977346
3.30909090909091,464.666666666667,1.61102110092467
3.41818181818182,464.666666666667,2.35606200799655
3.52727272727273,464.666666666667,2.95581595845338
3.63636363636364,464.666666666667,3.40112774073754
3.74545454545455,464.666666666667,3.69818261504313
3.85454545454545,464.666666666667,3.86020370389985
3.96363636363636,464.666666666667,3.90045095568999
4.07272727272727,464.666666666667,3.83218431879582
4.18181818181818,464.666666666667,3.66866374159959
4.29090909090909,464.666666666667,3.4231491724836
4.4,464.666666666667,3.1089005598301
4.50909090909091,464.666666666667,2.73917785202137
4.61818181818182,464.666666666667,2.32724099743969
4.72727272727273,464.666666666667,1.88634994446732
4.83636363636364,464.666666666667,1.42976464148653
4.94545454545455,464.666666666667,0.970745036879607
5.05454545454545,464.666666666667,0.522551079028809
5.16363636363636,464.666666666667,0.0979943814695771
5.27272727272727,464.666666666667,-0.297285492713346
5.38181818181818,464.666666666667,-0.663417206904855
5.49090909090909,464.666666666667,-1.00069281182469
5.6,464.666666666667,-1.30940435819262
5.70909090909091,464.666666666667,-1.58984389672837
5.81818181818182,464.666666666667,-1.8423034781517
5.92727272727273,464.666666666667,-2.06707515318235
6.03636363636364,464.666666666667,-2.26445097254008
6.14545454545455,464.666666666667,-2.43472298694463
6.25454545454545,464.666666666667,-2.57818324711574
6.36363636363636,464.666666666667,-2.69512380377318
6.47272727272727,464.666666666667,-2.78583670763668
6.58181818181818,464.666666666667,-2.85061400942598
6.69090909090909,464.666666666667,-2.88974775986085
6.8,464.666666666667,-2.90353000966103
6.90909090909091,464.666666666667,-2.89228007215332
7.01818181818182,464.666666666667,-2.85642631109275
7.12727272727273,464.666666666667,-2.79642435284142
7.23636363636364,464.666666666667,-2.71272982376141
7.34545454545455,464.666666666667,-2.60579835021482
7.45454545454546,464.666666666667,-2.47608555856373
7.56363636363636,464.666666666667,-2.32404707517024
7.67272727272727,464.666666666667,-2.15013852639643
7.78181818181818,464.666666666667,-1.9548155386044
7.89090909090909,464.666666666667,-1.73853373815623
8,464.666666666667,-1.50174875141402
8.10909090909091,464.666666666667,-1.24491620473985
8.21818181818182,464.666666666667,-0.96849172449581
8.32727272727273,464.666666666667,-0.672930937043996
8.43636363636364,464.666666666667,-0.3586894687465
8.54545454545455,464.666666666667,-0.0262229459654029
8.65454545454546,464.666666666667,0.324013004937198
8.76363636363637,464.666666666667,0.691562757599218
8.87272727272727,464.666666666667,1.07597068565855
8.98181818181818,464.666666666667,1.47678116275313
9.09090909090909,464.666666666667,1.89353856252086
9.2,464.666666666667,2.32578725859964
9.30909090909091,464.666666666667,2.77307162462739
9.41818181818182,464.666666666667,3.23493603424202
9.52727272727273,464.666666666667,3.71092486108143
9.63636363636364,464.666666666667,4.20058247878354
9.74545454545455,464.666666666667,4.70345326098626
9.85454545454546,464.666666666667,5.2190815813275
9.96363636363636,464.666666666667,5.74701181344517
10.0727272727273,464.666666666667,6.28678833097717
10.1818181818182,464.666666666667,6.8379555075614
10.2909090909091,464.666666666667,7.40005771683582
10.4,464.666666666667,7.97263933243829
10.5090909090909,464.666666666667,8.55524472800674
10.6181818181818,464.666666666667,9.14741827717909
10.7272727272727,464.666666666667,9.74870435359322
10.8363636363636,464.666666666667,10.3586473308871
10.9454545454545,464.666666666667,10.9767915826985
11.0545454545455,464.666666666667,11.6026814826655
11.1636363636364,464.666666666667,12.235861404426
11.2727272727273,464.666666666667,12.8758757216177
11.3818181818182,464.666666666667,13.5222688078788
11.4909090909091,464.666666666667,14.174585036847
11.6,464.666666666667,14.8323687821603
11.7090909090909,464.666666666667,15.4951644174565
11.8181818181818,464.666666666667,16.1625163163737
11.9272727272727,464.666666666667,16.8339688525497
12.0363636363636,464.666666666667,17.5090663996224
12.1454545454545,464.666666666667,18.1873533312297
12.2545454545455,464.666666666667,18.8683740210096
12.3636363636364,464.666666666667,19.5516728425999
12.4727272727273,464.666666666667,20.2367941696386
12.5818181818182,464.666666666667,20.9232823757635
12.6909090909091,464.666666666667,21.6106818346127
12.8,464.666666666667,22.2985369198239
2,476,-14.6850128415243
2.10909090909091,476,-13.0543564466924
2.21818181818182,476,-11.4350349412181
2.32727272727273,476,-9.83838321445908
2.43636363636364,476,-8.27573615577285
2.54545454545455,476,-6.75842865451706
2.65454545454545,476,-5.29779560004932
2.76363636363636,476,-3.90517188172721
2.87272727272727,476,-2.59189238890835
2.98181818181818,476,-1.36929201095037
3.09090909090909,476,-0.24870563721086
3.2,476,0.75853184295258
3.30909090909091,476,1.64108554018232
3.41818181818182,476,2.38762056512078
3.52727272727273,476,2.98680202841033
3.63636363636364,476,3.42935283131914
3.74545454545455,476,3.72161786311281
3.85454545454545,476,3.87710902869462
3.96363636363636,476,3.90937573461948
4.07272727272727,476,3.83196738744225
4.18181818181818,476,3.65843339371783
4.29090909090909,476,3.40232316000109
4.4,476,3.07718609284693
4.50909090909091,476,2.69657159881021
4.61818181818182,476,2.27402908444583
4.72727272727273,476,1.82310795630867
4.83636363636364,476,1.35735762095362
4.94545454545455,476,0.890327484935541
5.05454545454545,476,0.435566954809336
5.16363636363636,476,0.00616403436307135
5.27272727272727,476,-0.392174371686558
5.38181818181818,476,-0.759677715503124
5.49090909090909,476,-1.09674359894655
5.6,476,-1.40376962387678
5.70909090909091,476,-1.68115339215373
5.81818181818182,476,-1.92929250563734
5.92727272727273,476,-2.14858456618753
6.03636363636364,476,-2.33942717566424
6.14545454545455,476,-2.50221793592739
6.25454545454545,476,-2.63735444883692
6.36363636363636,476,-2.74523431625275
6.47272727272727,476,-2.82625514003482
6.58181818181818,476,-2.88081452204305
6.69090909090909,476,-2.90931006413737
6.8,476,-2.91213936817771
6.90909090909091,476,-2.88971034067219
7.01818181818182,476,-2.8424721067216
7.12727272727273,476,-2.77088409607493
7.23636363636364,476,-2.67540573848116
7.34545454545455,476,-2.55649646368928
7.45454545454546,476,-2.41461570144826
7.56363636363636,476,-2.25022288150709
7.67272727272727,476,-2.06377743361475
7.78181818181818,476,-1.85573878752023
7.89090909090909,476,-1.6265663729725
8,476,-1.37671961972056
8.10909090909091,476,-1.10665795751337
8.21818181818182,476,-0.816840816099934
8.32727272727273,476,-0.507727625229221
8.43636363636364,476,-0.179777814650223
8.54545454545455,476,0.166549185888086
8.65454545454546,476,0.530793946636714
8.76363636363637,476,0.912497037846688
8.87272727272727,476,1.31119902976901
8.98181818181818,476,1.72644049265472
9.09090909090909,476,2.15776199675482
9.2,476,2.60470411232032
9.30909090909091,476,3.06680740960227
9.41818181818182,476,3.54361245885165
9.52727272727273,476,4.0346598303195
9.63636363636364,476,4.53949009425683
9.74545454545455,476,5.05764382091465
9.85454545454546,476,5.58866158054399
9.96363636363636,476,6.13208394339586
10.0727272727273,476,6.68745147972128
10.1818181818182,476,7.25430475977126
10.2909090909091,476,7.83218435379684
10.4,476,8.42063083204901
10.5090909090909,476,9.0191847647788
10.6181818181818,476,9.62738672223723
10.7272727272727,476,10.2447772746753
10.8363636363636,476,10.8708969923441
10.9454545454545,476,11.5052864454945
11.0545454545455,476,12.1474862043776
11.1636363636364,476,12.7970368392445
11.2727272727273,476,13.4534789203461
11.3818181818182,476,14.1163530179335
11.4909090909091,476,14.7851997022576
11.6,476,15.4595595435696
11.7090909090909,476,16.1389731121203
11.8181818181818,476,16.8229809781609
11.9272727272727,476,17.5111237119423
12.0363636363636,476,18.2029418837155
12.1454545454545,476,18.8979760637317
12.2545454545455,476,19.5957668222417
12.3636363636364,476,20.2958547294967
12.4727272727273,476,20.9977803557476
12.5818181818182,476,21.7010842712454
12.6909090909091,476,22.4053070462412
12.8,476,23.109989250986
2,487.333333333333,-14.7630373233217
2.10909090909091,487.333333333333,-13.120638502809
2.21818181818182,487.333333333333,-11.4897146950805
2.32727272727273,487.333333333333,-9.88174091292064
2.43636363636364,487.333333333333,-8.30819216911356
2.54545454545455,487.333333333333,-6.78054347644361
2.65454545454545,487.333333333333,-5.31026984769505
2.76363636363636,487.333333333333,-3.90884629565214
2.87272727272727,487.333333333333,-2.58774783309919
2.98181818181818,487.333333333333,-1.35844947282047
3.09090909090909,487.333333333333,-0.232426227600245
3.2,487.333333333333,0.778846889777201
3.30909090909091,487.333333333333,1.66389486652758
3.41818181818182,487.333333333333,2.41124268986662
3.52727272727273,487.333333333333,3.00941534701006
3.63636363636364,487.333333333333,3.44902907747569
3.74545454545455,487.333333333333,3.73657613749257
3.85454545454545,487.333333333333,3.8858323415701
3.96363636363636,487.333333333333,3.91061161568254
4.07272727272727,487.333333333333,3.8247278858042
4.18181818181818,487.333333333333,3.64199507790933
4.29090909090909,487.333333333333,3.37622711797224
4.4,487.333333333333,3.0412379319672
4.50909090909091,487.333333333333,2.6508414458685
4.61818181818182,487.333333333333,2.21885158565042
4.72727272727273,487.333333333333,1.75908227728723
4.83636363636364,487.333333333333,1.28534744675324
4.94545454545455,487.333333333333,0.811461020022707
5.05454545454545,487.333333333333,0.351236923069927
5.16363636363636,487.333333333333,-0.0819844279777598
5.27272727272727,487.333333333333,-0.482437394048856
5.38181818181818,487.333333333333,-0.850448461303771
5.49090909090909,487.333333333333,-1.18651667780048
5.6,487.333333333333,-1.49114109159698
5.70909090909091,487.333333333333,-1.76482075075125
5.81818181818182,487.333333333333,-2.00805470332126
5.92727272727273,487.333333333333,-2.22134199736499
6.03636363636364,487.333333333333,-2.40518168094044
6.14545454545455,487.333333333333,-2.56007280210558
6.25454545454545,487.333333333333,-2.68651440891839
6.36363636363636,487.333333333333,-2.78500554943685
6.47272727272727,487.333333333333,-2.85604527171895
6.58181818181818,487.333333333333,-2.90013262382267
6.69090909090909,487.333333333333,-2.91776665380599
6.8,487.333333333333,-2.90944640972689
6.90909090909091,487.333333333333,-2.87566490201551
7.01818181818182,487.333333333333,-2.81689099059069
7.12727272727273,487.333333333333,-2.73358749774341
7.23636363636364,487.333333333333,-2.62621724576467
7.34545454545455,487.333333333333,-2.49524305694544
7.45454545454546,487.333333333333,-2.34112775357673
7.56363636363636,487.333333333333,-2.16433415794951
7.67272727272727,487.333333333333,-1.96532509235479
7.78181818181818,487.333333333333,-1.74456337908355
7.89090909090909,487.333333333333,-1.50251184042677
8,487.333333333333,-1.23963329867546
8.10909090909091,487.333333333333,-0.9563905761206
8.21818181818182,487.333333333333,-0.653246495053178
8.32727272727273,487.333333333333,-0.330663877764184
8.43636363636364,487.333333333333,0.0108944534553874
8.54545454545455,487.333333333333,0.370965676314556
8.65454545454546,487.333333333333,0.749086968522322
8.76363636363637,487.333333333333,1.1447955077877
8.87272727272727,487.333333333333,1.5576284718197
8.98181818181818,487.333333333333,1.98712303832733
9.09090909090909,487.333333333333,2.4328163850196
9.2,487.333333333333,2.89424568960552
9.30909090909091,487.333333333333,3.37094812979411
9.41818181818182,487.333333333333,3.86246088329437
9.52727272727273,487.333333333333,4.36832112781532
9.63636363636364,487.333333333333,4.88806604106596
9.74545454545455,487.333333333333,5.4212328007553
9.85454545454546,487.333333333333,5.96735858459235
9.96363636363636,487.333333333333,6.52598057028614
10.0727272727273,487.333333333333,7.09663593554565
10.1818181818182,487.333333333333,7.6788618580799
10.2909090909091,487.333333333333,8.27219551559792
10.4,487.333333333333,8.87617408580869
10.5090909090909,487.333333333333,9.49033474642125
10.6181818181818,487.333333333333,10.1142146751446
10.7272727272727,487.333333333333,10.7473510496877
10.8363636363636,487.333333333333,11.3892810477597
10.9454545454545,487.333333333333,12.0395418470694
11.0545454545455,487.333333333333,12.697670625326
11.1636363636364,487.333333333333,13.3632045602384
11.2727272727273,487.333333333333,14.0356808295157
11.3818181818182,487.333333333333,14.7146366108668
11.4909090909091,487.333333333333,15.3996090820008
11.6,487.333333333333,16.0901354206267
11.7090909090909,487.333333333333,16.7857528044534
11.8181818181818,487.333333333333,17.48599841119
11.9272727272727,487.333333333333,18.1904094185456
12.0363636363636,487.333333333333,18.8985230042291
12.1454545454545,487.333333333333,19.6098763459495
12.2545454545455,487.333333333333,20.3240066214158
12.3636363636364,487.333333333333,21.0404510083371
12.4727272727273,487.333333333333,21.7587466844224
12.5818181818182,487.333333333333,22.4784308273806
12.6909090909091,487.333333333333,23.1990406149208
12.8,487.333333333333,23.920113224752
2,498.666666666667,-14.8281221257856
2.10909090909091,498.666666666667,-13.1760944594828
2.21818181818182,498.666666666667,-11.5356634138344
2.32727272727273,498.666666666667,-9.91842560949526
2.43636363636364,498.666666666667,-8.33597766711977
2.54545454545455,498.666666666667,-6.79991620736255
2.65454545454545,498.666666666667,-5.32183785087815
2.76363636363636,498.666666666667,-3.91333921832115
2.87272727272727,498.666666666667,-2.58601693034611
2.98181818181818,498.666666666667,-1.35146760760761
3.09090909090909,498.666666666667,-0.221287870760191
3.2,498.666666666667,0.792925659541572
3.30909090909091,498.666666666667,1.6795763626431
3.41818181818182,498.666666666667,2.42706761788985
3.52727272727273,498.666666666667,3.02380280462724
3.63636363636364,498.666666666667,3.46030645893392
3.74545454545455,498.666666666667,3.74320615701908
3.85454545454545,498.666666666667,3.88651718659502
3.96363636363636,498.666666666667,3.90429349182421
4.07272727272727,498.666666666667,3.81058901686908
4.18181818181818,498.666666666667,3.6194577058921
4.29090909090909,498.666666666667,3.34495350305574
4.4,498.666666666667,3.00113035252244
4.50909090909091,498.666666666667,2.60204219845466
4.61818181818182,498.666666666667,2.16174298501486
4.72727272727273,498.666666666667,1.6942866563655
4.83636363636364,498.666666666667,1.21372715666904
4.94545454545455,498.666666666667,0.73411843008792
5.05454545454545,498.666666666667,0.269514420784615
5.16363636363636,498.666666666667,-0.166515600022488
5.27272727272727,498.666666666667,-0.568155715179377
5.38181818181818,498.666666666667,-0.935825755934824
5.49090909090909,498.666666666667,-1.27012218361926
5.6,498.666666666667,-1.57164145956312
5.70909090909091,498.666666666667,-1.84098004509684
5.81818181818182,498.666666666667,-2.07873440155085
5.92727272727273,498.666666666667,-2.28550099025558
6.03636363636364,498.666666666667,-2.46187627254145
6.14545454545455,498.666666666667,-2.60845670973892
6.25454545454545,498.666666666667,-2.72583876317839
6.36363636363636,498.666666666667,-2.81461889419032
6.47272727272727,498.666666666667,-2.87539356410512
6.58181818181818,498.666666666667,-2.90875923425323
6.69090909090909,498.666666666667,-2.91531236596509
6.8,498.666666666667,-2.89564942057113
6.90909090909091,498.666666666667,-2.85034508437934
7.01818181818182,498.666666666667,-2.77988694360809
7.12727272727273,498.666666666667,-2.68474080945327
7.23636363636364,498.666666666667,-2.56537249311081
7.34545454545455,498.666666666667,-2.42224780577662
7.45454545454546,498.666666666667,-2.25583255864661
7.56363636363636,498.666666666667,-2.06659256291672
7.67272727272727,498.666666666667,-1.85499362978284
7.78181818181818,498.666666666667,-1.6215015704409
7.89090909090909,498.666666666667,-1.36658219608681
8,498.666666666667,-1.09070131791649
8.10909090909091,498.666666666667,-0.794324747125856
8.21818181818182,498.666666666667,-0.477918294910822
8.32727272727273,498.666666666667,-0.141947772467308
8.43636363636364,498.666666666667,0.213121009008771
8.54545454545455,498.666666666667,0.586822238321503
8.65454545454546,498.666666666667,0.978690104274963
8.76363636363637,498.666666666667,1.38825879567325
8.87272727272727,498.666666666667,1.81506250132042
8.98181818181818,498.666666666667,2.25863541002059
9.09090909090909,498.666666666667,2.71851171057782
9.2,498.666666666667,3.1942255917962
9.30909090909091,498.666666666667,3.68531124247982
9.41818181818182,498.666666666667,4.19130285143276
9.52727272727273,498.666666666667,4.71173460745911
9.63636363636364,498.666666666667,5.24614069936294
9.74545454545455,498.666666666667,5.79405531594835
9.85454545454546,498.666666666667,6.35501264601941
9.96363636363636,498.666666666667,6.92854687838021
10.0727272727273,498.666666666667,7.51419220183483
10.1818181818182,498.666666666667,8.11148280518734
10.2909090909091,498.666666666667,8.71995287724186
10.4,498.666666666667,9.33913660680244
10.5090909090909,498.666666666667,9.9685681826732
10.6181818181818,498.666666666667,10.6077817936582
10.7272727272727,498.666666666667,11.2563116285615
10.8363636363636,498.666666666667,11.9136918761872
10.9454545454545,498.666666666667,12.5794567253394
11.0545454545455,498.666666666667,13.2531403648222
11.1636363636364,498.666666666667,13.9342769834397
11.2727272727273,498.666666666667,14.6224007699958
11.3818181818182,498.666666666667,15.3170459132949
11.4909090909091,498.666666666667,16.0177466021408
11.6,498.666666666667,16.7240370253377
11.7090909090909,498.666666666667,17.4354513716897
11.8181818181818,498.666666666667,18.1515238300009
11.9272727272727,498.666666666667,18.8717885890753
12.0363636363636,498.666666666667,19.595779837717
12.1454545454545,498.666666666667,20.3230317647302
12.2545454545455,498.666666666667,21.0530785589189
12.3636363636364,498.666666666667,21.7854544090871
12.4727272727273,498.666666666667,22.519693504039
12.5818181818182,498.666666666667,23.2553300325786
12.6909090909091,498.666666666667,23.9918981835101
12.8,498.666666666667,24.7289321456375
2,510,-14.8804983146183
2.10909090909091,510,-13.220917639918
2.21818181818182,510,-11.5730370088211
2.32727272727273,510,-9.94855646493093
2.43636363636364,510,-8.35917605185102
2.54545454545455,510,-6.81659581318474
2.65454545454545,510,-5.33251579253549
2.76363636363636,510,-3.91863603350667
2.87272727272727,510,-2.58665657970171
2.98181818181818,510,-1.348277474724
3.09090909090909,510,-0.215198762176944
3.2,510,0.80087951433605
3.30909090909091,510,1.68825731121157
3.41818181818182,510,2.4352345848462
3.52727272727273,510,3.03011129163656
3.63636363636364,510,3.4633349554206
3.74545454545455,510,3.741656640529
3.85454545454545,510,3.87930710783817
3.96363636363636,510,3.89055625598949
4.07272727272727,510,3.78967398362436
4.18181818181818,510,3.59093018938416
4.29090909090909,510,3.3085947719103
4.4,510,2.95693762984415
4.50909090909091,510,2.55022866182712
4.61818181818182,510,2.1027377665006
4.72727272727273,510,1.62873484250598
4.83636363636364,510,1.14248978848465
4.94545454545455,510,0.658272503078007
5.05454545454545,510,0.190352884927439
5.16363636363636,510,-0.247494076240686
5.27272727272727,510,-0.649410490457256
5.38181818181818,510,-1.01590591102431
5.49090909090909,510,-1.34767025163565
5.6,510,-1.64539342598509
5.70909090909091,510,-1.90976534776644
5.81818181818182,510,-2.14147593067351
5.92727272727273,510,-2.34121508840011
6.03636363636364,510,-2.50967273464005
6.14545454545455,510,-2.64753878308713
6.25454545454545,510,-2.75550314743517
6.36363636363636,510,-2.83425574137797
6.47272727272727,510,-2.88448647860935
6.58181818181818,510,-2.90688527282311
6.69090909090909,510,-2.90214203771306
6.8,510,-2.87094668697302
6.90909090909091,510,-2.81395221595974
7.01818181818182,510,-2.73166394668185
7.12727272727273,510,-2.6245502828109
7.23636363636364,510,-2.49307962801846
7.34545454545455,510,-2.3377203859761
7.45454545454546,510,-2.15894096035539
7.56363636363636,510,-1.95720975482789
7.67272727272727,510,-1.73299517306518
7.78181818181818,510,-1.48676561873881
7.89090909090909,510,-1.21898949552035
8,510,-0.930135207081379
8.10909090909091,510,-0.620671157093453
8.21818181818182,510,-0.291065749228143
8.32727272727273,510,0.0582126128429813
8.43636363636364,510,0.426695525448355
8.54545454545455,510,0.813914584916417
8.65454545454546,510,1.21940138757559
8.76363636363637,510,1.64268752975432
8.87272727272727,510,2.08330460778101
8.98181818181818,510,2.54078421798413
9.09090909090909,510,3.0146579566921
9.2,510,3.50445742023334
9.30909090909091,510,4.0097142049363
9.41818181818182,510,4.52995990712941
9.52727272727273,510,5.06472612314109
9.63636363636364,510,5.61354444929979
9.74545454545455,510,6.17594648193393
9.85454545454546,510,6.75146381737196
9.96363636363636,510,7.33962805194229
10.0727272727273,510,7.93997078197336
10.1818181818182,510,8.55202360379361
10.2909090909091,510,9.17531811373147
10.4,510,9.80938590811538
10.5090909090909,510,10.4537585832738
10.6181818181818,510,11.107967735535
10.7272727272727,510,11.7715449612277
10.8363636363636,510,12.4440218566801
10.9454545454545,510,13.1249300182207
11.0545454545455,510,13.8138010421779
11.1636363636364,510,14.5101665248803
11.2727272727273,510,15.2135580626561
11.3818181818182,510,15.9235072518339
11.4909090909091,510,16.639545688742
11.6,510,17.361204969709
11.7090909090909,510,18.0880166910631
11.8181818181818,510,18.819512449133
11.9272727272727,510,19.5552238402469
12.0363636363636,510,20.2946824607334
12.1454545454545,510,21.0374199069209
12.2545454545455,510,21.7829677751378
12.3636363636364,510,22.5308576617125
12.4727272727273,510,23.2806211629734
12.5818181818182,510,24.0317898752491
12.6909090909091,510,24.7838953948679
12.8,510,25.5364693181583
2,521.333333333333,-14.9203969555222
2.10909090909091,521.333333333333,-13.2553013673191
2.21818181818182,521.333333333333,-11.6019913913816
2.32727272727273,521.333333333333,-9.97225263997563
2.43636363636364,521.333333333333,-8.37787072536685
2.54545454545455,521.333333333333,-6.83063125982102
2.65454545454545,521.333333333333,-5.34231985560387
2.76363636363636,521.333333333333,-3.92472212498112
2.87272727272727,521.333333333333,-2.58962368021853
2.98181818181818,521.333333333333,-1.34881013358182
3.09090909090909,521.333333333333,-0.214067097336737
3.2,521.333333333333,0.802819816251002
3.30909090909091,521.333333333333,1.69006499491564
3.41818181818182,521.333333333333,2.43588282639146
3.52727272727273,521.333333333333,3.02848769841272
3.63636363636364,521.333333333333,3.45826454666248
3.74545454545455,521.333333333333,3.732076306859
3.85454545454545,521.333333333333,3.86434564936829
3.96363636363636,521.333333333333,3.86953480112343
4.07272727272727,521.333333333333,3.76210598905748
4.18181818181818,521.333333333333,3.55652144010352
4.29090909090909,521.333333333333,3.26724338119462
4.4,521.333333333333,2.90873403926387
4.50909090909091,521.333333333333,2.49545564124432
4.61818181818182,521.333333333333,2.04187041406907
4.72727272727273,521.333333333333,1.56244058467118
4.83636363636364,521.333333333333,1.07162837998373
4.94545454545455,521.333333333333,0.583896026939782
5.05454545454545,521.333333333333,0.113705752472426
5.16363636363636,521.333333333333,-0.324984451101932
5.27272727272727,521.333333333333,-0.726282875261639
5.38181818181818,521.333333333333,-1.09078523820026
5.49090909090909,521.333333333333,-1.41927101708242
5.6,521.333333333333,-1.71251968907278
5.70909090909091,521.333333333333,-1.97131073133598
5.81818181818182,521.333333333333,-2.19642362103665
5.92727272727273,521.333333333333,-2.38863783533944
6.03636363636364,521.333333333333,-2.548732851409
6.14545454545455,521.333333333333,-2.67748814640996
6.25454545454545,521.333333333333,-2.77568319750696
6.36363636363636,521.333333333333,-2.84409748186466
6.47272727272727,521.333333333333,-2.88351047664768
6.58181818181818,521.333333333333,-2.89470165902068
6.69090909090909,521.333333333333,-2.87845050614829
6.8,521.333333333333,-2.83553649519516
6.90909090909091,521.333333333333,-2.76668762495278
7.01818181818182,521.333333333333,-2.67242598072005
7.12727272727273,521.333333333333,-2.55322216942272
7.23636363636364,521.333333333333,-2.40954679798652
7.34545454545455,521.333333333333,-2.24187047333721
7.45454545454546,521.333333333333,-2.05066380240054
7.56363636363636,521.333333333333,-1.83639739210225
7.67272727272727,521.333333333333,-1.5995418493681
7.78181818181818,521.333333333333,-1.34056778112382
7.89090909090909,521.333333333333,-1.05994579429516
8,521.333333333333,-0.758146495807881
8.10909090909091,521.333333333333,-0.435640492587717
8.21818181818182,521.333333333333,-0.0928983915604236
8.32727272727273,521.333333333333,0.26960920034826
8.43636363636364,521.333333333333,0.651411676212577
8.54545454545455,521.333333333333,1.05203842910679
8.65454545454546,521.333333333333,1.47101885210514
8.76363636363637,521.333333333333,1.9078823382819
8.87272727272727,521.333333333333,2.36215828071129
8.98181818181818,521.333333333333,2.83337607246759
9.09090909090909,521.333333333333,3.32106510662505
9.2,521.333333333333,3.82475477625791
9.30909090909091,521.333333333333,4.34397447444044
9.41818181818182,521.333333333333,4.87825359424687
9.52727272727273,521.333333333333,5.42712152875148
9.63636363636364,521.333333333333,5.9901076710285
9.74545454545455,521.333333333333,6.56674141415219
9.85454545454546,521.333333333333,7.15655215119681
9.96363636363636,521.333333333333,7.75906927523661
10.0727272727273,521.333333333333,8.37382217934583
10.1818181818182,521.333333333333,9.00034025659872
10.2909090909091,521.333333333333,9.63815290006956
10.4,521.333333333333,10.2867895028326
10.5090909090909,521.333333333333,10.9457794579621
10.6181818181818,521.333333333333,11.6146521585322
10.7272727272727,521.333333333333,12.2929369976173
10.8363636363636,521.333333333333,12.9801633682916
10.9454545454545,521.333333333333,13.6758606636294
11.0545454545455,521.333333333333,14.3795582767048
11.1636363636364,521.333333333333,15.0907856005923
11.2727272727273,521.333333333333,15.8090720283659
11.3818181818182,521.333333333333,16.5339469531
11.4909090909091,521.333333333333,17.2649397678688
11.6,521.333333333333,18.0015798657465
11.7090909090909,521.333333333333,18.7433966398075
11.8181818181818,521.333333333333,19.489919483126
11.9272727272727,521.333333333333,20.2406777887762
12.0363636363636,521.333333333333,20.9952009498323
12.1454545454545,521.333333333333,21.7530183593687
12.2545454545455,521.333333333333,22.5136594104596
12.3636363636364,521.333333333333,23.2766534961792
12.4727272727273,521.333333333333,24.0415300096018
12.5818181818182,521.333333333333,24.8078183438017
12.6909090909091,521.333333333333,25.575047891853
12.8,521.333333333333,26.3427480468301
2,532.666666666667,-14.9480491141997
2.10909090909091,532.666666666667,-13.2794389648903
2.21818181818182,532.666666666667,-11.6226824728573
2.32727272727273,532.666666666667,-9.98963329537733
2.43636363636364,532.666666666667,-8.39214508972682
2.54545454545455,532.666666666667,-6.84207151318226
2.65454545454545,532.666666666667,-5.35126622302014
2.76363636363636,532.666666666667,-3.93158287651694
2.87272727272727,532.666666666667,-2.59487513094916
2.98181818181818,532.666666666667,-1.35299664359329
3.09090909090909,532.666666666667,-0.217801071725814
3.2,532.666666666667,0.798857927376787
3.30909090909091,532.666666666667,1.68512669643801
3.41818181818182,532.666666666667,2.42915157818138
3.52727272727273,532.666666666667,3.01907891533041
3.63636363636364,532.666666666667,3.44524521238632
3.74545454545455,532.666666666667,3.71461387484574
3.85454545454545,532.666666666667,3.84177635525415
3.96363636363636,532.666666666667,3.84136402017104
4.07272727272727,532.666666666667,3.72800823615589
4.18181818181818,532.666666666667,3.51634036976819
4.29090909090909,532.666666666667,3.22099178756743
4.4,532.666666666667,2.8565938561131
4.50909090909091,532.666666666667,2.43777794196469
4.61818181818182,532.666666666667,1.9791754116817
4.72727272727273,532.666666666667,1.4954176318236
4.83636363636364,532.666666666667,1.0011359689499
4.94545454545455,532.666666666667,0.51096178962007
5.05454545454545,532.666666666667,0.0395264603936126
5.16363636363636,532.666666666667,-0.399051319075794
5.27272727272727,532.666666666667,-0.798854024971662
5.38181818181818,532.666666666667,-1.1605600490907
5.49090909090909,532.666666666667,-1.48503461519235
5.6,532.666666666667,-1.77314294703609
5.70909090909091,532.666666666667,-2.02575026838137
5.81818181818182,532.666666666667,-2.24372180298765
5.92727272727273,532.666666666667,-2.4279227746144
6.03636363636364,532.666666666667,-2.57921840702107
6.14545454545455,532.666666666667,-2.69847392396712
6.25454545454545,532.666666666667,-2.78655454921201
6.36363636363636,532.666666666667,-2.8443255065152
6.47272727272727,532.666666666667,-2.87265201963615
6.58181818181818,532.666666666667,-2.87239931233431
6.69090909090909,532.666666666667,-2.84443260836916
6.8,532.666666666667,-2.78961713150014
6.90909090909091,532.666666666667,-2.70875263955452
7.01818181818182,532.666666666667,-2.60237702663076
7.12727272727273,532.666666666667,-2.47096272089511
7.23636363636364,532.666666666667,-2.31498215051385
7.34545454545455,532.666666666667,-2.13490774365324
7.45454545454546,532.666666666667,-1.93121192847953
7.56363636363636,532.666666666667,-1.70436713315899
7.67272727272727,532.666666666667,-1.45484578585788
7.78181818181818,532.666666666667,-1.18312031474246
7.89090909090909,532.666666666667,-0.889663147978991
8,532.666666666667,-0.574946713733741
8.10909090909091,532.666666666667,-0.239443440172967
8.21818181818182,532.666666666667,0.116374244537067
8.32727272727273,532.666666666667,0.4920339122301
8.43636363636364,532.666666666667,0.887063134739867
8.54545454545455,532.666666666667,1.30098948390012
8.65454545454546,532.666666666667,1.73334053154457
8.76363636363637,532.666666666667,2.18364384950699
8.87272727272727,532.666666666667,2.65142700962107
8.98181818181818,532.666666666667,3.1362175837206
9.09090909090909,532.666666666667,3.6375431436393
9.2,532.666666666667,4.15493126121089
9.30909090909091,532.666666666667,4.68790950826912
9.41818181818182,532.666666666667,5.23600545664774
9.52727272727273,532.666666666667,5.79874667818048
9.63636363636364,532.666666666667,6.37566074470107
9.74545454545455,532.666666666667,6.96627522804326
9.85454545454546,532.666666666667,7.57011770004078
9.96363636363636,532.666666666667,8.18671573252737
10.0727272727273,532.666666666667,8.81559689733677
10.1818181818182,532.666666666667,9.4562887663027
10.2909090909091,532.666666666667,10.1083189112589
10.4,532.666666666667,10.7712149040392
10.5090909090909,532.666666666667,11.4445043164772
10.6181818181818,532.666666666667,12.1277147204067
10.7272727272727,532.666666666667,12.8203736876615
10.8363636363636,532.666666666667,13.5220087900752
10.9454545454545,532.666666666667,14.2321475994816
11.0545454545455,532.666666666667,14.9503176877145
11.1636363636364,532.666666666667,15.6760466266076
11.2727272727273,532.666666666667,16.4088619879946
11.3818181818182,532.666666666667,17.1482913437093
11.4909090909091,532.666666666667,17.8938622655854
11.6,532.666666666667,18.6451023254566
11.7090909090909,532.666666666667,19.4015390951567
11.8181818181818,532.666666666667,20.1627001465194
11.9272727272727,532.666666666667,20.9281130513785
12.0363636363636,532.666666666667,21.6973053815677
12.1454545454545,532.666666666667,22.4698047089207
12.2545454545455,532.666666666667,23.2451386052713
12.3636363636364,532.666666666667,24.0228346424532
12.4727272727273,532.666666666667,24.8024203923001
12.5818181818182,532.666666666667,25.5834234266458
12.6909090909091,532.666666666667,26.3653713173241
12.8,532.666666666667,27.1477916361686
2,544,-14.9636858563531
2.10909090909091,544,-13.293523755836
2.21818181818182,544,-11.6352661645894
2.32727272727273,544,-10.000817591884
2.43636363636364,544,-8.40208254699045
2.54545454545455,544,-6.85096553917928
2.65454545454545,544,-5.35937107772111
2.76363636363636,544,-3.93920367188653
2.87272727272727,544,-2.60236783094616
2.98181818181818,544,-1.36076806417059
3.09090909090909,544,-0.226308880830413
3.2,544,0.789105209803768
3.30909090909091,544,1.67356969846134
3.41818181818182,544,2.41518007587172
3.52727272727273,544,3.0020318327643
3.63636363636364,544,3.42442693231887
3.74545454545455,544,3.68941806332589
3.85454545454545,544,3.81174276956451
3.96363636363636,544,3.80617880607735
4.07272727272727,544,3.68750392790703
4.18181818181818,544,3.47049589009618
4.29090909090909,544,3.16993244768741
4.4,544,2.80059135572336
4.50909090909091,544,2.37725036924666
4.61818181818182,544,1.91468724329991
4.72727272727273,544,1.42767973292575
4.83636363636364,544,0.931005593166804
4.94545454545455,544,0.439442579065688
5.05454545454545,544,-0.0322315543349673
5.16363636363636,544,-0.469759274631847
5.27272727272727,544,-0.867205094966463
5.38181818181818,544,-1.22532665532365
5.49090909090909,544,-1.5450711811982
5.6,544,-1.8273858980849
5.70909090909091,544,-2.07321803147855
5.81818181818182,544,-2.28351480687393
5.92727272727273,544,-2.45922344976583
6.03636363636364,544,-2.60129118564904
6.14545454545455,544,-2.71066524001835
6.25454545454545,544,-2.78829283836855
6.36363636363636,544,-2.83512120619443
6.47272727272727,544,-2.85209756899078
6.58181818181818,544,-2.84016915225239
6.69090909090909,544,-2.80028318147404
6.8,544,-2.73338688215054
6.90909090909091,544,-2.64034858796101
7.01818181818182,544,-2.52172106532203
7.12727272727273,544,-2.3779781888345
7.23636363636364,544,-2.20959383309935
7.34545454545455,544,-2.01704187271749
7.45454545454546,544,-1.80079618228984
7.56363636363636,544,-1.5613306364173
7.67272727272727,544,-1.29911910970081
7.78181818181818,544,-1.01463547674127
7.89090909090909,544,-0.708353612139597
8,544,-0.380747390496714
8.10909090909091,544,-0.0322906864135264
8.21818181818182,544,0.336542625509041
8.32727272727273,544,0.725278670670073
8.43636363636364,544,1.13344357446866
8.54545454545455,544,1.56056346230388
8.65454545454546,544,2.00616445957482
8.76363636363637,544,2.46977269168057
8.87272727272727,544,2.95091428402018
8.98181818181818,544,3.44911536199279
9.09090909090909,544,3.96390205099745
9.2,544,4.49480047643323
9.30909090909091,544,5.04133676369926
9.41818181818182,544,5.60303703819459
9.52727272727273,544,6.1794274253183
9.63636363636364,544,6.7700340504695
9.74545454545455,544,7.37438303904726
9.85454545454546,544,7.99200051645067
9.96363636363636,544,8.6224126080788
10.0727272727273,544,9.26514543933074
10.1818181818182,544,9.91972513560557
10.2909090909091,544,10.5856778223024
10.4,544,11.2625296248203
10.5090909090909,544,11.9498066685583
10.6181818181818,544,12.6470350789156
10.7272727272727,544,13.3537409812912
10.8363636363636,544,14.0694505010842
10.9454545454545,544,14.7936897636936
11.0545454545455,544,15.5259848945187
11.1636363636364,544,16.2658620189584
11.2727272727273,544,17.0128472624118
11.3818181818182,544,17.7664667502781
11.4909090909091,544,18.5262466079562
11.6,544,19.2917129608454
11.7090909090909,544,20.0623919343446
11.8181818181818,544,20.837809653853
11.9272727272727,544,21.6174922447696
12.0363636363636,544,22.4009658324936
12.1454545454545,544,23.187756542424
12.2545454545455,544,23.9773904999598
12.3636363636364,544,24.7693938305003
12.4727272727273,544,25.5632926594444
12.5818181818182,544,26.3586131121912
12.6909090909091,544,27.1548813141399
12.8,544,27.9516233906895
2,555.333333333333,-14.9675382476849
2.10909090909091,555.333333333333,-13.2977490633605
2.21818181818182,555.333333333333,-11.6398983779191
2.32727272727273,555.333333333333,-10.0059246902437
2.43636363636364,555.333333333333,-8.40776649921732
2.54545454545455,555.333333333333,-6.85736230372297
2.65454545454545,555.333333333333,-5.36665060264365
2.76363636363636,555.333333333333,-3.94756989486235
2.87272727272727,555.333333333333,-2.61205867926211
2.98181818181818,555.333333333333,-1.37205545472591
3.09090909090909,555.333333333333,-0.239498720136778
3.2,555.333333333333,0.773673025622305
3.30909090909091,555.333333333333,1.65552128366831
3.41818181818182,555.333333333333,2.39410755511824
3.52727272727273,555.333333333333,2.9774933410891
3.63636363636364,555.333333333333,3.39595968618689
3.74545454545455,555.333333333333,3.65663759113611
3.85454545454545,555.333333333333,3.77438843636813
3.96363636363636,555.333333333333,3.76411405178738
4.07272727272727,555.333333333333,3.64071626729836
4.18181818181818,555.333333333333,3.41909691280551
4.29090909090909,555.333333333333,3.1141578182133
4.4,555.333333333333,2.74080081342619
4.50909090909091,555.333333333333,2.31392772834865
4.61818181818182,555.333333333333,1.84844039288515
4.72727272727273,555.333333333333,1.35924063694014
4.83636363636364,555.333333333333,0.861230290418089
4.94545454545455,555.333333333333,0.369311183223462
5.05454545454545,555.333333333333,-0.101614854739276
5.16363636363636,555.333333333333,-0.537172912239664
5.27272727272727,555.333333333333,-0.931417240625181
5.38181818181818,555.333333333333,-1.28518136852716
5.49090909090909,555.333333333333,-1.59949085033275
5.6,555.333333333333,-1.87537124042913
5.70909090909091,555.333333333333,-2.11384809320345
5.81818181818182,555.333333333333,-2.31594696304287
5.92727272727273,555.333333333333,-2.48269340433456
6.03636363636364,555.333333333333,-2.61511297146568
6.14545454545455,555.333333333333,-2.71423121882338
6.25454545454545,555.333333333333,-2.78107370079483
6.36363636363636,555.333333333333,-2.8166659717672
6.47272727272727,555.333333333333,-2.82203358612762
6.58181818181818,555.333333333333,-2.79820209826329
6.69090909090909,555.333333333333,-2.74619706256134
6.8,555.333333333333,-2.66704403340895
6.90909090909091,555.333333333333,-2.56167679836833
7.01818181818182,555.333333333333,-2.43066207770193
7.12727272727273,555.333333333333,-2.27447482484728
7.23636363636364,555.333333333333,-2.09358999324189
7.34545454545455,555.333333333333,-1.88848253632327
7.45454545454546,555.333333333333,-1.65962740752893
7.56363636363636,555.333333333333,-1.4074995602964
7.67272727272727,555.333333333333,-1.13257394806318
7.78181818181818,555.333333333333,-0.835325524266782
7.89090909090909,555.333333333333,-0.516229242344729
8,555.333333333333,-0.175760055734538
8.10909090909091,555.333333333333,0.185607082126287
8.21818181818182,555.333333333333,0.567397217800223
8.32727272727273,555.333333333333,0.96913539784976
8.43636363636364,555.333333333333,1.39034666883738
8.54545454545455,555.333333333333,1.83055607732558
8.65454545454546,555.333333333333,2.28928866987683
8.76363636363637,555.333333333333,2.76606949305363
8.87272727272727,555.333333333333,3.26042359341845
8.98181818181818,555.333333333333,3.77187601753379
9.09090909090909,555.333333333333,4.29995181196212
9.2,555.333333333333,4.84417602326594
9.30909090909091,555.333333333333,5.40407369800774
9.41818181818182,555.333333333333,5.97916988274999
9.52727272727273,555.333333333333,6.56898962405519
9.63636363636364,555.333333333333,7.17305796848581
9.74545454545455,555.333333333333,7.79089996260435
9.85454545454546,555.333333333333,8.42204065297329
9.96363636363636,555.333333333333,9.06600508615512
10.0727272727273,555.333333333333,9.72231830871232
10.1818181818182,555.333333333333,10.3905053672074
10.2909090909091,555.333333333333,11.0700913082028
10.4,555.333333333333,11.760601178261
10.5090909090909,555.333333333333,12.4615600239445
10.6181818181818,555.333333333333,13.1724928918159
10.7272727272727,555.333333333333,13.8929248284375
10.8363636363636,555.333333333333,14.6223808803719
10.9454545454545,555.333333333333,15.3603860941815
11.0545454545455,555.333333333333,16.1064655164289
11.1636363636364,555.333333333333,16.8601441936766
11.2727272727273,555.333333333333,17.6209471724869
11.3818181818182,555.333333333333,18.3883994994224
11.4909090909091,555.333333333333,19.1620262210457
11.6,555.333333333333,19.9413523839191
11.7090909090909,555.333333333333,20.7259030346051
11.8181818181818,555.333333333333,21.5152032196663
11.9272727272727,555.333333333333,22.3087779856651
12.0363636363636,555.333333333333,23.1061523791641
12.1454545454545,555.333333333333,23.9068514467256
12.2545454545455,555.333333333333,24.7104002349123
12.3636363636364,555.333333333333,25.5163237902865
12.4727272727273,555.333333333333,26.3241471594107
12.5818181818182,555.333333333333,27.1333953888475
12.6909090909091,555.333333333333,27.9435935251593
12.8,555.333333333333,28.7542666149087
2,566.666666666667,-14.9598373538975
2.10909090909091,566.666666666667,-13.2923082106682
2.21818181818182,566.666666666667,-11.6367350241876
2.32727272727273,566.666666666667,-10.0050737512043
2.43636363636364,566.666666666667,-8.40928034846695
2.54545454545455,566.666666666667,-6.86131077272415
2.65454545454545,566.666666666667,-5.37312098072455
2.76363636363636,566.666666666667,-3.95666692921681
2.87272727272727,566.666666666667,-2.62390457494956
2.98181818181818,566.666666666667,-1.38678987467146
3.09090909090909,566.666666666667,-0.257278785131143
3.2,566.666666666667,0.752672736922759
3.30909090909091,566.666666666667,1.63110873474159
3.41818181818182,566.666666666667,2.36607325157671
3.52727272727273,566.666666666667,2.94561033067948
3.63636363636364,566.666666666667,3.35999345371713
3.74545454545455,566.666666666667,3.61642117711307
3.85454545454545,566.666666666667,3.72985689973375
3.96363636363636,566.666666666667,3.71530465024617
4.07272727272727,566.666666666667,3.58776845731731
4.18181818181818,566.666666666667,3.36225234961418
4.29090909090909,566.666666666667,3.05376035580378
4.4,566.666666666667,2.67729650455308
4.50909090909091,566.666666666667,2.2478648245291
4.61818181818182,566.666666666667,1.78046934439883
4.72727272727273,566.666666666667,1.29011409282926
4.83636363636364,566.666666666667,0.791803098487388
4.94545454545455,566.666666666667,0.300540390040206
5.05454545454545,566.666666666667,-0.168670003845287
5.16363636363636,566.666666666667,-0.601356826368819
5.27272727272727,566.666666666667,-0.991571617326954
5.38181818181818,566.666666666667,-1.34022050032924
5.49090909090909,566.666666666667,-1.64840375782877
5.6,566.666666666667,-1.91722167227865
5.70909090909091,566.666666666667,-2.14777452613199
5.81818181818182,566.666666666667,-2.34116260184188
5.92727272727273,566.666666666667,-2.49848618186144
6.03636363636364,566.666666666667,-2.62084554864376
6.14545454545455,566.666666666667,-2.70934098464194
6.25454545454545,566.666666666667,-2.76507277230909
6.36363636363636,566.666666666667,-2.78914119409831
6.47272727272727,566.666666666667,-2.78264653246271
6.58181818181818,566.666666666667,-2.74668906985538
6.69090909090909,566.666666666667,-2.68236908872942
6.8,566.666666666667,-2.59078687153795
6.90909090909091,566.666666666667,-2.47293859897252
7.01818181818182,566.666666666667,-2.32940404467854
7.12727272727273,566.666666666667,-2.16065888053986
7.23636363636364,566.666666666667,-1.96717877844035
7.34545454545455,566.666666666667,-1.74943941026388
7.45454545454546,566.666666666667,-1.50791644789429
7.56363636363636,566.666666666667,-1.24308556321547
7.67272727272727,566.666666666667,-0.95542242811126
7.78181818181818,566.666666666667,-0.645402714465534
7.89090909090909,566.666666666667,-0.313502094162146
8,566.666666666667,0.0398037609150346
8.10909090909091,566.666666666667,0.414039178882152
8.21818181818182,566.666666666667,0.808728487855338
8.32727272727273,566.666666666667,1.22339601595073
8.43636363636364,566.666666666667,1.65756609128448
8.54545454545455,566.666666666667,2.11076304197271
8.65454545454546,566.666666666667,2.58251119613156
8.76363636363637,566.666666666667,3.07233488187717
8.87272727272727,566.666666666667,3.57975842732567
8.98181818181818,566.666666666667,4.10430616059322
9.09090909090909,566.666666666667,4.64550240979595
9.2,566.666666666667,5.20287150304997
9.30909090909091,566.666666666667,5.77593776847146
9.41818181818182,566.666666666667,6.36422553417653
9.52727272727273,566.666666666667,6.96725912828133
9.63636363636364,566.666666666667,7.58456287890199
9.74545454545455,566.666666666667,8.21566111415466
9.85454545454546,566.666666666667,8.86007816215546
9.96363636363636,566.666666666667,9.51733835102055
10.0727272727273,566.666666666667,10.186966008866
10.1818181818182,566.666666666667,10.8684854638081
10.2909090909091,566.666666666667,11.5614210439628
10.4,566.666666666667,12.2652970774464
10.5090909090909,566.666666666667,12.9796378923749
10.6181818181818,566.666666666667,13.7039678168646
10.7272727272727,566.666666666667,14.4378111790314
10.8363636363636,566.666666666667,15.1806923069917
10.9454545454545,566.666666666667,15.9321355288615
11.0545454545455,566.666666666667,16.6916651727569
11.1636363636364,566.666666666667,17.4588055667942
11.2727272727273,566.666666666667,18.2330810390893
11.3818181818182,566.666666666667,19.0140159177586
11.4909090909091,566.666666666667,19.801134530918
11.6,566.666666666667,20.5939612066838
11.7090909090909,566.666666666667,21.392020273172
11.8181818181818,566.666666666667,22.1948360584989
11.9272727272727,566.666666666667,23.0019328907806
12.0363636363636,566.666666666667,23.8128350981331
12.1454545454545,566.666666666667,24.6270670086727
12.2545454545455,566.666666666667,25.4441529505155
12.3636363636364,566.666666666667,26.2636172517775
12.4727272727273,566.666666666667,27.084984240575
12.5818181818182,566.666666666667,27.9077782450242
12.6909090909091,566.666666666667,28.731523593241
12.8,566.666666666667,29.5557446133417
2,578,-14.9408142406931
2.10909090909091,578,-13.2773945209634
2.21818181818182,578,-11.6259320147362
2.32727272727273,578,-9.99838393551389
2.43636363636364,578,-8.40670749679888
2.54545454545455,578,-6.86285991209367
2.65454545454545,578,-5.37879839490067
2.76363636363636,578,-3.96648015872233
2.87272727272727,578,-2.6378624170611
2.98181818181818,578,-1.40490238341943
3.09090909090909,578,-0.27955727129975
3.2,578,0.726215705795496
3.30909090909091,578,1.60045933436385
3.41818181818182,578,2.33121640090288
3.52727272727273,578,2.90652969191015
3.63636363636364,578,3.31667821463636
3.74545454545455,578,3.56891754009344
3.85454545454545,578,3.67829170373016
3.96363636363636,578,3.65988549439873
4.07272727272727,578,3.52878370095135
4.18181818181818,578,3.30007111224023
4.29090909090909,578,2.98883251711757
4.4,578,2.61015270443557
4.50909090909091,578,2.17911646304644
4.61818181818182,578,1.7108085818024
4.72727272727273,578,1.22031384955563
4.83636363636364,578,0.722717055158343
4.94545454545455,578,0.233102987462744
5.05454545454545,578,-0.233443564678961
5.16363636363636,578,-0.662375611488886
5.27272727272727,578,-1.04774938045093
5.38181818181818,578,-1.39054036235792
5.49090909090909,578,-1.69192003891902
5.6,578,-1.95305989184337
5.70909090909091,578,-2.1751314028401
5.81818181818182,578,-2.35930605361836
5.92727272727273,578,-2.5067553258873
6.03636363636364,578,-2.61865070135605
6.14545454545455,578,-2.69616366173376
6.25454545454545,578,-2.74046568872957
6.36363636363636,578,-2.75272826405262
6.47272727272727,578,-2.73412286941207
6.58181818181818,578,-2.68582098651704
6.69090909090909,578,-2.60899409707668
6.8,578,-2.50481368280015
6.90909090909091,578,-2.37433531796967
7.01818181818182,578,-2.21815094715991
7.12727272727273,578,-2.03673660751864
7.23636363636364,578,-1.83056833619363
7.34545454545455,578,-1.60012217033262
7.45454545454546,578,-1.3458741470834
7.56363636363636,578,-1.06830030359372
7.67272727272727,578,-0.767876677011359
7.78181818181818,578,-0.445079304484064
7.89090909090909,578,-0.100384223159604
8,578,0.265732529814248
8.10909090909091,578,0.652794917289739
8.21818181818182,578,1.0603269021191
8.32727272727273,578,1.48785244715456
8.43636363636364,578,1.93489551524836
8.54545454545455,578,2.40098006925275
8.65454545454546,578,2.88563007201994
8.76363636363637,578,3.38836948640218
8.87272727272727,578,3.90872227525169
8.98181818181818,578,4.44621240142073
9.09090909090909,578,5.00036382776152
9.2,578,5.5707005171263
9.30909090909091,578,6.15674643236731
9.41818181818182,578,6.75802553633678
9.52727272727273,578,7.37406179188694
9.63636363636364,578,8.00437916187004
9.74545454545455,578,8.6485016091383
9.85454545454546,578,9.30595309654397
9.96363636363636,578,9.97625758693929
10.0727272727273,578,10.6589390431765
10.1818181818182,578,11.3535214281077
10.2909090909091,578,12.0595287045854
10.4,578,12.7764848354616
10.5090909090909,578,13.5039137835886
10.6181818181818,578,14.2413395118187
10.7272727272727,578,14.9882859830041
10.8363636363636,578,15.744277159997
10.9454545454545,578,16.5088370056496
11.0545454545455,578,17.2814894828143
11.1636363636364,578,18.0617585543432
11.2727272727273,578,18.8491681830885
11.3818181818182,578,19.6432423319026
11.4909090909091,578,20.4435049636376
11.6,578,21.2494800411457
11.7090909090909,578,22.0606915272793
11.8181818181818,578,22.8766633848905
11.9272727272727,578,23.6969195768316
12.0363636363636,578,24.5209840659548
12.1454545454545,578,25.3483808151124
12.2545454545455,578,26.1786337871565
12.3636363636364,578,27.0112669449395
12.4727272727273,578,27.8458042513135
12.5818181818182,578,28.6817696691308
12.6909090909091,578,29.5186871612437
12.8,578,30.3560806905043
2,589.333333333333,-14.9106999737742
2.10909090909091,589.333333333333,-13.2532013174505
2.21818181818182,589.333333333333,-11.6076452609061
2.32727272727273,589.333333333333,-9.98597440392036
2.43636363636364,589.333333333333,-8.40013134627268
2.54545454545455,589.333333333333,-6.86205868774239
2.65454545454545,589.333333333333,-5.38369902810884
2.76363636363636,589.333333333333,-3.97699496715135
2.87272727272727,589.333333333333,-2.65388910464929
2.98181818181818,589.333333333333,-1.42632404038201
3.09090909090909,589.333333333333,-0.306242374128841
3.2,589.333333333333,0.694413294330873
3.30909090909091,589.333333333333,1.56370036521777
3.41818181818182,589.333333333333,2.28967623875252
3.52727272727273,589.333333333333,2.86039831515577
3.63636363636364,589.333333333333,3.26616394867132
3.74545454545455,589.333333333333,3.51427539891387
3.85454545454545,589.333333333333,3.6198363924261
3.96363636363636,589.333333333333,3.59799147719008
4.07272727272727,589.333333333333,3.46388520118791
4.18181818181818,589.333333333333,3.23266211240165
4.29090909090909,589.333333333333,2.91946675881337
4.4,589.333333333333,2.53944368840517
4.50909090909091,589.333333333333,2.10773744915911
4.61818181818182,589.333333333333,1.63949258905728
4.72727272727273,589.333333333333,1.14985365608174
4.83636363636364,589.333333333333,0.653965198214593
4.94545454545455,589.333333333333,0.166971763437896
5.05454545454545,589.333333333333,-0.295982100266264
5.16363636363636,589.333333333333,-0.720293862069436
5.27272727272727,589.333333333333,-1.10003168537623
5.38181818181818,589.333333333333,-1.43623726624124
5.49090909090909,589.333333333333,-1.73014982883628
5.6,589.333333333333,-1.98300859733317
5.70909090909091,589.333333333333,-2.1960527959037
5.81818181818182,589.333333333333,-2.3705216487197
5.92727272727273,589.333333333333,-2.50765437995297
6.03636363636364,589.333333333333,-2.60869021377532
6.14545454545455,589.333333333333,-2.67486837435856
6.25454545454545,589.333333333333,-2.7074280858745
6.36363636363636,589.333333333333,-2.70760857249496
6.47272727272727,589.333333333333,-2.67664905839174
6.58181818181818,589.333333333333,-2.61578876773665
6.69090909090909,589.333333333333,-2.5262669247015
6.8,589.333333333333,-2.40932275345811
6.90909090909091,589.333333333333,-2.26606828355582
7.01818181818182,589.333333333333,-2.09710676605412
7.12727272727273,589.333333333333,-1.90291425739003
7.23636363636364,589.333333333333,-1.68396681400058
7.34545454545455,589.333333333333,-1.44074049232281
7.45454545454546,589.333333333333,-1.17371134879372
7.56363636363636,589.333333333333,-0.883355439850358
7.67272727272727,589.333333333333,-0.570148821929741
7.78181818181818,589.333333333333,-0.234567551468898
7.89090909090909,589.333333333333,0.12291231509515
8,589.333333333333,0.50181472132537
8.10909090909091,589.333333333333,0.901663610784742
8.21818181818182,589.333333333333,1.32198292703624
8.32727272727273,589.333333333333,1.76229661364283
8.43636363636364,589.333333333333,2.22212861416749
8.54545454545455,589.333333333333,2.7010028721732
8.65454545454546,589.333333333333,3.19844333122292
8.76363636363637,589.333333333333,3.71397393487964
8.87272727272727,589.333333333333,4.24711862670632
8.98181818181818,589.333333333333,4.79740135026594
9.09090909090909,589.333333333333,5.36434604912148
9.2,589.333333333333,5.9474766668359
9.30909090909091,589.333333333333,6.54631714697219
9.41818181818182,589.333333333333,7.16039143309332
9.52727272727273,589.333333333333,7.78922346876225
9.63636363636364,589.333333333333,8.43233719754197
9.74545454545455,589.333333333333,9.08925656299545
9.85454545454546,589.333333333333,9.75950550868565
9.96363636363636,589.333333333333,10.4426079781756
10.0727272727273,589.333333333333,11.1380879150282
10.1818181818182,589.333333333333,11.8454692628064
10.2909090909091,589.333333333333,12.5642759650733
10.4,589.333333333333,13.2940319653917
10.5090909090909,589.333333333333,14.0342612073248
10.6181818181818,589.333333333333,14.7844876344354
10.7272727272727,589.333333333333,15.5442351902865
10.8363636363636,589.333333333333,16.3130278184411
10.9454545454545,589.333333333333,17.0903894624622
11.0545454545455,589.333333333333,17.8758440659127
11.1636363636364,589.333333333333,18.6689155723557
11.2727272727273,589.333333333333,19.469127925354
11.3818181818182,589.333333333333,20.2760050684707
11.4909090909091,589.333333333333,21.0890709452687
11.6,589.333333333333,21.9078494993111
11.7090909090909,589.333333333333,22.7318646741607
11.8181818181818,589.333333333333,23.5606404133806
11.9272727272727,589.333333333333,24.3937006605338
12.0363636363636,589.333333333333,25.2305693591831
12.1454545454545,589.333333333333,26.0707704528917
12.2545454545455,589.333333333333,26.9138278852224
12.3636363636364,589.333333333333,27.7592655997382
12.4727272727273,589.333333333333,28.6066075400021
12.5818181818182,589.333333333333,29.4553776495771
12.6909090909091,589.333333333333,30.3050998720261
12.8,589.333333333333,31.1552981509122
2,600.666666666667,-14.8697256188432
2.10909090909091,600.666666666667,-13.2199219233337
2.21818181818182,600.666666666667,-11.5820306740384
2.32727272727273,600.666666666667,-9.96796431717172
2.43636363636364,600.666666666667,-8.38963529894787
2.54545454545455,600.666666666667,-6.85895606558116
2.65454545454545,600.666666666667,-5.38783906328588
2.76363636363636,600.666666666667,-3.9881967382763
2.87272727272727,600.666666666667,-2.67194153676671
2.98181818181818,600.666666666667,-1.4509859049714
3.09090909090909,600.666666666667,-0.337242289104655
3.2,600.666666666667,0.657376864619253
3.30909090909091,600.666666666667,1.52095910998603
3.41818181818182,600.666666666667,2.24159200078138
3.52727272727273,600.666666666667,2.80736309079105
3.63636363636364,600.666666666667,3.20860063554877
3.74545454545455,600.666666666667,3.45264347241103
3.85454545454545,600.666666666667,3.55463450989033
3.96363636363636,600.666666666667,3.52975749156527
4.07272727272727,600.666666666667,3.39319616101444
4.18181818181818,600.666666666667,3.16013426181645
4.29090909090909,600.666666666667,2.8457555375499
4.4,600.666666666667,2.46524373179339
4.50909090909091,600.666666666667,2.03378258812552
4.61818181818182,600.666666666667,1.5665558501249
4.72727272727273,600.666666666667,1.07874726137011
4.83636363636364,600.666666666667,0.585540565439777
4.94545454545455,600.666666666667,0.102119505912483
5.05454545454545,600.666666666667,-0.356332173633163
5.16363636363636,600.666666666667,-0.775176172580044
5.27272727272727,600.666666666667,-1.14849968748201
5.38181818181818,600.666666666667,-1.47740752360722
5.49090909090909,600.666666666667,-1.76320326281332
5.6,600.666666666667,-2.00719048695795
5.70909090909091,600.666666666667,-2.21067277789873
5.81818181818182,600.666666666667,-2.3749537174933
5.92727272727273,600.666666666667,-2.50133688759929
6.03636363636364,600.666666666667,-2.59112587007434
6.14545454545455,600.666666666667,-2.64562424677607
6.25454545454545,600.666666666667,-2.66613559956213
6.36363636363636,600.666666666667,-2.65396351029015
6.47272727272727,600.666666666667,-2.61041156081775
6.58181818181818,600.666666666667,-2.53678333300258
6.69090909090909,600.666666666667,-2.43438240870226
6.8,600.666666666667,-2.30451236977444
6.90909090909091,600.666666666667,-2.14833882392704
7.01818181818182,600.666666666667,-1.96647548226922
7.12727272727273,600.666666666667,-1.75939808176042
7.23636363636364,600.666666666667,-1.52758235936011
7.34545454545455,600.666666666667,-1.27150405202772
7.45454545454546,600.666666666667,-0.991638896722729
7.56363636363636,600.666666666667,-0.68846263040457
7.67272727272727,600.666666666667,-0.362450990032702
7.78181818181818,600.666666666667,-0.0140797125665756
7.89090909090909,600.666666666667,0.356175465034361
8,600.666666666667,0.747838805810644
8.10909090909091,600.666666666667,1.16043457280283
8.21818181818182,600.666666666667,1.59348702905147
8.32727272727273,600.666666666667,2.0465204375971
8.43636363636364,600.666666666667,2.51905906148028
8.54545454545455,600.666666666667,3.01062716374155
8.65454545454546,600.666666666667,3.52074900742146
8.76363636363637,600.666666666667,4.04894885556056
8.87272727272727,600.666666666667,4.59475097119938
8.98181818181818,600.666666666667,5.15767961737849
9.09090909090909,600.666666666667,5.73725905713844
9.2,600.666666666667,6.33301355351975
9.30909090909091,600.666666666667,6.944467369563
9.41818181818182,600.666666666667,7.57114476830872
9.52727272727273,600.666666666667,8.21257001279747
9.63636363636364,600.666666666667,8.86826736606978
9.74545454545455,600.666666666667,9.53776109116621
9.85454545454546,600.666666666667,10.2205754511273
9.96363636363636,600.666666666667,10.9162347089936
10.0727272727273,600.666666666667,11.6242631278057
10.1818181818182,600.666666666667,12.344184970604
10.2909090909091,600.666666666667,13.0755245004293
10.4,600.666666666667,13.8178059803219
10.5090909090909,600.666666666667,14.5705536733225
10.6181818181818,600.666666666667,15.3332918424716
10.7272727272727,600.666666666667,16.1055447508097
10.8363636363636,600.666666666667,16.8868366613774
10.9454545454545,600.666666666667,17.6766918372153
11.0545454545455,600.666666666667,18.4746345413638
11.1636363636364,600.666666666667,19.2801890368636
11.2727272727273,600.666666666667,20.0928795867552
11.3818181818182,600.666666666667,20.9122304540791
11.4909090909091,600.666666666667,21.7377659018759
11.6,600.666666666667,22.5690101931861
11.7090909090909,600.666666666667,23.4054875910502
11.8181818181818,600.666666666667,24.2467223585089
11.9272727272727,600.666666666667,25.0922387586027
12.0363636363636,600.666666666667,25.9415610543721
12.1454545454545,600.666666666667,26.7942135088577
12.2545454545455,600.666666666667,27.6497203851
12.3636363636364,600.666666666667,28.5076059461395
12.4727272727273,600.666666666667,29.3673944550168
12.5818181818182,600.666666666667,30.2286101747725
12.6909090909091,600.666666666667,31.0907773684472
12.8,600.666666666667,31.9534202990812
2,612,-14.8181222416025
2.10909090909091,612,-13.1777496618174
2.21818181818182,612,-11.5492441654745
2.32727272727273,612,-9.94447283601597
2.43636363636364,612,-8.37530275688401
2.54545454545455,612,-6.85360101152084
2.65454545454545,612,-5.39123468336863
2.76363636363636,612,-4.00007085586959
2.87272727272727,612,-2.69197661246591
2.98181818181818,612,-1.4788190365998
3.09090909090909,612,-0.372465211713431
3.2,612,0.615217778750999
3.30909090909091,612,1.47236285135128
3.41818181818182,612,2.18710292264524
3.52727272727273,612,2.74757090919067
3.63636363636364,612,3.14413825499546
3.74545454545455,612,3.38417047942159
3.85454545454545,612,3.48282960019162
3.96363636363636,612,3.4553184304693
4.07272727272727,612,3.3168397834184
4.18181818181818,612,3.08259647220266
4.29090909090909,612,2.76779130998587
4.4,612,2.38762710993177
4.50909090909091,612,1.95730668520412
4.61818181818182,612,1.4920328489667
4.72727272727273,612,1.00700841438325
4.83636363636364,612,0.517436194617539
4.94545454545455,612,0.0385190028333266
5.05454545454545,612,-0.414540347805625
5.16363636363636,612,-0.827087137490282
5.27272727272727,612,-1.19323454214739
5.38181818181818,612,-1.51414744608389
5.49090909090909,612,-1.79119047608291
5.6,612,-2.0257282589276
5.70909090909091,612,-2.21912542140111
5.81818181818182,612,-2.37274659028656
5.92727272727273,612,-2.48795639236711
6.03636363636364,612,-2.56611945442588
6.14545454545455,612,-2.60860040324604
6.25454545454545,612,-2.6167638656107
6.36363636363636,612,-2.59197446830303
6.47272727272727,612,-2.53559683810615
6.58181818181818,612,-2.44899560180321
6.69090909090909,612,-2.33353538617735
6.8,612,-2.19058081801172
6.90909090909091,612,-2.0213482672794
7.01818181818182,612,-1.82646107671329
7.12727272727273,612,-1.60639433223623
7.23636363636364,612,-1.36162311977109
7.34545454545455,612,-1.09262252524069
7.45454545454546,612,-0.799867634567907
7.56363636363636,612,-0.483833533675569
7.67272727272727,612,-0.14499530848653
7.78181818181818,612,0.216171955076361
7.89090909090909,612,0.599193171090263
8,612,1.00359325363231
8.10909090909091,612,1.42889711677968
8.21818181818182,612,1.87462967460951
8.32727272727273,612,2.34031584119895
8.43636363636364,612,2.82548053062516
8.54545454545455,612,3.32964865696529
8.65454545454546,612,3.85234513429648
8.76363636363637,612,4.3930948766959
8.87272727272727,612,4.95142279824068
8.98181818181818,612,5.526853813008
9.09090909090909,612,6.118912835075
9.2,612,6.72712477851882
9.30909090909091,612,7.35101455741663
9.41818181818182,612,7.99010708584557
9.52727272727273,612,8.6439272778828
9.63636363636364,612,9.31200004760546
9.74545454545455,612,9.99385030909072
9.85454545454546,612,10.6890029764157
9.96363636363636,612,11.3969829636576
10.0727272727273,612,12.1173151848936
10.1818181818182,612,12.8495245542007
10.2909090909091,612,13.5931359856562
10.4,612,14.3476743933372
10.5090909090909,612,15.1126646913208
10.6181818181818,612,15.8876317936843
10.7272727272727,612,16.6721006145047
10.8363636363636,612,17.4655960678592
10.9454545454545,612,18.267643067825
11.0545454545455,612,19.0777665284792
11.1636363636364,612,19.895491363899
11.2727272727273,612,20.7203424881615
11.3818181818182,612,21.5518448153438
11.4909090909091,612,22.3895232595232
11.6,612,23.2329027347768
11.7090909090909,612,24.0815081551817
11.8181818181818,612,24.934864434815
11.9272727272727,612,25.792496487754
12.0363636363636,612,26.6539292280758
12.1454545454545,612,27.5186875698575
12.2545454545455,612,28.3862964271763
12.3636363636364,612,29.2562807141094
12.4727272727273,612,30.1281653447338
12.5818181818182,612,31.0014752331268
12.6909090909091,612,31.8757352933655
12.8,612,32.750470439527
2,623.333333333333,-14.7561209077545
2.10909090909091,623.333333333333,-13.126877856106
2.21818181818182,623.333333333333,-11.5094416465555
2.32727272727273,623.333333333333,-9.91561912120107
2.43636363636364,623.333333333333,-8.35721712214064
2.54545454545455,623.333333333333,-6.84604249147225
2.65454545454545,623.333333333333,-5.39390207129393
2.76363636363636,623.333333333333,-4.01260270370366
2.87272727272727,623.333333333333,-2.71395123079948
2.98181818181818,623.333333333333,-1.5097544946794
3.09090909090909,623.333333333333,-0.411819337441411
3.2,623.333333333333,0.568047398816471
3.30909090909091,623.333333333333,1.41803887199622
3.41818181818182,623.333333333333,2.12634823999984
3.52727272727273,623.333333333333,2.68116866072931
3.63636363636364,623.333333333333,3.07292678673816
3.74545454545455,623.333333333333,3.30900513878222
3.85454545454545,623.333333333333,3.40456520739872
3.96363636363636,623.333333333333,3.37480918684721
4.07272727272727,623.333333333333,3.23493927138722
4.18181818181818,623.333333333333,3.00015765527829
4.29090909090909,623.333333333333,2.68566653277997
4.4,623.333333333333,2.3066680981518
4.50909090909091,623.333333333333,1.87836454565333
4.61818181818182,623.333333333333,1.4159580695441
4.72727272727273,623.333333333333,0.934650864083644
4.83636363636364,623.333333333333,0.449645123531513
4.94545454545455,623.333333333333,-0.0238569578527559
5.05454545454545,623.333333333333,-0.470653185809616
5.16363636363636,623.333333333333,-0.876091351269723
5.27272727272727,623.333333333333,-1.23431740475153
5.38181818181818,623.333333333333,-1.54655334529928
5.49090909090909,623.333333333333,-1.81422160387782
5.6,623.333333333333,-2.03874461145203
5.70909090909091,623.333333333333,-2.22154479898676
5.81818181818182,623.333333333333,-2.36404459744688
5.92727272727273,623.333333333333,-2.46766643779725
6.03636363636364,623.333333333333,-2.53383275100273
6.14545454545455,623.333333333333,-2.56396596802817
6.25454545454545,623.333333333333,-2.55948851983845
6.36363636363636,623.333333333333,-2.52182283739843
6.47272727272727,623.333333333333,-2.45239135167296
6.58181818181818,623.333333333333,-2.35261649362692
6.69090909090909,623.333333333333,-2.22392069422515
6.8,623.333333333333,-2.06772638443253
6.90909090909091,623.333333333333,-1.88529794180895
7.01818181818182,623.333333333333,-1.67726753029438
7.12727272727273,623.333333333333,-1.44410926042386
7.23636363636364,623.333333333333,-1.1862972427324
7.34545454545455,623.333333333333,-0.904305587755012
7.45454545454546,623.333333333333,-0.598608406026722
7.56363636363636,623.333333333333,-0.269679808082545
7.67272727272727,623.333333333333,0.082006095542494
7.78181818181818,623.333333333333,0.455975194313386
7.89090909090909,623.333333333333,0.851753377695111
8,623.333333333333,1.26886653515265
8.10909090909091,623.333333333333,1.70684055615098
8.21818181818182,623.333333333333,2.16520133015509
8.32727272727273,623.333333333333,2.64347474662996
8.43636363636364,623.333333333333,3.14118669504057
8.54545454545455,623.333333333333,3.65786306485191
8.65454545454546,623.333333333333,4.19302974552895
8.76363636363637,623.333333333333,4.74621262653668
8.87272727272727,623.333333333333,5.31693759734006
8.98181818181818,623.333333333333,5.90473054740411
9.09090909090909,623.333333333333,6.50911736619379
9.2,623.333333333333,7.12962394317408
9.30909090909091,623.333333333333,7.76577616780997
9.41818181818182,623.333333333333,8.41709992956643
9.52727272727273,623.333333333333,9.08312111790847
9.63636363636364,623.333333333333,9.76336562230104
9.74545454545455,623.333333333333,10.4573593322091
9.85454545454546,623.333333333333,11.1646281370977
9.96363636363636,623.333333333333,11.8846979264318
10.0727272727273,623.333333333333,12.6170945896764
10.1818181818182,623.333333333333,13.3613440162964
10.2909090909091,623.333333333333,14.1169720957568
10.4,623.333333333333,14.8835047175227
10.5090909090909,623.333333333333,15.660467771059
10.6181818181818,623.333333333333,16.4473871458306
10.7272727272727,623.333333333333,17.2437887313026
10.8363636363636,623.333333333333,18.0491984169399
10.9454545454545,623.333333333333,18.8631420922076
11.0545454545455,623.333333333333,19.6851456465706
11.1636363636364,623.333333333333,20.5147349694939
11.2727272727273,623.333333333333,21.3514359504424
11.3818181818182,623.333333333333,22.1947744788812
11.4909090909091,623.333333333333,23.0442764442752
11.6,623.333333333333,23.8994677360895
11.7090909090909,623.333333333333,24.7598742437889
11.8181818181818,623.333333333333,25.6250218568385
11.9272727272727,623.333333333333,26.4944364647033
12.0363636363636,623.333333333333,27.3676439568482
12.1454545454545,623.333333333333,28.2441702227383
12.2545454545455,623.333333333333,29.1235411518385
12.3636363636364,623.333333333333,30.0052826336137
12.4727272727273,623.333333333333,30.888920557529
12.5818181818182,623.333333333333,31.7739808130494
12.6909090909091,623.333333333333,32.6599892896398
12.8,623.333333333333,33.5464718767653
2,634.666666666667,-14.6839526830015
2.10909090909091,634.666666666667,-13.0674998294038
2.21818181818182,634.666666666667,-11.4627790286227
2.32727272727273,634.666666666667,-9.881522333475
2.43636363636364,634.666666666667,-8.3354617967773
2.54545454545455,634.666666666667,-6.83632947134627
2.65454545454545,634.666666666667,-5.3958574099986
2.76363636363636,634.666666666667,-4.02577766555094
2.87272727272727,634.666666666667,-2.73782229081998
2.98181818181818,634.666666666667,-1.54372333862239
3.09090909090909,634.666666666667,-0.455212861774832
3.2,634.666666666667,0.51597708690603
3.30909090909091,634.666666666667,1.35811445460351
3.41818181818182,634.666666666667,2.05946718850095
3.52727272727273,634.666666666667,2.60830323578168
3.63636363636364,634.666666666667,2.99511621050361
3.74545454545455,634.666666666667,3.22729616932958
3.85454545454545,634.666666666667,3.3199848755804
3.96363636363636,634.666666666667,3.28836465364402
4.07272727272727,634.666666666667,3.14761782790835
4.18181818181818,634.666666666667,2.91292672276135
4.29090909090909,634.666666666667,2.59947366259092
4.4,634.666666666667,2.22244097178503
4.50909090909091,634.666666666667,1.79701097473159
4.61818181818182,634.666666666667,1.33836599581854
4.72727272727273,634.666666666667,0.861688359433811
4.83636363636364,634.666666666667,0.382160389965341
4.94545454545455,634.666666666667,-0.0850355881989396
5.05454545454545,634.666666666667,-0.5247172506711
5.16363636363636,634.666666666667,-0.922253408387942
5.27272727272727,634.666666666667,-1.27182943067356
5.38181818181818,634.666666666667,-1.57472153288141
5.49090909090909,634.666666666667,-1.83240678143083
5.6,634.666666666667,-2.04636224274112
5.70909090909091,634.666666666667,-2.21806498323163
5.81818181818182,634.666666666667,-2.34899206932166
5.92727272727273,634.666666666667,-2.44062056743056
6.03636363636364,634.666666666667,-2.49442754397763
6.14545454545455,634.666666666667,-2.51189006538221
6.25454545454545,634.666666666667,-2.49448519806362
6.36363636363636,634.666666666667,-2.44369000844118
6.47272727272727,634.666666666667,-2.36098156293423
6.58181818181818,634.666666666667,-2.24783692796208
6.69090909090909,634.666666666667,-2.10573316994405
6.8,634.666666666667,-1.93614735529948
6.90909090909091,634.666666666667,-1.74038917571175
7.01818181818182,634.666666666667,-1.51909882392057
7.12727272727273,634.666666666667,-1.27274911792971
7.23636363636364,634.666666666667,-1.00181287574292
7.34545454545455,634.666666666667,-0.706762915363975
7.45454545454546,634.666666666667,-0.388072054796648
7.56363636363636,634.666666666667,-0.0462131120447028
7.67272727272727,634.666666666667,0.318341094888086
7.78181818181818,634.666666666667,0.705117747997965
7.89090909090909,634.666666666667,1.11364402928116
8,634.666666666667,1.54344712073389
8.10909090909091,634.666666666667,1.99405420435241
8.21818181818182,634.666666666667,2.46499246213294
8.32727272727273,634.666666666667,2.95578907607171
8.43636363636364,634.666666666667,3.46597122816495
8.54545454545455,634.666666666667,3.99506610040891
8.65454545454546,634.666666666667,4.5426008747998
8.76363636363637,634.666666666667,5.10810273333388
8.87272727272727,634.666666666667,5.69109885800734
8.98181818181818,634.666666666667,6.29111643081645
9.09090909090909,634.666666666667,6.90768263375743
9.2,634.666666666667,7.54032464882651
9.30909090909091,634.666666666667,8.18856965801992
9.41818181818182,634.666666666667,8.85194484333391
9.52727272727273,634.666666666667,9.52997738676469
9.63636363636364,634.666666666667,10.2221944703085
9.74545454545455,634.666666666667,10.9281232759616
9.85454545454546,634.666666666667,11.6472909857202
9.96363636363636,634.666666666667,12.3792247815805
10.0727272727273,634.666666666667,13.1234518455387
10.1818181818182,634.666666666667,13.8794993595912
10.2909090909091,634.666666666667,14.646894505734
10.4,634.666666666667,15.4251644659636
10.5090909090909,634.666666666667,16.213836422276
10.6181818181818,634.666666666667,17.0124375566675
10.7272727272727,634.666666666667,17.8204950511344
10.8363636363636,634.666666666667,18.6375360876729
10.9454545454545,634.666666666667,19.4630878482792
11.0545454545455,634.666666666667,20.2966775149496
11.1636363636364,634.666666666667,21.1378322696802
11.2727272727273,634.666666666667,21.9860792944674
11.3818181818182,634.666666666667,22.8409457713073
11.4909090909091,634.666666666667,23.7019588821962
11.6,634.666666666667,24.5686458091303
11.7090909090909,634.666666666667,25.4405337341058
11.8181818181818,634.666666666667,26.317149839119
11.9272727272727,634.666666666667,27.1980213061661
12.0363636363636,634.666666666667,28.0826753172434
12.1454545454545,634.666666666667,28.9706390543471
12.2545454545455,634.666666666667,29.8614396994733
12.3636363636364,634.666666666667,30.7546044346184
12.4727272727273,634.666666666667,31.6496604417785
12.5818181818182,634.666666666667,32.54613490295
12.6909090909091,634.666666666667,33.443555000129
12.8,634.666666666667,34.3414479153118
2,646,-14.6018486330459
2.10909090909091,646,-12.9998089049151
2.21818181818182,646,-11.4094122230173
2.32727272727273,646,-9.84230163358576
2.43636363636364,646,-8.31012018285353
2.54545454545455,646,-6.82451091705374
2.65454545454545,646,-5.39711688241948
2.76363636363636,646,-4.03958112518385
2.87272727272727,646,-2.76354669157998
2.98181818181818,646,-1.58065662784098
3.09090909090909,646,-0.502553980199936
3.2,646,0.45911820511004
3.30909090909091,646,1.29271688185583
3.41818181818182,646,1.98659900380434
3.52727272727273,646,2.52912152472245
3.63636363636364,646,2.91085650601858
3.74545454545455,646,3.13919228990033
3.85454545454545,646,3.22923214880541
3.96363636363636,646,3.19611972380475
4.07272727272727,646,3.05499865596925
4.18181818181818,646,2.82101258636984
4.29090909090909,646,2.50930515607744
4.4,646,2.13502000616296
4.50909090909091,646,1.71330077769732
4.61818181818182,646,1.25929111175145
4.72727272727273,646,0.788134649396255
4.83636363636364,646,0.314975031702665
4.94545454545455,646,-0.145044100258408
5.05454545454545,646,-0.576779105416045
5.16363636363636,646,-0.965637903314511
5.27272727272727,646,-1.30585177529262
5.38181818181818,646,-1.59874832045833
5.49090909090909,646,-1.84585614397469
5.6,646,-2.04870385100477
5.70909090909091,646,-2.20882004671162
5.81818181818182,646,-2.3277333362583
5.92727272727273,646,-2.40697232480787
6.03636363636364,646,-2.44806561752337
6.14545454545455,646,-2.45254181956788
6.25454545454545,646,-2.42192953610445
6.36363636363636,646,-2.35775737229613
6.47272727272727,646,-2.26155393330598
6.58181818181818,646,-2.13484782429706
6.69090909090909,646,-1.97916765043243
6.8,646,-1.79604201687513
6.90909090909091,646,-1.58682329718388
7.01818181818182,646,-1.35215893849993
7.12727272727273,646,-1.09252015636018
7.23636363636364,646,-0.808378166301537
7.34545454545455,646,-0.500204183860897
7.45454545454546,646,-0.168469424575169
7.56363636363636,646,0.186354896018752
7.67272727272727,646,0.563797562383958
7.78181818181818,646,0.963387358983551
7.89090909090909,646,1.38465307028063
8,646,1.82712348073829
8.10909090909091,646,2.29032737481963
8.21818181818182,646,2.77379353698775
8.32727272727273,646,3.27705075170575
8.43636363636364,646,3.79962780343672
8.54545454545455,646,4.34105347664377
8.65454545454546,646,4.90085655578999
8.76363636363637,646,5.47856582533848
8.87272727272727,646,6.07371006975232
8.98181818181818,646,6.68581807349464
9.09090909090909,646,7.31441862102853
9.2,646,7.95904049681707
9.30909090909091,646,8.61921248532338
9.41818181818182,646,9.29446337101054
9.52727272727273,646,9.98432193834167
9.63636363636364,646,10.6883169717798
9.74545454545455,646,11.4059772557882
9.85454545454546,646,12.1368315748298
9.96363636363636,646,12.8804087133677
10.0727272727273,646,13.6362374558651
10.1818181818182,646,14.403846586785
10.2909090909091,646,15.1827648905906
10.4,646,15.9725211517449
10.5090909090909,646,16.772644154711
10.6181818181818,646,17.5826626839521
10.7272727272727,646,18.4021055239312
10.8363636363636,646,19.2305014591115
10.9454545454545,646,20.067379273956
11.0545454545455,646,20.9122677529278
11.1636363636364,646,21.7646956804901
11.2727272727273,646,22.6241918411059
11.3818181818182,646,23.4902850192383
11.4909090909091,646,24.3625039993504
11.6,646,25.2403775659054
11.7090909090909,646,26.1234345033662
11.8181818181818,646,27.0112035961961
11.9272727272727,646,27.9032136288581
12.0363636363636,646,28.7989933858154
12.1454545454545,646,29.6980716515309
12.2545454545455,646,30.5999772104679
12.3636363636364,646,31.5042388470893
12.4727272727273,646,32.4103853458584
12.5818181818182,646,33.3179454912381
12.6909090909091,646,34.2264480676917
12.8,646,35.1354218596822
2,657.333333333333,-14.5100398235902
2.10909090909091,657.333333333333,-12.9239984058442
2.21818181818182,657.333333333333,-11.3494971410805
2.32727272727273,657.333333333333,-9.79807618228132
2.43636363636364,657.333333333333,-8.28127568242889
2.54545454545455,657.333333333333,-6.8106357945055
2.65454545454545,657.333333333333,-5.39769667149339
2.76363636363636,657.333333333333,-4.05399846637482
2.87272727272727,657.333333333333,-2.79108133213205
2.98181818181818,657.333333333333,-1.62048542174735
3.09090909090909,657.333333333333,-0.553750888202962
3.2,657.333333333333,0.397582115518861
3.30909090909091,657.333333333333,1.22197343643585
3.41818181818182,657.333333333333,1.90788292156575
3.52727272727273,657.333333333333,2.44377041792631
3.63636363636364,657.333333333333,2.82029765300982
3.74545454545455,657.333333333333,3.04484221933114
3.85454545454545,657.333333333333,3.13245057114252
3.96363636363636,657.333333333333,3.09820929027443
4.07272727272727,657.333333333333,2.95720495855736
4.18181818181818,657.333333333333,2.72452415782179
4.29090909090909,657.333333333333,2.41525346989821
4.4,657.333333333333,2.0444794766171
4.50909090909091,657.333333333333,1.62728875980895
4.61818181818182,657.333333333333,1.17876790130425
4.72727272727273,657.333333333333,0.714003482933477
4.83636363636364,657.333333333333,0.248082086527119
4.94545454545455,657.333333333333,-0.203909706084342
5.05454545454545,657.333333333333,-0.626885313070418
5.16363636363636,657.333333333333,-1.00630943051901
5.27272727272727,657.333333333333,-1.33646559398784
5.38181818181818,657.333333333333,-1.61873001965804
5.49090909090909,657.333333333333,-1.85467982674218
5.6,657.333333333333,-2.04589213445286
5.70909090909091,657.333333333333,-2.19394406200267
5.81818181818182,657.333333333333,-2.30041272860419
5.92727272727273,657.333333333333,-2.36687525347002
6.03636363636364,657.333333333333,-2.39490875581273
6.14545454545455,657.333333333333,-2.38609035484492
6.25454545454545,657.333333333333,-2.34199716977918
6.36363636363636,657.333333333333,-2.2642063198281
6.47272727272727,657.333333333333,-2.15429492420426
6.58181818181818,657.333333333333,-2.01384010212025
6.69090909090909,657.333333333333,-1.84441897278867
6.8,657.333333333333,-1.64760865542209
6.90909090909091,657.333333333333,-1.42480163442139
7.01818181818182,657.333333333333,-1.17665185494051
7.12727272727273,657.333333333333,-0.903628627321681
7.23636363636364,657.333333333333,-0.60620126190713
7.34545454545455,657.333333333333,-0.284839069039075
7.45454545454546,657.333333333333,0.0599886409402527
7.56363636363636,657.333333333333,0.42781255768863
7.67272727272727,657.333333333333,0.818163370863827
7.78181818181818,657.333333333333,1.23057177012362
7.89090909090909,657.333333333333,1.66456844512579
8,657.333333333333,2.1196840855281
8.10909090909091,657.333333333333,2.59544938098834
8.21818181818182,657.333333333333,3.09139502116428
8.32727272727273,657.333333333333,3.60705169571368
8.43636363636364,657.333333333333,4.14195009429432
8.54545454545455,657.333333333333,4.69562090656399
8.65454545454546,657.333333333333,5.26759482218045
8.76363636363637,657.333333333333,5.85740253080148
8.87272727272727,657.333333333333,6.46457472208484
8.98181818181818,657.333333333333,7.08864208568833
9.09090909090909,657.333333333333,7.72913531126971
9.2,657.333333333333,8.38558508848675
9.30909090909091,657.333333333333,9.05752210699724
9.41818181818182,657.333333333333,9.74447705645894
9.52727272727273,657.333333333333,10.4459806265296
9.63636363636364,657.333333333333,11.1615635068671
9.74545454545455,657.333333333333,11.8907563871291
9.85454545454546,657.333333333333,12.6330899569734
9.96363636363636,657.333333333333,13.3880949060578
10.0727272727273,657.333333333333,14.1553019240401
10.1818181818182,657.333333333333,14.9342417005779
10.2909090909091,657.333333333333,15.7244449253293
10.4,657.333333333333,16.5254422879517
10.5090909090909,657.333333333333,17.3367644781032
10.6181818181818,657.333333333333,18.1579421854414
10.7272727272727,657.333333333333,18.9885060996241
10.8363636363636,657.333333333333,19.8279869103091
10.9454545454545,657.333333333333,20.6759153071541
11.0545454545455,657.333333333333,21.531821979817
11.1636363636364,657.333333333333,22.3952376179555
11.2727272727273,657.333333333333,23.2656929112273
11.3818181818182,657.333333333333,24.1427185492904
11.4909090909091,657.333333333333,25.0258452218023
11.6,657.333333333333,25.914603618421
11.7090909090909,657.333333333333,26.8085244288041
11.8181818181818,657.333333333333,27.7071383426095
11.9272727272727,657.333333333333,28.6099760494949
12.0363636363636,657.333333333333,29.5165682391181
12.1454545454545,657.333333333333,30.4264456011369
12.2545454545455,657.333333333333,31.3391388252091
12.3636363636364,657.333333333333,32.2541786009924
12.4727272727273,657.333333333333,33.1710956181446
12.5818181818182,657.333333333333,34.0894205663234
12.6909090909091,657.333333333333,35.0086841351867
12.8,657.333333333333,35.9284170143923
2,668.666666666667,-14.4087573203366
2.10909090909091,668.666666666667,-12.8402616553956
2.21818181818182,668.666666666667,-11.2831896941536
2.32727272727273,668.666666666667,-9.74896514030966
2.43636363636364,668.666666666667,-8.24901169756292
2.54545454545455,668.666666666667,-6.79475306961241
2.65454545454545,668.666666666667,-5.39761296015718
2.76363636363636,668.666666666667,-4.06901507289628
2.87272727272727,668.666666666667,-2.82038311152877
2.98181818181818,668.666666666667,-1.66314077975371
3.09090909090909,668.666666666667,-0.608711781270151
3.2,668.666666666667,0.331480180222856
3.30909090909091,668.666666666667,1.14601140102624
3.41818181818182,668.666666666667,1.82345817744096
3.52727272727273,668.666666666667,2.35239680576796
3.63636363636364,668.666666666667,2.72358963120408
3.74545454545455,668.666666666667,2.94439467645868
3.85454545454545,668.666666666667,3.02978368666048
3.96363636363636,668.666666666667,2.99476824599808
4.07272727272727,668.666666666667,2.85435993866012
4.18181818181818,668.666666666667,2.62357034883521
4.29090909090909,668.666666666667,2.31741106071196
4.4,668.666666666667,1.95089365847899
4.50909090909091,668.666666666667,1.53902972632493
4.61818181818182,668.666666666667,1.09683084843839
4.72727272727273,668.666666666667,0.639308609007987
4.83636363636364,668.666666666667,0.181474592222349
4.94545454545455,668.666666666667,-0.261659617729914
5.05454545454545,668.666666666667,-0.675082436660181
5.16363636363636,668.666666666667,-1.04433258447099
5.27272727272727,668.666666666667,-1.36375204213837
5.38181818181818,668.666666666667,-1.63476294210859
5.49090909090909,668.666666666667,-1.85898796496608
5.6,668.666666666667,-2.03804979129531
5.70909090909091,668.666666666667,-2.17357110168071
5.81818181818182,668.666666666667,-2.26717457670674
5.92727272727273,668.666666666667,-2.32048289695784
6.03636363636364,668.666666666667,-2.33511874301846
6.14545454545455,668.666666666667,-2.31270479547305
6.25454545454545,668.666666666667,-2.25486373490605
6.36363636363636,668.666666666667,-2.16321824190192
6.47272727272727,668.666666666667,-2.03939099704509
6.58181818181818,668.666666666667,-1.88500468092002
6.69090909090909,668.666666666667,-1.70168197411116
6.8,668.666666666667,-1.49104555720294
6.90909090909091,668.666666666667,-1.25452551562034
7.01818181818182,668.666666666667,-0.99278155415039
7.12727272727273,668.666666666667,-0.706280782420619
7.23636363636364,668.666666666667,-0.395490310058583
7.34545454545455,668.666666666667,-0.0608772466918153
7.45454545454546,668.666666666667,0.297091298052133
7.56363636363636,668.666666666667,0.677948214545722
7.67272727272727,668.666666666667,1.0812263931614
7.78181818181818,668.666666666667,1.50645872427163
7.89090909090909,668.666666666667,1.95317809824888
8,668.666666666667,2.42091740546558
8.10909090909091,668.666666666667,2.90920953629421
8.21818181818182,668.666666666667,3.41758738110722
8.32727272727273,668.666666666667,3.94558383027706
8.43636363636364,668.666666666667,4.49273177417618
8.54545454545455,668.666666666667,5.05856410317706
8.65454545454546,668.666666666667,5.64261370765214
8.76363636363637,668.666666666667,6.24441347797388
8.87272727272727,668.666666666667,6.86349630451472
8.98181818181818,668.666666666667,7.49939507764714
9.09090909090909,668.666666666667,8.15164268774359
9.2,668.666666666667,8.81977202517652
9.30909090909091,668.666666666667,9.5033159803184
9.41818181818182,668.666666666667,10.2018074435417
9.52727272727273,668.666666666667,10.9147793052188
9.63636363636364,668.666666666667,11.6417644557222
9.74545454545455,668.666666666667,12.3822957854244
9.85454545454546,668.666666666667,13.1359061846979
9.96363636363636,668.666666666667,13.902128543915
10.0727272727273,668.666666666667,14.6804957534482
10.1818181818182,668.666666666667,15.47054070367
10.2909090909091,668.666666666667,16.2717962849529
10.4,668.666666666667,17.0837953876693
10.5090909090909,668.666666666667,17.9060709021916
10.6181818181818,668.666666666667,18.7381557188924
10.7272727272727,668.666666666667,19.579582728144
10.8363636363636,668.666666666667,20.429884820319
10.9454545454545,668.666666666667,21.2885948857897
11.0545454545455,668.666666666667,22.1552458149287
11.1636363636364,668.666666666667,23.0293704981084
11.2727272727273,668.666666666667,23.9105018257012
11.3818181818182,668.666666666667,24.7981726880797
11.4909090909091,668.666666666667,25.6919159756162
11.6,668.666666666667,26.5912645786832
11.7090909090909,668.666666666667,27.4957513876532
11.8181818181818,668.666666666667,28.4049092928987
11.9272727272727,668.666666666667,29.3182711847921
12.0363636363636,668.666666666667,30.2353699537058
12.1454545454545,668.666666666667,31.1557384900123
12.2545454545455,668.666666666667,32.078909684084
12.3636363636364,668.666666666667,33.0044164262935
12.4727272727273,668.666666666667,33.9317916070132
12.5818181818182,668.666666666667,34.8605681166155
12.6909090909091,668.666666666667,35.7902788454729
12.8,668.666666666667,36.7204566839578
2,680,-14.2982321889877
2.10909090909091,680,-12.7487919767735
2.21818181818182,680,-11.2106457935777
2.32727272727273,680,-9.69508766841876
2.43636363636364,680,-8.21341163031516
2.54545454545455,680,-6.77691170828532
2.65454545454545,680,-5.39688193134768
2.76363636363636,680,-4.08461632852065
2.87272727272727,680,-2.85140892882269
2.98181818181818,680,-1.70855376127225
3.09090909090909,680,-0.667344854887742
3.2,680,0.260923761312384
3.30909090909091,680,1.06495805830969
3.41818181818182,680,1.73346400708573
3.52727272727273,680,2.25514757862208
3.63636363636364,680,2.62088242032812
3.74545454545455,680,2.83799838011961
3.85454545454545,680,2.92137503942805
3.96363636363636,680,2.88593148392074
4.07272727272727,680,2.74658679926499
4.18181818181818,680,2.5182600711281
4.29090909090909,680,2.21587038517738
4.4,680,1.85433682708014
4.50909090909091,680,1.44857848250367
4.61818181818182,680,1.01351443711529
4.72727272727273,680,0.56406377658229
4.83636363636364,680,0.115145586571992
4.94545454545455,680,-0.318321047248309
5.05454545454545,680,-0.721417039211303
5.16363636363636,680,-1.07977195964005
5.27272727272727,680,-1.38779227512335
5.38181818181818,680,-1.64694339943799
5.49090909090909,680,-1.85889069387915
5.6,680,-2.02529951974199
5.70909090909091,680,-2.14783523832166
5.81818181818182,680,-2.22816321091334
5.92727272727273,680,-2.26794879881218
6.03636363636364,680,-2.26885736331335
6.14545454545455,680,-2.232554265712
6.25454545454545,680,-2.1607048673033
6.36363636363636,680,-2.05497452938242
6.47272727272727,680,-1.91702861324452
6.58181818181818,680,-1.74853248018475
6.69090909090909,680,-1.55115149149828
6.8,680,-1.32655100848027
6.90909090909091,680,-1.07619626897681
7.01818181818182,680,-0.800752017037631
7.12727272727273,680,-0.500682873263398
7.23636363636364,680,-0.176453458254777
7.34545454545455,680,0.171471607387575
7.45454545454546,680,0.542627703062996
7.56363636363636,680,0.936550208170827
7.67272727272727,680,1.3527745021104
7.78181818181818,680,1.79083596428105
7.89090909090909,680,2.25026997408214
8,680,2.73061191091297
8.10909090909091,680,3.23139715417292
8.21818181818182,680,3.7521610832613
8.32727272727273,680,4.29243907757746
8.43636363636364,680,4.85176651652073
8.54545454545455,680,5.42967877949047
8.65454545454546,680,6.02571124588599
8.76363636363637,680,6.63939929510664
8.87272727272727,680,7.27027830655176
8.98181818181818,680,7.9178836596207
9.09090909090909,680,8.58175073371278
9.2,680,9.26141490822734
9.30909090909091,680,9.95641156256374
9.41818181818182,680,10.6662760761213
9.52727272727273,680,11.3905438282994
9.63636363636364,680,12.1287501984973
9.74545454545455,680,12.8804305661143
9.85454545454546,680,13.6451203105499
9.96363636363636,680,14.4223548112034
10.0727272727273,680,15.211669447474
10.1818181818182,680,16.0125995987612
10.2909090909091,680,16.8246806444643
10.4,680,17.6474479639826
10.5090909090909,680,18.4804369367154
10.6181818181818,680,19.3231829420621
10.7272727272727,680,20.175221359422
10.8363636363636,680,21.0360875681945
10.9454545454545,680,21.9053169477789
11.0545454545455,680,22.7824448775746
11.1636363636364,680,23.6670067369808
11.2727272727273,680,24.558537905397
11.3818181818182,680,25.4565737622224
11.4909090909091,680,26.3606496868564
11.6,680,27.2703010586983
11.7090909090909,680,28.1850632571475
11.8181818181818,680,29.1044716616034
11.9272727272727,680,30.0280616514652
12.0363636363636,680,30.9553686061322
12.1454545454545,680,31.885927905004
12.2545454545455,680,32.8192749274796
12.3636363636364,680,33.7549450529586
12.4727272727273,680,34.6924736608402
12.5818181818182,680,35.6313961305238
12.6909090909091,680,36.5712478414088
12.8,680,37.5115641728944
2,691.333333333333,-14.1786954952457
2.10909090909091,691.333333333333,-12.6497826931822
2.21818181818182,691.333333333333,-11.1320213506941
2.32727272727273,691.333333333333,-9.63656292735661
2.43636363636364,691.333333333333,-8.17455888274516
2.54545454545455,691.333333333333,-6.75716067643508
2.65454545454545,691.333333333333,-5.3955197680017
2.76363636363636,691.333333333333,-4.10078761702036
2.87272727272727,691.333333333333,-2.88411568306639
2.98181818181818,691.333333333333,-1.75665542571515
3.09090909090909,691.333333333333,-0.729558304541975
3.2,691.333333333333,0.18602422087781
3.30909090909091,691.333333333333,0.978940690968849
3.41818181818182,691.333333333333,1.63803964615581
3.52727272727273,691.333333333333,2.15216962686335
3.63636363636364,691.333333333333,2.51232600010869
3.74545454545455,691.333333333333,2.72580204915059
3.85454545454545,691.333333333333,2.80736817351399
3.96363636363636,691.333333333333,2.77183389698742
4.07272727272727,691.333333333333,2.63400874335941
4.18181818181818,691.333333333333,2.4087022364185
4.29090909090909,691.333333333333,2.1107238999532
4.4,691.333333333333,1.75488325775206
4.50909090909091,691.333333333333,1.35598983360361
4.61818181818182,691.333333333333,0.928853151296373
4.72727272727273,691.333333333333,0.488282734618887
4.83636363636364,691.333333333333,0.0490881073596862
4.94545454545455,691.333333333333,-0.373921206692705
5.05454545454545,691.333333333333,-0.76593568374975
5.16363636363636,691.333333333333,-1.11269215049576
5.27272727272727,691.333333333333,-1.40866744832191
5.38181818181818,691.333333333333,-1.65536770327429
5.49090909090909,691.333333333333,-1.85449814871417
5.6,691.333333333333,-2.0077640180028
5.70909090909091,691.333333333333,-2.11687054450146
5.81818181818182,691.333333333333,-2.18352296157139
5.92727272727273,691.333333333333,-2.20942650257387
6.03636363636364,691.333333333333,-2.19628640087015
6.14545454545455,691.333333333333,-2.1458078898215
6.25454545454545,691.333333333333,-2.05969620278918
6.36363636363636,691.333333333333,-1.93965657313445
6.47272727272727,691.333333333333,-1.78739423421857
6.58181818181818,691.333333333333,-1.60461441940281
6.69090909090909,691.333333333333,-1.39302236204842
6.8,691.333333333333,-1.15432329551667
6.90909090909091,691.333333333333,-0.890015222686838
7.01818181818182,691.333333333333,-0.600767224510296
7.12727272727273,691.333333333333,-0.287041151456414
7.23636363636364,691.333333333333,0.0507011460054097
7.34545454545455,691.333333333333,0.411997817405803
7.45454545454546,691.333333333333,0.796387012275378
7.56363636363636,691.333333333333,1.20340688014475
7.67272727272727,691.333333333333,1.63259557054453
7.78181818181818,691.333333333333,2.08349123300535
7.89090909090909,691.333333333333,2.55563201705782
8,691.333333333333,3.04855607223254
8.10909090909091,691.333333333333,3.56180154806015
8.21818181818182,691.333333333333,4.09490659407126
8.32727272727273,691.333333333333,4.64740935979647
8.43636363636364,691.333333333333,5.21884799476642
8.54545454545455,691.333333333333,5.80876064851171
8.65454545454546,691.333333333333,6.41668547056296
8.76363636363637,691.333333333333,7.04216061045079
8.87272727272727,691.333333333333,7.6847242177058
8.98181818181818,691.333333333333,8.34391444185864
9.09090909090909,691.333333333333,9.01926943243991
9.2,691.333333333333,9.7103273389802
9.30909090909091,691.333333333333,10.4166263110102
9.41818181818182,691.333333333333,11.1377044980604
9.52727272727273,691.333333333333,11.8731000496615
9.63636363636364,691.333333333333,12.6223511153442
9.74545454545455,691.333333333333,13.384995844639
9.85454545454546,691.333333333333,14.1605723870765
9.96363636363636,691.333333333333,14.9486188921873
10.0727272727273,691.333333333333,15.7486735095022
10.1818181818182,691.333333333333,16.5602743885516
10.2909090909091,691.333333333333,17.3829596788663
10.4,691.333333333333,18.2162675299767
10.5090909090909,691.333333333333,19.0597360914136
10.6181818181818,691.333333333333,19.9129035127076
10.7272727272727,691.333333333333,20.7753079433892
10.8363636363636,691.333333333333,21.6464875329891
10.9454545454545,691.333333333333,22.525980431038
11.0545454545455,691.333333333333,23.4133247870663
11.1636363636364,691.333333333333,24.3080587506048
11.2727272727273,691.333333333333,25.209720471184
11.3818181818182,691.333333333333,26.1178480983347
11.4909090909091,691.333333333333,27.0319797815873
11.6,691.333333333333,27.9516536704725
11.7090909090909,691.333333333333,28.8764079145209
11.8181818181818,691.333333333333,29.8057806632631
11.9272727272727,691.333333333333,30.7393100662299
12.0363636363636,691.333333333333,31.6765342729516
12.1454545454545,691.333333333333,32.6169914329591
12.2545454545455,691.333333333333,33.5602196957829
12.3636363636364,691.333333333333,34.5057572109536
12.4727272727273,691.333333333333,35.4531421280018
12.5818181818182,691.333333333333,36.4019125964581
12.6909090909091,691.333333333333,37.3516067658533
12.8,691.333333333333,38.3017627857178
2,702.666666666667,-14.0503783048131
2.10909090909091,702.666666666667,-12.5434271278262
2.21818181818182,702.666666666667,-11.047472276844
2.32727272727273,702.666666666667,-9.57351007787118
2.43636363636364,702.666666666667,-8.13253685691246
2.54545454545455,702.666666666667,-6.73554893997254
2.65454545454545,702.666666666667,-5.3935426530561
2.76363636363636,702.666666666667,-4.11751432216783
2.87272727272727,702.666666666667,-2.91846027331245
2.98181818181818,702.666666666667,-1.80737683249463
3.09090909090909,702.666666666667,-0.795260325719092
3.2,702.666666666667,0.106892921009492
3.30909090909091,702.666666666667,0.888086581686407
3.41818181818182,702.666666666667,1.53732433030697
3.52727272727273,702.666666666667,2.04360984086647
3.63636363636364,702.666666666667,2.39807035027255
3.74545454545455,702.666666666667,2.6079544023883
3.85454545454545,702.666666666667,2.68790663298707
3.96363636363636,702.666666666667,2.65261037814315
4.07272727272727,702.666666666667,2.51674897393083
4.18181818181818,702.666666666667,2.29500575642439
4.29090909090909,702.666666666667,2.00206406169811
4.4,702.666666666667,1.65260722582628
4.50909090909091,702.666666666667,1.26131858488317
4.61818181818182,702.666666666667,0.842881474943083
4.72727272727273,702.666666666667,0.411979232080287
4.83636363636364,702.666666666667,-0.0167048076309259
4.94545454545455,702.666666666667,-0.42848730811628
5.05454545454545,702.666666666667,-0.808684933301485
5.16363636363636,702.666666666667,-1.14315775150767
5.27272727272727,702.666666666667,-1.42645871711319
5.38181818181818,702.666666666667,-1.6601321652455
5.49090909090909,702.666666666667,-1.8459204647039
5.6,702.666666666667,-1.98556598428764
5.70909090909091,702.666666666667,-2.08081109279602
5.81818181818182,702.666666666667,-2.13339815902829
5.92727272727273,702.666666666667,-2.14506955178375
6.03636363636364,702.666666666667,-2.11756763986165
6.14545454545455,702.666666666667,-2.05263479206128
6.25454545454545,702.666666666667,-1.95201337718191
6.36363636363636,702.666666666667,-1.81744576402282
6.47272727272727,702.666666666667,-1.65067432138329
6.58181818181818,702.666666666667,-1.45344141806257
6.69090909090909,702.666666666667,-1.22748942285995
6.8,702.666666666667,-0.974560704574715
6.90909090909091,702.666666666667,-0.696183704946498
7.01818181818182,702.666666666667,-0.393031157476449
7.12727272727273,702.666666666667,-0.0655618686060754
7.23636363636364,702.666666666667,0.285765355223097
7.34545454545455,702.666666666667,0.66049170756956
7.45454545454546,702.666666666667,1.0581583819918
7.56363636363636,702.666666666667,1.47830657204829
7.67272727272727,702.666666666667,1.92047747129752
7.78181818181818,702.666666666667,2.38421227329799
7.89090909090909,702.666666666667,2.86905217160816
8,702.666666666667,3.37453835978653
8.10909090909091,702.666666666667,3.90021203139158
8.21818181818182,702.666666666667,4.44561437998179
8.32727272727273,702.666666666667,5.01028659911566
8.43636363636364,702.666666666667,5.59376988235165
8.54545454545455,702.666666666667,6.19560542324827
8.65454545454546,702.666666666667,6.81533441536399
8.76363636363637,702.666666666667,7.4524980522573
8.87272727272727,702.666666666667,8.10663752748667
8.98181818181818,702.666666666667,8.7772940346106
9.09090909090909,702.666666666667,9.46400876718758
9.2,702.666666666667,10.1663229187761
9.30909090909091,702.666666666667,10.8837776829346
9.41818181818182,702.666666666667,11.6159142532216
9.52727272727273,702.666666666667,12.3622738231956
9.63636363636364,702.666666666667,13.122397586415
9.74545454545455,702.666666666667,13.8958267364384
9.85454545454546,702.666666666667,14.6821024668243
9.96363636363636,702.666666666667,15.480765971131
10.0727272727273,702.666666666667,16.2913584429172
10.1818181818182,702.666666666667,17.1134210757412
10.2909090909091,702.666666666667,17.9464950631616
10.4,702.666666666667,18.7901215987369
10.5090909090909,702.666666666667,19.6438418760255
10.6181818181818,702.666666666667,20.5071970885859
10.7272727272727,702.666666666667,21.3797284299766
10.8363636363636,702.666666666667,22.2609770937562
10.9454545454545,702.666666666667,23.150484273483
11.0545454545455,702.666666666667,24.0477911627155
11.1636363636364,702.666666666667,24.9524389550123
11.2727272727273,702.666666666667,25.8639688439319
11.3818181818182,702.666666666667,26.7819220230327
11.4909090909091,702.666666666667,27.7058396858731
11.6,702.666666666667,28.6352630260118
11.7090909090909,702.666666666667,29.5697332370071
11.8181818181818,702.666666666667,30.5087915124176
11.9272727272727,702.666666666667,31.4519790458017
12.0363636363636,702.666666666667,32.3988370307179
12.1454545454545,702.666666666667,33.3489066607248
12.2545454545455,702.666666666667,34.3017291293807
12.3636363636364,702.666666666667,35.2568456302443
12.4727272727273,702.666666666667,36.2137973568738
12.5818181818182,702.666666666667,37.172125502828
12.6909090909091,702.666666666667,38.1313712616651
12.8,702.666666666667,39.0910758269438
2,714,-13.9135116833922
2.10909090909091,714,-12.4299186039097
2.21818181818182,714,-10.9571544833686
2.32727272727273,714,-9.50604828071045
2.43636363636364,714,-8.08742895487661
2.54545454545455,714,-6.71212546480855
2.65454545454545,714,-5.3909667694477
2.76363636363636,714,-4.1347818277355
2.87272727272727,714,-2.95439959861342
2.98181818181818,714,-1.86064904102288
3.09090909090909,714,-0.864359113905328
3.2,714,0.0236412237977965
3.30909090909091,714,0.79252301314504
3.41818181818182,714,1.43145729519497
3.52727272727273,714,1.92961511100613
3.63636363636364,714,2.27826545054646
3.74545454545455,714,2.48460415866939
3.85454545454545,714,2.56313396191604
3.96363636363636,714,2.52839582033296
4.07272727272727,714,2.3949306939667
4.18181818181818,714,2.17727954286381
4.29090909090909,714,1.88998332707083
4.4,714,1.54758300663431
4.50909090909091,714,1.1646195416008
4.61818181818182,714,0.755633892016846
4.72727272727273,714,0.335167017928994
4.83636363636364,714,-0.0822401206162081
4.94545454545455,714,-0.482046563572217
5.05454545454545,714,-0.849711350892481
5.16363636363636,714,-1.17123335714538
5.27272727272727,714,-1.44124723687633
5.38181818181818,714,-1.66133309697966
5.49090909090909,714,-1.83326777708111
5.6,714,-1.95882811680641
5.70909090909091,714,-2.03979095578127
5.81818181818182,714,-2.07793313363145
5.92727272727273,714,-2.07503148998265
6.03636363636364,714,-2.03286286446062
6.14545454545455,714,-1.95320409669108
6.25454545454545,714,-1.83783202629976
6.36363636363636,714,-1.68852349291239
6.47272727272727,714,-1.5070553361547
6.58181818181818,714,-1.29520439565242
6.69090909090909,714,-1.05474751103128
6.8,714,-0.787461521917008
6.90909090909091,714,-0.494903043951857
7.01818181818182,714,-0.177747796844166
7.12727272727273,714,0.163548723681208
7.23636363636364,714,0.528531021899394
7.34545454545455,714,0.91674360208554
7.45454545454546,714,1.32773096851478
7.56363636363636,714,1.76103762546224
7.67272727272727,714,2.21620807720308
7.78181818181818,714,2.69278682801242
7.89090909090909,714,3.19031838216541
8,714,3.70834724393718
8.10909090909091,714,4.24641791760288
8.21818181818182,714,4.80407490743764
8.32727272727273,714,5.38086271771659
8.43636363636364,714,5.97632585271488
8.54545454545455,714,6.59000881670765
8.65454545454546,714,7.22145611397002
8.76363636363637,714,7.87021224877715
8.87272727272727,714,8.53582172540416
8.98181818181818,714,9.2178290481262
9.09090909090909,714,9.91577872121841
9.2,714,10.6292152489559
9.30909090909091,714,11.3576831356139
9.41818181818182,714,12.1007268854674
9.52727272727273,714,12.8578910027917
9.63636363636364,714,13.6287199918618
9.74545454545455,714,14.4127583569529
9.85454545454546,714,15.2095506023401
9.96363636363636,714,16.0186412322986
10.0727272727273,714,16.8395747511035
10.1818181818182,714,17.67189566303
10.2909090909091,714,18.5151484723531
10.4,714,19.3688776833481
10.5090909090909,714,20.23262780029
10.6181818181818,714,21.105943327454
10.7272727272727,714,21.9883687691153
10.8363636363636,714,22.8794486295489
10.9454545454545,714,23.7787274130301
11.0545454545455,714,24.6857496238339
11.1636363636364,714,25.6000597662355
11.2727272727273,714,26.52120234451
11.3818181818182,714,27.4487218629326
11.4909090909091,714,28.3821628257784
11.6,714,29.3210697373225
11.7090909090909,714,30.2649871018401
11.8181818181818,714,31.2134594236063
11.9272727272727,714,32.1660312068963
12.0363636363636,714,33.1222469559852
12.1454545454545,714,34.0816511751481
12.2545454545455,714,35.0437883686602
12.3636363636364,714,36.0082030407966
12.4727272727273,714,36.9744396958324
12.5818181818182,714,37.9420428380429
12.6909090909091,714,38.910556971703
12.8,714,39.879526601088
2,725.333333333333,-13.7683266966854
2.10909090909091,725.333333333333,-12.309450444637
2.21818181818182,725.333333333333,-10.8612238816092
2.32727272727273,725.333333333333,-9.43429669662241
2.43636363636364,725.333333333333,-8.03931857869715
2.54545454545455,725.333333333333,-6.68693921685395
2.65454545454545,725.333333333333,-5.38780830011333
2.76363636363636,725.333333333333,-4.1525755174958
2.87272727272727,725.333333333333,-2.99189055802188
2.98181818181818,725.333333333333,-1.91640311071208
3.09090909090909,725.333333333333,-0.936762864586928
3.2,725.333333333333,-0.0636195086669201
3.30909090909091,725.333333333333,0.692377268027412
3.41818181818182,725.333333333333,1.32057777647556
3.52727272727273,725.333333333333,1.81033232765701
3.63636363636364,725.333333333333,2.15306128065717
3.74545454545455,725.333333333333,2.35590003683053
3.85454545454545,725.333333333333,2.43319370436965
3.96363636363636,725.333333333333,2.39932511650186
4.07272727272727,725.333333333333,2.26867710645446
4.18181818181818,725.333333333333,2.05563250745476
4.29090909090909,725.333333333333,1.77457415273006
4.4,725.333333333333,1.43988487550768
4.50909090909091,725.333333333333,1.06594750901492
4.61818181818182,725.333333333333,0.667144886479095
4.72727272727273,725.333333333333,0.257859841127511
4.83636363636364,725.333333333333,-0.147524793812518
4.94545454545455,725.333333333333,-0.534626185113692
5.05454545454545,725.333333333333,-0.889061499548698
5.16363636363636,725.333333333333,-1.19698356187846
5.27272727272727,725.333333333333,-1.45311416299048
5.38181818181818,725.333333333333,-1.6590668101048
5.49090909090909,725.333333333333,-1.81665022107858
5.6,725.333333333333,-1.92767311376898
5.70909090909091,725.333333333333,-1.99394420603315
5.81818181818182,725.333333333333,-2.01727221572824
5.92727272727273,725.333333333333,-1.99946586071142
6.03636363636364,725.333333333333,-1.94233385883982
6.14545454545455,725.333333333333,-1.84768492797061
6.25454545454545,725.333333333333,-1.71732778596094
6.36363636363636,725.333333333333,-1.55307115066797
6.47272727272727,725.333333333333,-1.35672373994885
6.58181818181818,725.333333333333,-1.13009427166073
6.69090909090909,725.333333333333,-0.874991463660772
6.8,725.333333333333,-0.593224033806128
6.90909090909091,725.333333333333,-0.286374567898967
7.01818181818182,725.333333333333,0.044878876478498
7.12727272727273,725.333333333333,0.400084373799042
7.23636363636364,725.333333333333,0.778789998535431
7.34545454545455,725.333333333333,1.18054382516044
7.45454545454546,725.333333333333,1.60489392814685
7.56363636363636,725.333333333333,2.05138838196742
7.67272727272727,725.333333333333,2.51957526109492
7.78181818181818,725.333333333333,3.00900264000213
7.89090909090909,725.333333333333,3.51921859316183
8,725.333333333333,4.04977119504677
8.10909090909091,725.333333333333,4.60020852012974
8.21818181818182,725.333333333333,5.17007864288352
8.32727272727273,725.333333333333,5.75892963778086
8.43636363636364,725.333333333333,6.36630957929454
8.54545454545455,725.333333333333,6.99176654189733
8.65454545454546,725.333333333333,7.63484860006201
8.76363636363637,725.333333333333,8.29510382826136
8.87272727272727,725.333333333333,8.97208030096811
8.98181818181818,725.333333333333,9.66532609265509
9.09090909090909,725.333333333333,10.374389277795
9.2,725.333333333333,11.0988179308607
9.30909090909091,725.333333333333,11.8381601263249
9.41818181818182,725.333333333333,12.5919639386604
9.52727272727273,725.333333333333,13.35977744234
9.63636363636364,725.333333333333,14.1411487118364
9.74545454545455,725.333333333333,14.9356258216224
9.85454545454546,725.333333333333,15.7427568461708
9.96363636363636,725.333333333333,16.5620898599544
10.0727272727273,725.333333333333,17.3931729374458
10.1818181818182,725.333333333333,18.235554153118
10.2909090909091,725.333333333333,19.0887815814436
10.4,725.333333333333,19.9524032968955
10.5090909090909,725.333333333333,20.8259673739464
10.6181818181818,725.333333333333,21.709021887069
10.7272727272727,725.333333333333,22.6011149107363
10.8363636363636,725.333333333333,23.5017945194208
10.9454545454545,725.333333333333,24.4106087875955
11.0545454545455,725.333333333333,25.327105789733
11.1636363636364,725.333333333333,26.2508336003062
11.2727272727273,725.333333333333,27.1813402937878
11.3818181818182,725.333333333333,28.1181739446505
11.4909090909091,725.333333333333,29.0608826273673
11.6,725.333333333333,30.0090144164108
11.7090909090909,725.333333333333,30.9621173862537
11.8181818181818,725.333333333333,31.919739611369
11.9272727272727,725.333333333333,32.8814291662293
12.0363636363636,725.333333333333,33.8467341253075
12.1454545454545,725.333333333333,34.8152025630762
12.2545454545455,725.333333333333,35.7863825540083
12.3636363636364,725.333333333333,36.7598221725765
12.4727272727273,725.333333333333,37.7350694932537
12.5818181818182,725.333333333333,38.7116725905125
12.6909090909091,725.333333333333,39.6891795388258
12.8,725.333333333333,40.6671384126663
2,736.666666666667,-13.6150544103952
2.10909090909091,736.666666666667,-12.1822159732126
2.21818181818182,736.666666666667,-10.759836382907
2.32727272727273,736.666666666667,-9.35837448635503
2.43636363636364,736.666666666667,-7.98828913043362
2.54545454545455,736.666666666667,-6.66003916201961
2.65454545454545,736.666666666667,-5.38408342798983
2.76363636363636,736.666666666667,-4.17088077522114
2.87272727272727,736.666666666667,-3.0308900505904
2.98181818181818,736.666666666667,-1.97457010097445
3.09090909090909,736.666666666667,-1.01237977325013
3.2,736.666666666667,-0.154777914294294
3.30909090909091,736.666666666667,0.587776629016204
3.41818181818182,736.666666666667,1.20482500980452
3.52727272727273,736.666666666667,1.68590838119381
3.63636363636364,736.666666666667,2.02260782033144
3.74545454545455,736.666666666667,2.22199075570839
3.85454545454545,736.666666666667,2.29822940441668
3.96363636363636,736.666666666667,2.26553315959489
4.07272727272727,736.666666666667,2.13811141438156
4.18181818181818,736.666666666667,1.93017356191525
4.29090909090909,736.666666666667,1.65592899533451
4.4,736.666666666667,1.32958710777789
4.50909090909091,736.666666666667,0.965357292383956
4.61818181818182,736.666666666667,0.577448942291258
4.72727272727273,736.666666666667,0.180071450638346
4.83636363636364,736.666666666667,-0.212565789436218
4.94545454545455,736.666666666667,-0.586253384793888
5.05454545454545,736.666666666667,-0.926781942296103
5.16363636363636,736.666666666667,-1.22047296017647
5.27272727272727,736.666666666667,-1.46214065083476
5.38181818181818,736.666666666667,-1.65342961624894
5.49090909090909,736.666666666667,-1.79617793192908
5.6,736.666666666667,-1.89222367338527
5.70909090909091,736.666666666667,-1.94340491612758
5.81818181818182,736.666666666667,-1.95155973566609
5.92727272727273,736.666666666667,-1.91852620751088
6.03636363636364,736.666666666667,-1.84614240717203
6.14545454545455,736.666666666667,-1.73624641015961
6.25454545454545,736.666666666667,-1.59067629198371
6.36363636363636,736.666666666667,-1.4112701281544
6.47272727272727,736.666666666667,-1.19986599418176
6.58181818181818,736.666666666667,-0.958301965575876
6.69090909090909,736.666666666667,-0.68841611784682
6.8,736.666666666667,-0.39204652650467
6.90909090909091,736.666666666667,-0.0707996049838972
7.01818181818182,736.666666666667,0.274644881583469
7.12727272727273,736.666666666667,0.643838830141018
7.23636363636364,736.666666666667,1.03633413763232
7.34545454545455,736.666666666667,1.45168270100096
7.45454545454546,736.666666666667,1.88943641719053
7.56363636363636,736.666666666667,2.3491471831446
7.67272727272727,736.666666666667,2.83036689580675
7.78181818181818,736.666666666667,3.33264745212057
7.89090909090909,736.666666666667,3.85554074902964
8,736.666666666667,4.39859868347753
8.10909090909091,736.666666666667,4.96137315240784
8.21818181818182,736.666666666667,5.54341605276414
8.32727272727273,736.666666666667,6.14427928149002
8.43636363636364,736.666666666667,6.76351473552905
8.54545454545455,736.666666666667,7.40067431182482
8.65454545454546,736.666666666667,8.0553099073209
8.76363636363637,736.666666666667,8.72697341896089
8.87272727272727,736.666666666667,9.41521674368835
8.98181818181818,736.666666666667,10.1195917784469
9.09090909090909,736.666666666667,10.8396504201801
9.2,736.666666666667,11.5749445658315
9.30909090909091,736.666666666667,12.3250261123447
9.41818181818182,736.666666666667,13.0894469566633
9.52727272727273,736.666666666667,13.8677589957308
9.63636363636364,736.666666666667,14.659514126491
9.74545454545455,736.666666666667,15.4642642458872
9.85454545454546,736.666666666667,16.2815612508632
9.96363636363636,736.666666666667,17.1109570383625
10.0727272727273,736.666666666667,17.9520035053286
10.1818181818182,736.666666666667,18.8042525487052
10.2909090909091,736.666666666667,19.6672560654359
10.4,736.666666666667,20.5405659524642
10.5090909090909,736.666666666667,21.4237341067337
10.6181818181818,736.666666666667,22.316312425188
10.7272727272727,736.666666666667,23.2178528047706
10.8363636363636,736.666666666667,24.1279071424252
10.9454545454545,736.666666666667,25.0460273350953
11.0545454545455,736.666666666667,25.9717652797245
11.1636363636364,736.666666666667,26.9046728732565
11.2727272727273,736.666666666667,27.8443020126347
11.3818181818182,736.666666666667,28.7902045948027
11.4909090909091,736.666666666667,29.7419325167042
11.6,736.666666666667,30.6990376752828
11.7090909090909,736.666666666667,31.6610719674819
11.8181818181818,736.666666666667,32.6275872902452
11.9272727272727,736.666666666667,33.5981355405163
12.0363636363636,736.666666666667,34.5722686152387
12.1454545454545,736.666666666667,35.5495384113561
12.2545454545455,736.666666666667,36.529496825812
12.3636363636364,736.666666666667,37.5116957555499
12.4727272727273,736.666666666667,38.4956870975135
12.5818181818182,736.666666666667,39.4810227486464
12.6909090909091,736.666666666667,40.4672546058922
12.8,736.666666666667,41.4539345661943
2,748,-13.4539258902238
2.10909090909091,748,-12.0484085128408
2.21818181818182,748,-10.6531478986032
2.32727272727273,748,-9.27840081065631
2.43636363636364,748,-7.93442401214557
2.54545454545455,748,-6.63147426621635
2.65454545454545,748,-5.37980833601403
2.76363636363636,748,-4.18968298468396
2.87272727272727,748,-3.07135497537154
2.98181818181818,748,-2.03508107122216
3.09090909090909,748,-1.09111803538117
3.2,748,-0.24972263099396
3.30909090909091,748,0.478848378794088
3.41818181818182,748,1.0843382308376
3.52727272727273,748,1.5564901619912
3.63636363636364,748,1.88705504929602
3.74545454545455,748,2.08302503413963
3.85454545454545,748,2.15838460612589
3.96363636363636,748,2.12715484255707
4.07272727272727,748,2.00335682073545
4.18181818181818,748,1.8010116179633
4.29090909090909,748,1.53414031154289
4.4,748,1.21676397877648
4.50909090909091,748,0.862903696966348
4.61818181818182,748,0.486580543414767
4.72727272727273,748,0.101815595424005
4.83636363636364,748,-0.277370069703667
4.94545454545455,748,-0.636955374665982
5.05454545454545,748,-0.962919242160665
5.16363636363636,748,-1.24176614650898
5.27272727272727,748,-1.46840785578832
5.38181818181818,748,-1.64451782704011
5.49090909090909,748,-1.77196104486538
5.6,748,-1.85260249386516
5.70909090909091,748,-1.88830715864049
5.81818181818182,748,-1.88094002379238
5.92727272727273,748,-1.83236607392188
6.03636363636364,748,-1.74445029363002
6.14545454545455,748,-1.61905766751781
6.25454545454545,748,-1.4580531801863
6.36363636363636,748,-1.26330181623652
6.47272727272727,748,-1.03666856026949
6.58181818181818,748,-0.780018396886237
6.69090909090909,748,-0.495216310687806
6.8,748,-0.18412728627522
6.90909090909091,748,0.151620516597288
7.01818181818182,748,0.511346237562682
7.12727272727273,748,0.894605841100727
7.23636363636364,748,1.30095529169117
7.34545454545455,748,1.7299505538138
7.45454545454546,748,2.18114759194835
7.56363636363636,748,2.65410237057459
7.67272727272727,748,3.14837085417229
7.78181818181818,748,3.6635090072212
7.89090909090909,748,4.19907279420109
8,748,4.75461817959172
8.10909090909091,748,5.32970112787285
8.21818181818182,748,5.92387760352424
8.32727272727273,748,6.53670357102565
8.43636363636364,748,7.16773499485684
8.54545454545455,748,7.81652783949759
8.65454545454546,748,8.48263806942763
8.76363636363637,748,9.16562164912674
8.87272727272727,748,9.86503454307467
8.98181818181818,748,10.5804327157512
9.09090909090909,748,11.3113721316361
9.2,748,12.0574087552091
9.30909090909091,748,12.81809855095
9.41818181818182,748,13.5929974833385
9.52727272727273,748,14.3816615168544
9.63636363636364,748,15.1836466159774
9.74545454545455,748,15.9985087451874
9.85454545454546,748,16.8258038689641
9.96363636363636,748,17.6650879517872
10.0727272727273,748,18.5159169581365
10.1818181818182,748,19.3778468524918
10.2909090909091,748,20.2504335993328
10.4,748,21.1332331631393
10.5090909090909,748,22.025801508391
10.6181818181818,748,22.9276945995678
10.7272727272727,748,23.8384684011493
10.8363636363636,748,24.7576788776154
10.9454545454545,748,25.6848819934457
11.0545454545455,748,26.6196337131201
11.1636363636364,748,27.5614900011184
11.2727272727273,748,28.5100068219202
11.3818181818182,748,29.4647401400053
11.4909090909091,748,30.4252459198536
11.6,748,31.3910801259447
11.7090909090909,748,32.3617987227584
11.8181818181818,748,33.3369576747746
11.9272727272727,748,34.3161129464728
12.0363636363636,748,35.298820502333
12.1454545454545,748,36.2846363068349
12.2545454545455,748,37.2731163244582
12.3636363636364,748,38.2638165196826
12.4727272727273,748,39.2562928569881
12.5818181818182,748,40.2501013008542
12.6909090909091,748,41.2447978157608
12.8,748,42.2399383661877
2,759.333333333333,-13.2851722018737
2.10909090909091,759.333333333333,-11.9082213867258
2.21818181818182,759.333333333333,-10.541314340039
2.32727272727273,759.333333333333,-9.19449483027421
2.43636363636364,759.333333333333,-7.87780662589255
2.54545454545455,759.333333333333,-6.60129349535505
2.65454545454545,759.333333333333,-5.37499920712275
2.76363636363636,759.333333333333,-4.20896752965668
2.87272727272727,759.333333333333,-3.11324223141789
2.98181818181818,759.333333333333,-2.09786708086742
3.09090909090909,759.333333333333,-1.1728858464663
3.2,759.333333333333,-0.348342296675563
3.30909090909091,759.333333333333,0.365719800043734
3.41818181818182,759.333333333333,0.95925667523056
3.52727272727273,759.333333333333,1.42222456042388
3.63636363636364,759.333333333333,1.74655294727767
3.74545454545455,759.333333333333,1.93915159096091
3.85454545454545,759.333333333333,2.01380285356601
3.96363636363636,759.333333333333,1.98432505833342
4.07272727272727,759.333333333333,1.86453652850358
4.18181818181818,759.333333333333,1.66825558731692
4.29090909090909,759.333333333333,1.4093005580139
4.4,759.333333333333,1.10148976383495
4.50909090909091,759.333333333333,0.758641528020521
4.61818181818182,759.333333333333,0.394574173811055
4.72727272727273,759.333333333333,0.0231060244469901
4.83636363636364,759.333333333333,-0.341944596831225
4.94545454545455,759.333333333333,-0.686759366783152
5.05454545454545,759.333333333333,-0.997519962168346
5.16363636363636,759.333333333333,-1.26092771534559
5.27272727272727,759.333333333333,-1.4719969332303
5.38181818181818,759.333333333333,-1.63242775410634
5.49090909090909,759.333333333333,-1.74410969512025
5.6,759.333333333333,-1.80893227341855
5.70909090909091,759.333333333333,-1.8287850061478
5.81818181818182,759.333333333333,-1.80555741045452
5.92727272727273,759.333333333333,-1.74113900348526
6.03636363636364,759.333333333333,-1.63741930238655
6.14545454545455,759.333333333333,-1.49628782430494
6.25454545454545,759.333333333333,-1.31963408638696
6.36363636363636,759.333333333333,-1.10934760577915
6.47272727272727,759.333333333333,-0.867317899628044
6.58181818181818,759.333333333333,-0.595434485080183
6.69090909090909,759.333333333333,-0.29558687928211
6.8,759.333333333333,0.0303354006196396
6.90909090909091,759.333333333333,0.380684468648535
7.01818181818182,759.333333333333,0.754778963508076
7.12727272727273,759.333333333333,1.15217915507177
7.23636363636364,759.333333333333,1.57244531321312
7.34545454545455,759.333333333333,2.01513770780565
7.45454545454546,759.333333333333,2.47981660872284
7.56363636363636,759.333333333333,2.96604228583821
7.67272727272727,759.333333333333,3.47337500902526
7.78181818181818,759.333333333333,4.0013750481575
7.89090909090909,759.333333333333,4.54960267310845
8,759.333333333333,5.11761815375159
8.10909090909091,759.333333333333,5.70498175996045
8.21818181818182,759.333333333333,6.31125376160853
8.32727272727273,759.333333333333,6.93599442856933
8.43636363636364,759.333333333333,7.57876403071637
8.54545454545455,759.333333333333,8.23912283792314
8.65454545454546,759.333333333333,8.91663112006315
8.76363636363637,759.333333333333,9.61084914700992
8.87272727272727,759.333333333333,10.3213371886369
8.98181818181818,759.333333333333,11.0476555148177
9.09090909090909,759.333333333333,11.7893643954258
9.2,759.333333333333,12.5460241003346
9.30909090909091,759.333333333333,13.3171948994177
9.41818181818182,759.333333333333,14.1024370625486
9.52727272727273,759.333333333333,14.9013108596008
9.63636363636364,759.333333333333,15.7133765604478
9.74545454545455,759.333333333333,16.5381944349631
9.85454545454546,759.333333333333,17.3753247530203
9.96363636363636,759.333333333333,18.2243277844927
10.0727272727273,759.333333333333,19.084763799254
10.1818181818182,759.333333333333,19.9561930671776
10.2909090909091,759.333333333333,20.8381758581371
10.4,759.333333333333,21.7302724420059
10.5090909090909,759.333333333333,22.6320430886576
10.6181818181818,759.333333333333,23.5430480679656
10.7272727272727,759.333333333333,24.4628476498035
10.8363636363636,759.333333333333,25.3910021040448
10.9454545454545,759.333333333333,26.3270717005629
11.0545454545455,759.333333333333,27.2706167092314
11.1636363636364,759.333333333333,28.2211973999239
11.2727272727273,759.333333333333,29.1783740425137
11.3818181818182,759.333333333333,30.1417069068745
11.4909090909091,759.333333333333,31.1107562628796
11.6,759.333333333333,32.0850823804027
11.7090909090909,759.333333333333,33.0642455293172
11.8181818181818,759.333333333333,34.0478059794967
11.9272727272727,759.333333333333,35.0353240008145
12.0363636363636,759.333333333333,36.0263598631444
12.1454545454545,759.333333333333,37.0204738363597
12.2545454545455,759.333333333333,38.0172261903339
12.3636363636364,759.333333333333,39.0161771949406
12.4727272727273,759.333333333333,40.0168871200533
12.5818181818182,759.333333333333,41.0189162355455
12.6909090909091,759.333333333333,42.0218248112906
12.8,759.333333333333,43.0251731171623
2,770.666666666667,-13.1090244110473
2.10909090909091,770.666666666667,-11.7618479180721
2.21818181818182,770.666666666667,-10.4244916185556
2.32727272727273,770.666666666667,-9.10677570595672
2.43636363636364,770.666666666667,-7.8185203737341
2.54545454545455,770.666666666667,-6.56954581534656
2.65454545454545,770.666666666667,-5.36967222425285
2.76363636363636,770.666666666667,-4.22871979391174
2.87272727272727,770.666666666667,-3.15650871778201
2.98181818181818,770.666666666667,-2.16285918932242
3.09090909090909,770.666666666667,-1.25759140199175
3.2,770.666666666667,-0.450525549248739
3.30909090909091,770.666666666667,0.248518175447818
3.41818181818182,770.666666666667,0.829719578639164
3.52727272727273,770.666666666667,1.28325846686654
3.63636363636364,770.666666666667,1.60125149400314
3.74545454545455,770.666666666667,1.79051914500891
3.85454545454545,770.666666666667,1.86462769080584
3.96363636363636,770.666666666667,1.83717869986898
4.07272727272727,770.666666666667,1.72177374067339
4.18181818181818,770.666666666667,1.53201438169413
4.29090909090909,770.666666666667,1.28150219140626
4.4,770.666666666667,0.983838738284832
4.50909090909091,770.666666666667,0.65262559080491
4.61818181818182,770.666666666667,0.301464317441551
4.72727272727273,770.666666666667,-0.05604351333019
4.83636363636364,770.666666666667,-0.406296333035252
4.94545454545455,770.666666666667,-0.73569257319858
5.05454545454545,770.666666666667,-1.03063066534511
5.16363636363636,770.666666666667,-1.27802226115584
5.27272727272727,770.666666666667,-1.47298903853983
5.38181818181818,770.666666666667,-1.61725570907566
5.49090909090909,770.666666666667,-1.71273401792645
5.6,770.666666666667,-1.76133571025533
5.70909090909091,770.666666666667,-1.76497253122543
5.81818181818182,770.666666666667,-1.72555622599989
5.92727272727273,770.666666666667,-1.64499853974184
6.03636363636364,770.666666666667,-1.52521121761441
6.14545454545455,770.666666666667,-1.36810600478072
6.25454545454545,770.666666666667,-1.17559464640392
6.36363636363636,770.666666666667,-0.949588887647125
6.47272727272727,770.666666666667,-0.692000473673475
6.58181818181818,770.666666666667,-0.404741149646096
6.69090909090909,770.666666666667,-0.0897226607281219
6.8,770.666666666667,0.251143247917316
6.90909090909091,770.666666666667,0.616190922973777
7.01818181818182,770.666666666667,1.00473907851158
7.12727272727273,770.666666666667,1.41635252044775
7.23636363636364,770.666666666667,1.85059605469928
7.34545454545455,770.666666666667,2.3070344871832
7.45454545454546,770.666666666667,2.78523262381651
7.56363636363636,770.666666666667,3.28475527051623
7.67272727272727,770.666666666667,3.80516723319936
7.78181818181818,770.666666666667,4.34603331778293
7.89090909090909,770.666666666667,4.90691833018394
8,770.666666666667,5.4873870763194
8.10909090909091,770.666666666667,6.08700436210633
8.21818181818182,770.666666666667,6.70533499346174
8.32727272727273,770.666666666667,7.34194377630264
8.43636363636364,770.666666666667,7.99639551654604
8.54545454545455,770.666666666667,8.66825502010896
8.65454545454546,770.666666666667,9.35708709290841
8.76363636363637,770.666666666667,10.0624565408614
8.87272727272727,770.666666666667,10.7839281698849
8.98181818181818,770.666666666667,11.521066785896
9.09090909090909,770.666666666667,12.2734371948117
9.2,770.666666666667,13.0406042025489
9.30909090909091,770.666666666667,13.8221326150248
9.41818181818182,770.666666666667,14.6175872381563
9.52727272727273,770.666666666667,15.4265328778604
9.63636363636364,770.666666666667,16.2485343400541
9.74545454545455,770.666666666667,17.0831564306545
9.85454545454546,770.666666666667,17.9299639555786
9.96363636363636,770.666666666667,18.7885217207433
10.0727272727273,770.666666666667,19.6583945320657
10.1818181818182,770.666666666667,20.5391471954628
10.2909090909091,770.666666666667,21.4303445168516
10.4,770.666666666667,22.3315513021491
10.5090909090909,770.666666666667,23.2423323572724
10.6181818181818,770.666666666667,24.1622524881384
10.7272727272727,770.666666666667,25.0908765006642
10.8363636363636,770.666666666667,26.0277692007667
10.9454545454545,770.666666666667,26.972495394363
11.0545454545455,770.666666666667,27.9246198873701
11.1636363636364,770.666666666667,28.883707485705
11.2727272727273,770.666666666667,29.8493229952848
11.3818181818182,770.666666666667,30.8210312220263
11.4909090909091,770.666666666667,31.7983969718468
11.6,770.666666666667,32.780985050663
11.7090909090909,770.666666666667,33.7683602643921
11.8181818181818,770.666666666667,34.7600874189511
11.9272727272727,770.666666666667,35.755731320257
12.0363636363636,770.666666666667,36.7548567742269
12.1454545454545,770.666666666667,37.7570285867776
12.2545454545455,770.666666666667,38.7618115638262
12.3636363636364,770.666666666667,39.7687705112898
12.4727272727273,770.666666666667,40.7774702350853
12.5818181818182,770.666666666667,41.7874755411298
12.6909090909091,770.666666666667,42.7983512353403
12.8,770.666666666667,43.8096621236338
2,782,-12.925713583447
2.10909090909091,782,-11.6094814300839
2.21818181818182,782,-10.3028356454944
2.32727272727273,782,-9.01536259845183
2.43636363636364,782,-7.75664865772977
2.54545454545455,782,-6.53628019210171
2.65454545454545,782,-5.36384357034114
2.76363636363636,782,-4.24892516122155
2.87272727272727,782,-3.20111133351646
2.98181818181818,782,-2.22998845599936
3.09090909090909,782,-1.34514289744375
3.2,782,-0.556161026623123
3.30909090909091,782,0.127370787689017
3.41818181818182,782,0.695866176719177
3.52727272727273,782,1.13973877169386
3.63636363636364,782,1.45130066919919
3.74545454545455,782,1.63727641512029
3.85454545454545,782,1.71100266191411
3.96363636363636,782,1.68585066010876
4.07272727272727,782,1.57519166023233
4.18181818181818,782,1.39239691281294
4.29090909090909,782,1.15083766837867
4.4,782,0.863885177457639
4.50909090909091,782,0.544910690577943
4.61818181818182,782,0.207285458267687
4.72727272727273,782,-0.135619268945032
4.83636363636364,782,-0.470432240532108
4.94545454545455,782,-0.783782205965443
5.05454545454545,782,-1.06229791471693
5.16363636363636,782,-1.29311437840933
5.27272727272727,782,-1.47146532709606
5.38181818181818,782,-1.5990980035761
5.49090909090909,782,-1.67794414851676
5.6,782,-1.70993550258539
5.70909090909091,782,-1.69700380644933
5.81818181818182,782,-1.64108080077591
5.92727272727273,782,-1.54409822623248
6.03636363636364,782,-1.40798782348636
6.14545454545455,782,-1.2346813332049
6.25454545454545,782,-1.02611049605543
6.36363636363636,782,-0.784207052705288
6.47272727272727,782,-0.510902743821818
6.58181818181818,782,-0.208129310072352
6.69090909090909,782,0.122181507875774
6.8,782,0.478097969355219
6.90909090909091,782,0.857938551376948
7.01818181818182,782,1.26102260166513
7.12727272727273,782,1.68691968562225
7.23636363636364,782,2.13519936865077
7.34545454545455,782,2.60543121615316
7.45454545454546,782,3.0971847935319
7.56363636363636,782,3.61002966618947
7.67272727272727,782,4.14353539952832
7.78181818181818,782,4.69727155895095
7.89090909090909,782,5.27080770985981
8,782,5.86371341765739
8.10909090909091,782,6.47555824774615
8.21818181818182,782,7.10591176552858
8.32727272727273,782,7.75434353640714
8.43636363636364,782,8.4204231257843
8.54545454545455,782,9.10372009906255
8.65454545454546,782,9.80380402164434
8.76363636363637,782,10.5202444589322
8.87272727272727,782,11.2526109763285
8.98181818181818,782,12.0004731392358
9.09090909090909,782,12.7634005130565
9.2,782,13.5409626631931
9.30909090909091,782,14.3327291550482
9.41818181818182,782,15.1382695540241
9.52727272727273,782,15.9571534255233
9.63636363636364,782,16.7889503349483
9.74545454545455,782,17.6332298477017
9.85454545454546,782,18.4895615291858
9.96363636363636,782,19.3575149448031
10.0727272727273,782,20.2366596599561
10.1818181818182,782,21.1265652400473
10.2909090909091,782,22.0268012504791
10.4,782,22.936937256654
10.5090909090909,782,23.8565428239746
10.6181818181818,782,24.7851875178432
10.7272727272727,782,25.7224409036624
10.8363636363636,782,26.6678725468345
10.9454545454545,782,27.6210520127622
11.0545454545455,782,28.5815488668478
11.1636363636364,782,29.5489326744938
11.2727272727273,782,30.5227730011028
11.3818181818182,782,31.5026394120771
11.4909090909091,782,32.4881014728193
11.6,782,33.4787287487318
11.7090909090909,782,34.474090805217
11.8181818181818,782,35.4737572076776
11.9272727272727,782,36.4772975215159
12.0363636363636,782,37.4842813121344
12.1454545454545,782,38.4942781449356
12.2545454545455,782,39.506857585322
12.3636363636364,782,40.521589198696
12.4727272727273,782,41.5380425504601
12.5818181818182,782,42.5557872060168
12.6909090909091,782,43.5743927307686
12.8,782,44.5934286901179
2,793.333333333333,-12.7354707847751
2.10909090909091,793.333333333333,-11.4513152459657
2.21818181818182,793.333333333333,-10.1765023321964
2.32727272727273,793.333333333333,-8.9203746685075
2.43636363636364,793.333333333333,-7.69227487993909
2.54545454545455,793.333333333333,-6.50154559153135
2.65454545454545,793.333333333333,-5.35752942832445
2.76363636363636,793.333333333333,-4.26956901535855
2.87272727272727,793.333333333333,-3.24700697767382
2.98181818181818,793.333333333333,-2.29918594031044
3.09090909090909,793.333333333333,-1.43544852830857
3.2,793.333333333333,-0.665137366708359
3.30909090909091,793.333333333333,0.00240491945000133
3.41818181818182,793.333333333333,0.557835705126353
3.52727272727273,793.333333333333,0.991812365280532
3.63636363636364,793.333333333333,1.29685045259258
3.74545454545455,793.333333333333,1.47957212013171
3.85454545454545,793.333333333333,1.55307131095959
3.96363636363636,793.333333333333,1.53047583199778
4.07272727272727,793.333333333333,1.42491349016785
4.18181818181818,793.333333333333,1.24951209239135
4.29090909090909,793.333333333333,1.01739944558984
4.4,793.333333333333,0.741703356684888
4.50909090909091,793.333333333333,0.435551632598051
4.61818181818182,793.333333333333,0.112072080250892
4.72727272727273,793.333333333333,-0.215607493435032
4.83636363636364,793.333333333333,-0.534359281538156
4.94545454545455,793.333333333333,-0.831055477136925
5.05454545454545,793.333333333333,-1.09256827330977
5.16363636363636,793.333333333333,-1.30626866157562
5.27272727272727,793.333333333333,-1.46750695427813
5.38181818181818,793.333333333333,-1.57805094923568
5.49090909090909,793.333333333333,-1.63985022212395
5.6,793.333333333333,-1.65485434861863
5.70909090909091,793.333333333333,-1.62501290439541
5.81818181818182,793.333333333333,-1.55227546512997
5.92727272727273,793.333333333333,-1.438591606498
6.03636363636364,793.333333333333,-1.28591090417517
6.14545454545455,793.333333333333,-1.09618293383719
6.25454545454545,793.333333333333,-0.87135727115972
6.36363636363636,793.333333333333,-0.613383491818465
6.47272727272727,793.333333333333,-0.324211171489103
6.58181818181818,793.333333333333,-0.00578988584732001
6.69090909090909,793.333333333333,0.339930789431199
6.8,793.333333333333,0.711001278670766
6.90909090909091,793.333333333333,1.10572602566199
7.01818181818182,793.333333333333,1.52342555206067
7.12727272727273,793.333333333333,1.96367439898887
7.23636363636364,793.333333333333,2.4260471075687
7.34545454545455,793.333333333333,2.91011821892222
7.45454545454546,793.333333333333,3.41546227417153
7.56363636363636,793.333333333333,3.94165381443872
7.67272727272727,793.333333333333,4.48826738084585
7.78181818181818,793.333333333333,5.05487751451502
7.89090909090909,793.333333333333,5.64105875656832
8,793.333333333333,6.24638564812782
8.10909090909091,793.333333333333,6.87043273031561
8.21818181818182,793.333333333333,7.51277454425378
8.32727272727273,793.333333333333,8.17298563106441
8.43636363636364,793.333333333333,8.85064053186959
8.54545454545455,793.333333333333,9.54531378779139
8.65454545454546,793.333333333333,10.2565799399519
8.76363636363637,793.333333333333,10.9840135294732
8.87272727272727,793.333333333333,11.7271890974774
8.98181818181818,793.333333333333,12.4856811850866
9.09090909090909,793.333333333333,13.2590643334228
9.2,793.333333333333,14.0469130836081
9.30909090909091,793.333333333333,14.8488019767647
9.41818181818182,793.333333333333,15.6643055540145
9.52727272727273,793.333333333333,16.4929983564798
9.63636363636364,793.333333333333,17.3344549252825
9.74545454545455,793.333333333333,18.1882498015448
9.85454545454546,793.333333333333,19.0539575263887
9.96363636363636,793.333333333333,19.9311526409363
10.0727272727273,793.333333333333,20.8194096863098
10.1818181818182,793.333333333333,21.7183032036311
10.2909090909091,793.333333333333,22.6274077340224
10.4,793.333333333333,23.5462978186058
10.5090909090909,793.333333333333,24.4745479985033
10.6181818181818,793.333333333333,25.4117328148371
10.7272727272727,793.333333333333,26.3574268087292
10.8363636363636,793.333333333333,27.3112045213016
10.9454545454545,793.333333333333,28.2726404936766
11.0545454545455,793.333333333333,29.2413092669761
11.1636363636364,793.333333333333,30.2167853823223
11.2727272727273,793.333333333333,31.1986433808372
11.3818181818182,793.333333333333,32.1864578036429
11.4909090909091,793.333333333333,33.1798031918615
11.6,793.333333333333,34.1782540866151
11.7090909090909,793.333333333333,35.1813850290258
11.8181818181818,793.333333333333,36.1887705602157
11.9272727272727,793.333333333333,37.1999852213068
12.0363636363636,793.333333333333,38.2146035534212
12.1454545454545,793.333333333333,39.232200097681
12.2545454545455,793.333333333333,40.2523493952083
12.3636363636364,793.333333333333,41.2746259871252
12.4727272727273,793.333333333333,42.2986044145538
12.5818181818182,793.333333333333,43.3238592186161
12.6909090909091,793.333333333333,44.3499649404342
12.8,793.333333333333,45.3764961211303
2,804.666666666667,-12.538527080734
2.10909090909091,804.666666666667,-11.2875426889216
2.21818181818182,804.666666666667,-10.045647590003
2.32727272727273,804.666666666667,-8.82193107687173
2.43636363636364,804.666666666667,-7.62548244242161
2.54545454545455,804.666666666667,-6.46539097954635
2.65454545454545,804.666666666667,-5.35074598113963
2.76363636363636,804.666666666667,-4.29063674009516
2.87272727272727,804.666666666667,-3.29415254930666
2.98181818181818,804.666666666667,-2.37038270166785
3.09090909090909,804.666666666667,-1.52841649007242
3.2,804.666666666667,-0.77734320741408
3.30909090909091,804.666666666667,-0.126252146586553
3.41818181818182,804.666666666667,0.415767399516458
3.52727272727273,804.666666666667,0.839626138001247
3.63636363636364,804.666666666667,1.13805082391005
3.74545454545455,804.666666666667,1.31755497887984
3.85454545454545,804.666666666667,1.39097718201104
3.96363636363636,804.666666666667,1.37118910848109
4.07272727272727,804.666666666667,1.2710624334674
4.18181818181818,804.666666666667,1.10346883214739
4.29090909090909,804.666666666667,0.881279979698481
4.4,804.666666666667,0.617367551298102
4.50909090909091,804.666666666667,0.324603222123667
4.61818181818182,804.666666666667,0.0158586673525996
4.72727272727273,804.666666666667,-0.295994437837683
4.83636363636364,804.666666666667,-0.598084418269755
4.94545454545455,804.666666666667,-0.8775395987662
5.05454545454545,804.666666666667,-1.1214883041496
5.16363636363636,804.666666666667,-1.31754970512428
5.27272727272727,804.666666666667,-1.46119507546516
5.38181818181818,804.666666666667,-1.55421085768243
5.49090909090909,804.666666666667,-1.59856237398079
5.6,804.666666666667,-1.59621494656495
5.70909090909091,804.666666666667,-1.54913389763961
5.81818181818182,804.666666666667,-1.45928454940947
5.92727272727273,804.666666666667,-1.32863222407924
6.03636363636364,804.666666666667,-1.15914224385362
6.14545454545455,804.666666666667,-0.95277993093732
6.25454545454545,804.666666666667,-0.711510607535041
6.36363636363636,804.666666666667,-0.437299595851489
6.47272727272727,804.666666666667,-0.13211221809137
6.58181818181818,804.666666666667,0.202086203540617
6.69090909090909,804.666666666667,0.563330346839763
6.8,804.666666666667,0.949654889601366
6.90909090909091,804.666666666667,1.35935201763284
7.01818181818182,804.666666666667,1.79174394879011
7.12727272727273,804.666666666667,2.24641040894121
7.23636363636364,804.666666666667,2.72293112395419
7.34545454545455,804.666666666667,3.22088581969708
7.45454545454546,804.666666666667,3.73985422203793
7.56363636363636,804.666666666667,4.27941605684478
7.67272727272727,804.666666666667,4.83915104998565
7.78181818181818,804.666666666667,5.41863892732862
7.89090909090909,804.666666666667,6.0174594147417
8,804.666666666667,6.63519223809293
8.10909090909091,804.666666666667,7.27141712325038
8.21818181818182,804.666666666667,7.92571379608206
8.32727272727273,804.666666666667,8.59766198245603
8.43636363636364,804.666666666667,9.28684140824032
8.54545454545455,804.666666666667,9.99283179930298
8.65454545454546,804.666666666667,10.715212881512
8.76363636363637,804.666666666667,11.4535643807355
8.87272727272727,804.666666666667,12.2074660228415
8.98181818181818,804.666666666667,12.9764975336981
9.09090909090909,804.666666666667,13.7602386391731
9.2,804.666666666667,14.5582690651348
9.30909090909091,804.666666666667,15.3701685374512
9.41818181818182,804.666666666667,16.1955167819902
9.52727272727273,804.666666666667,17.03389352462
9.63636363636364,804.666666666667,17.8848784912086
9.74545454545455,804.666666666667,18.7480514076239
9.85454545454546,804.666666666667,19.6229919997342
9.96363636363636,804.666666666667,20.5092799934073
10.0727272727273,804.666666666667,21.4064951145113
10.1818181818182,804.666666666667,22.3142170889143
10.2909090909091,804.666666666667,23.2320256424844
10.4,804.666666666667,24.1595005010895
10.5090909090909,804.666666666667,25.0962213905977
10.6181818181818,804.666666666667,26.0417680368771
10.7272727272727,804.666666666667,26.9957201657956
10.8363636363636,804.666666666667,27.9576575032214
10.9454545454545,804.666666666667,28.9271597750224
11.0545454545455,804.666666666667,29.9038067070667
11.1636363636364,804.666666666667,30.8871780252224
11.2727272727273,804.666666666667,31.8768534553574
11.3818181818182,804.666666666667,32.8724127233399
11.4909090909091,804.666666666667,33.8734355550379
11.6,804.666666666667,34.8795016763193
11.7090909090909,804.666666666667,35.8901908130523
11.8181818181818,804.666666666667,36.9050826911049
11.9272727272727,804.666666666667,37.9237570363452
12.0363636363636,804.666666666667,38.9457935746411
12.1454545454545,804.666666666667,39.9707720318607
12.2545454545455,804.666666666667,40.9982721338721
12.3636363636364,804.666666666667,42.0278736065433
12.4727272727273,804.666666666667,43.0591561757423
12.5818181818182,804.666666666667,44.0916995673372
12.6909090909091,804.666666666667,45.125083507196
12.8,804.666666666667,46.1588877211867
2,816,-12.3351135370261
2.10909090909091,816,-11.1183570821562
2.21818181818182,816,-9.91042733025526
2.32727272727273,816,-8.72015098429249
2.43636363636364,816,-7.55635474723689
2.54545454545455,816,-6.42786532205754
2.65454545454545,816,-5.3435094117235
2.76363636363636,816,-4.31211371920381
2.87272727272727,816,-3.34250494746755
2.98181818181818,816,-2.44350979948378
3.09090909090909,816,-1.62395497822155
3.2,816,-0.892667186649926
3.30909090909091,816,-0.258473127737975
3.41818181818182,816,0.269800495545251
3.52727272727273,816,0.683326980230692
3.63636363636364,816,0.975051762878376
3.74545454545455,816,1.15137371020134
3.85454545454545,816,1.22486381913722
3.96363636363636,816,1.20812538250369
4.07272727272727,816,1.11376169311841
4.18181818181818,816,0.954376043799061
4.29090909090909,816,0.742571727363299
4.4,816,0.490952036628795
4.50909090909091,816,0.212120264413219
4.61818181818182,816,-0.0813202964657605
4.72727272727273,816,-0.376766353190479
4.83636363636364,816,-0.661614612943264
4.94545454545455,816,-0.923261782906452
5.05454545454545,816,-1.14910457026237
5.16363636363636,816,-1.32702210352489
5.27272727272727,816,-1.45261084603631
5.38181818181818,816,-1.52767404054439
5.49090909090909,816,-1.55419073932006
5.6,816,-1.53413999463424
5.70909090909091,816,-1.46950085875784
5.81818181818182,816,-1.3622523839618
5.92727272727273,816,-1.21437362251704
6.03636363636364,816,-1.02784362669447
6.14545454545455,816,-0.80464144876503
6.25454545454545,816,-0.54674614099963
6.36363636363636,816,-0.256136755669196
6.47272727272727,816,0.0652076549553483
6.58181818181818,816,0.415308038603083
6.69090909090909,816,0.792185343003083
6.8,816,1.19386051588443
6.90909090909091,816,1.61861519909343
7.01818181818182,816,2.0657738109454
7.12727272727273,816,2.53492146387287
7.23636363636364,816,3.02564327030836
7.34545454545455,816,3.53752434268444
7.45454545454546,816,4.07014979343362
7.56363636363636,816,4.62310473498845
7.67272727272727,816,5.19597427978146
7.78181818181818,816,5.7883435402452
7.89090909090909,816,6.3997976288122
8,816,7.02992165791499
8.10909090909091,816,7.67830073998613
8.21818181818182,816,8.34451998745814
8.32727272727273,816,9.02816451276356
8.43636363636364,816,9.72881942833494
8.54545454545455,816,10.4460698466048
8.65454545454546,816,11.1795008800057
8.76363636363637,816,11.9286976409701
8.87272727272727,816,12.6932452419307
8.98181818181818,816,13.4727287953199
9.09090909090909,816,14.2667334135702
9.2,816,15.0748442091143
9.30909090909091,816,15.8966462943847
9.41818181818182,816,16.7317247818138
9.52727272727273,816,17.5796647838342
9.63636363636364,816,18.4400514128786
9.74545454545455,816,19.3124697813793
9.85454545454546,816,20.196505001769
9.96363636363636,816,21.0917421864801
10.0727272727273,816,21.9977664479453
10.1818181818182,816,22.914162898597
10.2909090909091,816,23.8405166508678
10.4,816,24.7764128171902
10.5090909090909,816,25.7214365099968
10.6181818181818,816,26.6751728417202
10.7272727272727,816,27.6372069247927
10.8363636363636,816,28.6071238716471
10.9454545454545,816,29.5845087947157
11.0545454545455,816,30.5689468064312
11.1636363636364,816,31.5600230192261
11.2727272727273,816,32.557322545533
11.3818181818182,816,33.5604304977843
11.4909090909091,816,34.5689319884126
11.6,816,35.5824121298505
11.7090909090909,816,36.6004560345305
11.8181818181818,816,37.622648814885
11.9272727272727,816,38.6485755833468
12.0363636363636,816,39.6778214523482
12.1454545454545,816,40.7099715343219
12.2545454545455,816,41.7446109417004
12.3636363636364,816,42.7813247869161
12.4727272727273,816,43.8196981824017
12.5818181818182,816,44.8593162405897
12.6909090909091,816,45.8997640739126
12.8,816,46.940626794803
2,827.333333333333,-12.1254612193538
2.10909090909091,827.333333333333,-10.9439517488736
2.21818181818182,827.333333333333,-9.77099746429453
2.32727272727273,827.333333333333,-8.61515355151776
2.43636363636364,827.333333333333,-7.48497519644446
2.54545454545455,827.333333333333,-6.38901758497579
2.65454545454545,827.333333333333,-5.33583590301289
2.76363636363636,827.333333333333,-4.33398533645692
2.87272727272727,827.333333333333,-3.39202107120905
2.98181818181818,827.333333333333,-2.51849829317043
3.09090909090909,827.333333333333,-1.72197218824221
3.2,827.333333333333,-1.01099794232554
3.30909090909091,827.333333333333,-0.394130741321587
3.41818181818182,827.333333333333,0.120074228868494
3.52727272727273,827.333333333333,0.523061782343555
3.63636363636364,827.333333333333,0.808003249224296
3.74545454545455,827.333333333333,0.981177032932878
3.85454545454545,827.333333333333,1.05487476640689
3.96363636363636,827.333333333333,1.04141954701062
4.07272727272727,827.333333333333,0.953134472108353
4.18181818181818,827.333333333333,0.802342639064384
4.29090909090909,827.333333333333,0.601367145242999
4.4,827.333333333333,0.362531088008488
4.50909090909091,827.333333333333,0.0981575647251389
4.61818181818182,827.333333333333,-0.179430327242758
4.72727272727273,827.333333333333,-0.457909490530917
4.83636363636364,827.333333333333,-0.724956827775045
4.94545454545455,827.333333333333,-0.968249241610859
5.05454545454545,827.333333333333,-1.17546363467406
5.16363636363636,827.333333333333,-1.33475045124703
5.27272727272727,827.333333333333,-1.44183542137071
5.38181818181818,827.333333333333,-1.49853680944958
5.49090909090909,827.333333333333,-1.50684545337452
5.6,827.333333333333,-1.46875219103638
5.70909090909091,827.333333333333,-1.38624786032604
5.81818181818182,827.333333333333,-1.26132329913437
5.92727272727273,827.333333333333,-1.09596934535224
6.03636363636364,827.333333333333,-0.892176836870504
6.14545454545455,827.333333333333,-0.651936611580046
6.25454545454545,827.333333333333,-0.377239507371725
6.36363636363636,827.333333333333,-0.0700763621364154
6.47272727272727,827.333333333333,0.267561986235017
6.58181818181818,827.333333333333,0.633684699851706
6.69090909090909,827.333333333333,1.02630094082278
6.8,827.333333333333,1.44341987125737
6.90909090909091,827.333333333333,1.88331424184771
7.01818181818182,827.333333333333,2.34531115761848
7.12727272727273,827.333333333333,2.82900131217743
7.23636363636364,827.333333333333,3.33397539913234
7.34545454545455,827.333333333333,3.85982411209098
7.45454545454546,827.333333333333,4.40613814466112
7.56363636363636,827.333333333333,4.97250819045053
7.67272727272727,827.333333333333,5.55852494306697
7.78181818181818,827.333333333333,6.16377909611823
7.89090909090909,827.333333333333,6.78786134321207
8,827.333333333333,7.43036237795625
8.10909090909091,827.333333333333,8.09087289395855
8.21818181818182,827.333333333333,8.76898358482675
8.32727272727273,827.333333333333,9.4642851441686
8.43636363636364,827.333333333333,10.1763682655919
8.54545454545455,827.333333333333,10.9048236427044
8.65454545454546,827.333333333333,11.6492419691138
8.76363636363637,827.333333333333,12.409213938428
8.87272727272727,827.333333333333,13.1843302442547
8.98181818181818,827.333333333333,13.9741815802017
9.09090909090909,827.333333333333,14.7783586398767
9.2,827.333333333333,15.5964521168875
9.30909090909091,827.333333333333,16.428052704842
9.41818181818182,827.333333333333,17.2727510973477
9.52727272727273,827.333333333333,18.1301379880127
9.63636363636364,827.333333333333,18.9998040704445
9.74545454545455,827.333333333333,19.881340038251
9.85454545454546,827.333333333333,20.7743365850399
9.96363636363636,827.333333333333,21.6783844044191
10.0727272727273,827.333333333333,22.5930741899962
10.1818181818182,827.333333333333,23.517996635379
10.2909090909091,827.333333333333,24.4527424341754
10.4,827.333333333333,25.3969022799931
10.5090909090909,827.333333333333,26.3500668664398
10.6181818181818,827.333333333333,27.3118268871234
10.7272727272727,827.333333333333,28.2817730356516
10.8363636363636,827.333333333333,29.2594960056321
10.9454545454545,827.333333333333,30.2445864906728
11.0545454545455,827.333333333333,31.2366351843813
11.1636363636364,827.333333333333,32.2352327803656
11.2727272727273,827.333333333333,33.2399699722333
11.3818181818182,827.333333333333,34.2504374535923
11.4909090909091,827.333333333333,35.2662259180502
11.6,827.333333333333,36.2869260592149
11.7090909090909,827.333333333333,37.3121285706941
11.8181818181818,827.333333333333,38.3414241460956
11.9272727272727,827.333333333333,39.3744034790272
12.0363636363636,827.333333333333,40.4106572630966
12.1454545454545,827.333333333333,41.4497761919116
12.2545454545455,827.333333333333,42.49135095908
12.3636363636364,827.333333333333,43.5349722582096
12.4727272727273,827.333333333333,44.5802307829081
12.5818181818182,827.333333333333,45.6267172267832
12.6909090909091,827.333333333333,46.6740222834429
12.8,827.333333333333,47.7217366464947
2,838.666666666667,-11.9098011934195
2.10909090909091,838.666666666667,-10.7645200122783
2.21818181818182,838.666666666667,-9.62751390346198
2.32727272727273,838.666666666667,-8.50705793929553
2.43636363636364,838.666666666667,-7.41142719210386
2.54545454545455,838.666666666667,-6.34889673421193
2.65454545454545,838.666666666667,-5.32774163794464
2.76363636363636,838.666666666667,-4.35623697562693
2.87272727272727,838.666666666667,-3.44265781958374
2.98181818181818,838.666666666667,-2.59527924213999
3.09090909090909,838.666666666667,-1.82237631562062
3.2,838.666666666667,-1.13222411235055
3.30909090909091,838.666666666667,-0.533097704654719
3.41818181818182,838.666666666667,-0.0332721648580512
3.52727272727273,838.666666666667,0.358977434714522
3.63636363636364,838.666666666667,0.637055262674575
3.74545454545455,838.666666666667,0.80711366591112
3.85454545454545,838.666666666667,0.881153567888803
3.96363636363636,838.666666666667,0.871206494946893
4.07272727272727,838.666666666667,0.789303973424659
4.18181818181818,838.666666666667,0.647477529661369
4.29090909090909,838.666666666667,0.457758689996292
4.4,838.666666666667,0.232178980768698
4.50909090909091,838.666666666667,-0.0172300716821434
4.61818181818182,838.666666666667,-0.278436941016962
4.72727272727273,838.666666666667,-0.539410100896491
4.83636363636364,838.666666666667,-0.788118024981459
4.94545454545455,838.666666666667,-1.0125291869326
5.05454545454545,838.666666666667,-1.20061206041064
5.16363636363636,838.666666666667,-1.34079934276026
5.27272727272727,838.666666666667,-1.4289499568475
5.38181818181818,838.666666666667,-1.46689547602603
5.49090909090909,838.666666666667,-1.45663665137694
5.6,838.666666666667,-1.40017423398128
5.70909090909091,838.666666666667,-1.29950897492014
5.81818181818182,838.666666666667,-1.15664162527458
5.92727272727273,838.666666666667,-0.97357293612567
6.03636363636364,838.666666666667,-0.752303658554484
6.14545454545455,838.666666666667,-0.494834543642095
6.25454545454545,838.666666666667,-0.203166342469571
6.36363636363636,838.666666666667,0.12070019388202
6.47272727272727,838.666666666667,0.474764314331599
6.58181818181818,838.666666666667,0.857025267798105
6.69090909090909,838.666666666667,1.26548230320046
6.8,838.666666666667,1.6981346694576
6.90909090909091,838.666666666667,2.15324781769961
7.01818181818182,838.666666666667,2.63015200790126
7.12727272727273,838.666666666667,3.1284437022485
7.23636363636364,838.666666666667,3.64771936292723
7.34545454545455,838.666666666667,4.18757545212341
7.45454545454546,838.666666666667,4.74760843202297
7.56363636363636,838.666666666667,5.32741476481182
7.67272727272727,838.666666666667,5.92659091267591
7.78181818181818,838.666666666667,6.54473333780118
7.89090909090909,838.666666666667,7.18143850237355
8,838.666666666667,7.83630286857894
8.10909090909091,838.666666666667,8.50892289860332
8.21818181818182,838.666666666667,9.19889505463259
8.32727272727273,838.666666666667,9.9058157988527
8.43636363636364,838.666666666667,10.6292815934496
8.54545454545455,838.666666666667,11.3688889006091
8.65454545454546,838.666666666667,12.1242341825173
8.76363636363637,838.666666666667,12.8949139013601
8.87272727272727,838.666666666667,13.6805245193233
8.98181818181818,838.666666666667,14.480662498593
9.09090909090909,838.666666666667,15.2949243013551
9.2,838.666666666667,16.1229063897954
9.30909090909091,838.666666666667,16.9642052261
9.41818181818182,838.666666666667,17.8184172724547
9.52727272727273,838.666666666667,18.6851389910455
9.63636363636364,838.666666666667,19.5639668440583
9.74545454545455,838.666666666667,20.4544972936791
9.85454545454546,838.666666666667,21.3563268020938
9.96363636363636,838.666666666667,22.2690518314883
10.0727272727273,838.666666666667,23.1922688440486
10.1818181818182,838.666666666667,24.1255743019605
10.2909090909091,838.666666666667,25.0685646674101
10.4,838.666666666667,26.0208364025832
10.5090909090909,838.666666666667,26.9819859696658
10.6181818181818,838.666666666667,27.9516098308438
10.7272727272727,838.666666666667,28.9293044483032
10.8363636363636,838.666666666667,29.9146662842298
10.9454545454545,838.666666666667,30.9072918008097
11.0545454545455,838.666666666667,31.9067774602287
11.1636363636364,838.666666666667,32.9127197246728
11.2727272727273,838.666666666667,33.9247150563279
11.3818181818182,838.666666666667,34.9423599173799
11.4909090909091,838.666666666667,35.9652507700148
11.6,838.666666666667,36.9929840764186
11.7090909090909,838.666666666667,38.025156298777
11.8181818181818,838.666666666667,39.0613638992762
11.9272727272727,838.666666666667,40.1012033401019
12.0363636363636,838.666666666667,41.1442710834402
12.1454545454545,838.666666666667,42.190163591477
12.2545454545455,838.666666666667,43.2384773263982
12.3636363636364,838.666666666667,44.2888087503897
12.4727272727273,838.666666666667,45.3407543256374
12.5818181818182,838.666666666667,46.3939105143274
12.6909090909091,838.666666666667,47.4478737786455
12.8,838.666666666667,48.5022405807777
2,850,-11.6883645249256
2.10909090909091,850,-10.5802551955746
2.21818181818182,850,-9.48013255909886
2.32727272727273,850,-8.39598330837378
2.43636363636364,850,-7.33579413627466
2.54545454545455,850,-6.30755173567682
2.65454545454545,850,-5.31924279945558
2.76363636363636,850,-4.37885402048626
2.87272727272727,850,-3.49437209164419
2.98181818181818,850,-2.67378370580467
3.09090909090909,850,-1.92507555584304
3.2,850,-1.25623433463461
3.30909090909091,850,-0.675246735054696
3.41818181818182,850,-0.190099449978628
3.52727272727273,850,0.191220827718284
3.63636363636364,850,0.462357782955966
3.74545454545455,850,0.629332327972733
3.85454545454545,850,0.703843767651727
3.96363636363636,850,0.697621119257545
4.07272727272727,850,0.622393400054781
4.18181818181818,850,0.48988962730803
4.29090909090909,850,0.311838818281886
4.4,850,0.0999699902409464
4.50909090909091,850,-0.133987839550194
4.61818181818182,850,-0.378305653826939
4.72727272727273,850,-0.621254435324694
4.83636363636364,850,-0.851105166778862
4.94545454545455,850,-1.05612883092485
5.05454545454545,850,-1.22459641049806
5.16363636363636,850,-1.34523337253416
5.27272727272727,850,-1.41403560784581
5.38181818181818,850,-1.43284635190177
5.49090909090909,850,-1.40367446856009
5.6,850,-1.32852882167883
5.70909090909091,850,-1.20941827511606
5.81818181818182,850,-1.04835169272982
5.92727272727273,850,-0.847337938378172
6.03636363636364,850,-0.608385875919181
6.14545454545455,850,-0.333504369210907
6.25454545454545,850,-0.0247022821114005
6.36363636363636,850,0.316011521521276
6.47272727272727,850,0.686628177829063
6.58181818181818,850,1.08513882295391
6.69090909090909,850,1.50953459303775
6.8,850,1.95780662422253
6.90909090909091,850,2.42821459845307
7.01818181818182,850,2.9200923808857
7.12727272727273,850,3.43304238247967
7.23636363636364,850,3.96666701419417
7.34545454545455,850,4.52056868698843
7.45454545454546,850,5.09434981182168
7.56363636363636,850,5.68761279965313
7.67272727272727,850,6.29996006144199
7.78181818181818,850,6.93099400814751
7.89090909090909,850,7.58031705072889
8,850,8.24753160014534
8.10909090909091,850,8.93224006735611
8.21818181818182,850,9.6340448633204
8.32727272727273,850,10.3525483989974
8.43636363636364,850,11.0873530853464
8.54545454545455,850,11.8380613333266
8.65454545454546,850,12.6042755538972
8.76363636363637,850,13.3855981580174
8.87272727272727,850,14.1816315566465
8.98181818181818,850,14.9919781607436
9.09090909090909,850,15.816240381268
9.2,850,16.654020629179
9.30909090909091,850,17.5049213154356
9.41818181818182,850,18.3685448509972
9.52727272727273,850,19.244493646823
9.63636363636364,850,20.1323701138721
9.74545454545455,850,21.0317766631039
9.85454545454546,850,21.9423157054775
9.96363636363636,850,22.8635896519522
10.0727272727273,850,23.7952009134871
10.1818181818182,850,24.7367519010415
10.2909090909091,850,25.6878450255746
10.4,850,26.6480826980457
10.5090909090909,850,27.6170673294139
10.6181818181818,850,28.5944013306385
10.7272727272727,850,29.5796871126786
10.8363636363636,850,30.5725270864936
10.9454545454545,850,31.5725236630426
11.0545454545455,850,32.5792792532849
11.1636363636364,850,33.5923962681797
11.2727272727273,850,34.6114771186861
11.3818181818182,850,35.6361242157635
11.4909090909091,850,36.665939970371
11.6,850,37.7005267934678
11.7090909090909,850,38.7394870960132
11.8181818181818,850,39.7824232889664
11.9272727272727,850,40.8289377832867
12.0363636363636,850,41.8786329899332
12.1454545454545,850,42.9311113198651
12.2545454545455,850,43.9859751840417
12.3636363636364,850,45.0428269934222
12.4727272727273,850,46.1012691589658
12.5818181818182,850,47.1609040916318
12.6909090909091,850,48.2213342023793
12.8,850,49.2821619021676
2,861.333333333333,-11.4613822795744
2.10909090909091,861.333333333333,-10.3913506219668
2.21818181818182,861.333333333333,-9.32900934254637
2.32727272727273,861.333333333333,-8.28204881950048
2.43636363636364,861.333333333333,-7.25815943101637
2.54545454545455,861.333333333333,-6.26503155528131
2.65454545454545,861.333333333333,-5.31035557048255
2.76363636363636,861.333333333333,-4.40182185480734
2.87272727272727,861.333333333333,-3.54712078644296
2.98181818181818,861.333333333333,-2.75394274357666
3.09090909090909,861.333333333333,-2.0299781043957
3.2,861.333333333333,-1.38291724708734
3.30909090909091,861.333333333333,-0.820450549838844
3.41818181818182,861.333333333333,-0.350268390837468
3.52727272727273,861.333333333333,0.0199388517295275
3.63636363636364,861.333333333333,0.284060789795225
3.74545454545455,861.333333333333,0.447981737954379
3.85454545454545,861.333333333333,0.52308890976442
3.96363636363636,861.333333333333,0.520798312887598
4.07272727272727,861.333333333333,0.452525954986166
4.18181818181818,861.333333333333,0.329687843722378
4.29090909090909,861.333333333333,0.163699986758488
4.4,861.333333333333,-0.0340216082432513
4.50909090909091,861.333333333333,-0.252060933620585
4.61818181818182,861.333333333333,-0.47900198171126
4.72727272727273,861.333333333333,-0.703428744853023
4.83636363636364,861.333333333333,-0.91392521538362
4.94545454545455,861.333333333333,-1.0990753856408
5.05454545454545,861.333333333333,-1.2474632479623
5.16363636363636,861.333333333333,-1.3481171350383
5.27272727272727,861.333333333333,-1.3971735297448
5.38181818181818,861.333333333333,-1.39648574870482
5.49090909090909,861.333333333333,-1.34806904015675
5.6,861.333333333333,-1.25393865233893
5.70909090909091,861.333333333333,-1.11610983348972
5.81818181818182,861.333333333333,-0.936597831847485
5.92727272727273,861.333333333333,-0.717417895650583
6.03636363636364,861.333333333333,-0.460585273137372
6.14545454545455,861.333333333333,-0.168115212546213
6.25454545454545,861.333333333333,0.157977037884538
6.36363636363636,861.333333333333,0.51567622991652
6.47272727272727,861.333333333333,0.902967115311372
6.58181818181818,861.333333333333,1.31783444583074
6.69090909090909,861.333333333333,1.75826297323626
6.8,861.333333333333,2.22223744928957
6.90909090909091,861.333333333333,2.70801325591202
7.01818181818182,861.333333333333,3.21492829566373
7.12727272727273,861.333333333333,3.74259110126454
7.23636363636364,861.333333333333,4.29061020543426
7.34545454545455,861.333333333333,4.85859414089273
7.45454545454546,861.333333333333,5.44615144035978
7.56363636363636,861.333333333333,6.05289063655524
7.67272727272727,861.333333333333,6.67842026219893
7.78181818181818,861.333333333333,7.32234885001068
7.89090909090909,861.333333333333,7.98428493271033
8,861.333333333333,8.66383704301769
8.10909090909091,861.333333333333,9.36061371365261
8.21818181818182,861.333333333333,10.0742234773349
8.32727272727273,861.333333333333,10.8042748667844
8.43636363636364,861.333333333333,11.5503764147209
8.54545454545455,861.333333333333,12.3121366538643
8.65454545454546,861.333333333333,13.0891641169344
8.76363636363637,861.333333333333,13.881067336651
8.87272727272727,861.333333333333,14.6874548457339
8.98181818181818,861.333333333333,15.5079351769031
9.09090909090909,861.333333333333,16.3421168628782
9.2,861.333333333333,17.1896084363791
9.30909090909091,861.333333333333,18.0500184301258
9.41818181818182,861.333333333333,18.9229553768379
9.52727272727273,861.333333333333,19.8080278092353
9.63636363636364,861.333333333333,20.7048442600379
9.74545454545455,861.333333333333,21.6130132619654
9.85454545454546,861.333333333333,22.5321433477378
9.96363636363636,861.333333333333,23.4618430500748
10.0727272727273,861.333333333333,24.4017209016962
10.1818181818182,861.333333333333,25.351385435322
10.2909090909091,861.333333333333,26.3104451836718
10.4,861.333333333333,27.2785086794656
10.5090909090909,861.333333333333,28.2551844554232
10.6181818181818,861.333333333333,29.2400810442644
10.7272727272727,861.333333333333,30.232806978709
10.8363636363636,861.333333333333,31.2329707914768
10.9454545454545,861.333333333333,32.2401810152878
11.0545454545455,861.333333333333,33.2540461828616
11.1636363636364,861.333333333333,34.2741748269183
11.2727272727273,861.333333333333,35.3001754801775
11.3818181818182,861.333333333333,36.331656675359
11.4909090909091,861.333333333333,37.3682269451829
11.6,861.333333333333,38.4094948223687
11.7090909090909,861.333333333333,39.4550688396365
11.8181818181818,861.333333333333,40.504557529706
11.9272727272727,861.333333333333,41.557569425297
12.0363636363636,861.333333333333,42.6137130591294
12.1454545454545,861.333333333333,43.672596963923
12.2545454545455,861.333333333333,44.7338296723976
12.3636363636364,861.333333333333,45.7970197172731
12.4727272727273,861.333333333333,46.8617756312693
12.5818181818182,861.333333333333,47.927705947106
12.6909090909091,861.333333333333,48.994419197503
12.8,861.333333333333,50.0615239151802
2,872.666666666667,-11.2290855230684
2.10909090909091,872.666666666667,-10.1979996146592
2.21818181818182,872.666666666667,-9.17430016514574
2.32727272727273,872.666666666667,-8.16537363342363
2.43636363636364,872.666666666667,-7.17860647838856
2.54545454545455,872.666666666667,-6.22138515893625
2.65454545454545,872.666666666667,-5.30109613396237
2.76363636363636,872.666666666667,-4.4251258623626
2.87272727272727,872.666666666667,-3.60086080303263
2.98181818181818,872.666666666667,-2.83568741486815
3.09090909090909,872.666666666667,-2.13699215676484
3.2,872.666666666667,-1.51216148761839
3.30909090909091,872.666666666667,-0.968581866324488
3.41818181818182,872.666666666667,-0.513639751778817
3.52727272727273,872.666666666667,-0.154721602877058
3.63636363636364,872.666666666667,0.102314262919106
3.74545454545455,872.666666666667,0.263210614692726
3.85454545454545,872.666666666667,0.339032538295638
3.96363636363636,872.666666666667,0.340872968782073
4.07272727272727,872.666666666667,0.27982484120626
4.18181818181818,872.666666666667,0.166981090622427
4.29090909090909,872.666666666667,0.0134346520848049
4.4,872.666666666667,-0.169721539352376
4.50909090909091,872.666666666667,-0.371394548634885
4.61818181818182,872.666666666667,-0.580491440708493
4.72727272727273,872.666666666667,-0.785919280518972
4.83636363636364,872.666666666667,-0.97658513301209
4.94545454545455,872.666666666667,-1.14139606313362
5.05454545454545,872.666666666667,-1.26925913582932
5.16363636363636,872.666666666667,-1.34951522474226
5.27272727272727,872.666666666667,-1.37844487792358
5.38181818181818,872.666666666667,-1.35790997806322
5.49090909090909,872.666666666667,-1.28993050139968
5.6,872.666666666667,-1.17652642417146
5.70909090909091,872.666666666667,-1.01971772261706
5.81818181818182,872.666666666667,-0.821524372974985
5.92727272727273,872.666666666667,-0.583966351483739
6.03636363636364,872.666666666667,-0.309063634381822
6.14545454545455,872.666666666667,0.00116380209225933
6.25454545454545,872.666666666667,0.344695981700008
6.36363636363636,872.666666666667,0.71951292820292
6.47272727272727,872.666666666667,1.12359466536249
6.58181818181818,872.666666666667,1.55492121694022
6.69090909090909,872.666666666667,2.0114726066976
6.8,872.666666666667,2.49122885839614
6.90909090909091,872.666666666667,2.99244246188041
7.01818181818182,872.666666666667,3.51445577132727
7.12727272727273,872.666666666667,4.0568836069967
7.23636363636364,872.666666666667,4.61934078914862
7.34545454545455,872.666666666667,5.20144213804301
7.45454545454546,872.666666666667,5.8028024739398
7.56363636363636,872.666666666667,6.42303661709896
7.67272727272727,872.666666666667,7.06175938778043
7.78181818181818,872.666666666667,7.71858560624417
7.89090909090909,872.666666666667,8.39313009275013
8,872.666666666667,9.08500766755824
8.10909090909091,872.666666666667,9.79383315092849
8.21818181818182,872.666666666667,10.5192213631208
8.32727272727273,872.666666666667,11.2607871243951
8.43636363636364,872.666666666667,12.0181452550115
8.54545454545455,872.666666666667,12.7909105752297
8.65454545454546,872.666666666667,13.5786979053098
8.76363636363637,872.666666666667,14.3811220655118
8.87272727272727,872.666666666667,15.1977978760955
8.98181818181818,872.666666666667,16.028340157321
9.09090909090909,872.666666666667,16.8723637294482
9.2,872.666666666667,17.7294834127369
9.30909090909091,872.666666666667,18.5993140274473
9.41818181818182,872.666666666667,19.4814703938393
9.52727272727273,872.666666666667,20.3755673321727
9.63636363636364,872.666666666667,21.2812196627076
9.74545454545455,872.666666666667,22.1980422057038
9.85454545454546,872.666666666667,23.1256497814215
9.96363636363636,872.666666666667,24.0636572101204
10.0727272727273,872.666666666667,25.0116793120606
10.1818181818182,872.666666666667,25.9693309075019
10.2909090909091,872.666666666667,26.9362268167045
10.4,872.666666666667,27.9119818599281
10.5090909090909,872.666666666667,28.8962108574328
10.6181818181818,872.666666666667,29.8885286294785
10.7272727272727,872.666666666667,30.8885499963252
10.8363636363636,872.666666666667,31.8958897782328
10.9454545454545,872.666666666667,32.9101627954613
11.0545454545455,872.666666666667,33.9309838682705
11.1636363636364,872.666666666667,34.9579678169206
11.2727272727273,872.666666666667,35.9907294616714
11.3818181818182,872.666666666667,37.0288836227828
11.4909090909091,872.666666666667,38.0720451205149
11.6,872.666666666667,39.1198287751276
11.7090909090909,872.666666666667,40.1718494068807
11.8181818181818,872.666666666667,41.2277218360344
11.9272727272727,872.666666666667,42.2870608828485
12.0363636363636,872.666666666667,43.349481367583
12.1454545454545,872.666666666667,44.4145981104978
12.2545454545455,872.666666666667,45.482025931853
12.3636363636364,872.666666666667,46.5513796519083
12.4727272727273,872.666666666667,47.6222740909238
12.5818181818182,872.666666666667,48.6943240691595
12.6909090909091,872.666666666667,49.7671444068753
12.8,872.666666666667,50.8403499243312
2,884,-10.9917053211099
2.10909090909091,884,-10.0003954968563
2.21818181818182,884,-9.0161609382382
2.32727272727273,884,-8.04607691089119
2.43636363636364,884,-7.09721868045077
2.54545454545455,884,-6.17666151255249
2.65454545454545,884,-5.29148067283188
2.76363636363636,884,-4.44875142692445
2.87272727272727,884,-3.65554904046576
2.98181818181818,884,-2.91894877909134
3.09090909090909,884,-2.2460259084367
3.2,884,-1.6438556941374
3.30909090909091,884,-1.11951340182896
3.41818181818182,884,-0.680074297146909
3.52727272727273,884,-0.332613645726785
3.63636363636364,884,-0.0827318179456348
3.74545454545455,884,0.0751676770244367
3.85454545454545,884,0.151818197314145
3.96363636363636,884,0.157979979886001
4.07272727272727,884,0.104413261702513
4.18181818181818,884,0.00187827972619256
4.29090909090909,884,-0.138864729080451
4.4,884,-0.307055527754907
4.50909090909091,884,-0.491933879334663
4.61818181818182,884,-0.682739546857208
4.72727272727273,884,-0.868712293360035
4.83636363636364,884,-1.03909188188063
4.94545454545455,884,-1.18311807545649
5.05454545454545,884,-1.29003063712509
5.16363636363636,884,-1.34949223611561
5.27272727272727,884,-1.35793080776132
5.38181818181818,884,-1.317215351605
5.49090909090909,884,-1.22936898752166
5.6,884,-1.09641483538632
5.70909090909091,884,-0.920376015074002
5.81818181818182,884,-0.703275646459715
5.92727272727273,884,-0.447136849418478
6.03636363636364,884,-0.153982743825308
6.14545454545455,884,0.174163550444779
6.25454545454545,884,0.535278913516767
6.36363636363636,884,0.927340225515641
6.47272727272727,884,1.34832436656638
6.58181818181818,884,1.79620821679397
6.69090909090909,884,2.2689686563234
6.8,884,2.76458256527965
6.90909090909091,884,3.28130088816216
7.01818181818182,884,3.81847082696827
7.12727272727273,884,4.37571364806974
7.23636363636364,884,4.95265061783838
7.34545454545455,884,5.54890300264596
7.45454545454546,884,6.16409206886427
7.56363636363636,884,6.7978390828651
7.67272727272727,884,7.44976531102022
7.78181818181818,884,8.11949201970143
7.89090909090909,884,8.80664047528051
8,884,9.51083194412925
8.10909090909091,884,10.2316876926194
8.21818181818182,884,10.9688289871228
8.32727272727273,884,11.7218770940113
8.43636363636364,884,12.4904532796565
8.54545454545455,884,13.2741788104303
8.65454545454546,884,14.0726749527045
8.76363636363637,884,14.8855629728508
8.87272727272727,884,15.712464137241
8.98181818181818,884,16.552999712247
9.09090909090909,884,17.4067909642405
9.2,884,18.2734591595933
9.30909090909091,884,19.1526255646772
9.41818181818182,884,20.0439114458639
9.52727272727273,884,20.9469380695254
9.63636363636364,884,21.8613267020332
9.74545454545455,884,22.7866986097592
9.85454545454546,884,23.7226750590753
9.96363636363636,884,24.6688773163532
10.0727272727273,884,25.6249266479646
10.1818181818182,884,26.5904443202814
10.2909090909091,884,27.5650515996754
10.4,884,28.5483697525183
10.5090909090909,884,29.5400200451819
10.6181818181818,884,30.539623744038
10.7272727272727,884,31.5468021154584
10.8363636363636,884,32.5611764258149
10.9454545454545,884,33.5823679414792
11.0545454545455,884,34.6099979288232
11.1636363636364,884,35.6436876542187
11.2727272727273,884,36.6830583840373
11.3818181818182,884,37.727731384651
11.4909090909091,884,38.7773279224314
11.6,884,39.8314692637505
11.7090909090909,884,40.8897766749798
11.8181818181818,884,41.9518714224913
11.9272727272727,884,43.0173747726568
12.0363636363636,884,44.085907991848
12.1454545454545,884,45.1570923464367
12.2545454545455,884,46.2305491027946
12.3636363636364,884,47.3058995272937
12.4727272727273,884,48.3827648863055
12.5818181818182,884,49.4607664462021
12.6909090909091,884,50.5395254733551
12.8,884,51.6186632341362
2,895.333333333333,-10.7494727394013
2.10909090909091,895.333333333333,-9.79873159176225
2.21818181818182,895.333333333333,-8.85474757316496
2.32727272727273,895.333333333333,-7.92427781265115
2.43636363636364,895.333333333333,-7.01407943926254
2.54545454545455,895.333333333333,-6.13090958204088
2.65454545454545,895.333333333333,-5.2815253700279
2.76363636363636,895.333333333333,-4.47268393226534
2.87272727272727,895.333333333333,-3.71114239779493
2.98181818181818,895.333333333333,-3.00365789565842
3.09090909090909,895.333333333333,-2.35698755489753
3.2,895.333333333333,-1.777888504554
3.30909090909091,895.333333333333,-1.27311787366957
3.41818181818182,895.333333333333,-0.849432791285985
3.52727272727273,895.333333333333,-0.513590386444964
3.63636363636364,895.333333333333,-0.270927473072241
3.74545454545455,895.333333333333,-0.115998356213823
3.85454545454545,895.333333333333,-0.0384105691113023
3.96363636363636,895.333333333333,-0.0277457608555985
4.07272727272727,895.333333333333,-0.0735855805376309
4.18181818181818,895.333333333333,-0.165511677248317
4.29090909090909,895.333333333333,-0.293105700078577
4.4,895.333333333333,-0.445949298119328
4.50909090909091,895.333333333333,-0.613624120461488
4.61818181818182,895.333333333333,-0.785711816195975
4.72727272727273,895.333333333333,-0.951794034413709
4.83636363636364,895.333333333333,-1.10145242420561
4.94545454545455,895.333333333333,-1.22426863466259
5.05454545454545,895.333333333333,-1.30982431487557
5.16363636363636,895.333333333333,-1.34811276362792
5.27272727272727,895.333333333333,-1.33571247463713
5.38181818181818,895.333333333333,-1.27449818095817
5.49090909090909,895.333333333333,-1.16649463375545
5.6,895.333333333333,-1.01372658419341
5.70909090909091,895.333333333333,-0.818218783436473
5.81818181818182,895.333333333333,-0.581995982649071
5.92727272727273,895.333333333333,-0.307082932995636
6.03636363636364,895.333333333333,0.00449561435940461
6.14545454545455,895.333333333333,0.350714908251618
6.25454545454545,895.333333333333,0.729550197516577
6.36363636363636,895.333333333333,1.13897673098985
6.47272727272727,895.333333333333,1.57696975750701
6.58181818181818,895.333333333333,2.04150452590363
6.69090909090909,895.333333333333,2.53055628501527
6.8,895.333333333333,3.0421002836775
6.90909090909091,895.333333333333,3.57438720656123
7.01818181818182,895.333333333333,4.12676948167865
7.12727272727273,895.333333333333,4.69887497287728
7.23636363636364,895.333333333333,5.29033154400465
7.34545454545455,895.333333333333,5.90076705890828
7.45454545454546,895.333333333333,6.5298093814357
7.56363636363636,895.333333333333,7.17708637543444
7.67272727272727,895.333333333333,7.842225904752
7.78181818181818,895.333333333333,8.52485583323593
7.89090909090909,895.333333333333,9.22460402473374
8,895.333333333333,9.94109834309296
8.10909090909091,895.333333333333,10.6739666521611
8.21818181818182,895.333333333333,11.4228368157857
8.32727272727273,895.333333333333,12.1873366978143
8.43636363636364,895.333333333333,12.9670941620944
8.54545454545455,895.333333333333,13.7617370724735
8.65454545454546,895.333333333333,14.5708932927992
8.76363636363637,895.333333333333,15.394190686919
8.87272727272727,895.333333333333,16.2312571186803
8.98181818181818,895.333333333333,17.0817204519308
9.09090909090909,895.333333333333,17.945208550518
9.2,895.333333333333,18.8213492782893
9.30909090909091,895.333333333333,19.7097704990923
9.41818181818182,895.333333333333,20.6101000767745
9.52727272727273,895.333333333333,21.5219658751835
9.63636363636364,895.333333333333,22.4449957581668
9.74545454545455,895.333333333333,23.3788175895718
9.85454545454546,895.333333333333,24.3230592332462
9.96363636363636,895.333333333333,25.2773485530374
10.0727272727273,895.333333333333,26.241313412793
10.1818181818182,895.333333333333,27.2145816763605
10.2909090909091,895.333333333333,28.1967812075874
10.4,895.333333333333,29.1875398703212
10.5090909090909,895.333333333333,30.1864855284095
10.6181818181818,895.333333333333,31.1932460456998
10.7272727272727,895.333333333333,32.2074492860396
10.8363636363636,895.333333333333,33.2287231132765
10.9454545454545,895.333333333333,34.2566953912579
11.0545454545455,895.333333333333,35.2909939838314
11.1636363636364,895.333333333333,36.3312467548445
11.2727272727273,895.333333333333,37.3770815681448
11.3818181818182,895.333333333333,38.4281262875797
11.4909090909091,895.333333333333,39.4840087769968
11.6,895.333333333333,40.5443569002436
11.7090909090909,895.333333333333,41.6087985211676
11.8181818181818,895.333333333333,42.6769615036164
11.9272727272727,895.333333333333,43.7484737114375
12.0363636363636,895.333333333333,44.8229630084784
12.1454545454545,895.333333333333,45.9000572585866
12.2545454545455,895.333333333333,46.9793843256097
12.3636363636364,895.333333333333,48.0605720733951
12.4727272727273,895.333333333333,49.1432483657904
12.5818181818182,895.333333333333,50.2270410666432
12.6909090909091,895.333333333333,51.311578039801
12.8,895.333333333333,52.3964871491112
2,906.666666666667,-10.502618843645
2.10909090909091,906.666666666667,-9.59320122258149
2.21818181818182,906.666666666667,-8.69021598126725
2.32727272727273,906.666666666667,-7.80009549945149
2.43636363636364,906.666666666667,-6.92927215688341
2.54545454545455,906.666666666667,-6.08417833331226
2.65454545454545,906.666666666667,-5.27124640848728
2.76363636363636,906.666666666667,-4.49690876215768
2.87272727272727,906.666666666667,-3.7675977740727
2.98181818181818,906.666666666667,-3.08974582398158
3.09090909090909,906.666666666667,-2.46978529163355
3.2,906.666666666667,-1.91414855677783
3.30909090909091,906.666666666667,-1.42926799916367
3.41818181818182,906.666666666667,-1.02157599854028
3.52727272727273,906.666666666667,-0.697504934656909
3.63636363636364,906.666666666667,-0.462122722733958
3.74545454545455,906.666666666667,-0.310138766185388
3.85454545454545,906.666666666667,-0.231510216911943
3.96363636363636,906.666666666667,-0.216169360497698
4.07272727272727,906.666666666667,-0.254048482526722
4.18181818181818,906.666666666667,-0.335079868583086
4.29090909090909,906.666666666667,-0.449195804250863
4.4,906.666666666667,-0.58632857511412
4.50909090909091,906.666666666667,-0.73641046675693
4.61818181818182,906.666666666667,-0.889373764763361
4.72727272727273,906.666666666667,-1.03515075471749
4.83636363636364,906.666666666667,-1.16367372220338
4.94545454545455,906.666666666667,-1.2648749528051
5.05454545454545,906.666666666667,-1.32868673210673
5.16363636363636,906.666666666667,-1.34544140174876
5.27272727272727,906.666666666667,-1.31187103393017
5.38181818181818,906.666666666667,-1.22985477775077
5.49090909090909,906.666666666667,-1.10141757533383
5.6,906.666666666667,-0.928584368802618
5.70909090909091,906.666666666667,-0.713380100280402
5.81818181818182,906.666666666667,-0.457829711890456
5.92727272727273,906.666666666667,-0.163958145756052
6.03636363636364,906.666666666667,0.16620965599954
6.14545454545455,906.666666666667,0.530648751253044
6.25454545454545,906.666666666667,0.927334197881195
6.36363636363636,906.666666666667,1.35424105376072
6.47272727272727,906.666666666667,1.80934437676834
6.58181818181818,906.666666666667,2.2906192247808
6.69090909090909,906.666666666667,2.79604065567481
6.8,906.666666666667,3.32358372732712
6.90909090909091,906.666666666667,3.87150008888154
7.01818181818182,906.666666666667,4.43914775455034
7.12727272727273,906.666666666667,5.02616132981289
7.23636363636364,906.666666666667,5.63217542014854
7.34545454545455,906.666666666667,6.25682463103667
7.45454545454546,906.666666666667,6.89974356795663
7.56363636363636,906.666666666667,7.56056683638779
7.67272727272727,906.666666666667,8.23892904180949
7.78181818181818,906.666666666667,8.93446478970113
7.89090909090909,906.666666666667,9.64680868554206
8,906.666666666667,10.3755953348116
8.10909090909091,906.666666666667,11.1204593429892
8.21818181818182,906.666666666667,11.8810353155542
8.32727272727273,906.666666666667,12.6569578579859
8.43636363636364,906.666666666667,13.4478615757637
8.54545454545455,906.666666666667,14.253381074367
8.65454545454546,906.666666666667,15.0731509592751
8.76363636363637,906.666666666667,15.9068058359674
8.87272727272727,906.666666666667,16.7539803099232
8.98181818181818,906.666666666667,17.614308986622
9.09090909090909,906.666666666667,18.487426471543
9.2,906.666666666667,19.3729673701657
9.30909090909091,906.666666666667,20.2705662879694
9.41818181818182,906.666666666667,21.1798578304335
9.52727272727273,906.666666666667,22.1004766030373
9.63636363636364,906.666666666667,23.0320572112603
9.74545454545455,906.666666666667,23.9742342605816
9.85454545454546,906.666666666667,24.9266423564809
9.96363636363636,906.666666666667,25.8889161044373
10.0727272727273,906.666666666667,26.8606901099302
10.1818181818182,906.666666666667,27.8415989784391
10.2909090909091,906.666666666667,28.8312773154432
10.4,906.666666666667,29.829359726422
10.5090909090909,906.666666666667,30.8354808168548
10.6181818181818,906.666666666667,31.849275192221
10.7272727272727,906.666666666667,32.8703774579999
10.8363636363636,906.666666666667,33.8984222196709
10.9454545454545,906.666666666667,34.9330440827134
11.0545454545455,906.666666666667,35.9738776526066
11.1636363636364,906.666666666667,37.0205575348301
11.2727272727273,906.666666666667,38.0727183348631
11.3818181818182,906.666666666667,39.1299946581851
11.4909090909091,906.666666666667,40.1920211102753
11.6,906.666666666667,41.2584322966131
11.7090909090909,906.666666666667,42.328862822678
11.8181818181818,906.666666666667,43.4029472939492
11.9272727272727,906.666666666667,44.4803203159061
12.0363636363636,906.666666666667,45.5606164940282
12.1454545454545,906.666666666667,46.6434704337947
12.2545454545455,906.666666666667,47.728516740685
12.3636363636364,906.666666666667,48.8153900201785
12.4727272727273,906.666666666667,49.9037248777545
12.5818181818182,906.666666666667,50.9931559188925
12.6909090909091,906.666666666667,52.0833177490717
12.8,906.666666666667,53.1738449737716
2,918,-10.2513746995433
2.10909090909091,918,-9.38399771251834
2.21818181818182,918,-8.52272207388631
2.32727272727273,918,-7.6736491320402
2.43636363636364,918,-6.84288023537294
2.54545454545455,918,-6.0365167322775
2.65454545454545,918,-5.26065997114684
2.76363636363636,918,-4.5214113003739
2.87272727272727,918,-3.82487206835165
2.98181818181818,918,-3.17714362347304
3.09090909090909,918,-2.58432731413102
3.2,918,-2.05252448871854
3.30909090909091,918,-1.58783649562856
3.41818181818182,918,-1.19636468325404
3.52727272727273,918,-0.88421039998793
3.63636363636364,918,-0.656167587204028
3.74545454545455,918,-0.50710483405359
3.85454545454545,918,-0.427337202019017
3.96363636363636,918,-0.407155926095271
4.07272727272727,918,-0.436852241277313
4.18181818181818,918,-0.506717382560101
4.29090909090909,918,-0.607042584938598
4.4,918,-0.728119083407763
4.50909090909091,918,-0.860238112962555
4.61818181818182,918,-0.993690908597935
4.72727272727273,918,-1.11876870530886
4.83636363636364,918,-1.2257627380903
4.94545454545455,918,-1.30496424193721
5.05454545454545,918,-1.34666445184454
5.16363636363636,918,-1.34154274494771
5.27272727272727,918,-1.28648764101957
5.38181818181818,918,-1.18338145361084
5.49090909090909,918,-1.03424794748957
5.6,918,-0.841110887423839
5.70909090909091,918,-0.605994038181714
5.81818181818182,918,-0.330921164531264
5.92727272727273,918,-0.0179160312405608
6.03636363636364,918,0.330997596922329
6.14545454545455,918,0.713795955189331
6.25454545454545,918,1.12845527879238
6.36363636363636,918,1.57295180296341
6.47272727272727,918,2.04526176293435
6.58181818181818,918,2.54336139393712
6.69090909090909,918,3.06522693120366
6.8,918,3.60883460996591
6.90909090909091,918,4.17243820692704
7.01818181818182,918,4.7554016646753
7.12727272727273,918,5.35736646727019
7.23636363636364,918,5.97797409877119
7.34545454545455,918,6.61686604323782
7.45454545454546,918,7.27368378472957
7.56363636363636,918,7.94806880730594
7.67272727272727,918,8.63966259502641
7.78181818181818,918,9.3481066319505
7.89090909090909,918,10.0730424021377
8,918,10.8141113896475
8.10909090909091,918,11.5709550785394
8.21818181818182,918,12.3432149528729
8.32727272727273,918,13.1305324967075
8.43636363636364,918,13.9325491941027
8.54545454545455,918,14.748906529118
8.65454545454546,918,15.5792459858129
8.76363636363637,918,16.4232090482469
8.87272727272727,918,17.2804372004795
8.98181818181818,918,18.1505719265701
9.09090909090909,918,19.0332547105784
9.2,918,19.9281270365637
9.30909090909091,918,20.8348303885856
9.41818181818182,918,21.7530062507036
9.52727272727273,918,22.6822961069771
9.63636363636364,918,23.6223414414657
9.74545454545455,918,24.5727837382289
9.85454545454546,918,25.5332644813262
9.96363636363636,918,26.503425154817
10.0727272727273,918,27.4829072427609
10.1818181818182,918,28.4713522292173
10.2909090909091,918,29.4684015982458
10.4,918,30.4736968339058
10.5090909090909,918,31.4868794202569
10.6181818181818,918,32.5075908413586
10.7272727272727,918,33.5354725812703
10.8363636363636,918,34.5701661240515
10.9454545454545,918,35.6113129537618
11.0545454545455,918,36.6585545544606
11.1636363636364,918,37.7115324102075
11.2727272727273,918,38.7698880050619
11.3818181818182,918,39.8332628230833
11.4909090909091,918,40.9012983483313
11.6,918,41.9736360648653
11.7090909090909,918,43.0499174567448
11.8181818181818,918,44.1297840080293
11.9272727272727,918,45.2128772027784
12.0363636363636,918,46.2988385250515
12.1454545454545,918,47.3873094589081
12.2545454545455,918,48.4779314884077
12.3636363636364,918,49.5703460976098
12.4727272727273,918,50.6641947705739
12.5818181818182,918,51.7591189913596
12.6909090909091,918,52.8547602440262
12.8,918,53.9507600126334
2,929.333333333333,-9.99597137279875
2.10909090909091,929.333333333333,-9.17131438477712
2.21818181818182,929.333333333333,-8.35242176236334
2.32727272727273,929.333333333333,-7.54505787116524
2.43636363636364,929.333333333333,-6.75498707679066
2.54545454545455,929.333333333333,-5.98797374484744
2.65454545454545,929.333333333333,-5.24978224094342
2.76363636363636,929.333333333333,-4.54617693068644
2.87272727272727,929.333333333333,-3.88292217968435
2.98181818181818,929.333333333333,-3.26578235354497
3.09090909090909,929.333333333333,-2.70052181787616
3.2,929.333333333333,-2.19290493828575
3.30909090909091,929.333333333333,-1.74869608038159
3.41818181818182,929.333333333333,-1.3736596097715
3.52727272727273,929.333333333333,-1.07355989206334
3.63636363636364,929.333333333333,-0.852912086755699
3.74545454545455,929.333333333333,-0.706747840981769
3.85454545454545,929.333333333333,-0.625747980363767
3.96363636363636,929.333333333333,-0.600570564703296
4.07272727272727,929.333333333333,-0.621873653801957
4.18181818181818,929.333333333333,-0.680315307461352
4.29090909090909,929.333333333333,-0.76655358548308
4.4,929.333333333333,-0.871246547668742
4.50909090909091,929.333333333333,-0.985052253819938
4.61818181818182,929.333333333333,-1.09862876373827
4.72727272727273,929.333333333333,-1.20263413722534
4.83636363636364,929.333333333333,-1.28772643408274
4.94545454545455,929.333333333333,-1.34456371411208
5.05454545454545,929.333333333333,-1.36380403711496
5.16363636363636,929.333333333333,-1.33648138769434
5.27272727272727,929.333333333333,-1.25964345128448
5.38181818181818,929.333333333333,-1.13517452016639
5.49090909090909,929.333333333333,-0.965095885455436
5.6,929.333333333333,-0.75142883826697
5.70909090909091,929.333333333333,-0.496194669716338
5.81818181818182,929.333333333333,-0.201414670918898
5.92727272727273,929.333333333333,0.130889867009999
6.03636363636364,929.333333333333,0.498697652955
6.14545454545455,929.333333333333,0.899987395800748
6.25454545454545,929.333333333333,1.3327378044319
6.36363636363636,929.333333333333,1.7949275877331
6.47272727272727,929.333333333333,2.28453545458898
6.58181818181818,929.333333333333,2.79954011388421
6.69090909090909,929.333333333333,3.33792027450343
6.8,929.333333333333,3.89765464533128
6.90909090909091,929.333333333333,4.47700023250166
7.01818181818182,929.333333333333,5.07532723114544
7.12727272727273,929.333333333333,5.69228413364275
7.23636363636364,929.333333333333,6.32751943237371
7.34545454545455,929.333333333333,6.98068161971844
7.45454545454546,929.333333333333,7.65141918805707
7.56363636363636,929.333333333333,8.3393806297697
7.67272727272727,929.333333333333,9.04421443723648
7.78181818181818,929.333333333333,9.76556910283751
7.89090909090909,929.333333333333,10.5030931189529
8,929.333333333333,11.2564349779628
8.10909090909091,929.333333333333,12.0252431722474
8.21818181818182,929.333333333333,12.8091661941867
8.32727272727273,929.333333333333,13.6078525361609
8.43636363636364,929.333333333333,14.42095069055
8.54545454545455,929.333333333333,15.2481091497343
8.65454545454546,929.333333333333,16.0889764060938
8.76363636363637,929.333333333333,16.9432009520087
8.87272727272727,929.333333333333,17.810431279859
8.98181818181818,929.333333333333,18.690315882025
9.09090909090909,929.333333333333,19.5825032508866
9.2,929.333333333333,20.4866418788241
9.30909090909091,929.333333333333,21.4023802582176
9.41818181818182,929.333333333333,22.3293668814472
9.52727272727273,929.333333333333,23.267250240893
9.63636363636364,929.333333333333,24.2156788289352
9.74545454545455,929.333333333333,25.1743011379537
9.85454545454546,929.333333333333,26.1427656603289
9.96363636363636,929.333333333333,27.1207208884408
10.0727272727273,929.333333333333,28.1078153146695
10.1818181818182,929.333333333333,29.1036974313951
10.2909090909091,929.333333333333,30.1080157309978
10.4,929.333333333333,31.1204187058577
10.5090909090909,929.333333333333,32.140554848355
10.6181818181818,929.333333333333,33.1680726508696
10.7272727272727,929.333333333333,34.2026206057818
10.8363636363636,929.333333333333,35.2438472054717
10.9454545454545,929.333333333333,36.2914009423194
11.0545454545455,929.333333333333,37.344930308705
11.1636363636364,929.333333333333,38.4040837970087
11.2727272727273,929.333333333333,39.4685098996105
11.3818181818182,929.333333333333,40.5378571088906
11.4909090909091,929.333333333333,41.6117739172291
11.6,929.333333333333,42.6899088170062
11.7090909090909,929.333333333333,43.7719103006019
11.8181818181818,929.333333333333,44.8574268603964
11.9272727272727,929.333333333333,45.9461069887698
12.0363636363636,929.333333333333,47.0375991781022
12.1454545454545,929.333333333333,48.1315519207738
12.2545454545455,929.333333333333,49.2276137091647
12.3636363636364,929.333333333333,50.3254330356549
12.4727272727273,929.333333333333,51.4246583926246
12.5818181818182,929.333333333333,52.524938272454
12.6909090909091,929.333333333333,53.6259211675231
12.8,929.333333333333,54.7272555702121
2,940.666666666667,-9.73663992911362
2.10909090909091,940.666666666667,-8.95534456256219
2.21818181818182,940.666666666667,-8.17947095803957
2.32727272727273,940.666666666667,-7.41444087757461
2.43636363636364,940.666666666667,-6.66567608319612
2.54545454545455,940.666666666667,-5.93859833693293
2.65454545454545,940.666666666667,-5.23862940081385
2.76363636363636,940.666666666667,-4.57119103686772
2.87272727272727,940.666666666667,-3.94170500712335
2.98181818181818,940.666666666667,-3.35559307360959
3.09090909090909,940.666666666667,-2.81827699835523
3.2,940.666666666667,-2.33517854338912
3.30909090909091,940.666666666667,-1.91171947074007
3.41818181818182,940.666666666667,-1.5533215424369
3.52727272727273,940.666666666667,-1.26540652050845
3.63636363636364,940.666666666667,-1.05220624166221
3.74545454545455,940.666666666667,-0.908919068133256
3.85454545454545,940.666666666667,-0.82659900787743
3.96363636363636,940.666666666667,-0.796278383376745
4.07272727272727,940.666666666667,-0.808989517113208
4.18181818181818,940.666666666667,-0.855764731568822
4.29090909090909,940.666666666667,-0.927636349225596
4.4,940.666666666667,-1.01563669256553
4.50909090909091,940.666666666667,-1.11079808407064
4.61818181818182,940.666666666667,-1.20415284622293
4.72727272727273,940.666666666667,-1.28673330150439
4.83636363636364,940.666666666667,-1.34957177239705
4.94545454545455,940.666666666667,-1.3837005813829
5.05454545454545,940.666666666667,-1.38015205094395
5.16363636363636,940.666666666667,-1.33032192445823
5.27272727272727,940.666666666667,-1.23141962010402
5.38181818181818,940.666666666667,-1.08533028904545
5.49090909090909,940.666666666667,-0.894071524464198
5.6,940.666666666667,-0.659660919541898
5.70909090909091,940.666666666667,-0.384116067460199
5.81818181818182,940.666666666667,-0.0694545614007522
5.92727272727273,940.666666666667,0.282306005454792
6.03636363636364,940.666666666667,0.669148039924783
6.14545454545455,940.666666666667,1.08905394882757
6.25454545454545,940.666666666667,1.5400061389815
6.36363636363636,940.666666666667,2.01998701720494
6.47272727272727,940.666666666667,2.52697899031621
6.58181818181818,940.666666666667,3.0589644651337
6.69090909090909,940.666666666667,3.61392584847572
6.8,940.666666666667,4.18984554716065
6.90909090909091,940.666666666667,4.78498483740934
7.01818181818182,940.666666666667,5.3987204730527
7.12727272727273,940.666666666667,6.03070807732419
7.23636363636364,940.666666666667,6.68060327345721
7.34545454545455,940.666666666667,7.34806168468521
7.45454545454546,940.666666666667,8.03273893424162
7.56363636363636,940.666666666667,8.73429064535988
7.67272727272727,940.666666666667,9.45237244127339
7.78181818181818,940.666666666667,10.1866399452156
7.89090909090909,940.666666666667,10.93674878042
8,940.666666666667,11.7023545701199
8.10909090909091,940.666666666667,12.4831129375488
8.21818181818182,940.666666666667,13.2786795059402
8.32727272727273,940.666666666667,14.0887098985274
8.43636363636364,940.666666666667,14.9128597385439
8.54545454545455,940.666666666667,15.7507846492232
8.65454545454546,940.666666666667,16.6021402537986
8.76363636363637,940.666666666667,17.4665821755036
8.87272727272727,940.666666666667,18.3437660375716
8.98181818181818,940.666666666667,19.233347463236
9.09090909090909,940.666666666667,20.1349820757304
9.2,940.666666666667,21.048325498288
9.30909090909091,940.666666666667,21.9730333541425
9.41818181818182,940.666666666667,22.9087612665271
9.52727272727273,940.666666666667,23.8551648586753
9.63636363636364,940.666666666667,24.8118997538205
9.74545454545455,940.666666666667,25.7786215751963
9.85454545454546,940.666666666667,26.7549859460359
9.96363636363636,940.666666666667,27.7406484895729
10.0727272727273,940.666666666667,28.7352648290406
10.1818181818182,940.666666666667,29.7384905876726
10.2909090909091,940.666666666667,30.7499813887022
10.4,940.666666666667,31.7693928553628
10.5090909090909,940.666666666667,32.796380610888
10.6181818181818,940.666666666667,33.8306002785111
10.7272727272727,940.666666666667,34.8717074814655
10.8363636363636,940.666666666667,35.9193578429848
10.9454545454545,940.666666666667,36.9732069863023
11.0545454545455,940.666666666667,38.0329105346514
11.1636363636364,940.666666666667,39.0981241112656
11.2727272727273,940.666666666667,40.1685033393784
11.3818181818182,940.666666666667,41.2437038422231
11.4909090909091,940.666666666667,42.3233812430332
11.6,940.666666666667,43.4071911650421
11.7090909090909,940.666666666667,44.4947892314832
11.8181818181818,940.666666666667,45.5858310655901
11.9272727272727,940.666666666667,46.679972290596
12.0363636363636,940.666666666667,47.7768685297345
12.1454545454545,940.666666666667,48.876175406239
12.2545454545455,940.666666666667,49.9775485433429
12.3636363636364,940.666666666667,51.0806435642796
12.4727272727273,940.666666666667,52.1851160922826
12.5818181818182,940.666666666667,53.2906217505853
12.6909090909091,940.666666666667,54.3968161624211
12.8,940.666666666667,55.5033549510236
2,952,-9.47361143419033
2.10909090909091,952,-8.73628156907786
2.21818181818182,952,-8.00402557225623
2.32727272727273,952,-7.28191731201629
2.43636363636364,952,-6.57503065664886
2.54545454545455,952,-5.88843947444481
2.65454545454545,952,-5.22721763369496
2.76363636363636,952,-4.59643900269016
2.87272727272727,952,-4.00117744972125
2.98181818181818,952,-3.44650684307907
3.09090909090909,952,-2.93750105105446
3.2,952,-2.47923394193826
3.30909090909091,952,-2.07677938402132
3.41818181818182,952,-1.73521124559448
3.52727272727273,952,-1.45960339494857
3.63636363636364,952,-1.25390007219682
3.74545454545455,952,-1.11346979667139
3.85454545454545,952,-1.02974674049125
3.96363636363636,952,-0.994144489170594
4.07272727272727,952,-0.998076628223615
4.18181818181818,952,-1.0329567431645
4.29090909090909,952,-1.09019841950744
4.4,952,-1.16121524276662
4.50909090909091,952,-1.23742079845624
4.61818181818182,952,-1.31022867209048
4.72727272727273,952,-1.37105244918354
4.83636363636364,952,-1.4113057152496
4.94545454545455,952,-1.42240205580285
5.05454545454545,952,-1.39575505635749
5.16363636363636,952,-1.32312894970895
5.27272727272727,952,-1.20189730285733
5.38181818181818,952,-1.03394507187607
5.49090909090909,952,-0.821284999748634
5.6,952,-0.565929829458525
5.70909090909091,952,-0.269892303989227
5.81818181818182,952,0.0648148336757699
5.92727272727273,952,0.436178840552976
6.03636363636364,952,0.842186973658903
6.14545454545455,952,1.28082649001006
6.25454545454545,952,1.75008464662295
6.36363636363636,952,2.2479487005141
6.47272727272727,952,2.77240590870001
6.58181818181818,952,3.3214435281972
6.69090909090909,952,3.89304881602216
6.8,952,4.48520902919143
6.90909090909091,952,5.09619069345401
7.01818181818182,952,5.72537740948902
7.12727272727273,952,6.37243204670809
7.23636363636364,952,7.03701747452281
7.34545454545455,952,7.71879656234484
7.45454545454546,952,8.41743217958578
7.56363636363636,952,9.13258719565725
7.67272727272727,952,9.86392447997088
7.78181818181818,952,10.6111069019383
7.89090909090909,952,11.3737973309711
8,952,12.1516586364809
8.10909090909091,952,12.9443536878794
8.21818181818182,952,13.7515453545781
8.32727272727273,952,14.5728965059888
8.43636363636364,952,15.4080700115229
8.54545454545455,952,16.2567287405922
8.65454545454546,952,17.1185355626082
8.76363636363637,952,17.9931533469826
8.87272727272727,952,18.880244963127
8.98181818181818,952,19.779473280453
9.09090909090909,952,20.6905011683723
9.2,952,21.6129914962964
9.30909090909091,952,22.546607133637
9.41818181818182,952,23.4910109498057
9.52727272727273,952,24.4458658142141
9.63636363636364,952,25.4108345962739
9.74545454545455,952,26.3855801653966
9.85454545454546,952,27.3697653909939
9.96363636363636,952,28.3630531424775
10.0727272727273,952,29.3651062892589
10.1818181818182,952,30.3755877007497
10.2909090909091,952,31.3941602463616
10.4,952,32.4204867955063
10.5090909090909,952,33.4542302175952
10.6181818181818,952,34.4950533820401
10.7272727272727,952,35.5426191582525
10.8363636363636,952,36.5965904156442
10.9454545454545,952,37.6566300236266
11.0545454545455,952,38.7224008516115
11.1636363636364,952,39.7935657690104
11.2727272727273,952,40.869787645235
11.3818181818182,952,41.9507293496969
11.4909090909091,952,43.0360537518078
11.6,952,44.1254237209791
11.7090909090909,952,45.2185021266226
11.8181818181818,952,46.3149518381499
11.9272727272727,952,47.4144357249726
12.0363636363636,952,48.5166166565024
12.1454545454545,952,49.6211575021508
12.2545454545455,952,50.7277211313294
12.3636363636364,952,51.83597041345
12.4727272727273,952,52.945568217924
12.5818181818182,952,54.0561774141632
12.6909090909091,952,55.1674608715791
12.8,952,56.2790814595835
2,963.333333333333,-9.20711695373126
2.10909090909091,963.333333333333,-8.51431872752849
2.21818181818182,963.333333333333,-7.82624151635454
2.32727272727273,963.333333333333,-7.14760633523825
2.43636363636364,963.333333333333,-6.48313419920844
2.54545454545455,963.333333333333,-5.83754612329394
2.65454545454545,963.333333333333,-5.21556312252359
2.76363636363636,963.333333333333,-4.62190621192619
2.87272727272727,963.333333333333,-4.06129640653059
2.98181818181818,963.333333333333,-3.53845472136562
3.09090909090909,963.333333333333,-3.05810217146009
3.2,963.333333333333,-2.62495977184284
3.30909090909091,963.333333333333,-2.24374853754269
3.41818181818182,963.333333333333,-1.91918948358847
3.52727272727273,963.333333333333,-1.65600362500902
3.63636363636364,963.333333333333,-1.45784359863275
3.74545454545455,963.333333333333,-1.3202513077595
3.85454545454545,963.333333333333,-1.23504763413646
3.96363636363636,963.333333333333,-1.19403398913982
4.07272727272727,963.333333333333,-1.18901178414573
4.18181818181818,963.333333333333,-1.21178243053037
4.29090909090909,963.333333333333,-1.2541473396699
4.4,963.333333333333,-1.30790792294049
4.50909090909091,963.333333333333,-1.3648655917183
4.61818181818182,963.333333333333,-1.4168217573795
4.72727272727273,963.333333333333,-1.45557783130026
4.83636363636364,963.333333333333,-1.47293522485674
4.94545454545455,963.333333333333,-1.46069534942511
5.05454545454545,963.333333333333,-1.41065961638153
5.16363636363636,963.333333333333,-1.31496705791606
5.27272727272727,963.333333333333,-1.17115765492357
5.38181818181818,963.333333333333,-0.98111518028625
5.49090909090909,963.333333333333,-0.746846446541507
5.6,963.333333333333,-0.470358266226741
5.70909090909091,963.333333333333,-0.153657451879346
5.81818181818182,963.333333333333,0.201249183963274
5.92727272727273,963.333333333333,0.59235482876372
6.03636363636364,963.333333333333,1.01765266998459
6.14545454545455,963.333333333333,1.47513589508849
6.25454545454545,963.333333333333,1.96279769153801
6.36363636363636,963.333333333333,2.47863124679576
6.47272727272727,963.333333333333,3.02062974832434
6.58181818181818,963.333333333333,3.58678638358634
6.69090909090909,963.333333333333,4.17509434004437
6.8,963.333333333333,4.78354680516103
6.90909090909091,963.333333333333,5.41041647243962
7.01818181818182,963.333333333333,6.05509405954633
7.12727272727273,963.333333333333,6.71724979018805
7.23636363636364,963.333333333333,7.39655388807164
7.34545454545455,963.333333333333,8.09267657690402
7.45454545454546,963.333333333333,8.80528808039205
7.56363636363636,963.333333333333,9.53405862224264
7.67272727272727,963.333333333333,10.2786584261626
7.78181818181818,963.333333333333,11.038757715859
7.89090909090909,963.333333333333,11.8140267150385
8,963.333333333333,12.6041356474082
8.10909090909091,963.333333333333,13.4087547366748
8.21818181818182,963.333333333333,14.2275542065453
8.32727272727273,963.333333333333,15.0602042807265
8.43636363636364,963.333333333333,15.9063751829254
8.54545454545455,963.333333333333,16.7657371368488
8.65454545454546,963.333333333333,17.6379603662037
8.76363636363637,963.333333333333,18.5227150946968
8.87272727272727,963.333333333333,19.4196715460351
8.98181818181818,963.333333333333,20.3284999439255
9.09090909090909,963.333333333333,21.2488705120749
9.2,963.333333333333,22.1804534741901
9.30909090909091,963.333333333333,23.122919053978
9.41818181818182,963.333333333333,24.0759374751456
9.52727272727273,963.333333333333,25.0391789613997
9.63636363636364,963.333333333333,26.0123137364472
9.74545454545455,963.333333333333,26.9950120239949
9.85454545454546,963.333333333333,27.9869440477498
9.96363636363636,963.333333333333,28.9877800314188
10.0727272727273,963.333333333333,29.9971901987088
10.1818181818182,963.333333333333,31.0148447733265
10.2909090909091,963.333333333333,32.040413978979
10.4,963.333333333333,33.0735680393731
10.5090909090909,963.333333333333,34.1139771782157
10.6181818181818,963.333333333333,35.1613116192136
10.7272727272727,963.333333333333,36.2152415860738
10.8363636363636,963.333333333333,37.2754373025032
10.9454545454545,963.333333333333,38.3415689922086
11.0545454545455,963.333333333333,39.4133068788969
11.1636363636364,963.333333333333,40.4903211862751
11.2727272727273,963.333333333333,41.5722821380499
11.3818181818182,963.333333333333,42.6588599579283
11.4909090909091,963.333333333333,43.7497248696172
11.6,963.333333333333,44.8445470968235
11.7090909090909,963.333333333333,45.942996863254
11.8181818181818,963.333333333333,47.0447443926156
11.9272727272727,963.333333333333,48.1494599086152
12.0363636363636,963.333333333333,49.2568136349598
12.1454545454545,963.333333333333,50.3664757953561
12.2545454545455,963.333333333333,51.4781166135112
12.3636363636364,963.333333333333,52.5914063131318
12.4727272727273,963.333333333333,53.7060151179248
12.5818181818182,963.333333333333,54.8216132515972
12.6909090909091,963.333333333333,55.9378709378558
12.8,963.333333333333,57.0544584004075
2,974.666666666667,-8.9373875534388
2.10909090909091,974.666666666667,-8.2896493611184
2.21818181818182,974.666666666667,-7.64627470167572
2.32727272727273,974.666666666667,-7.01162710798848
2.43636363636364,974.666666666667,-6.39007011293439
2.54545454545455,974.666666666667,-5.78596724939118
2.65454545454545,974.666666666667,-5.20368205023656
2.76363636363636,974.666666666667,-4.64757804834825
2.87272727272727,974.666666666667,-4.12201877660396
2.98181818181818,974.666666666667,-3.63136776788143
3.09090909090909,974.666666666667,-3.17998855505836
3.2,974.666666666667,-2.77224467101247
3.30909090909091,974.666666666667,-2.41249964862149
3.41818181818182,974.666666666667,-2.10511702076313
3.52727272727273,974.666666666667,-1.8544603203151
3.63636363636364,974.666666666667,-1.66388684124327
3.74545454545455,974.666666666667,-1.52911488256092
3.85454545454545,974.666666666667,-1.44235814474431
3.96363636363636,974.666666666667,-1.3958119903394
4.07272727272727,974.666666666667,-1.38167178189212
4.18181818181818,974.666666666667,-1.39213288194843
4.29090909090909,974.666666666667,-1.41939065305428
4.4,974.666666666667,-1.45564045775562
4.50909090909091,974.666666666667,-1.49307765859839
4.61818181818182,974.666666666667,-1.52389761812856
4.72727272727273,974.666666666667,-1.54029569889205
4.83636363636364,974.666666666667,-1.53446726343484
4.94545454545455,974.666666666667,-1.49860767430286
5.05454545454545,974.666666666667,-1.42491229404206
5.16363636363636,974.666666666667,-1.30590084354915
5.27272727272727,974.666666666667,-1.13928183168186
5.38181818181818,974.666666666667,-0.926936925904035
5.49090909090909,974.666666666667,-0.670866000075592
5.6,974.666666666667,-0.37306892805644
5.70909090909091,974.666666666667,-0.0355455837064851
5.81818181818182,974.666666666667,0.339704159114359
5.92727272727273,974.666666666667,0.750680426546184
6.03636363636364,974.666666666667,1.19538334472908
6.14545454545455,974.666666666667,1.67181303980313
6.25454545454545,974.666666666667,2.17796963790844
6.36363636363636,974.666666666667,2.71185326518508
6.47272727272727,974.666666666667,3.27146404777315
6.58181818181818,974.666666666667,3.85480211181275
6.69090909090909,974.666666666667,4.45986758344396
6.8,974.666666666667,5.08466058880686
6.90909090909091,974.666666666667,5.72746084617011
7.01818181818182,974.666666666667,6.38766644231657
7.12727272727273,974.666666666667,7.06495505615766
7.23636363636364,974.666666666667,7.75900436660481
7.34545454545455,974.666666666667,8.46949205256944
7.45454545454546,974.666666666667,9.19609579296297
7.56363636363636,974.666666666667,9.93849326669683
7.67272727272727,974.666666666667,10.6963621526824
7.78181818181818,974.666666666667,11.4693801298312
7.89090909090909,974.666666666667,12.2572248770545
8,974.666666666667,13.0595740732639
8.10909090909091,974.666666666667,13.8761053973707
8.21818181818182,974.666666666667,14.7064965282863
8.32727272727273,974.666666666667,15.5504251449222
8.43636363636364,974.666666666667,16.4075689261899
8.54545454545455,974.666666666667,17.2776055510006
8.65454545454546,974.666666666667,18.1602126982659
8.76363636363637,974.666666666667,19.0550680468971
8.87272727272727,974.666666666667,19.9618492758058
8.98181818181818,974.666666666667,20.8802340639032
9.09090909090909,974.666666666667,21.8099000901009
9.2,974.666666666667,22.7505250333102
9.30909090909091,974.666666666667,23.7017865724426
9.41818181818182,974.666666666667,24.6633623864095
9.52727272727273,974.666666666667,25.6349301541223
9.63636363636364,974.666666666667,26.6161675544924
9.74545454545455,974.666666666667,27.6067522664313
9.85454545454546,974.666666666667,28.6063619688504
9.96363636363636,974.666666666667,29.6146743406611
10.0727272727273,974.666666666667,30.6313670607749
10.1818181818182,974.666666666667,31.656117808103
10.2909090909091,974.666666666667,32.6886042615571
10.4,974.666666666667,33.7285041000484
10.5090909090909,974.666666666667,34.7754950024885
10.6181818181818,974.666666666667,35.8292546477887
10.7272727272727,974.666666666667,36.8894607148604
10.8363636363636,974.666666666667,37.9557908826152
10.9454545454545,974.666666666667,39.0279228299643
11.0545454545455,974.666666666667,40.1055342358193
11.1636363636364,974.666666666667,41.1883027790915
11.2727272727273,974.666666666667,42.2759061386924
11.3818181818182,974.666666666667,43.3680219935334
11.4909090909091,974.666666666667,44.4643280225259
11.6,974.666666666667,45.5645019045813
11.7090909090909,974.666666666667,46.6682213186111
11.8181818181818,974.666666666667,47.7751639435267
11.9272727272727,974.666666666667,48.8850074582394
12.0363636363636,974.666666666667,49.9974295416608
12.1454545454545,974.666666666667,51.1121078727023
12.2545454545455,974.666666666667,52.2287201302752
12.3636363636364,974.666666666667,53.346943993291
12.4727272727273,974.666666666667,54.4664571406611
12.5818181818182,974.666666666667,55.5869372512969
12.6909090909091,974.666666666667,56.7080620041099
12.8,974.666666666667,57.8295090780115
2,986,-8.66465429901532
2.10909090909091,986,-8.06246679305193
2.21818181818182,986,-7.46428103956099
2.32727272727273,986,-6.87409879101495
2.43636363636364,986,-6.29592179988626
2.54545454545455,986,-5.73375181864736
2.65454545454545,986,-5.19159059977071
2.76363636363636,986,-4.67343989572874
2.87272727272727,986,-4.18330145899392
2.98181818181818,986,-3.7251770420387
3.09090909090909,986,-3.30306839733551
3.2,986,-2.92097727735681
3.30909090909091,986,-2.58290543457505
3.41818181818182,986,-2.29285462146267
3.52727272727273,986,-2.05482659049212
3.63636363636364,986,-1.8718798203016
3.74545454545455,986,-1.73991180223899
3.85454545454545,986,-1.65153472824604
3.96363636363636,986,-1.59934359982429
4.07272727272727,986,-1.57593341847532
4.18181818181818,986,-1.57389918570065
4.29090909090909,986,-1.58583590300186
4.4,986,-1.60433857188049
4.50909090909091,986,-1.62200219383809
4.61818181818182,986,-1.63142177037621
4.72727272727273,986,-1.62519230299642
4.83636363636364,986,-1.59590879320025
4.94545454545455,986,-1.53616624248927
5.05454545454545,986,-1.43855965236502
5.16363636363636,986,-1.29599490107779
5.27272727272727,986,-1.10635098851135
5.38181818181818,986,-0.871506620357452
5.49090909090909,986,-0.59345379558366
5.6,986,-0.274184513157519
5.70909090909091,986,0.0843092279534266
5.81818181818182,986,0.480035428781625
5.92727272727273,986,0.911002090359529
6.03636363636364,986,1.37521721371959
6.14545454545455,986,1.87068879989426
6.25454545454545,986,2.39542484991599
6.36363636363636,986,2.94743336481723
6.47272727272727,986,3.52472234563043
6.58181818181818,986,4.12529979338805
6.69090909090909,986,4.74717370912253
6.8,986,5.38835209386633
6.90909090909091,986,6.0471224864494
7.01818181818182,986,6.72289057689166
7.12727272727273,986,7.41534159301053
7.23636363636364,986,8.12416076262344
7.34545454545455,986,8.84903331354781
7.45454545454546,986,9.58964447360106
7.56363636363636,986,10.3456794706006
7.67272727272727,986,11.1168235323639
7.78181818181818,986,11.9027618867083
7.89090909090909,986,12.7031797614513
8,986,13.5177623844103
8.10909090909091,986,14.3461949834027
8.21818181818182,986,15.188162786246
8.32727272727273,986,16.0433510207575
8.43636363636364,986,16.9114449147547
8.54545454545455,986,17.792129696055
8.65454545454546,986,18.6850905924758
8.76363636363637,986,19.5900128318346
8.87272727272727,986,20.5065816419487
8.98181818181818,986,21.4344822506357
9.09090909090909,986,22.3733998857128
9.2,986,23.3230197749976
9.30909090909091,986,24.2830271463075
9.41818181818182,986,25.2531072274598
9.52727272727273,986,26.2329452462721
9.63636363636364,986,27.2222264305616
9.74545454545455,986,28.220636008146
9.85454545454546,986,29.2278592068425
9.96363636363636,986,30.2435812544686
10.0727272727273,986,31.2674873788417
10.1818181818182,986,32.2992628077793
10.2909090909091,986,33.3385927690987
10.4,986,34.3851624906174
10.5090909090909,986,35.4386572001528
10.6181818181818,986,36.4987621255224
10.7272727272727,986,37.5651624945434
10.8363636363636,986,38.6375435350335
10.9454545454545,986,39.71559047481
11.0545454545455,986,40.7989885416903
11.1636363636364,986,41.8874229634918
11.2727272727273,986,42.980578968032
11.3818181818182,986,44.0781417831283
11.4909090909091,986,45.1797966365981
11.6,986,46.2852287562588
11.7090909090909,986,47.3941233699279
11.8181818181818,986,48.5061657054227
11.9272727272727,986,49.6210409905608
12.0363636363636,986,50.7384344531595
12.1454545454545,986,51.8580313210362
12.2545454545455,986,52.9795168220084
12.3636363636364,986,54.1025761838935
12.4727272727273,986,55.2268946345088
12.5818181818182,986,56.3521574016719
12.6909090909091,986,57.4780497132002
12.8,986,58.6042567969111
2,997.333333333333,-8.38914825616322
2.10909090909091,997.333333333333,-7.83296434653343
2.21818181818182,997.333333333333,-7.28041644135159
2.32727272727273,997.333333333333,-6.73514054506566
2.43636363636364,997.333333333333,-6.20077266212359
2.54545454545455,997.333333333333,-5.68094879697334
2.65454545454545,997.333333333333,-5.17930495406287
2.76363636363636,997.333333333333,-4.69947713784012
2.87272727272727,997.333333333333,-4.24510135275305
2.98181818181818,997.333333333333,-3.81981360324962
3.09090909090909,997.333333333333,-3.42724989377778
3.2,997.333333333333,-3.07104622878548
3.30909090909091,997.333333333333,-2.75483861272069
3.41818181818182,997.333333333333,-2.48226305003135
3.52727272727273,997.333333333333,-2.25695554516541
3.63636363636364,997.333333333333,-2.081672556081
3.74545454545455,997.333333333333,-1.95249334795704
3.85454545454545,997.333333333333,-1.86243384057288
3.96363636363636,997.333333333333,-1.80449392464949
4.07272727272727,997.333333333333,-1.77167349090788
4.18181818181818,997.333333333333,-1.75697243006903
4.29090909090909,997.333333333333,-1.75339063285393
4.4,997.333333333333,-1.75392798998358
4.50909090909091,997.333333333333,-1.75158439217895
4.61818181818182,997.333333333333,-1.73935973016104
4.72727272727273,997.333333333333,-1.71025389465084
4.83636363636364,997.333333333333,-1.65726677636934
4.94545454545455,997.333333333333,-1.57339826603753
5.05454545454545,997.333333333333,-1.45164825437639
5.16363636363636,997.333333333333,-1.28531382497155
5.27272727272727,997.333333333333,-1.07244628079116
5.38181818181818,997.333333333333,-0.814920575274523
5.49090909090909,997.333333333333,-0.514719968298477
5.6,997.333333333333,-0.173827719739868
5.70909090909091,997.333333333333,0.205772910524467
5.81818181818182,997.333333333333,0.622098662617678
5.92727272727273,997.333333333333,1.07316627666292
6.03636363636364,997.333333333333,1.55699249278336
6.14545454545455,997.333333333333,2.07159405110214
6.25454545454545,997.333333333333,2.61498769174242
6.36363636363636,997.333333333333,3.18519015482737
6.47272727272727,997.333333333333,3.78021818048012
6.58181818181818,997.333333333333,4.39808850882386
6.69090909090909,997.333333333333,5.03681787998172
6.8,997.333333333333,5.69442303407687
6.90909090909091,997.333333333333,6.36920006508144
7.01818181818182,997.333333333333,7.06056248236354
7.12727272727273,997.333333333333,7.76820314914025
7.23636363636364,997.333333333333,8.49181492862864
7.34545454545455,997.333333333333,9.23109068404582
7.45454545454546,997.333333333333,9.98572327860885
7.56363636363636,997.333333333333,10.7554055755348
7.67272727272727,997.333333333333,11.5398304380408
7.78181818181818,997.333333333333,12.3386907293439
7.89090909090909,997.333333333333,13.1516793126612
8,997.333333333333,13.9784890512097
8.10909090909091,997.333333333333,14.8188128082066
8.21818181818182,997.333333333333,15.672343446869
8.32727272727273,997.333333333333,16.5387738304138
8.43636363636364,997.333333333333,17.4177968220583
8.54545454545455,997.333333333333,18.3091052850195
8.65454545454546,997.333333333333,19.2123920825144
8.76363636363637,997.333333333333,20.1273500777601
8.87272727272727,997.333333333333,21.0536721339738
8.98181818181818,997.333333333333,21.9910511143726
9.09090909090909,997.333333333333,22.9391798821734
9.2,997.333333333333,23.8977513005934
9.30909090909091,997.333333333333,24.8664582328496
9.41818181818182,997.333333333333,25.8449935421592
9.52727272727273,997.333333333333,26.8330500917393
9.63636363636364,997.333333333333,27.8303207448068
9.74545454545455,997.333333333333,28.836498364579
9.85454545454546,997.333333333333,29.8512758142728
9.96363636363636,997.333333333333,30.8743459571054
10.0727272727273,997.333333333333,31.9054016562939
10.1818181818182,997.333333333333,32.9441357750552
10.2909090909091,997.333333333333,33.9902411766066
10.4,997.333333333333,35.0434107241651
10.5090909090909,997.333333333333,36.1033372809477
10.6181818181818,997.333333333333,37.1697137101716
10.7272727272727,997.333333333333,38.2422328750539
10.8363636363636,997.333333333333,39.3205876388116
10.9454545454545,997.333333333333,40.4044708646617
11.0545454545455,997.333333333333,41.4935754158215
11.1636363636364,997.333333333333,42.587594155508
11.2727272727273,997.333333333333,43.6862199469382
11.3818181818182,997.333333333333,44.7891456533292
11.4909090909091,997.333333333333,45.8960641378982
11.6,997.333333333333,47.0066682638622
11.7090909090909,997.333333333333,48.1206508944382
11.8181818181818,997.333333333333,49.2377048928435
11.9272727272727,997.333333333333,50.357523122295
12.0363636363636,997.333333333333,51.4797984460098
12.1454545454545,997.333333333333,52.604223727205
12.2545454545455,997.333333333333,53.7304918290978
12.3636363636364,997.333333333333,54.8582956149051
12.4727272727273,997.333333333333,55.9873279478441
12.5818181818182,997.333333333333,57.1172816911319
12.6909090909091,997.333333333333,58.2478497079855
12.8,997.333333333333,59.378724861622
2,1008.66666666667,-8.11110049058488
2.10909090909091,1008.66666666667,-7.60133534476722
2.21818181818182,1008.66666666667,-7.09483681838872
2.32727272727273,1008.66666666667,-6.59487153088857
2.43636363636364,1008.66666666667,-6.10470610170593
2.54545454545455,1008.66666666667,-5.62760715027998
2.65454545454545,1008.66666666667,-5.16684129604988
2.76363636363636,1008.66666666667,-4.72567515845479
2.87272727272727,1008.66666666667,-4.30737535693391
2.98181818181818,1008.66666666667,-3.9152085109264
3.09090909090909,1008.66666666667,-3.55244123987142
3.2,1008.66666666667,-3.22234016320814
3.30909090909091,1008.66666666667,-2.92817190037575
3.41818181818182,1008.66666666667,-2.6732030708134
3.52727272727273,1008.66666666667,-2.46070029396027
3.63636363636364,1008.66666666667,-2.29311506885471
3.74545454545455,1008.66666666667,-2.16671080087842
3.85454545454545,1008.66666666667,-2.07491193765608
3.96363636363636,1008.66666666667,-2.01112807186997
4.07272727272727,1008.66666666667,-1.96876879620237
4.18181818181818,1008.66666666667,-1.94124370333556
4.29090909090909,1008.66666666667,-1.9219623859518
4.4,1008.66666666667,-1.90433443673337
4.50909090909091,1008.66666666667,-1.88176944836255
4.61818181818182,1008.66666666667,-1.84767701352161
4.72727272727273,1008.66666666667,-1.79546672489282
4.83636363636364,1008.66666666667,-1.71854817515847
4.94545454545455,1008.66666666667,-1.61033095700081
5.05454545454545,1008.66666666667,-1.46422466310214
5.16363636363636,1008.66666666667,-1.27392220970001
5.27272727272727,1008.66666666667,-1.03764886390046
5.38181818181818,1008.66666666667,-0.757275102283283
5.49090909090909,1008.66666666667,-0.434774653452818
5.6,1008.66666666667,-0.0721212460133817
5.70909090909091,1008.66666666667,0.328711391430705
5.81818181818182,1008.66666666667,0.765749530275115
5.92727272727273,1008.66666666667,1.23701944191552
6.03636363636364,1008.66666666667,1.74054739774761
6.14545454545455,1008.66666666667,2.27435966916704
6.25454545454545,1008.66666666667,2.8364825275695
6.36363636363636,1008.66666666667,3.42494224435067
6.47272727272727,1008.66666666667,4.03776509090621
6.58181818181818,1008.66666666667,4.67297733863181
6.69090909090909,1008.66666666667,5.32860525892313
6.8,1008.66666666667,6.00267512317587
6.90909090909091,1008.66666666667,6.69349225387017
7.01818181818182,1008.66666666667,7.40047817782415
7.12727272727273,1008.66666666667,8.12333347294041
7.23636363636364,1008.66666666667,8.86175871712155
7.34545454545455,1008.66666666667,9.61545448827017
7.45454545454546,1008.66666666667,10.3841213642889
7.56363636363636,1008.66666666667,11.1674599230802
7.67272727272727,1008.66666666667,11.9651707425469
7.78181818181818,1008.66666666667,12.7769544005914
7.89090909090909,1008.66666666667,13.6025114751163
8,1008.66666666667,14.4415425440244
8.10909090909091,1008.66666666667,15.2937481852181
8.21818181818182,1008.66666666667,16.1588289766001
8.32727272727273,1008.66666666667,17.0364854960729
8.43636363636364,1008.66666666667,17.9264183215392
8.54545454545455,1008.66666666667,18.8283280309015
8.65454545454546,1008.66666666667,19.7419152020626
8.76363636363637,1008.66666666667,20.6668804129248
8.87272727272727,1008.66666666667,21.6029242413909
8.98181818181818,1008.66666666667,22.5497472653635
9.09090909090909,1008.66666666667,23.5070500627451
9.2,1008.66666666667,24.4745332114384
9.30909090909091,1008.66666666667,25.4518972893459
9.41818181818182,1008.66666666667,26.4388428743703
9.52727272727273,1008.66666666667,27.4350705444141
9.63636363636364,1008.66666666667,28.44028087738
9.74545454545455,1008.66666666667,29.4541744511705
9.85454545454546,1008.66666666667,30.4764518436883
9.96363636363636,1008.66666666667,31.5068136328359
10.0727272727273,1008.66666666667,32.5449603965159
10.1818181818182,1008.66666666667,33.590592712631
10.2909090909091,1008.66666666667,34.6434111590837
10.4,1008.66666666667,35.7031163137766
10.5090909090909,1008.66666666667,36.7694087546124
10.6181818181818,1008.66666666667,37.8419890594936
10.7272727272727,1008.66666666667,38.9205578063228
10.8363636363636,1008.66666666667,40.0048155730027
10.9454545454545,1008.66666666667,41.0944629374358
11.0545454545455,1008.66666666667,42.1892004775247
11.1636363636364,1008.66666666667,43.288728771172
11.2727272727273,1008.66666666667,44.3927483962804
11.3818181818182,1008.66666666667,45.5009599307524
11.4909090909091,1008.66666666667,46.6130639524906
11.6,1008.66666666667,47.7287610393976
11.7090909090909,1008.66666666667,48.847751769376
11.8181818181818,1008.66666666667,49.9697367203284
11.9272727272727,1008.66666666667,51.0944164701575
12.0363636363636,1008.66666666667,52.2214915967658
12.1454545454545,1008.66666666667,53.3506626780559
12.2545454545455,1008.66666666667,54.4816302919304
12.3636363636364,1008.66666666667,55.6140950162919
12.4727272727273,1008.66666666667,56.747757429043
12.5818181818182,1008.66666666667,57.8823181080863
12.6909090909091,1008.66666666667,59.0174776313244
12.8,1008.66666666667,60.1529365766599
2,1020,-7.83074206798269
2.10909090909091,1020,-7.36777311095764
2.21818181818182,1020,-6.90769808201362
2.32727272727273,1020,-6.45341090923168
2.43636363636364,1020,-6.00780552069283
2.54545454545455,1020,-5.57377584447811
2.65454545454545,1020,-5.15421580866856
2.76363636363636,1020,-4.7520193413452
2.87272727272727,1020,-4.37008037058907
2.98181818181818,1020,-4.01129282448121
3.09090909090909,1020,-3.67855063110265
3.2,1020,-3.37474771853441
3.30909090909091,1020,-3.10277801485754
3.41818181818182,1020,-2.86553544815306
3.52727272727273,1020,-2.66591394650201
3.63636363636364,1020,-2.50605737889598
3.74545454545455,1020,-2.38241544216644
3.85454545454545,1020,-2.28882547542687
3.96363636363636,1020,-2.21911114854069
4.07272727272727,1020,-2.16709613137133
4.18181818181818,1020,-2.12660409378221
4.29090909090909,1020,-2.09145870563674
4.4,1020,-2.05548363679835
4.50909090909091,1020,-2.01250255713046
4.61818181818182,1020,-1.95633913649649
4.72727272727273,1020,-1.88081704475986
4.83636363636364,1020,-1.77975995178399
4.94545454545455,1020,-1.64699152743231
5.05454545454545,1020,-1.47633544156822
5.16363636363636,1020,-1.26188464973273
5.27272727272727,1020,-1.00203989321836
5.38181818181818,1020,-0.698666513011759
5.49090909090909,1020,-0.353727986279452
5.6,1020,0.0308122098120431
5.70909090909091,1020,0.452990598096215
5.81818181818182,1020,0.910843701406539
5.92727272727273,1020,1.4024080425765
6.03636363636364,1020,1.92572014443957
6.14545454545455,1020,2.47881652982924
6.25454545454545,1020,3.05973372157899
6.36363636363636,1020,3.6665082425223
6.47272727272727,1020,4.29717661549264
6.58181818181818,1020,4.94977536332351
6.69090909090909,1020,5.62234100884839
6.8,1020,6.31291007490075
6.90909090909091,1020,7.01979772461952
7.01818181818182,1020,7.74243368236542
7.12727272727273,1020,8.48052631280462
7.23636363636364,1020,9.23378398060327
7.34545454545455,1020,10.0019150504275
7.45454545454546,1020,10.7846278869436
7.56363636363636,1020,11.5816308548176
7.67272727272727,1020,12.3926323187158
7.78181818181818,1020,13.2173406433042
7.89090909090909,1020,14.055464193249
8,1020,14.9067113332165
8.10909090909091,1020,15.7707904278727
8.21818181818182,1020,16.6474098418839
8.32727272727273,1020,17.5362779399162
8.43636363636364,1020,18.4371030866357
8.54545454545455,1020,19.3495936467087
8.65454545454546,1020,20.2734579848013
8.76363636363637,1020,21.2084044655796
8.87272727272727,1020,22.1541414537098
8.98181818181818,1020,23.1103773138581
9.09090909090909,1020,24.0768204106907
9.2,1020,25.0531791088737
9.30909090909091,1020,26.0391617730733
9.41818181818182,1020,27.0344767679556
9.52727272727273,1020,28.0388324581868
9.63636363636364,1020,29.0519372084332
9.74545454545455,1020,30.0734993833607
9.85454545454546,1020,31.1032273476356
9.96363636363636,1020,32.1408294659241
10.0727272727273,1020,33.1860141028924
10.1818181818182,1020,34.2384896232065
10.2909090909091,1020,35.2979643915327
10.4,1020,36.3641467725371
10.5090909090909,1020,37.4367451308859
10.6181818181818,1020,38.5154678312452
10.7272727272727,1020,39.6000232382813
10.8363636363636,1020,40.6901197166602
10.9454545454545,1020,41.7854656310482
11.0545454545455,1020,42.8857693461114
11.1636363636364,1020,43.9907392265159
11.2727272727273,1020,45.100083636928
11.3818181818182,1020,46.2135109420138
11.4909090909091,1020,47.3307295064395
11.6,1020,48.4514476948712
11.7090909090909,1020,49.5753738719751
11.8181818181818,1020,50.7022164024173
11.9272727272727,1020,51.8316836508641
12.0363636363636,1020,52.9634839819815
12.1454545454545,1020,54.0973257604358
12.2545454545455,1020,55.2329173508931
12.3636363636364,1020,56.3699671180196
12.4727272727273,1020,57.5081834264814
12.5818181818182,1020,58.6472746409448
12.6909090909091,1020,59.7869491260758
12.8,1020,60.9269152465407
2,1031.33333333333,-7.54830405405903
2.10909090909091,1031.33333333333,-7.13247096830903
2.21818181818182,1031.33333333333,-6.71915614356752
2.32727272727273,1031.33333333333,-6.31087784084295
2.43636363636364,1031.33333333333,-5.91015432114382
2.54545454545455,1031.33333333333,-5.51950384547859
2.65454545454545,1031.33333333333,-5.14144467485575
2.76363636363636,1031.33333333333,-4.77849507028376
2.87272727272727,1031.33333333333,-4.43317329277111
2.98181818181818,1031.33333333333,-4.10799760332627
3.09090909090909,1031.33333333333,-3.80548626295772
3.2,1031.33333333333,-3.52815753267394
3.30909090909091,1031.33333333333,-3.2785296734834
3.41818181818182,1031.33333333333,-3.05912094639457
3.52727272727273,1031.33333333333,-2.87244961241594
3.63636363636364,1031.33333333333,-2.72034950647805
3.74545454545455,1031.33333333333,-2.59945855298445
3.85454545454545,1031.33333333333,-2.5040309098165
3.96363636363636,1031.33333333333,-2.42830826171665
4.07272727272727,1031.33333333333,-2.36653229342733
4.18181818181818,1031.33333333333,-2.31294468969098
4.29090909090909,1031.33333333333,-2.26178713525006
4.4,1031.33333333333,-2.207301314847
4.50909090909091,1031.33333333333,-2.14372891322425
4.61818181818182,1031.33333333333,-2.06531161512425
4.72727272727273,1031.33333333333,-1.96629110528944
4.83636363636364,1031.33333333333,-1.84090906846227
4.94545454545455,1031.33333333333,-1.68340718938518
5.05454545454545,1031.33333333333,-1.48802715280061
5.16363636363636,1031.33333333333,-1.24926573953929
5.27272727272727,1031.33333333333,-0.96570052412401
5.38181818181818,1031.33333333333,-0.639191119087976
5.49090909090909,1031.33333333333,-0.271690102011149
5.6,1031.33333333333,0.134849949526516
5.70909090909091,1031.33333333333,0.578476457945071
5.81818181818182,1031.33333333333,1.05723684566455
5.92727272727273,1031.33333333333,1.56917853510501
6.03636363636364,1031.33333333333,2.11234894868648
6.14545454545455,1031.33333333333,2.684795508829
6.25454545454545,1031.33333333333,3.28456563795264
6.36363636363636,1031.33333333333,3.90970675847742
6.47272727272727,1031.33333333333,4.5582662928234
6.58181818181818,1031.33333333333,5.22829166341061
6.69090909090909,1031.33333333333,5.91783029265911
6.8,1031.33333333333,6.62492960298893
6.90909090909091,1031.33333333333,7.34791514913343
7.01818181818182,1031.33333333333,8.08622501507928
7.12727272727273,1031.33333333333,8.83957541712646
7.23636363636364,1031.33333333333,9.60768257157492
7.34545454545455,1031.33333333333,10.3902626947247
7.45454545454546,1031.33333333333,11.1870320028756
7.56363636363636,1031.33333333333,11.9977067123278
7.67272727272727,1031.33333333333,12.8220030393812
7.78181818181818,1031.33333333333,13.6596372003358
7.89090909090909,1031.33333333333,14.5103254114915
8,1031.33333333333,15.3737838891483
8.10909090909091,1031.33333333333,16.2497288496063
8.21818181818182,1031.33333333333,17.1378765091653
8.32727272727273,1031.33333333333,18.0379430841253
8.43636363636364,1031.33333333333,18.9496447907864
8.54545454545455,1031.33333333333,19.8726978454484
8.65454545454546,1031.33333333333,20.8068184644115
8.76363636363637,1031.33333333333,21.7517228639754
8.87272727272727,1031.33333333333,22.7071272604403
8.98181818181818,1031.33333333333,23.6727478701061
9.09090909090909,1031.33333333333,24.6483009092728
9.2,1031.33333333333,25.6335025942403
9.30909090909091,1031.33333333333,26.6280691413086
9.41818181818182,1031.33333333333,27.6317167667777
9.52727272727273,1031.33333333333,28.6441616869476
9.63636363636364,1031.33333333333,29.6651201181183
9.74545454545455,1031.33333333333,30.6943082765896
9.85454545454546,1031.33333333333,31.7314423786617
9.96363636363636,1031.33333333333,32.7762386406345
10.0727272727273,1031.33333333333,33.8284132788078
10.1818181818182,1031.33333333333,34.8876825094818
10.2909090909091,1031.33333333333,35.9537625489564
10.4,1031.33333333333,37.0263696135316
10.5090909090909,1031.33333333333,38.1052199195073
10.6181818181818,1031.33333333333,39.1900296831836
10.7272727272727,1031.33333333333,40.2805151208603
10.8363636363636,1031.33333333333,41.3763924488375
10.9454545454545,1031.33333333333,42.4773778834152
11.0545454545455,1031.33333333333,43.5831876408933
11.1636363636364,1031.33333333333,44.6935379375718
11.2727272727273,1031.33333333333,45.8081449897506
11.3818181818182,1031.33333333333,46.9267250137298
11.4909090909091,1031.33333333333,48.0489942258094
11.6,1031.33333333333,49.1746688422892
11.7090909090909,1031.33333333333,50.3034650794693
11.8181818181818,1031.33333333333,51.4350991536496
11.9272727272727,1031.33333333333,52.5692872811302
12.0363636363636,1031.33333333333,53.705745678211
12.1454545454545,1031.33333333333,54.8441905611919
12.2545454545455,1031.33333333333,55.984338146373
12.3636363636364,1031.33333333333,57.1259046500543
12.4727272727273,1031.33333333333,58.2686062885356
12.5818181818182,1031.33333333333,59.412159278117
12.6909090909091,1031.33333333333,60.5562798350984
12.8,1031.33333333333,61.7006841757799
2,1042.66666666667,-7.26401751451629
2.10909090909091,1042.66666666667,-6.89562224002574
2.21818181818182,1042.66666666667,-6.52936691439162
2.32727272727273,1042.66666666667,-6.16739148647038
2.43636363636364,1042.66666666667,-5.81183590511845
2.54545454545455,1042.66666666667,-5.46484011919227
2.65454545454545,1042.66666666667,-5.12854407754828
2.76363636363636,1042.66666666667,-4.8050877290429
2.87272727272727,1042.66666666667,-4.49661102253258
2.98181818181818,1042.66666666667,-4.20525390687376
3.09090909090909,1042.66666666667,-3.93315633092287
3.2,1042.66666666667,-3.68245824353635
3.30909090909091,1042.66666666667,-3.45529959357064
3.41818181818182,1042.66666666667,-3.25382032988217
3.52727272727273,1042.66666666667,-3.08016040132738
3.63636363636364,1042.66666666667,-2.93584147187415
3.74545454545455,1042.66666666667,-2.81769141449578
3.85454545454545,1042.66666666667,-2.72038469675621
3.96363636363636,1042.66666666667,-2.6385845184528
4.07272727272727,1042.66666666667,-2.56695407938289
4.18181818181818,1042.66666666667,-2.50015657934385
4.29090909090909,1042.66666666667,-2.43285521813304
4.4,1042.66666666667,-2.35971319554779
4.50909090909091,1042.66666666667,-2.27539371138548
4.61818181818182,1042.66666666667,-2.17455996544345
4.72727272727273,1042.66666666667,-2.05187515751906
4.83636363636364,1042.66666666667,-1.90200248740967
4.94545454545455,1042.66666666667,-1.71960515491262
5.05454545454545,1042.66666666667,-1.49934635982528
5.16363636363636,1042.66666666667,-1.23613007358927
5.27272727272727,1042.66666666667,-0.928711911996553
5.38181818181818,1042.66666666667,-0.578945232139968
5.49090909090909,1042.66666666667,-0.188771135880683
5.6,1042.66666666667,0.239869274920139
5.70909090909091,1042.66666666667,0.705034898401341
5.81818181818182,1042.66666666667,1.20478463270175
5.92727272727273,1042.66666666667,1.73717737596021
6.03636363636364,1042.66666666667,2.30027202631555
6.14545454545455,1042.66666666667,2.8921274819066
6.25454545454545,1042.66666666667,3.51080264087221
6.36363636363636,1042.66666666667,4.15435640135121
6.47272727272727,1042.66666666667,4.82084766148243
6.58181818181818,1042.66666666667,5.50833531940471
6.69090909090909,1042.66666666667,6.21487827325689
6.8,1042.66666666667,6.9385354211778
6.90909090909091,1042.66666666667,7.67764319921584
7.01818181818182,1042.66666666667,8.43164819505767
7.12727272727273,1042.66666666667,9.20027453429953
7.23636363636364,1042.66666666667,9.98324634253762
7.34545454545455,1042.66666666667,10.7802877453682
7.45454545454546,1042.66666666667,11.5911228683875
7.56363636363636,1042.66666666667,12.4154758371917
7.67272727272727,1042.66666666667,13.253070777377
7.78181818181818,1042.66666666667,14.1036318145397
7.89090909090909,1042.66666666667,14.966883074276
8,1042.66666666667,15.8425486821822
8.10909090909091,1042.66666666667,16.7303527638544
8.21818181818182,1042.66666666667,17.6300194448889
8.32727272727273,1042.66666666667,18.5412728508818
8.43636363636364,1042.66666666667,19.4638371074296
8.54545454545455,1042.66666666667,20.3974363401282
8.65454545454546,1042.66666666667,21.3417946745741
8.76363636363637,1042.66666666667,22.2966362363634
8.87272727272727,1042.66666666667,23.2616851510922
8.98181818181818,1042.66666666667,24.236665544357
9.09090909090909,1042.66666666667,25.2213015417539
9.2,1042.66666666667,26.215317268879
9.30909090909091,1042.66666666667,27.2184368513287
9.41818181818182,1042.66666666667,28.2303844146992
9.52727272727273,1042.66666666667,29.2508840845867
9.63636363636364,1042.66666666667,30.2796599865874
9.74545454545455,1042.66666666667,31.3164362462975
9.85454545454546,1042.66666666667,32.3609369893133
9.96363636363636,1042.66666666667,33.412886341231
10.0727272727273,1042.66666666667,34.4720084276468
10.1818181818182,1042.66666666667,35.538027374157
10.2909090909091,1042.66666666667,36.6106673063577
10.4,1042.66666666667,37.6896523498453
10.5090909090909,1042.66666666667,38.7747066302159
10.6181818181818,1042.66666666667,39.8655542730657
10.7272727272727,1042.66666666667,40.961919403991
10.8363636363636,1042.66666666667,42.063526148588
10.9454545454545,1042.66666666667,43.1700986324529
11.0545454545455,1042.66666666667,44.281360981182
11.1636363636364,1042.66666666667,45.3970373203715
11.2727272727273,1042.66666666667,46.5168517756176
11.3818181818182,1042.66666666667,47.6405284725165
11.4909090909091,1042.66666666667,48.7677915366645
11.6,1042.66666666667,49.8983650936578
11.7090909090909,1042.66666666667,51.0319732690925
11.8181818181818,1042.66666666667,52.1683401885651
11.9272727272727,1042.66666666667,53.3071899776715
12.0363636363636,1042.66666666667,54.4482467620082
12.1454545454545,1042.66666666667,55.5912346671713
12.2545454545455,1042.66666666667,56.7358778187571
12.3636363636364,1042.66666666667,57.8819003423617
12.4727272727273,1042.66666666667,59.0290263635814
12.5818181818182,1042.66666666667,60.1769800080124
12.6909090909091,1042.66666666667,61.325485401251
12.8,1042.66666666667,62.4742666688934
2,1054,-6.97811351505685
2.10909090909091,1054,-6.65742024931208
2.21818181818182,1054,-6.33848630582716
2.32727272727273,1054,-6.02307100686195
2.43636363636364,1054,-5.71293367467627
2.54545454545455,1054,-5.40983363153
2.65454545454545,1054,-5.11553019968298
2.76363636363636,1054,-4.83178270139505
2.87272727272727,1054,-4.56035045892607
2.98181818181818,1054,-4.30299279453589
3.09090909090909,1054,-4.06146903048435
3.2,1054,-3.8375384890313
3.30909090909091,1054,-3.6329604924366
3.41818181818182,1054,-3.4494943629601
3.52727272727273,1054,-3.28889942286164
3.63636363636364,1054,-3.15238329535755
3.74545454545455,1054,-3.03696530786377
3.85454545454545,1054,-2.93774329217724
3.96363636363636,1054,-2.84980502580412
4.07272727272727,1054,-2.76823828625059
4.18181818181818,1054,-2.68813085102282
4.29090909090909,1054,-2.60457049762697
4.4,1054,-2.51264500356922
4.50909090909091,1054,-2.40744214635573
4.61818181818182,1054,-2.28404970349267
4.72727272727273,1054,-2.13755545248622
4.83636363636364,1054,-1.96304717084254
4.94545454545455,1054,-1.7556126360678
5.05454545454545,1054,-1.51033962566818
5.16363636363636,1054,-1.22254224635223
5.27272727272727,1054,-0.891155212215122
5.38181818181818,1054,-0.51802516379576
5.49090909090909,1054,-0.105081223120822
5.6,1054,0.34574748778302
5.70909090909091,1054,0.832531846889101
5.81818181818182,1054,1.35334273217074
5.92727272727273,1054,1.90625102160127
6.03636363636364,1054,2.48932759315402
6.14545454545455,1054,3.1006433248023
6.25454545454545,1054,3.73826909451947
6.36363636363636,1054,4.40027578027883
6.47272727272727,1054,5.08473426005371
6.58181818181818,1054,5.78971541181745
6.69090909090909,1054,6.51329011354337
6.8,1054,7.25352924320479
6.90909090909091,1054,8.00878054667068
7.01818181818182,1054,8.77849924139252
7.12727272727273,1054,9.56241741271743
7.23636363636364,1054,10.3602671459925
7.34545454545455,1054,11.1717805265649
7.45454545454546,1054,11.9966896397816
7.56363636363636,1054,12.8347265709899
7.67272727272727,1054,13.6856234055367
7.78181818181818,1054,14.5491122287694
7.89090909090909,1054,15.4249251260348
8,1054,16.3127941826802
8.10909090909091,1054,17.2124514840527
8.21818181818182,1054,18.1236291154994
8.32727272727273,1054,19.0460591623673
8.43636363636364,1054,19.9794737100037
8.54545454545455,1054,20.9236048437556
8.65454545454546,1054,21.8781846489701
8.76363636363637,1054,22.8429452109943
8.87272727272727,1054,23.8176186151754
8.98181818181818,1054,24.8019369468605
9.09090909090909,1054,25.7956322913967
9.2,1054,26.798436734131
9.30909090909091,1054,27.8100823604106
9.41818181818182,1054,28.8303012555827
9.52727272727273,1054,29.8588255049942
9.63636363636364,1054,30.8953871939924
9.74545454545455,1054,31.9397184079244
9.85454545454546,1054,32.9915512321372
9.96363636363636,1054,34.050617751978
10.0727272727273,1054,35.1166500527939
10.1818181818182,1054,36.189380219932
10.2909090909091,1054,37.2685403387394
10.4,1054,38.3538624945632
10.5090909090909,1054,39.4450787727505
10.6181818181818,1054,40.5419212586485
10.7272727272727,1054,41.6441220376043
10.8363636363636,1054,42.7514131949649
10.9454545454545,1054,43.8635268160775
11.0545454545455,1054,44.9801949862892
11.1636363636364,1054,46.1011497909471
11.2727272727273,1054,47.2261233153983
11.3818181818182,1054,48.35484764499
11.4909090909091,1054,49.4870548650692
11.6,1054,50.6224770609831
11.7090909090909,1054,51.7608463180787
11.8181818181818,1054,52.9018947217032
11.9272727272727,1054,54.0453543572037
12.0363636363636,1054,55.1909573099273
12.1454545454545,1054,56.3384356652211
12.2545454545455,1054,57.4875215084322
12.3636363636364,1054,58.6379469249078
12.4727272727273,1054,59.7894439999949
12.5818181818182,1054,60.9417448190407
12.6909090909091,1054,62.0945814673923
12.8,1054,63.2476860303967
2,1065.33333333333,-6.69082312138309
2.10909090909091,1065.33333333333,-6.4180583193724
2.21818181818182,1065.33333333333,-6.14667022921536
2.32727272727273,1065.33333333333,-5.87803556276562
2.43636363636364,1065.33333333333,-5.61353103187683
2.54545454545455,1065.33333333333,-5.35453334840263
2.65454545454545,1065.33333333333,-5.10241922419669
2.76363636363636,1065.33333333333,-4.85856537111264
2.87272727272727,1065.33333333333,-4.62434850100414
2.98181818181818,1065.33333333333,-4.40114532572484
3.09090909090909,1065.33333333333,-4.19033255712838
3.2,1065.33333333333,-3.99328690706843
3.30909090909091,1065.33333333333,-3.81138508739861
3.41818181818182,1065.33333333333,-3.6460038099726
3.52727272727273,1065.33333333333,-3.49851978664403
3.63636363636364,1065.33333333333,-3.36982499720149
3.74545454545455,1065.33333333333,-3.25713151425175
3.85454545454545,1065.33333333333,-3.15596315201083
3.96363636363636,1065.33333333333,-3.0618348908256
4.07272727272727,1065.33333333333,-2.97026171104298
4.18181818181818,1065.33333333333,-2.87675859300986
4.29090909090909,1065.33333333333,-2.77684051707315
4.4,1065.33333333333,-2.66602246357976
4.50909090909091,1065.33333333333,-2.53981941287656
4.61818181818182,1065.33333333333,-2.39374634531048
4.72727272727273,1065.33333333333,-2.22331824122841
4.83636363636364,1065.33333333333,-2.02405008097726
4.94545454545455,1065.33333333333,-1.79145684490391
5.05454545454545,1065.33333333333,-1.52105351335528
5.16363636363636,1065.33333333333,-1.20856685229776
5.27272727272727,1065.33333333333,-0.853111580158858
5.38181818181818,1065.33333333333,-0.45652722568338
5.49090909090909,1065.33333333333,-0.0207304989643355
5.6,1065.33333333333,0.452361889905268
5.70909090909091,1065.33333333333,0.960833230832428
5.81818181818182,1065.33333333333,1.50276681372413
5.92727272727273,1065.33333333333,2.07624592848736
6.03636363636364,1065.33333333333,2.67935386502912
6.14545454545455,1065.33333333333,3.31017391325639
6.25454545454545,1065.33333333333,3.96678936307617
6.36363636363636,1065.33333333333,4.64728350439544
6.47272727272727,1065.33333333333,5.3497396271212
6.58181818181818,1065.33333333333,6.07224102116044
6.69090909090909,1065.33333333333,6.81287097642015
6.8,1065.33333333333,7.56971278280732
6.90909090909091,1065.33333333333,8.34112586330191
7.01818181818182,1065.33333333333,9.12657417317578
7.12727272727273,1065.33333333333,9.92579780077375
7.23636363636364,1065.33333333333,10.7385368344407
7.34545454545455,1065.33333333333,11.5645313625213
7.45454545454546,1065.33333333333,12.4035214733606
7.56363636363636,1065.33333333333,13.2552472553033
7.67272727272727,1065.33333333333,14.1194487966942
7.78181818181818,1065.33333333333,14.9958661858782
7.89090909090909,1065.33333333333,15.8842395112002
8,1065.33333333333,16.7843088610048
8.10909090909091,1065.33333333333,17.695814323637
8.21818181818182,1065.33333333333,18.6184959874416
8.32727272727273,1065.33333333333,19.5520939407634
8.43636363636364,1065.33333333333,20.4963482719473
8.54545454545455,1065.33333333333,21.450999069338
8.65454545454546,1065.33333333333,22.4157864212804
8.76363636363637,1065.33333333333,23.3904504161194
8.87272727272727,1065.33333333333,24.3747311421997
8.98181818181818,1065.33333333333,25.3683686878662
9.09090909090909,1065.33333333333,26.3711031414637
9.2,1065.33333333333,27.3826745913371
9.30909090909091,1065.33333333333,28.4028231258311
9.41818181818182,1065.33333333333,29.4312888332906
9.52727272727273,1065.33333333333,30.4678118020605
9.63636363636364,1065.33333333333,31.5121321204855
9.74545454545455,1065.33333333333,32.5639898769105
9.85454545454546,1065.33333333333,33.6231251596803
9.96363636363636,1065.33333333333,34.6892780571398
10.0727272727273,1065.33333333333,35.7621886576337
10.1818181818182,1065.33333333333,36.8415970495069
10.2909090909091,1065.33333333333,37.9272433211042
10.4,1065.33333333333,39.0188675607705
10.5090909090909,1065.33333333333,40.1162098568506
10.6181818181818,1065.33333333333,41.2190102976892
10.7272727272727,1065.33333333333,42.3270089716313
10.8363636363636,1065.33333333333,43.4399459670217
10.9454545454545,1065.33333333333,44.5575613722052
11.0545454545455,1065.33333333333,45.6795952755266
11.1636363636364,1065.33333333333,46.8057877653307
11.2727272727273,1065.33333333333,47.9358789299624
11.3818181818182,1065.33333333333,49.0696088577665
11.4909090909091,1065.33333333333,50.2067176370879
11.6,1065.33333333333,51.3469453562713
11.7090909090909,1065.33333333333,52.4900321036616
11.8181818181818,1065.33333333333,53.6357179676036
11.9272727272727,1065.33333333333,54.7837430364422
12.0363636363636,1065.33333333333,55.9338473985222
12.1454545454545,1065.33333333333,57.0857711421883
12.2545454545455,1065.33333333333,58.2392543557855
12.3636363636364,1065.33333333333,59.3940371276585
12.4727272727273,1065.33333333333,60.5498595461522
12.5818181818182,1065.33333333333,61.7064616996115
12.6909090909091,1065.33333333333,62.8635836763811
12.8,1065.33333333333,64.0209655648058
2,1076.66666666667,-6.40237739919742
2.10909090909091,1076.66666666667,-6.17772977341105
2.21818181818182,1076.66666666667,-5.95407459589744
2.32727272727273,1076.66666666667,-5.73240431492939
2.43636363636364,1076.66666666667,-5.51371137877966
2.54545454545455,1076.66666666667,-5.29898823572101
2.65454545454545,1076.66666666667,-5.08922733402624
2.76363636363636,1076.66666666667,-4.88542112196809
2.87272727272727,1076.66666666667,-4.68856204781936
2.98181818181818,1076.66666666667,-4.49964255985281
3.09090909090909,1076.66666666667,-4.31965510634122
3.2,1076.66666666667,-4.14959213555735
3.30909090909091,1076.66666666667,-3.99044609577399
3.41818181818182,1076.66666666667,-3.8432094352639
3.52727272727273,1076.66666666667,-3.70887460229985
3.63636363636364,1076.66666666667,-3.5880165976792
3.74545454545455,1076.66666666667,-3.47804131482306
3.85454545454545,1076.66666666667,-3.37490073218821
3.96363636363636,1076.66666666667,-3.2745392205722
4.07272727272727,1076.66666666667,-3.1729011507726
4.18181818181818,1076.66666666667,-3.06593089358697
4.29090909090909,1076.66666666667,-2.94957281981288
4.4,1076.66666666667,-2.81977130024788
4.50909090909091,1076.66666666667,-2.67247070568955
4.61818181818182,1076.66666666667,-2.50361540693545
4.72727272727273,1076.66666666667,-2.30914977478313
4.83636363636364,1076.66666666667,-2.08501818003017
4.94545454545455,1076.66666666667,-1.82716499347412
5.05454545454545,1076.66666666667,-1.53153458591255
5.16363636363636,1076.66666666667,-1.19426848589542
5.27272727272727,1076.66666666667,-0.8146621712069
5.38181818181818,1076.66666666667,-0.394547729430858
5.49090909090909,1076.66666666667,0.0641709013560028
5.6,1076.66666666667,0.559589783076984
5.70909090909091,1076.66666666667,1.08980497765539
5.81818181818182,1076.66666666667,1.65291254701451
5.92727272727273,1076.66666666667,2.24700855307764
6.03636363636364,1076.66666666667,2.87018905776808
6.14545454545455,1076.66666666667,3.52055012300912
6.25454545454545,1076.66666666667,4.19618781072407
6.36363636363636,1076.66666666667,4.89519818283622
6.47272727272727,1076.66666666667,5.61567730126887
6.58181818181818,1076.66666666667,6.35572122794531
6.69090909090909,1076.66666666667,7.11342602478885
6.8,1076.66666666667,7.88688775372278
6.90909090909091,1076.66666666667,8.67447782091344
7.01818181818182,1076.66666666667,9.47566900949935
7.12727272727273,1076.66666666667,10.2902094468621
7.23636363636364,1076.66666666667,11.1178472603832
7.34545454545455,1076.66666666667,11.9583305774443
7.45454545454546,1076.66666666667,12.811407525427
7.56363636363636,1076.66666666667,13.6768262317127
7.67272727272727,1076.66666666667,14.5543348236831
7.78181818181818,1076.66666666667,15.4436814287198
7.89090909090909,1076.66666666667,16.3446141742042
8,1076.66666666667,17.2568811875181
8.10909090909091,1076.66666666667,18.1802305960429
8.21818181818182,1076.66666666667,19.1144105271602
8.32727272727273,1076.66666666667,20.0591691082516
8.43636363636364,1076.66666666667,21.0142544666987
8.54545454545455,1076.66666666667,21.979414729883
8.65454545454546,1076.66666666667,22.954398025186
8.76363636363637,1076.66666666667,23.9389524799895
8.87272727272727,1076.66666666667,24.9328262216749
8.98181818181818,1076.66666666667,25.9357673776238
9.09090909090909,1076.66666666667,26.9475240752177
9.2,1076.66666666667,27.9678444418383
9.30909090909091,1076.66666666667,28.9964766048671
9.41818181818182,1076.66666666667,30.0331686916857
9.52727272727273,1076.66666666667,31.0776688296757
9.63636363636364,1076.66666666667,32.1297251462186
9.74545454545455,1076.66666666667,33.1890857686959
9.85454545454546,1076.66666666667,34.2554988244894
9.96363636363636,1076.66666666667,35.3287124409804
10.0727272727273,1076.66666666667,36.4084747455506
10.1818181818182,1076.66666666667,37.4945338655817
10.2909090909091,1076.66666666667,38.586637928455
10.4,1076.66666666667,39.6845350615523
10.5090909090909,1076.66666666667,40.787973392255
10.6181818181818,1076.66666666667,41.8967010479448
10.7272727272727,1076.66666666667,43.0104661560031
10.8363636363636,1076.66666666667,44.1290168438117
10.9454545454545,1076.66666666667,45.252101238752
11.0545454545455,1076.66666666667,46.3794674682057
11.1636363636364,1076.66666666667,47.5108636595542
11.2727272727273,1076.66666666667,48.6460379401792
11.3818181818182,1076.66666666667,49.7847384374622
11.4909090909091,1076.66666666667,50.9267132787849
11.6,1076.66666666667,52.0717105915287
11.7090909090909,1076.66666666667,53.2194785030752
11.8181818181818,1076.66666666667,54.369765140806
11.9272727272727,1076.66666666667,55.5223186321027
12.0363636363636,1076.66666666667,56.6768871043469
12.1454545454545,1076.66666666667,57.8332186849201
12.2545454545455,1076.66666666667,58.9910615012038
12.3636363636364,1076.66666666667,60.1501636805797
12.4727272727273,1076.66666666667,61.3102733504293
12.5818181818182,1076.66666666667,62.4711386381343
12.6909090909091,1076.66666666667,63.6325076710761
12.8,1076.66666666667,64.7941285766363
2,1088,-6.1130074142022
2.10909090909091,1088,-5.93662793463234
2.21818181818182,1088,-5.76085531721464
2.32727272727273,1088,-5.58629642410124
2.43636363636364,1088,-5.41355811744431
2.54545454545455,1088,-5.243247259396
2.65454545454545,1088,-5.07597071210845
2.76363636363636,1088,-4.91233533773384
2.87272727272727,1088,-4.7529479984243
2.98181818181818,1088,-4.598415556332
3.09090909090909,1088,-4.44934487360909
3.2,1088,-4.30634281240773
3.30909090909091,1088,-4.17001623488006
3.41818181818182,1088,-4.04097200317824
3.52727272727273,1088,-3.91981697945443
3.63636363636364,1088,-3.80680811706393
3.74545454545455,1088,-3.69954599074103
3.85454545454545,1088,-3.59441248864063
3.96363636363636,1088,-3.4877831220989
4.07272727272727,1088,-3.37603340245201
4.18181818181818,1088,-3.25553884103613
4.29090909090909,1088,-3.12267494918743
4.4,1088,-2.97381723824209
4.50909090909091,1088,-2.80534121953626
4.61818181818182,1088,-2.61362240440613
4.72727272727273,1088,-2.39503630418787
4.83636363636364,1088,-2.14595843021764
4.94545454545455,1088,-1.86276429383161
5.05454545454545,1088,-1.54182940636596
5.16363636363636,1088,-1.17971174161478
5.27272727272727,1088,-0.775888140738387
5.38181818181818,1088,-0.332182986666223
5.49090909090909,1088,0.149512842607424
5.6,1088,0.667308469088275
5.70909090909091,1088,1.21931301478206
5.81818181818182,1088,1.80363560169448
5.92727272727273,1088,2.41838535183126
6.03636363636364,1088,3.06167138719812
6.14545454545455,1088,3.73160282980076
6.25454545454545,1088,4.42628880164493
6.36363636363636,1088,5.14383842473633
6.47272727272727,1088,5.88236082108067
6.58181818181818,1088,6.63996511268369
6.69090909090909,1088,7.41476042155109
6.8,1088,8.2048558696886
6.90909090909091,1088,9.00863509130922
7.01818181818182,1088,9.8255797694552
7.12727272727273,1088,10.6554460993761
7.23636363636364,1088,11.4979902763213
7.34545454545455,1088,12.3529684955405
7.45454545454546,1088,13.2201369522832
7.56363636363636,1088,14.0992518417989
7.67272727272727,1088,14.9900693593372
7.78181818181818,1088,15.8923457001475
7.89090909090909,1088,16.8058370594794
8,1088,17.7302996325824
8.10909090909091,1088,18.665489614706
8.21818181818182,1088,19.6111632010999
8.32727272727273,1088,20.5670765870135
8.43636363636364,1088,21.5329859676963
8.54545454545455,1088,22.5086475383979
8.65454545454546,1088,23.4938174943679
8.76363636363637,1088,24.4882520308556
8.87272727272727,1088,25.4917073431107
8.98181818181818,1088,26.5039396263828
9.09090909090909,1088,27.5247050759212
9.2,1088,28.5537598869757
9.30909090909091,1088,29.5908602547956
9.41818181818182,1088,30.6357623746305
9.52727272727273,1088,31.68822244173
9.63636363636364,1088,32.7479966513436
9.74545454545455,1088,33.8148411987208
9.85454545454546,1088,34.8885122791111
9.96363636363636,1088,35.9687660877642
10.0727272727273,1088,37.0553588199294
10.1818181818182,1088,38.1480466708563
10.2909090909091,1088,39.2465858357946
10.4,1088,40.3507325099936
10.5090909090909,1088,41.460242888703
10.6181818181818,1088,42.5748731671722
10.7272727272727,1088,43.6943795406508
10.8363636363636,1088,44.8185182043883
10.9454545454545,1088,45.9470453536343
11.0545454545455,1088,47.0797171836382
11.1636363636364,1088,48.2162898896497
11.2727272727273,1088,49.3565196669182
11.3818181818182,1088,50.5001627106933
11.4909090909091,1088,51.6469752162245
11.6,1088,52.7967133787613
11.7090909090909,1088,53.9491333935533
11.8181818181818,1088,55.1039914558499
11.9272727272727,1088,56.2610437609008
12.0363636363636,1088,57.4200465039555
12.1454545454545,1088,58.5807558802635
12.2545454545455,1088,59.7429280850742
12.3636363636364,1088,60.9063193136373
12.4727272727273,1088,62.0706857612023
12.5818181818182,1088,63.2357836230187
12.6909090909091,1088,64.401369094336
12.8,1088,65.5671983704039
2,1099.33333333333,-5.82294423209982
2.10909090909091,1099.33333333333,-5.69494612624062
2.21818181818182,1099.33333333333,-5.56716830450815
2.32727272727273,1099.33333333333,-5.43983105102914
2.43636363636364,1099.33333333333,-5.31315464993032
2.54545454545455,1099.33333333333,-5.18735938533842
2.65454545454545,1099.33333333333,-5.06266554138017
2.76363636363636,1099.33333333333,-4.9392934021823
2.87272727272727,1099.33333333333,-4.81746325187153
2.98181818181818,1099.33333333333,-4.69739537457461
3.09090909090909,1099.33333333333,-4.57931005441825
3.2,1099.33333333333,-4.46342757552919
3.30909090909091,1099.33333333333,-4.34996822203415
3.41818181818182,1099.33333333333,-4.23915227805987
3.52727272727273,1099.33333333333,-4.13120002773308
3.63636363636364,1099.33333333333,-4.02604957562893
3.74545454545455,1099.33333333333,-3.92149682316899
3.85454545454545,1099.33333333333,-3.81435487729933
3.96363636363636,1099.33333333333,-3.70143170246067
4.07272727272727,1099.33333333333,-3.57953526309376
4.18181818181818,1099.33333333333,-3.44547352363933
4.29090909090909,1099.33333333333,-3.29605444853811
4.4,1099.33333333333,-3.12808600223084
4.50909090909091,1099.33333333333,-2.93837614915827
4.61818181818182,1099.33333333333,-2.72373285376112
4.72727272727273,1099.33333333333,-2.48096408048012
4.83636363636364,1099.33333333333,-2.20687779375603
4.94545454545455,1099.33333333333,-1.89828195802957
5.05454545454545,1099.33333333333,-1.55198453774147
5.16363636363636,1099.33333333333,-1.16496121392543
5.27272727272727,1099.33333333333,-0.736870644132456
5.38181818181818,1099.33333333333,-0.269529309017501
5.49090909090909,1099.33333333333,0.235185189557159
5.6,1099.33333333333,0.775395249729251
5.70909090909091,1099.33333333333,1.34922326963651
5.81818181818182,1099.33333333333,1.95479164741665
5.92727272727273,1099.33333333333,2.59022278120739
6.03636363636364,1099.33333333333,3.25363906914647
6.14545454545455,1099.33333333333,3.9431629093716
6.25454545454545,1099.33333333333,4.65691670002052
6.36363636363636,1099.33333333333,5.39302283923094
6.47272727272727,1099.33333333333,6.14960372514059
6.58181818181818,1099.33333333333,6.9247817558872
6.69090909090909,1099.33333333333,7.71667932960848
6.8,1099.33333333333,8.52341884444217
6.90909090909091,1099.33333333333,9.34339634629319
7.01818181818182,1099.33333333333,10.1761024721352
7.12727272727273,1099.33333333333,11.0213015067092
7.23636363636364,1099.33333333333,11.8787577347561
7.34545454545455,1099.33333333333,12.7482354410167
7.45454545454546,1099.33333333333,13.6294989102319
7.56363636363636,1099.33333333333,14.5223124271428
7.67272727272727,1099.33333333333,15.4264402764901
7.78181818181818,1099.33333333333,16.3416467430148
7.89090909090909,1099.33333333333,17.2676961114577
8,1099.33333333333,18.2043526665599
8.10909090909091,1099.33333333333,19.1513806930622
8.21818181818182,1099.33333333333,20.1085444757055
8.32727272727273,1099.33333333333,21.0756082992307
8.43636363636364,1099.33333333333,22.0523364483787
8.54545454545455,1099.33333333333,23.0384932078905
8.65454545454546,1099.33333333333,24.0338428625069
8.76363636363637,1099.33333333333,25.0381496969688
8.87272727272727,1099.33333333333,26.0511779960172
8.98181818181818,1099.33333333333,27.0726920443929
9.09090909090909,1099.33333333333,28.1024561268369
9.2,1099.33333333333,29.1402345280901
9.30909090909091,1099.33333333333,30.1857915328933
9.41818181818182,1099.33333333333,31.2388914259876
9.52727272727273,1099.33333333333,32.2992984921137
9.63636363636364,1099.33333333333,33.3667770160126
9.74545454545455,1099.33333333333,34.4410912824253
9.85454545454546,1099.33333333333,35.5220055760925
9.96363636363636,1099.33333333333,36.6092841817553
10.0727272727273,1099.33333333333,37.7026913841545
10.1818181818182,1099.33333333333,38.801991468031
10.2909090909091,1099.33333333333,39.9069487181257
10.4,1099.33333333333,41.0173274191796
10.5090909090909,1099.33333333333,42.1328918559336
10.6181818181818,1099.33333333333,43.2534063131285
10.7272727272727,1099.33333333333,44.3786350755053
10.8363636363636,1099.33333333333,45.5083424278048
10.9454545454545,1099.33333333333,46.642292654768
11.0545454545455,1099.33333333333,47.7802500411358
11.1636363636364,1099.33333333333,48.9219788716491
11.2727272727273,1099.33333333333,50.0672434310488
11.3818181818182,1099.33333333333,51.2158080040758
11.4909090909091,1099.33333333333,52.367436875471
11.6,1099.33333333333,53.5218943299754
11.7090909090909,1099.33333333333,54.6789446523297
11.8181818181818,1099.33333333333,55.838352127275
11.9272727272727,1099.33333333333,56.9998810395522
12.0363636363636,1099.33333333333,58.163295673902
12.1454545454545,1099.33333333333,59.3283603150656
12.2545454545455,1099.33333333333,60.4948392477837
12.3636363636364,1099.33333333333,61.6624967567972
12.4727272727273,1099.33333333333,62.8310971268471
12.5818181818182,1099.33333333333,64.0004046426744
12.6909090909091,1099.33333333333,65.1701835890198
12.8,1099.33333333333,66.3401982506242
2,1110.66666666667,-5.53241891859267
2.10909090909091,1110.66666666667,-5.45287767144023
2.21818181818182,1110.66666666667,-5.37316946911923
2.32727272727273,1110.66666666667,-5.29312735646109
2.43636363636364,1110.66666666667,-5.21258437829725
2.54545454545455,1110.66666666667,-5.13137357945916
2.65454545454545,1110.66666666667,-5.04932800477823
2.76363636363636,1110.66666666667,-4.96628069908591
2.87272727272727,1110.66666666667,-4.88206470721363
2.98181818181818,1110.66666666667,-4.79651307399282
3.09090909090909,1110.66666666667,-4.70945884425492
3.2,1110.66666666667,-4.62073506283137
3.30909090909091,1110.66666666667,-4.53017477455359
3.41818181818182,1110.66666666667,-4.43761102425302
3.52727272727273,1110.66666666667,-4.3428768567611
3.63636363636364,1110.66666666667,-4.24559099364744
3.74545454545455,1110.66666666667,-4.14374509327029
3.85454545454545,1110.66666666667,-4.03458435409555
3.96363636363636,1110.66666666667,-3.9153500687125
4.07272727272727,1110.66666666667,-3.78328352971041
4.18181818181818,1110.66666666667,-3.63562602967855
4.29090909090909,1110.66666666667,-3.4696188612062
4.4,1110.66666666667,-3.28250331688264
4.50909090909091,1110.66666666667,-3.07152068929713
4.61818181818182,1110.66666666667,-2.83391227103896
4.72727272727273,1110.66666666667,-2.56691935469739
4.83636363636364,1110.66666666667,-2.2677832328617
4.94545454545455,1110.66666666667,-1.93374519812116
5.05454545454545,1110.66666666667,-1.56204654306505
5.16363636363636,1110.66666666667,-1.15008149729693
5.27272727272727,1110.66666666667,-0.697690836768249
5.38181818181818,1110.66666666667,-0.206683008112724
5.49090909090909,1110.66666666667,0.321077806972433
5.6,1110.66666666667,0.883727426790013
5.70909090909091,1110.66666666667,1.47940166964281
5.81818181818182,1110.66666666667,2.10623635383361
5.92727272727273,1110.66666666667,2.7623672976652
6.03636363636364,1110.66666666667,3.44593031944037
6.14545454545455,1110.66666666667,4.1550612374619
6.25454545454545,1110.66666666667,4.88789587003258
6.36363636363636,1110.66666666667,5.64257003545521
6.47272727272727,1110.66666666667,6.41721955203257
6.58181818181818,1110.66666666667,7.20998023806745
6.69090909090909,1110.66666666667,8.01898791186264
6.8,1110.66666666667,8.84237839172093
6.90909090909091,1110.66666666667,9.67856025766928
7.01818181818182,1110.66666666667,10.5270331366314
7.12727272727273,1110.66666666667,11.3875694172552
7.23636363636364,1110.66666666667,12.2599414881886
7.34545454545455,1110.66666666667,13.1439217380794
7.45454545454546,1110.66666666667,14.0392825555756
7.56363636363636,1110.66666666667,14.945796329325
7.67272727272727,1110.66666666667,15.8632354479755
7.78181818181818,1110.66666666667,16.7913723001751
7.89090909090909,1110.66666666667,17.7299792745716
8,1110.66666666667,18.6788287598129
8.10909090909091,1110.66666666667,19.637693144547
8.21818181818182,1110.66666666667,20.6063448174216
8.32727272727273,1110.66666666667,21.5845561670847
8.43636363636364,1110.66666666667,22.5720995821842
8.54545454545455,1110.66666666667,23.568747451368
8.65454545454546,1110.66666666667,24.574272163284
8.76363636363637,1110.66666666667,25.58844610658
8.87272727272727,1110.66666666667,26.6110416699039
8.98181818181818,1110.66666666667,27.6418312419038
9.09090909090909,1110.66666666667,28.6805872112274
9.2,1110.66666666667,29.7270819665226
9.30909090909091,1110.66666666667,30.7810878964373
9.41818181818182,1110.66666666667,31.8423773896195
9.52727272727273,1110.66666666667,32.910722834717
9.63636363636364,1110.66666666667,33.9858966203777
9.74545454545455,1110.66666666667,35.0676711352495
9.85454545454546,1110.66666666667,36.1558187679803
9.96363636363636,1110.66666666667,37.250111907218
10.0727272727273,1110.66666666667,38.3503229416104
10.1818181818182,1110.66666666667,39.4562242598056
10.2909090909091,1110.66666666667,40.5675882504513
10.4,1110.66666666667,41.6841873021954
10.5090909090909,1110.66666666667,42.805793803686
10.6181818181818,1110.66666666667,43.9321801435707
10.7272727272727,1110.66666666667,45.0631187104976
10.8363636363636,1110.66666666667,46.1983818931146
10.9454545454545,1110.66666666667,47.3377420800695
11.0545454545455,1110.66666666667,48.4809716600101
11.1636363636364,1110.66666666667,49.6278430215845
11.2727272727273,1110.66666666667,50.7781285534405
11.3818181818182,1110.66666666667,51.931600644226
11.4909090909091,1110.66666666667,53.0880316825889
11.6,1110.66666666667,54.2471940571771
11.7090909090909,1110.66666666667,55.4088601566385
11.8181818181818,1110.66666666667,56.5728023696209
11.9272727272727,1110.66666666667,57.7387930847723
12.0363636363636,1110.66666666667,58.9066046907405
12.1454545454545,1110.66666666667,60.0760095761735
12.2545454545455,1110.66666666667,61.2467801297192
12.3636363636364,1110.66666666667,62.4186887400253
12.4727272727273,1110.66666666667,63.5915077957399
12.5818181818182,1110.66666666667,64.7650096855108
12.6909090909091,1110.66666666667,65.938966797986
12.8,1110.66666666667,67.1131515218132
2,1122,-5.24166253938314
2.10909090909091,1122,-5.21061589343551
2.21818181818182,1122,-5.17901472238908
2.32727272727273,1122,-5.14630450114505
2.43636363636364,1122,-5.11193070460464
2.54545454545455,1122,-5.07533880766904
2.65454545454545,1122,-5.03597428523945
2.76363636363636,1122,-4.99328261221709
2.87272727272727,1122,-4.94670926350315
2.98181818181818,1122,-4.89569971399884
3.09090909090909,1122,-4.83969943860536
3.2,1122,-4.77815391222391
3.30909090909091,1122,-4.7105086097557
3.41818181818182,1122,-4.63620900610193
3.52727272727273,1122,-4.55470057616381
3.63636363636364,1122,-4.4652823913927
3.74545454545455,1122,-4.36614208220824
3.85454545454545,1122,-4.25495737496053
3.96363636363636,1122,-4.12940332790935
4.07272727272727,1122,-3.9871549993145
4.18181818181818,1122,-3.82588744743579
4.29090909090909,1122,-3.64327573053301
4.4,1122,-3.43699490686595
4.50909090909091,1122,-3.20472003469443
4.61818181818182,1122,-2.94412617227823
4.72727272727273,1122,-2.65288837787715
4.83636363636364,1122,-2.32868170975101
4.94545454545455,1122,-1.96918122615958
5.05454545454545,1122,-1.57206198536267
5.16363636363636,1122,-1.13513718619885
5.27272727272727,1122,-0.658429874024902
5.38181818181818,1122,-0.143740395579918
5.49090909090909,1122,0.407080559620478
5.6,1122,0.992182302060669
5.70909090909091,1122,1.60971414222504
5.81818181818182,1122,2.25782539059797
5.92727272727273,1122,2.93466535766384
6.03636363636364,1122,3.63838335390703
6.14545454545455,1122,4.36712868981192
6.25454545454545,1122,5.11905067586289
6.36363636363636,1122,5.89229862254432
6.47272727272727,1122,6.68502184034059
6.58181818181818,1122,7.49536963973609
6.69090909090909,1122,8.32149133121519
6.8,1122,9.16153622526227
6.90909090909091,1122,10.0139254972414
7.01818181818182,1122,10.8781677820356
7.12727272727273,1122,11.7540435794076
7.23636363636364,1122,12.64133338912
7.34545454545455,1122,13.5398177109354
7.45454545454546,1122,14.4492770446167
7.56363636363636,1122,15.3694918899264
7.67272727272727,1122,16.3002427466273
7.78181818181818,1122,17.241310114482
7.89090909090909,1122,18.1924744932533
8,1122,19.1535163827037
8.10909090909091,1122,20.124216282596
8.21818181818182,1122,21.104354692693
8.32727272727273,1122,22.0937121127571
8.43636363636364,1122,23.0920690425513
8.54545454545455,1122,24.099205981838
8.65454545454546,1122,25.1149034303801
8.76363636363637,1122,26.1389418879402
8.87272727272727,1122,27.1711018542809
8.98181818181818,1122,28.211163829165
9.09090909090909,1122,29.2589083123552
9.2,1122,30.3141158036141
9.30909090909091,1122,31.3765668027044
9.41818181818182,1122,32.4460418093888
9.52727272727273,1122,33.52232132343
9.63636363636364,1122,34.6051858445907
9.74545454545455,1122,35.6944158726335
9.85454545454546,1122,36.7897919073212
9.96363636363636,1122,37.8910944484164
10.0727272727273,1122,38.9981039956818
10.1818181818182,1122,40.1106010488801
10.2909090909091,1122,41.228366107774
10.4,1122,42.3511796721261
10.5090909090909,1122,43.4788222416992
10.6181818181818,1122,44.611074316256
10.7272727272727,1122,45.747716395559
10.8363636363636,1122,46.888528979371
10.9454545454545,1122,48.0332925674547
11.0545454545455,1122,49.1817876595728
11.1636363636364,1122,50.3337947554879
11.2727272727273,1122,51.4890943549628
11.3818181818182,1122,52.6474669577601
11.4909090909091,1122,53.8086930636425
11.6,1122,54.9725531723727
11.7090909090909,1122,56.1388277837133
11.8181818181818,1122,57.3072973974271
11.9272727272727,1122,58.4777425132768
12.0363636363636,1122,59.649943631025
12.1454545454545,1122,60.8236812504344
12.2545454545455,1122,61.9987358712676
12.3636363636364,1122,63.1748879932875
12.4727272727273,1122,64.3519181162566
12.5818181818182,1122,65.5296067399377
12.6909090909091,1122,66.7077343640934
12.8,1122,67.8860814884864
