window,n_obs,aic,delta_aic
30,1648,282.3046246000927,0
60,821,451.3044184512179,168.99979385112516
90,548,422.28841794730397,139.98379334721125
120,410,396.8466973828932,114.54207278280046
