interval_days,anchor_strategy,deployment_id,day_sequence,butterfly_diff_95th_sqrt,butterflies_95th_percentile_t_1,temp_at_max_count_t_1,sum_butterflies_direct_sun_t_1,temp_max_t_1,temp_min_t_1,wind_max_gust_t_1
1,first_to_first,SC1,1,-7.211102550927978,108.0,16.0,0.0,19.0,15.0,5.9
1,last_to_last,SC1,1,-5.291502622129181,51.0,16.0,0.0,18.0,15.0,5.1
1,mid_to_mid,SC1,1,-5.291502622129181,72.0,16.0,0.0,18.0,15.0,5.9
1,max_to_max,SC1,1,-8.06225774829855,121.0,16.0,0.0,18.0,15.0,5.1
1,max_to_sunset,SC1,1,-9.899494936611665,121.0,16.0,0.0,18.0,15.0,5.1
1,first_to_first,SC1,2,-6.708203932499369,56.0,16.0,0.0,18.0,13.0,4.9
1,last_to_last,SC1,2,-4.58257569495584,23.0,16.0,0.0,21.0,11.0,4.5
1,mid_to_mid,SC1,2,-6.164414002968976,44.0,16.0,0.0,18.0,11.0,4.9
1,max_to_max,SC1,2,-5.916079783099616,56.0,16.0,0.0,18.0,11.0,4.9
1,max_to_sunset,SC1,2,-7.3484692283495345,56.0,16.0,0.0,21.0,11.0,4.9
1,first_to_first,SC1,3,-2.449489742783178,11.0,11.0,5.0,21.0,8.0,4.5
1,last_to_last,SC1,3,-1.4142135623730951,2.0,11.0,5.0,20.0,8.0,6.3
1,mid_to_mid,SC1,3,-2.0,6.0,11.0,5.0,21.0,8.0,4.5
1,max_to_max,SC1,3,-4.0,21.0,11.0,5.0,21.0,8.0,4.5
1,max_to_sunset,SC1,3,-4.58257569495584,21.0,11.0,5.0,21.0,8.0,6.3
1,first_to_first,SC1,4,-2.23606797749979,5.0,9.0,3.0,20.0,8.0,6.3
1,last_to_last,SC1,4,0.0,0.0,9.0,3.0,21.0,9.0,3.0
1,mid_to_mid,SC1,4,-1.4142135623730951,2.0,9.0,3.0,21.0,9.0,6.3
1,max_to_max,SC1,4,-2.23606797749979,5.0,9.0,3.0,20.0,8.0,6.3
1,max_to_sunset,SC1,4,-2.23606797749979,5.0,9.0,3.0,21.0,8.0,6.3
1,first_to_first,SC1,5,0.0,0.0,13.0,0.0,21.0,12.0,3.0
1,last_to_last,SC1,5,0.0,0.0,13.0,0.0,22.0,11.0,3.2
1,mid_to_mid,SC1,5,0.0,0.0,13.0,0.0,21.0,11.0,3.2
1,max_to_max,SC1,5,0.0,0.0,13.0,0.0,21.0,12.0,3.0
1,max_to_sunset,SC1,5,0.0,0.0,13.0,0.0,22.0,11.0,3.2
1,first_to_first,SC1,6,0.0,0.0,14.0,0.0,22.0,11.0,3.2
1,last_to_last,SC1,6,0.0,0.0,14.0,0.0,18.0,11.0,5.5
1,mid_to_mid,SC1,6,0.0,0.0,14.0,0.0,22.0,11.0,5.3
1,max_to_max,SC1,6,0.0,0.0,14.0,0.0,22.0,11.0,3.2
1,max_to_sunset,SC1,6,0.0,0.0,14.0,0.0,22.0,11.0,5.5
1,first_to_first,SC1,7,0.0,0.0,12.0,0.0,18.0,11.0,5.5
1,last_to_last,SC1,7,0.0,0.0,12.0,0.0,17.0,7.0,4.5
1,mid_to_mid,SC1,7,0.0,0.0,12.0,0.0,18.0,8.0,5.5
1,max_to_max,SC1,7,0.0,0.0,12.0,0.0,18.0,11.0,5.5
1,max_to_sunset,SC1,7,0.0,0.0,12.0,0.0,18.0,7.0,5.5
1,first_to_first,SC1,8,0.0,0.0,11.0,0.0,17.0,7.0,4.5
1,last_to_last,SC1,8,0.0,0.0,11.0,0.0,19.0,6.0,6.3
1,mid_to_mid,SC1,8,0.0,0.0,11.0,0.0,17.0,6.0,4.5
1,max_to_max,SC1,8,0.0,0.0,11.0,0.0,17.0,7.0,4.5
1,max_to_sunset,SC1,8,0.0,0.0,11.0,0.0,19.0,6.0,6.3
1,first_to_first,SC1,9,0.0,0.0,7.0,0.0,19.0,6.0,6.3
1,last_to_last,SC1,9,0.0,0.0,7.0,0.0,19.0,8.0,3.2
1,mid_to_mid,SC1,9,0.0,0.0,7.0,0.0,19.0,8.0,6.3
1,max_to_max,SC1,9,0.0,0.0,7.0,0.0,19.0,6.0,6.3
1,max_to_sunset,SC1,9,0.0,0.0,7.0,0.0,19.0,6.0,6.3
1,first_to_first,SC1,10,0.0,0.0,11.0,0.0,19.0,8.0,3.2
1,last_to_last,SC1,10,0.0,0.0,11.0,0.0,20.0,8.0,3.4
1,mid_to_mid,SC1,10,0.0,0.0,11.0,0.0,19.0,8.0,3.4
1,max_to_max,SC1,10,0.0,0.0,11.0,0.0,19.0,8.0,3.2
1,max_to_sunset,SC1,10,0.0,0.0,11.0,0.0,20.0,8.0,3.4
1,first_to_first,SC1,11,0.0,0.0,10.0,0.0,20.0,8.0,3.4
1,last_to_last,SC1,11,0.0,0.0,10.0,0.0,18.0,8.0,3.7
1,mid_to_mid,SC1,11,0.0,0.0,10.0,0.0,20.0,8.0,3.7
1,max_to_max,SC1,11,0.0,0.0,10.0,0.0,20.0,8.0,3.4
1,max_to_sunset,SC1,11,0.0,0.0,10.0,0.0,20.0,8.0,3.7
1,first_to_first,SC1,12,0.0,0.0,12.0,0.0,18.0,8.0,3.7
1,last_to_last,SC1,12,0.0,0.0,12.0,0.0,17.0,8.0,5.1
1,mid_to_mid,SC1,12,0.0,0.0,12.0,0.0,18.0,8.0,4.5
1,max_to_max,SC1,12,0.0,0.0,12.0,0.0,18.0,8.0,3.7
1,max_to_sunset,SC1,12,0.0,0.0,12.0,0.0,18.0,8.0,5.1
1,first_to_first,SC1,13,0.0,0.0,9.0,0.0,17.0,9.0,5.1
1,last_to_last,SC1,13,0.0,0.0,9.0,0.0,17.0,10.0,5.9
1,mid_to_mid,SC1,13,0.0,0.0,9.0,0.0,17.0,10.0,5.3
1,max_to_max,SC1,13,0.0,0.0,9.0,0.0,17.0,9.0,5.1
1,max_to_sunset,SC1,13,0.0,0.0,9.0,0.0,17.0,9.0,5.9
1,first_to_first,SC1,14,0.0,0.0,12.0,0.0,17.0,10.0,5.9
1,last_to_last,SC1,14,0.0,0.0,12.0,0.0,17.0,9.0,6.2
1,mid_to_mid,SC1,14,0.0,0.0,12.0,0.0,17.0,9.0,5.9
1,max_to_max,SC1,14,0.0,0.0,12.0,0.0,17.0,10.0,5.9
1,max_to_sunset,SC1,14,0.0,0.0,12.0,0.0,17.0,9.0,6.2
1,first_to_first,SC1,15,0.0,0.0,13.0,0.0,17.0,9.0,6.2
1,last_to_last,SC1,15,0.0,0.0,13.0,0.0,18.0,9.0,3.8
1,mid_to_mid,SC1,15,0.0,0.0,13.0,0.0,17.0,9.0,6.2
1,max_to_max,SC1,15,0.0,0.0,13.0,0.0,17.0,9.0,6.2
1,max_to_sunset,SC1,15,0.0,0.0,13.0,0.0,18.0,9.0,6.2
1,first_to_first,SC1,16,0.0,0.0,10.0,0.0,18.0,9.0,3.8
1,last_to_last,SC1,16,0.0,0.0,10.0,0.0,18.0,11.0,3.2
1,mid_to_mid,SC1,16,0.0,0.0,10.0,0.0,18.0,11.0,3.8
1,max_to_max,SC1,16,0.0,0.0,10.0,0.0,18.0,9.0,3.8
1,max_to_sunset,SC1,16,0.0,0.0,10.0,0.0,18.0,9.0,3.8
1,first_to_first,SC1,17,0.0,0.0,12.0,0.0,18.0,11.0,3.2
1,last_to_last,SC1,17,0.0,0.0,12.0,0.0,19.0,10.0,3.7
1,mid_to_mid,SC1,17,0.0,0.0,12.0,0.0,18.0,10.0,3.7
1,max_to_max,SC1,17,0.0,0.0,12.0,0.0,18.0,11.0,3.2
1,max_to_sunset,SC1,17,0.0,0.0,12.0,0.0,19.0,10.0,3.7
1,first_to_first,SC1,18,0.0,0.0,12.0,0.0,19.0,10.0,3.7
1,last_to_last,SC1,18,0.0,0.0,12.0,0.0,22.0,12.0,3.8
1,mid_to_mid,SC1,18,0.0,0.0,12.0,0.0,21.0,12.0,3.2
1,max_to_max,SC1,18,0.0,0.0,12.0,0.0,19.0,10.0,3.7
1,max_to_sunset,SC1,18,0.0,0.0,12.0,0.0,22.0,10.0,3.8
1,first_to_first,SC1,19,0.0,0.0,16.0,0.0,22.0,12.0,3.8
1,last_to_last,SC1,19,0.0,0.0,16.0,0.0,16.0,10.0,4.7
1,mid_to_mid,SC1,19,0.0,0.0,16.0,0.0,22.0,10.0,4.7
1,max_to_max,SC1,19,0.0,0.0,16.0,0.0,22.0,12.0,3.8
1,max_to_sunset,SC1,19,0.0,0.0,16.0,0.0,22.0,10.0,4.7
1,first_to_first,SC1,20,0.0,0.0,14.0,0.0,16.0,10.0,4.7
1,last_to_last,SC1,20,0.0,0.0,14.0,0.0,17.0,10.0,5.7
1,mid_to_mid,SC1,20,0.0,0.0,14.0,0.0,16.0,10.0,3.0
1,max_to_max,SC1,20,0.0,0.0,14.0,0.0,16.0,10.0,4.7
1,max_to_sunset,SC1,20,0.0,0.0,14.0,0.0,17.0,10.0,5.7
1,first_to_first,SC1,21,0.0,0.0,12.0,0.0,17.0,10.0,5.7
1,last_to_last,SC1,21,0.0,0.0,12.0,0.0,17.0,8.0,3.8
1,mid_to_mid,SC1,21,0.0,0.0,12.0,0.0,17.0,9.0,5.7
1,max_to_max,SC1,21,0.0,0.0,12.0,0.0,17.0,10.0,5.7
1,max_to_sunset,SC1,21,0.0,0.0,12.0,0.0,17.0,8.0,5.7
1,first_to_first,SC1,22,0.0,0.0,12.0,0.0,17.0,8.0,3.8
1,last_to_last,SC1,22,0.0,0.0,12.0,0.0,17.0,6.0,3.7
1,mid_to_mid,SC1,22,0.0,0.0,12.0,0.0,17.0,6.0,3.8
1,max_to_max,SC1,22,0.0,0.0,12.0,0.0,17.0,8.0,3.8
1,max_to_sunset,SC1,22,0.0,0.0,12.0,0.0,17.0,6.0,3.8
1,first_to_first,SC1,23,0.0,0.0,8.0,0.0,17.0,6.0,3.7
1,last_to_last,SC1,23,0.0,0.0,8.0,0.0,16.0,8.0,4.3
1,mid_to_mid,SC1,23,0.0,0.0,8.0,0.0,17.0,8.0,3.8
1,max_to_max,SC1,23,0.0,0.0,8.0,0.0,17.0,6.0,3.7
1,max_to_sunset,SC1,23,0.0,0.0,8.0,0.0,17.0,6.0,4.3
1,first_to_first,SC1,24,0.0,0.0,10.0,0.0,16.0,8.0,4.3
1,last_to_last,SC1,24,0.0,0.0,10.0,0.0,17.0,10.0,4.3
1,mid_to_mid,SC1,24,0.0,0.0,10.0,0.0,16.0,9.0,4.3
1,max_to_max,SC1,24,0.0,0.0,10.0,0.0,16.0,8.0,4.3
1,max_to_sunset,SC1,24,0.0,0.0,10.0,0.0,17.0,8.0,4.3
1,first_to_first,SC1,25,0.0,0.0,14.0,0.0,17.0,9.0,4.3
1,last_to_last,SC1,25,0.0,0.0,14.0,0.0,16.0,7.0,4.3
1,mid_to_mid,SC1,25,0.0,0.0,14.0,0.0,17.0,7.0,4.3
1,max_to_max,SC1,25,0.0,0.0,14.0,0.0,17.0,9.0,4.3
1,max_to_sunset,SC1,25,0.0,0.0,14.0,0.0,17.0,7.0,4.3
1,first_to_first,SC1,26,0.0,0.0,9.0,0.0,16.0,7.0,4.3
1,last_to_last,SC1,26,0.0,0.0,9.0,0.0,15.0,7.0,3.8
1,mid_to_mid,SC1,26,0.0,0.0,9.0,0.0,16.0,7.0,4.1
1,max_to_max,SC1,26,0.0,0.0,9.0,0.0,16.0,7.0,4.3
1,max_to_sunset,SC1,26,0.0,0.0,9.0,0.0,16.0,7.0,4.3
1,first_to_first,SC1,27,0.0,0.0,8.0,0.0,15.0,7.0,3.8
1,last_to_last,SC1,27,0.0,0.0,8.0,0.0,21.0,8.0,3.4
1,mid_to_mid,SC1,27,0.0,0.0,8.0,0.0,19.0,8.0,3.8
1,max_to_max,SC1,27,0.0,0.0,8.0,0.0,15.0,7.0,3.8
1,max_to_sunset,SC1,27,0.0,0.0,8.0,0.0,21.0,7.0,3.8
1,first_to_first,SC1,28,0.0,0.0,10.0,0.0,21.0,8.0,3.4
1,last_to_last,SC1,28,0.0,0.0,10.0,0.0,18.0,8.0,3.2
1,mid_to_mid,SC1,28,0.0,0.0,10.0,0.0,21.0,8.0,3.4
1,max_to_max,SC1,28,0.0,0.0,10.0,0.0,21.0,8.0,3.4
1,max_to_sunset,SC1,28,0.0,0.0,10.0,0.0,21.0,8.0,3.4
1,first_to_first,SC10,1,0.0,0.0,21.0,0.0,21.0,5.0,3.4
1,last_to_last,SC10,1,0.0,0.0,21.0,0.0,17.0,5.0,3.7
1,mid_to_mid,SC10,1,2.0,0.0,21.0,0.0,21.0,5.0,3.4
1,max_to_max,SC10,1,6.244997998398398,0.0,21.0,0.0,21.0,5.0,3.4
1,max_to_sunset,SC10,1,0.0,0.0,21.0,0.0,21.0,5.0,3.7
1,first_to_first,SC10,2,3.1622776601683795,0.0,13.0,8.0,17.0,5.0,7.0
1,last_to_last,SC10,2,7.615773105863909,0.0,13.0,8.0,19.0,5.0,7.0
1,mid_to_mid,SC10,2,2.0,4.0,13.0,8.0,17.0,5.0,7.0
1,max_to_max,SC10,2,6.244997998398398,39.0,13.0,8.0,19.0,5.0,7.0
1,max_to_sunset,SC10,2,4.358898943540674,39.0,13.0,8.0,19.0,5.0,7.0
1,first_to_first,SC10,3,7.0710678118654755,10.0,15.0,104.0,19.0,3.0,4.7
1,last_to_last,SC10,3,7.211102550927978,58.0,15.0,104.0,19.0,3.0,4.7
1,mid_to_mid,SC10,3,1.0,8.0,15.0,104.0,19.0,3.0,4.7
1,max_to_max,SC10,3,7.211102550927978,78.0,15.0,104.0,19.0,3.0,4.7
1,max_to_sunset,SC10,3,5.656854249492381,78.0,15.0,104.0,19.0,3.0,4.7
1,first_to_first,SC10,4,7.0,60.0,18.0,176.0,19.0,3.0,3.2
1,last_to_last,SC10,4,4.69041575982343,110.0,18.0,176.0,19.0,5.0,3.8
1,mid_to_mid,SC10,4,4.242640687119285,9.0,18.0,176.0,19.0,5.0,3.0
1,max_to_max,SC10,4,4.242640687119285,130.0,18.0,176.0,19.0,5.0,3.8
1,max_to_sunset,SC10,4,1.4142135623730951,130.0,18.0,176.0,19.0,5.0,3.8
1,first_to_first,SC10,5,3.3166247903554,109.0,13.0,416.0,19.0,5.0,3.8
1,last_to_last,SC10,5,-6.557438524302,132.0,13.0,416.0,18.0,6.0,4.3
1,mid_to_mid,SC10,5,4.58257569495584,27.0,13.0,416.0,19.0,6.0,3.8
1,max_to_max,SC10,5,11.575836902790225,148.0,13.0,416.0,13.0,6.0,3.4
1,max_to_sunset,SC10,5,-7.681145747868608,148.0,13.0,416.0,18.0,6.0,4.3
1,first_to_first,SC10,6,-3.3166247903554,120.0,8.0,385.0,18.0,6.0,7.4
1,last_to_last,SC10,6,6.928203230275509,89.0,8.0,385.0,18.0,5.0,7.4
1,mid_to_mid,SC10,6,3.605551275463989,48.0,8.0,385.0,18.0,5.0,7.4
1,max_to_max,SC10,6,4.898979485566356,282.0,8.0,385.0,18.0,5.0,7.4
1,max_to_sunset,SC10,6,-12.041594578792296,282.0,8.0,385.0,18.0,5.0,7.4
1,first_to_first,SC10,7,3.3166247903554,109.0,17.0,456.0,18.0,3.0,3.7
1,last_to_last,SC10,7,-4.69041575982343,137.0,17.0,456.0,18.0,3.0,4.1
1,mid_to_mid,SC10,7,-3.605551275463989,61.0,17.0,456.0,18.0,3.0,3.4
1,max_to_max,SC10,7,21.540659228538015,306.0,17.0,456.0,18.0,3.0,4.1
1,max_to_sunset,SC10,7,-13.820274961085254,306.0,17.0,456.0,18.0,3.0,4.1
1,first_to_first,SC10,8,-3.3166247903554,120.0,13.0,387.0,18.0,4.0,4.1
1,last_to_last,SC10,8,14.38749456993816,115.0,13.0,387.0,21.0,5.0,3.2
1,mid_to_mid,SC10,8,5.5677643628300215,48.0,13.0,387.0,18.0,5.0,4.1
1,max_to_max,SC10,8,-16.522711641858304,770.0,13.0,387.0,21.0,5.0,3.2
1,max_to_sunset,SC10,8,-21.166010488516726,770.0,13.0,387.0,21.0,5.0,3.2
1,first_to_first,SC10,9,19.748417658131498,109.0,19.0,1122.0,21.0,5.0,3.2
1,last_to_last,SC10,9,10.677078252031311,322.0,19.0,1122.0,14.0,8.0,2.2
1,mid_to_mid,SC10,9,18.35755975068582,79.0,19.0,1122.0,21.0,8.0,3.2
1,max_to_max,SC10,9,1.7320508075688772,497.0,19.0,1122.0,19.0,8.0,2.6
1,max_to_sunset,SC10,9,-7.810249675906654,497.0,19.0,1122.0,19.0,8.0,2.6
1,first_to_first,SC10,10,-19.078784028338912,499.0,10.0,0.0,14.0,6.0,2.2
1,last_to_last,SC10,10,-19.595917942265423,436.0,10.0,0.0,20.0,6.0,2.2
1,mid_to_mid,SC10,10,-20.223748416156685,416.0,10.0,0.0,19.0,6.0,2.2
1,max_to_max,SC10,10,-10.14889156509222,500.0,10.0,0.0,14.0,6.0,2.2
1,max_to_sunset,SC10,10,-21.166010488516726,500.0,10.0,0.0,20.0,6.0,2.2
1,first_to_first,SC10,11,-8.12403840463596,135.0,9.0,373.0,20.0,7.0,2.2
1,last_to_last,SC10,11,-6.164414002968976,52.0,9.0,373.0,20.0,7.0,2.2
1,mid_to_mid,SC10,11,-1.7320508075688772,7.0,9.0,373.0,20.0,7.0,2.2
1,max_to_max,SC10,11,-17.832554500127006,397.0,9.0,373.0,20.0,7.0,2.2
1,max_to_sunset,SC10,11,-19.570385790780925,397.0,9.0,373.0,20.0,7.0,2.2
1,first_to_first,SC10,12,-8.12403840463596,69.0,8.0,145.0,20.0,8.0,2.2
1,last_to_last,SC10,12,-3.4641016151377544,14.0,8.0,145.0,24.0,10.0,2.6
1,mid_to_mid,SC10,12,-2.0,4.0,8.0,145.0,22.0,10.0,2.6
1,max_to_max,SC10,12,-8.602325267042627,79.0,8.0,145.0,24.0,8.0,2.6
1,max_to_sunset,SC10,12,-8.774964387392123,79.0,8.0,145.0,24.0,8.0,2.6
1,first_to_first,SC10,13,1.0,3.0,12.0,2.0,24.0,6.0,2.6
1,last_to_last,SC10,13,-1.0,2.0,12.0,2.0,19.0,6.0,4.1
1,mid_to_mid,SC10,13,0.0,0.0,12.0,2.0,24.0,6.0,3.0
1,max_to_max,SC10,13,0.0,5.0,12.0,2.0,12.0,6.0,2.4
1,max_to_sunset,SC10,13,-2.0,5.0,12.0,2.0,19.0,6.0,4.1
1,first_to_first,SC10,14,-2.0,4.0,9.0,14.0,19.0,7.0,4.3
1,last_to_last,SC10,14,-1.0,1.0,9.0,14.0,20.0,8.0,5.5
1,mid_to_mid,SC10,14,0.0,0.0,9.0,14.0,19.0,8.0,5.5
1,max_to_max,SC10,14,-2.23606797749979,5.0,9.0,14.0,19.0,8.0,4.3
1,max_to_sunset,SC10,14,-2.23606797749979,5.0,9.0,14.0,20.0,8.0,5.5
1,first_to_first,SC10,15,0.0,0.0,11.0,0.0,20.0,11.0,7.0
1,last_to_last,SC10,15,0.0,0.0,11.0,0.0,17.0,12.0,7.0
1,mid_to_mid,SC10,15,0.0,0.0,11.0,0.0,20.0,12.0,7.0
1,max_to_max,SC10,15,0.0,0.0,11.0,0.0,20.0,11.0,7.0
1,max_to_sunset,SC10,15,0.0,0.0,11.0,0.0,20.0,11.0,7.0
1,first_to_first,SC10,16,0.0,0.0,12.0,0.0,17.0,10.0,4.3
1,last_to_last,SC10,16,0.0,0.0,12.0,0.0,23.0,10.0,6.3
1,mid_to_mid,SC10,16,0.0,0.0,12.0,0.0,23.0,10.0,3.8
1,max_to_max,SC10,16,0.0,0.0,12.0,0.0,17.0,10.0,4.3
1,max_to_sunset,SC10,16,0.0,0.0,12.0,0.0,23.0,10.0,6.3
1,first_to_first,SC10,17,0.0,0.0,13.0,0.0,23.0,12.0,7.2
1,last_to_last,SC10,17,1.7320508075688772,0.0,13.0,0.0,19.0,12.0,7.2
1,mid_to_mid,SC10,17,1.7320508075688772,0.0,13.0,0.0,23.0,12.0,7.2
1,max_to_max,SC10,17,2.0,0.0,13.0,0.0,23.0,12.0,7.2
1,max_to_sunset,SC10,17,1.7320508075688772,0.0,13.0,0.0,23.0,12.0,7.2
1,first_to_first,SC10,18,0.0,0.0,14.0,0.0,19.0,11.0,4.1
1,last_to_last,SC10,18,14.52583904633395,3.0,14.0,0.0,20.0,11.0,3.8
1,mid_to_mid,SC10,18,3.7416573867739413,3.0,14.0,0.0,19.0,11.0,3.4
1,max_to_max,SC10,18,18.788294228055936,4.0,14.0,0.0,20.0,11.0,3.8
1,max_to_sunset,SC10,18,14.491376746189438,4.0,14.0,0.0,20.0,11.0,3.8
1,first_to_first,SC10,19,16.1245154965971,0.0,14.0,265.0,20.0,11.0,3.8
1,last_to_last,SC10,19,7.681145747868608,214.0,14.0,265.0,14.0,11.0,3.8
1,mid_to_mid,SC10,19,16.186414056238647,17.0,14.0,265.0,20.0,11.0,3.8
1,max_to_max,SC10,19,-6.928203230275509,357.0,14.0,265.0,14.0,11.0,3.8
1,max_to_sunset,SC10,19,-9.16515138991168,357.0,14.0,265.0,14.0,11.0,3.8
1,first_to_first,SC10,20,-8.54400374531753,260.0,14.0,0.0,14.0,11.0,2.0
1,last_to_last,SC10,20,-11.916375287812984,273.0,14.0,0.0,20.0,11.0,3.2
1,mid_to_mid,SC10,20,-16.0,279.0,14.0,0.0,19.0,11.0,2.8
1,max_to_max,SC10,20,-6.244997998398398,309.0,14.0,0.0,14.0,11.0,2.0
1,max_to_sunset,SC10,20,-13.341664064126334,309.0,14.0,0.0,20.0,11.0,3.2
1,first_to_first,SC10,21,-9.486832980505138,187.0,13.0,406.0,20.0,6.0,3.2
1,last_to_last,SC10,21,-11.135528725660043,131.0,13.0,406.0,24.0,6.0,2.0
1,mid_to_mid,SC10,21,-1.7320508075688772,23.0,13.0,406.0,23.0,6.0,3.2
1,max_to_max,SC10,21,-11.532562594670797,270.0,13.0,406.0,20.0,6.0,3.2
1,max_to_sunset,SC10,21,-16.217274740226856,270.0,13.0,406.0,24.0,6.0,3.2
1,first_to_first,SC10,22,-9.848857801796104,97.0,15.0,178.0,24.0,9.0,2.4
1,last_to_last,SC10,22,-2.6457513110645907,7.0,15.0,178.0,28.0,9.0,2.4
1,mid_to_mid,SC10,22,-4.47213595499958,20.0,15.0,178.0,25.0,9.0,2.4
1,max_to_max,SC10,22,-11.704699910719626,137.0,15.0,178.0,24.0,9.0,2.4
1,max_to_sunset,SC10,22,-11.704699910719626,137.0,15.0,178.0,28.0,9.0,2.4
1,first_to_first,SC10,23,0.0,0.0,9.0,0.0,28.0,9.0,1.6
1,last_to_last,SC10,23,2.8284271247461903,0.0,9.0,0.0,34.0,11.0,
1,mid_to_mid,SC10,23,0.0,0.0,9.0,0.0,31.0,11.0,1.3
1,max_to_max,SC10,23,2.8284271247461903,0.0,9.0,0.0,34.0,9.0,1.6
1,max_to_sunset,SC10,23,2.8284271247461903,0.0,9.0,0.0,34.0,9.0,1.6
1,first_to_first,SC10,24,2.6457513110645907,0.0,16.0,0.0,34.0,11.0,
1,last_to_last,SC10,24,-2.23606797749979,8.0,16.0,0.0,29.0,11.0,0.0
1,mid_to_mid,SC10,24,0.0,0.0,16.0,0.0,34.0,11.0,
1,max_to_max,SC10,24,3.872983346207417,8.0,16.0,0.0,29.0,11.0,0.0
1,max_to_sunset,SC10,24,-2.23606797749979,8.0,16.0,0.0,29.0,11.0,0.0
1,first_to_first,SC10,25,-2.23606797749979,7.0,25.0,15.0,29.0,7.0,0.0
1,last_to_last,SC10,25,2.449489742783178,3.0,25.0,15.0,22.0,7.0,
1,mid_to_mid,SC10,25,1.7320508075688772,0.0,25.0,15.0,29.0,7.0,0.0
1,max_to_max,SC10,25,-3.605551275463989,23.0,25.0,15.0,25.0,7.0,
1,max_to_sunset,SC10,25,-3.7416573867739413,23.0,25.0,15.0,25.0,7.0,
1,first_to_first,SC10,26,1.7320508075688772,2.0,13.0,23.0,22.0,7.0,
1,last_to_last,SC10,26,-3.0,9.0,13.0,23.0,18.0,8.0,
1,mid_to_mid,SC10,26,-1.7320508075688772,3.0,13.0,23.0,22.0,8.0,
1,max_to_max,SC10,26,-1.0,10.0,13.0,23.0,14.0,8.0,
1,max_to_sunset,SC10,26,-3.1622776601683795,10.0,13.0,23.0,18.0,8.0,
1,first_to_first,SC12,1,3.872983346207417,13.0,17.0,0.0,22.0,11.0,2.4
1,last_to_last,SC12,1,-4.0,39.0,17.0,0.0,29.0,11.0,3.0
1,mid_to_mid,SC12,1,-3.605551275463989,13.0,17.0,0.0,25.0,11.0,2.8
1,max_to_max,SC12,1,-3.4641016151377544,49.0,17.0,0.0,17.0,11.0,2.4
1,max_to_sunset,SC12,1,-5.0990195135927845,49.0,17.0,0.0,29.0,11.0,3.0
1,first_to_first,SC12,2,-3.605551275463989,28.0,15.0,49.0,29.0,12.0,3.0
1,last_to_last,SC12,2,7.0,23.0,15.0,49.0,21.0,12.0,5.1
1,mid_to_mid,SC12,2,1.7320508075688772,0.0,15.0,49.0,29.0,12.0,3.0
1,max_to_max,SC12,2,11.045361017187261,37.0,15.0,49.0,29.0,12.0,5.1
1,max_to_sunset,SC12,2,5.916079783099616,37.0,15.0,49.0,29.0,12.0,5.1
1,first_to_first,SC12,3,7.483314773547883,15.0,16.0,140.0,21.0,8.0,5.1
1,last_to_last,SC12,3,-4.47213595499958,72.0,16.0,140.0,19.0,8.0,3.4
1,mid_to_mid,SC12,3,5.916079783099616,3.0,16.0,140.0,21.0,8.0,5.1
1,max_to_max,SC12,3,-4.0,159.0,16.0,140.0,16.0,8.0,3.0
1,max_to_sunset,SC12,3,-10.344080432788601,159.0,16.0,140.0,19.0,8.0,3.4
1,first_to_first,SC12,4,-4.898979485566356,71.0,14.0,584.0,19.0,8.0,3.4
1,last_to_last,SC12,4,-5.385164807134504,52.0,14.0,584.0,16.0,8.0,7.2
1,mid_to_mid,SC12,4,-3.3166247903554,38.0,14.0,584.0,18.0,8.0,6.3
1,max_to_max,SC12,4,2.449489742783178,143.0,14.0,584.0,19.0,8.0,3.4
1,max_to_sunset,SC12,4,-10.954451150103322,143.0,14.0,584.0,19.0,8.0,7.2
1,first_to_first,SC12,5,-6.244997998398398,47.0,13.0,18.0,16.0,10.0,12.8
1,last_to_last,SC12,5,1.4142135623730951,23.0,13.0,18.0,20.0,10.0,12.8
1,mid_to_mid,SC12,5,-4.47213595499958,27.0,13.0,18.0,16.0,10.0,12.8
1,max_to_max,SC12,5,-10.954451150103322,149.0,13.0,18.0,20.0,10.0,12.8
1,max_to_sunset,SC12,5,-11.135528725660043,149.0,13.0,18.0,20.0,10.0,12.8
1,first_to_first,SC12,6,4.242640687119285,8.0,15.0,68.0,20.0,7.0,5.5
1,last_to_last,SC12,6,-3.1622776601683795,25.0,15.0,68.0,16.0,6.0,4.1
1,mid_to_mid,SC12,6,4.123105625617661,7.0,15.0,68.0,20.0,6.0,5.5
1,max_to_max,SC12,6,2.449489742783178,29.0,15.0,68.0,15.0,6.0,5.5
1,max_to_sunset,SC12,6,-3.7416573867739413,29.0,15.0,68.0,16.0,6.0,5.5
1,first_to_first,SC12,7,-3.0,26.0,8.0,202.0,16.0,5.0,4.1
1,last_to_last,SC12,7,0.0,15.0,8.0,202.0,13.0,5.0,3.7
1,mid_to_mid,SC12,7,-2.449489742783178,24.0,8.0,202.0,16.0,5.0,4.1
1,max_to_max,SC12,7,-3.0,35.0,8.0,202.0,16.0,5.0,4.1
1,max_to_sunset,SC12,7,-4.47213595499958,35.0,8.0,202.0,16.0,5.0,4.1
1,first_to_first,SC12,8,-3.0,17.0,12.0,22.0,13.0,6.0,12.0
1,last_to_last,SC12,8,-3.872983346207417,15.0,12.0,22.0,11.0,9.0,12.4
1,mid_to_mid,SC12,8,-4.242640687119285,18.0,12.0,22.0,13.0,9.0,12.4
1,max_to_max,SC12,8,-3.0,26.0,12.0,22.0,13.0,9.0,12.4
1,max_to_sunset,SC12,8,-5.0990195135927845,26.0,12.0,22.0,13.0,9.0,12.4
1,first_to_first,SC2,1,-1.4142135623730951,122.0,20.0,0.0,20.0,15.0,4.3
1,last_to_last,SC2,1,-5.916079783099616,110.0,20.0,0.0,19.0,15.0,10.5
1,mid_to_mid,SC2,1,-4.358898943540674,122.0,20.0,0.0,20.0,15.0,10.5
1,max_to_max,SC2,1,-1.4142135623730951,122.0,20.0,0.0,20.0,15.0,4.3
1,max_to_sunset,SC2,1,-6.855654600401044,122.0,20.0,0.0,20.0,15.0,10.5
1,first_to_first,SC2,2,-8.306623862918075,120.0,16.0,34.0,19.0,13.0,10.5
1,last_to_last,SC2,2,-8.660254037844387,75.0,16.0,34.0,20.0,11.0,0.0
1,mid_to_mid,SC2,2,-10.14889156509222,103.0,16.0,34.0,20.0,11.0,0.0
1,max_to_max,SC2,2,-8.12403840463596,120.0,16.0,34.0,19.0,11.0,10.5
1,max_to_sunset,SC2,2,-10.954451150103322,120.0,16.0,34.0,20.0,11.0,10.5
1,first_to_first,SC4,1,-10.862780491200215,436.0,16.0,0.0,20.0,8.0,3.0
1,last_to_last,SC4,1,-12.449899597988733,352.0,16.0,0.0,24.0,8.0,2.4
1,mid_to_mid,SC4,1,-16.703293088490067,436.0,16.0,0.0,24.0,8.0,3.0
1,max_to_max,SC4,1,3.872983346207417,554.0,16.0,0.0,19.0,8.0,3.0
1,max_to_sunset,SC4,1,-18.894443627691185,554.0,16.0,0.0,24.0,8.0,3.0
1,first_to_first,SC4,2,-11.180339887498949,318.0,19.0,377.0,24.0,9.0,2.6
1,last_to_last,SC4,2,-14.035668847618199,197.0,19.0,377.0,30.0,10.0,2.6
1,mid_to_mid,SC4,2,-12.409673645990857,157.0,19.0,377.0,28.0,10.0,2.6
1,max_to_max,SC4,2,-19.390719429665317,569.0,19.0,377.0,24.0,10.0,2.6
1,max_to_sunset,SC4,2,-23.853720883753127,569.0,19.0,377.0,30.0,10.0,2.6
1,first_to_first,SC4,3,-13.892443989449804,193.0,13.0,104.0,30.0,9.0,2.6
1,last_to_last,SC4,3,1.4142135623730951,0.0,13.0,104.0,21.0,9.0,3.2
1,mid_to_mid,SC4,3,-1.7320508075688772,3.0,13.0,104.0,30.0,9.0,3.2
1,max_to_max,SC4,3,-13.674794331177344,193.0,13.0,104.0,30.0,9.0,3.2
1,max_to_sunset,SC4,3,-13.820274961085254,193.0,13.0,104.0,30.0,9.0,3.2
1,first_to_first,SC4,4,0.0,0.0,18.0,0.0,21.0,9.0,3.2
1,last_to_last,SC4,4,12.884098726725126,2.0,18.0,0.0,20.0,9.0,4.3
1,mid_to_mid,SC4,4,3.0,0.0,18.0,0.0,21.0,9.0,4.3
1,max_to_max,SC4,4,13.341664064126334,6.0,18.0,0.0,20.0,9.0,4.3
1,max_to_sunset,SC4,4,12.727922061357855,6.0,18.0,0.0,20.0,9.0,4.3
1,first_to_first,SC4,5,12.36931687685298,0.0,14.0,80.0,20.0,9.0,4.3
1,last_to_last,SC4,5,8.246211251235321,168.0,14.0,80.0,20.0,9.0,4.1
1,mid_to_mid,SC4,5,9.219544457292887,9.0,14.0,80.0,20.0,9.0,4.3
1,max_to_max,SC4,5,12.36931687685298,184.0,14.0,80.0,20.0,9.0,4.1
1,max_to_sunset,SC4,5,7.211102550927978,184.0,14.0,80.0,20.0,9.0,4.1
1,first_to_first,SC4,6,8.717797887081348,153.0,19.0,547.0,20.0,4.0,4.1
1,last_to_last,SC4,6,-14.491376746189438,236.0,19.0,547.0,26.0,4.0,3.0
1,mid_to_mid,SC4,6,-8.366600265340756,94.0,19.0,547.0,24.0,4.0,3.8
1,max_to_max,SC4,6,-8.94427190999916,337.0,19.0,547.0,19.0,4.0,3.8
1,max_to_sunset,SC4,6,-17.635192088548397,337.0,19.0,547.0,26.0,4.0,3.8
1,first_to_first,SC4,7,-14.52583904633395,229.0,8.0,199.0,26.0,6.0,2.0
1,last_to_last,SC4,7,-3.3166247903554,26.0,8.0,199.0,22.0,6.0,2.0
1,mid_to_mid,SC4,7,-4.898979485566356,24.0,8.0,199.0,26.0,6.0,2.0
1,max_to_max,SC4,7,-15.132745950421556,257.0,8.0,199.0,26.0,6.0,2.0
1,max_to_sunset,SC4,7,-15.556349186104045,257.0,8.0,199.0,26.0,6.0,2.0
1,first_to_first,SC4,8,-1.7320508075688772,18.0,20.0,19.0,22.0,6.0,2.0
1,last_to_last,SC4,8,4.69041575982343,15.0,20.0,19.0,23.0,7.0,3.2
1,mid_to_mid,SC4,8,1.0,0.0,20.0,19.0,23.0,7.0,2.2
1,max_to_max,SC4,8,3.0,28.0,20.0,19.0,23.0,7.0,3.2
1,max_to_sunset,SC4,8,3.0,28.0,20.0,19.0,23.0,7.0,3.2
1,first_to_first,SC4,9,5.477225575051661,15.0,13.0,16.0,23.0,6.0,3.2
1,last_to_last,SC4,9,-5.830951894845301,37.0,13.0,16.0,23.0,5.0,2.8
1,mid_to_mid,SC4,9,-1.0,1.0,13.0,16.0,23.0,5.0,3.2
1,max_to_max,SC4,9,4.123105625617661,37.0,13.0,16.0,13.0,5.0,1.6
1,max_to_sunset,SC4,9,-5.830951894845301,37.0,13.0,16.0,23.0,5.0,2.8
1,first_to_first,SC4,10,-6.244997998398398,45.0,8.0,82.0,23.0,4.0,2.8
1,last_to_last,SC4,10,1.7320508075688772,3.0,8.0,82.0,21.0,4.0,2.0
1,mid_to_mid,SC4,10,0.0,0.0,8.0,82.0,23.0,4.0,2.8
1,max_to_max,SC4,10,-6.0,54.0,8.0,82.0,23.0,4.0,2.8
1,max_to_sunset,SC4,10,-6.928203230275509,54.0,8.0,82.0,23.0,4.0,2.8
1,first_to_first,SC4,11,-1.0,6.0,19.0,9.0,21.0,4.0,2.0
1,last_to_last,SC4,11,-2.449489742783178,6.0,19.0,9.0,28.0,6.0,4.1
1,mid_to_mid,SC4,11,0.0,0.0,19.0,9.0,28.0,6.0,2.8
1,max_to_max,SC4,11,-3.605551275463989,18.0,19.0,9.0,20.0,6.0,1.8
1,max_to_sunset,SC4,11,-4.242640687119285,18.0,19.0,9.0,28.0,6.0,4.1
1,first_to_first,SC4,12,-2.23606797749979,5.0,7.0,2.0,28.0,6.0,4.1
1,last_to_last,SC4,12,0.0,0.0,7.0,2.0,32.0,6.0,4.1
1,mid_to_mid,SC4,12,0.0,0.0,7.0,2.0,32.0,6.0,4.1
1,max_to_max,SC4,12,-2.23606797749979,5.0,7.0,2.0,28.0,6.0,4.1
1,max_to_sunset,SC4,12,-2.23606797749979,5.0,7.0,2.0,32.0,6.0,4.1
1,first_to_first,SC4,13,0.0,0.0,8.0,0.0,32.0,7.0,4.1
1,last_to_last,SC4,13,11.357816691600547,0.0,8.0,0.0,30.0,7.0,2.4
1,mid_to_mid,SC4,13,0.0,0.0,8.0,0.0,32.0,7.0,4.1
1,max_to_max,SC4,13,12.24744871391589,0.0,8.0,0.0,32.0,7.0,4.1
1,max_to_sunset,SC4,13,11.357816691600547,0.0,8.0,0.0,32.0,7.0,4.1
1,first_to_first,SC4,14,11.224972160321824,0.0,17.0,2.0,30.0,10.0,2.4
1,last_to_last,SC4,14,-11.224972160321824,129.0,17.0,2.0,30.0,10.0,3.4
1,mid_to_mid,SC4,14,4.242640687119285,0.0,17.0,2.0,30.0,10.0,3.4
1,max_to_max,SC4,14,-3.872983346207417,150.0,17.0,2.0,17.0,10.0,2.4
1,max_to_sunset,SC4,14,-12.12435565298214,150.0,17.0,2.0,30.0,10.0,3.4
1,first_to_first,SC4,15,-10.908712114635714,126.0,14.0,48.0,30.0,13.0,3.8
1,last_to_last,SC4,15,-1.7320508075688772,3.0,14.0,48.0,23.0,14.0,4.5
1,mid_to_mid,SC4,15,-4.242640687119285,18.0,14.0,48.0,30.0,15.0,3.8
1,max_to_max,SC4,15,-11.269427669584644,135.0,14.0,48.0,30.0,13.0,3.8
1,max_to_sunset,SC4,15,-11.61895003862225,135.0,14.0,48.0,30.0,13.0,4.5
1,first_to_first,SC4,16,-2.6457513110645907,7.0,17.0,0.0,23.0,13.0,7.4
1,last_to_last,SC4,16,0.0,0.0,17.0,0.0,18.0,13.0,7.4
1,mid_to_mid,SC4,16,0.0,0.0,17.0,0.0,23.0,13.0,7.4
1,max_to_max,SC4,16,-2.8284271247461903,8.0,17.0,0.0,23.0,13.0,7.4
1,max_to_sunset,SC4,16,-2.8284271247461903,8.0,17.0,0.0,23.0,13.0,7.4
1,first_to_first,SC4,17,0.0,0.0,14.0,0.0,18.0,13.0,4.1
1,last_to_last,SC4,17,0.0,0.0,14.0,0.0,14.0,11.0,5.7
1,mid_to_mid,SC4,17,0.0,0.0,14.0,0.0,18.0,12.0,5.7
1,max_to_max,SC4,17,0.0,0.0,14.0,0.0,18.0,13.0,4.1
1,max_to_sunset,SC4,17,0.0,0.0,14.0,0.0,18.0,11.0,5.7
1,first_to_first,SC4,18,0.0,0.0,13.0,0.0,14.0,11.0,5.7
1,last_to_last,SC4,18,0.0,0.0,13.0,0.0,22.0,11.0,5.9
1,mid_to_mid,SC4,18,1.0,0.0,13.0,0.0,14.0,11.0,4.9
1,max_to_max,SC4,18,2.0,0.0,13.0,0.0,17.0,11.0,5.7
1,max_to_sunset,SC4,18,0.0,0.0,13.0,0.0,22.0,11.0,5.9
1,first_to_first,SC4,19,0.0,0.0,17.0,3.0,22.0,11.0,6.2
1,last_to_last,SC4,19,5.916079783099616,0.0,17.0,3.0,23.0,11.0,6.2
1,mid_to_mid,SC4,19,2.6457513110645907,1.0,17.0,3.0,23.0,11.0,6.2
1,max_to_max,SC4,19,11.269427669584644,4.0,17.0,3.0,23.0,11.0,6.2
1,max_to_sunset,SC4,19,5.5677643628300215,4.0,17.0,3.0,23.0,11.0,6.2
1,first_to_first,SC4,20,9.591663046625438,0.0,16.0,80.0,23.0,11.0,3.0
1,last_to_last,SC4,20,6.324555320336759,35.0,16.0,80.0,15.0,12.0,3.2
1,mid_to_mid,SC4,20,9.539392014169456,8.0,16.0,80.0,23.0,12.0,3.2
1,max_to_max,SC4,20,8.774964387392123,131.0,16.0,80.0,16.0,12.0,3.0
1,max_to_sunset,SC4,20,-7.483314773547883,131.0,16.0,80.0,16.0,12.0,3.2
1,first_to_first,SC4,21,-3.1622776601683795,92.0,15.0,0.0,15.0,7.0,3.2
1,last_to_last,SC4,21,13.711309200802088,75.0,15.0,0.0,21.0,7.0,3.0
1,mid_to_mid,SC4,21,-9.746794344808963,99.0,15.0,0.0,21.0,7.0,3.2
1,max_to_max,SC4,21,10.677078252031311,208.0,15.0,0.0,21.0,7.0,3.2
1,max_to_sunset,SC4,21,7.416198487095663,208.0,15.0,0.0,21.0,7.0,3.2
1,first_to_first,SC4,22,12.328828005937952,82.0,14.0,48.0,21.0,6.0,3.0
1,last_to_last,SC4,22,-11.575836902790225,263.0,14.0,48.0,21.0,6.0,2.8
1,mid_to_mid,SC4,22,3.3166247903554,4.0,14.0,48.0,21.0,6.0,3.0
1,max_to_max,SC4,22,-9.38083151964686,322.0,14.0,48.0,14.0,6.0,2.0
1,max_to_sunset,SC4,22,-13.892443989449804,322.0,14.0,48.0,21.0,6.0,2.8
1,first_to_first,SC4,23,-8.246211251235321,234.0,6.0,40.0,21.0,6.0,2.8
1,last_to_last,SC4,23,-6.244997998398398,129.0,6.0,40.0,18.0,7.0,2.8
1,mid_to_mid,SC4,23,9.539392014169456,15.0,6.0,40.0,20.0,7.0,2.8
1,max_to_max,SC4,23,-8.246211251235321,234.0,6.0,40.0,21.0,6.0,2.8
1,max_to_sunset,SC4,23,-12.0,234.0,6.0,40.0,21.0,6.0,2.8
1,first_to_first,SC4,24,-6.928203230275509,166.0,7.0,61.0,18.0,7.0,2.0
1,last_to_last,SC4,24,-9.486832980505138,90.0,7.0,61.0,22.0,8.0,2.8
1,mid_to_mid,SC4,24,-10.198039027185569,106.0,7.0,61.0,19.0,8.0,2.2
1,max_to_max,SC4,24,-6.928203230275509,166.0,7.0,61.0,18.0,7.0,2.0
1,max_to_sunset,SC4,24,-12.884098726725126,166.0,7.0,61.0,22.0,7.0,2.8
1,first_to_first,SC4,25,-10.862780491200215,118.0,11.0,47.0,22.0,9.0,2.8
1,last_to_last,SC4,25,1.0,0.0,11.0,47.0,24.0,9.0,1.8
1,mid_to_mid,SC4,25,-1.4142135623730951,2.0,11.0,47.0,22.0,9.0,2.8
1,max_to_max,SC4,25,-10.583005244258363,118.0,11.0,47.0,22.0,9.0,2.8
1,max_to_sunset,SC4,25,-10.816653826391969,118.0,11.0,47.0,24.0,9.0,2.8
1,first_to_first,SC4,26,1.0,0.0,22.0,3.0,24.0,9.0,1.6
1,last_to_last,SC4,26,-1.0,1.0,22.0,3.0,17.0,12.0,4.7
1,mid_to_mid,SC4,26,0.0,0.0,22.0,3.0,24.0,12.0,3.8
1,max_to_max,SC4,26,-2.23606797749979,6.0,22.0,3.0,24.0,12.0,1.3
1,max_to_sunset,SC4,26,-2.449489742783178,6.0,22.0,3.0,24.0,12.0,4.7
1,first_to_first,SC4,27,-1.0,1.0,12.0,0.0,17.0,10.0,5.1
1,last_to_last,SC4,27,9.219544457292887,0.0,12.0,0.0,17.0,10.0,5.1
1,mid_to_mid,SC4,27,2.449489742783178,0.0,12.0,0.0,17.0,10.0,5.1
1,max_to_max,SC4,27,9.327379053088816,1.0,12.0,0.0,17.0,10.0,5.1
1,max_to_sunset,SC4,27,9.16515138991168,1.0,12.0,0.0,17.0,10.0,5.1
1,first_to_first,SC4,28,9.797958971132712,0.0,14.0,12.0,17.0,10.0,4.5
1,last_to_last,SC4,28,-9.16515138991168,85.0,14.0,12.0,18.0,10.0,4.1
1,mid_to_mid,SC4,28,11.61895003862225,6.0,14.0,12.0,17.0,10.0,4.1
1,max_to_max,SC4,28,7.280109889280518,88.0,14.0,12.0,15.0,10.0,3.4
1,max_to_sunset,SC4,28,-9.327379053088816,88.0,14.0,12.0,18.0,10.0,4.1
1,first_to_first,SC4,29,-9.797958971132712,96.0,13.0,2.0,18.0,7.0,4.1
1,last_to_last,SC4,29,2.0,1.0,13.0,2.0,24.0,7.0,2.4
1,mid_to_mid,SC4,29,-11.704699910719626,141.0,13.0,2.0,24.0,7.0,4.1
1,max_to_max,SC4,29,-11.357816691600547,141.0,13.0,2.0,24.0,7.0,4.1
1,max_to_sunset,SC4,29,-11.661903789690601,141.0,13.0,2.0,24.0,7.0,4.1
1,first_to_first,SC4,30,2.449489742783178,0.0,22.0,26.0,24.0,5.0,2.4
1,last_to_last,SC4,30,-2.23606797749979,5.0,22.0,26.0,21.0,5.0,2.0
1,mid_to_mid,SC4,30,0.0,4.0,22.0,26.0,23.0,5.0,2.4
1,max_to_max,SC4,30,-2.449489742783178,12.0,22.0,26.0,23.0,5.0,2.4
1,max_to_sunset,SC4,30,-3.4641016151377544,12.0,22.0,26.0,23.0,5.0,2.4
1,first_to_first,SC4,31,-2.449489742783178,6.0,5.0,25.0,21.0,5.0,5.5
1,last_to_last,SC4,31,10.44030650891055,0.0,5.0,25.0,18.0,10.0,5.5
1,mid_to_mid,SC4,31,1.7320508075688772,4.0,5.0,25.0,21.0,10.0,5.5
1,max_to_max,SC4,31,10.677078252031311,6.0,5.0,25.0,21.0,5.0,5.5
1,max_to_sunset,SC4,31,10.14889156509222,6.0,5.0,25.0,21.0,5.0,5.5
1,first_to_first,SC4,32,11.61895003862225,0.0,16.0,39.0,18.0,6.0,5.1
1,last_to_last,SC4,32,-4.242640687119285,109.0,16.0,39.0,18.0,6.0,5.1
1,mid_to_mid,SC4,32,3.1622776601683795,7.0,16.0,39.0,18.0,6.0,5.1
1,max_to_max,SC4,32,5.744562646538029,120.0,16.0,39.0,16.0,6.0,5.1
1,max_to_sunset,SC4,32,-5.385164807134504,120.0,16.0,39.0,18.0,6.0,5.1
1,first_to_first,SC4,33,-2.8284271247461903,135.0,11.0,154.0,18.0,6.0,3.4
1,last_to_last,SC4,33,-9.38083151964686,91.0,11.0,154.0,20.0,6.0,3.0
1,mid_to_mid,SC4,33,-2.6457513110645907,17.0,11.0,154.0,20.0,6.0,3.2
1,max_to_max,SC4,33,-5.0990195135927845,153.0,11.0,154.0,18.0,6.0,3.4
1,max_to_sunset,SC4,33,-12.24744871391589,153.0,11.0,154.0,20.0,6.0,3.4
1,first_to_first,SC6,1,0.0,0.0,21.0,1.0,25.0,9.0,3.2
1,last_to_last,SC6,1,13.96424004376894,1.0,21.0,1.0,23.0,9.0,3.7
1,mid_to_mid,SC6,1,1.0,0.0,21.0,1.0,25.0,9.0,3.2
1,max_to_max,SC6,1,16.792855623746664,2.0,21.0,1.0,23.0,9.0,3.7
1,max_to_sunset,SC6,1,13.92838827718412,2.0,21.0,1.0,23.0,9.0,3.7
1,first_to_first,SC6,2,10.295630140987,0.0,18.0,14.0,23.0,11.0,3.7
1,last_to_last,SC6,2,-11.445523142259598,196.0,18.0,14.0,25.0,11.0,4.3
1,mid_to_mid,SC6,2,7.745966692414834,1.0,18.0,14.0,23.0,11.0,4.3
1,max_to_max,SC6,2,-12.806248474865697,284.0,18.0,14.0,18.0,11.0,2.4
1,max_to_sunset,SC6,2,-14.798648586948742,284.0,18.0,14.0,25.0,11.0,4.3
1,first_to_first,SC6,3,-7.745966692414834,106.0,14.0,36.0,25.0,14.0,4.3
1,last_to_last,SC6,3,-6.782329983125268,65.0,14.0,36.0,22.0,14.0,5.7
1,mid_to_mid,SC6,3,-5.916079783099616,61.0,14.0,36.0,25.0,15.0,4.3
1,max_to_max,SC6,3,-6.557438524302,120.0,14.0,36.0,25.0,14.0,4.3
1,max_to_sunset,SC6,3,-10.04987562112089,120.0,14.0,36.0,25.0,14.0,5.7
1,first_to_first,SC6,4,-5.5677643628300215,46.0,17.0,3.0,19.0,14.0,5.7
1,last_to_last,SC6,4,-2.23606797749979,19.0,17.0,3.0,16.0,14.0,5.5
1,mid_to_mid,SC6,4,-2.8284271247461903,26.0,17.0,3.0,19.0,14.0,5.7
1,max_to_max,SC6,4,-7.681145747868608,77.0,17.0,3.0,19.0,14.0,5.7
1,max_to_sunset,SC6,4,-7.937253933193772,77.0,17.0,3.0,19.0,14.0,5.7
1,first_to_first,SC6,5,0.0,15.0,15.0,12.0,16.0,14.0,5.5
1,last_to_last,SC6,5,-3.0,14.0,15.0,12.0,15.0,11.0,7.2
1,mid_to_mid,SC6,5,-3.4641016151377544,18.0,15.0,12.0,16.0,12.0,7.2
1,max_to_max,SC6,5,-1.0,18.0,15.0,12.0,16.0,14.0,5.5
1,max_to_sunset,SC6,5,-3.605551275463989,18.0,15.0,12.0,16.0,11.0,7.2
1,first_to_first,SC6,6,-2.8284271247461903,15.0,14.0,0.0,15.0,11.0,7.2
1,last_to_last,SC6,6,0.0,5.0,14.0,0.0,17.0,11.0,5.3
1,mid_to_mid,SC6,6,0.0,6.0,14.0,0.0,14.0,11.0,4.9
1,max_to_max,SC6,6,-1.4142135623730951,17.0,14.0,0.0,15.0,11.0,7.2
1,max_to_sunset,SC6,6,-3.4641016151377544,17.0,14.0,0.0,17.0,11.0,7.2
1,first_to_first,SC6,7,-1.7320508075688772,7.0,13.0,0.0,17.0,12.0,7.8
1,last_to_last,SC6,7,7.54983443527075,5.0,13.0,0.0,18.0,12.0,7.8
1,mid_to_mid,SC6,7,-2.23606797749979,6.0,13.0,0.0,18.0,12.0,7.8
1,max_to_max,SC6,7,10.954451150103322,15.0,13.0,0.0,18.0,12.0,7.8
1,max_to_sunset,SC6,7,6.855654600401044,15.0,13.0,0.0,18.0,12.0,7.8
1,first_to_first,SC6,8,5.5677643628300215,4.0,16.0,52.0,18.0,12.0,3.4
1,last_to_last,SC6,8,-6.164414002968976,62.0,16.0,52.0,15.0,12.0,4.1
1,mid_to_mid,SC6,8,6.6332495807108,1.0,16.0,52.0,18.0,12.0,3.7
1,max_to_max,SC6,8,-8.888194417315589,135.0,16.0,52.0,16.0,12.0,3.7
1,max_to_sunset,SC6,8,-10.535653752852738,135.0,16.0,52.0,16.0,12.0,4.1
1,first_to_first,SC6,9,-3.1622776601683795,35.0,14.0,0.0,14.0,8.0,4.1
1,last_to_last,SC6,9,6.164414002968976,24.0,14.0,0.0,18.0,8.0,3.7
1,mid_to_mid,SC6,9,-4.358898943540674,45.0,14.0,0.0,15.0,8.0,4.1
1,max_to_max,SC6,9,4.358898943540674,56.0,14.0,0.0,18.0,8.0,4.1
1,max_to_sunset,SC6,9,2.449489742783178,56.0,14.0,0.0,18.0,8.0,4.1
1,first_to_first,SC6,10,4.0,25.0,14.0,120.0,18.0,8.0,3.7
1,last_to_last,SC6,10,4.69041575982343,62.0,14.0,120.0,17.0,7.0,3.4
1,mid_to_mid,SC6,10,2.449489742783178,26.0,14.0,120.0,18.0,7.0,3.7
1,max_to_max,SC6,10,3.0,75.0,14.0,120.0,17.0,7.0,3.4
1,max_to_sunset,SC6,10,3.0,75.0,14.0,120.0,17.0,7.0,3.4
1,first_to_first,SC6,11,4.69041575982343,41.0,14.0,122.0,17.0,7.0,3.4
1,last_to_last,SC6,11,-4.58257569495584,84.0,14.0,122.0,16.0,8.0,3.2
1,mid_to_mid,SC6,11,4.123105625617661,32.0,14.0,122.0,17.0,8.0,3.4
1,max_to_max,SC6,11,-2.23606797749979,84.0,14.0,122.0,14.0,8.0,3.2
1,max_to_sunset,SC6,11,-4.58257569495584,84.0,14.0,122.0,16.0,8.0,3.2
1,first_to_first,SC6,12,-2.8284271247461903,63.0,13.0,32.0,16.0,8.0,3.0
1,last_to_last,SC6,12,3.0,63.0,13.0,32.0,17.0,9.0,2.4
1,mid_to_mid,SC6,12,-3.605551275463989,49.0,13.0,32.0,16.0,9.0,3.0
1,max_to_max,SC6,12,5.385164807134504,79.0,13.0,32.0,16.0,9.0,3.0
1,max_to_sunset,SC6,12,-2.6457513110645907,79.0,13.0,32.0,17.0,9.0,3.0
1,first_to_first,SC6,13,2.449489742783178,55.0,15.0,73.0,17.0,10.0,2.4
1,last_to_last,SC6,13,2.0,72.0,15.0,73.0,19.0,10.0,2.2
1,mid_to_mid,SC6,13,4.0,36.0,15.0,73.0,17.0,10.0,2.4
1,max_to_max,SC6,13,-5.0,108.0,15.0,73.0,19.0,10.0,2.4
1,max_to_sunset,SC6,13,-5.656854249492381,108.0,15.0,73.0,19.0,10.0,2.4
1,first_to_first,SC6,14,-4.358898943540674,61.0,16.0,233.0,19.0,10.0,2.2
1,last_to_last,SC6,14,-6.782329983125268,76.0,16.0,233.0,16.0,12.0,3.7
1,mid_to_mid,SC6,14,-4.0,52.0,16.0,233.0,19.0,12.0,2.8
1,max_to_max,SC6,14,-2.449489742783178,83.0,16.0,233.0,16.0,12.0,1.3
1,max_to_sunset,SC6,14,-7.280109889280518,83.0,16.0,233.0,16.0,12.0,3.7
1,first_to_first,SC6,15,-3.1622776601683795,42.0,13.0,2.0,16.0,11.0,4.7
1,last_to_last,SC6,15,2.0,30.0,13.0,2.0,16.0,11.0,4.7
1,mid_to_mid,SC6,15,2.23606797749979,36.0,13.0,2.0,16.0,11.0,4.7
1,max_to_max,SC6,15,-2.6457513110645907,77.0,13.0,2.0,16.0,11.0,4.7
1,max_to_sunset,SC6,15,-6.557438524302,77.0,13.0,2.0,16.0,11.0,4.7
1,first_to_first,SC6,16,-3.605551275463989,32.0,15.0,53.0,16.0,10.0,4.5
1,last_to_last,SC6,16,-3.7416573867739413,34.0,15.0,53.0,16.0,10.0,3.8
1,mid_to_mid,SC6,16,-3.872983346207417,41.0,15.0,53.0,16.0,10.0,4.5
1,max_to_max,SC6,16,-6.6332495807108,70.0,15.0,53.0,15.0,10.0,4.1
1,max_to_sunset,SC6,16,-7.0710678118654755,70.0,15.0,53.0,16.0,10.0,4.1
1,first_to_first,SC6,17,2.8284271247461903,19.0,13.0,0.0,16.0,8.0,3.8
1,last_to_last,SC6,17,12.041594578792296,20.0,13.0,0.0,18.0,8.0,3.0
1,mid_to_mid,SC6,17,-3.7416573867739413,26.0,13.0,0.0,16.0,8.0,3.8
1,max_to_max,SC6,17,11.789826122551595,26.0,13.0,0.0,18.0,8.0,3.8
1,max_to_sunset,SC6,17,11.789826122551595,26.0,13.0,0.0,18.0,8.0,3.8
1,first_to_first,SC6,18,10.816653826391969,27.0,14.0,237.0,18.0,6.0,3.0
1,last_to_last,SC6,18,-10.488088481701515,165.0,14.0,237.0,17.0,6.0,2.6
1,mid_to_mid,SC6,18,6.244997998398398,12.0,14.0,237.0,18.0,6.0,3.0
1,max_to_max,SC6,18,-4.58257569495584,165.0,14.0,237.0,14.0,6.0,1.8
1,max_to_sunset,SC6,18,-10.488088481701515,165.0,14.0,237.0,17.0,6.0,2.6
1,first_to_first,SC6,19,-9.9498743710662,144.0,7.0,332.0,17.0,6.0,5.9
1,last_to_last,SC6,19,-5.830951894845301,55.0,7.0,332.0,15.0,10.0,5.9
1,mid_to_mid,SC6,19,-3.4641016151377544,51.0,7.0,332.0,17.0,10.0,5.9
1,max_to_max,SC6,19,-8.06225774829855,144.0,7.0,332.0,17.0,6.0,5.9
1,max_to_sunset,SC6,19,-11.090536506409418,144.0,7.0,332.0,17.0,6.0,5.9
1,first_to_first,SC6,20,-4.69041575982343,45.0,11.0,408.0,15.0,7.0,5.3
1,last_to_last,SC6,20,3.3166247903554,21.0,11.0,408.0,15.0,7.0,5.1
1,mid_to_mid,SC6,20,-3.872983346207417,39.0,11.0,408.0,15.0,7.0,5.3
1,max_to_max,SC6,20,-6.164414002968976,79.0,11.0,408.0,15.0,7.0,5.3
1,max_to_sunset,SC6,20,-6.855654600401044,79.0,11.0,408.0,15.0,7.0,5.3
1,first_to_first,SC6,21,-1.4142135623730951,23.0,13.0,224.0,15.0,7.0,3.8
1,last_to_last,SC6,21,-4.0,32.0,13.0,224.0,16.0,7.0,3.7
1,mid_to_mid,SC6,21,-3.605551275463989,24.0,13.0,224.0,15.0,7.0,3.8
1,max_to_max,SC6,21,-3.1622776601683795,41.0,13.0,224.0,14.0,7.0,2.4
1,max_to_sunset,SC6,21,-5.0,41.0,13.0,224.0,16.0,7.0,3.7
1,first_to_first,SC8,1,5.0990195135927845,238.0,16.0,0.0,20.0,6.0,4.1
1,last_to_last,SC8,1,-3.3166247903554,254.0,16.0,0.0,14.0,5.0,4.1
1,mid_to_mid,SC8,1,3.0,238.0,16.0,0.0,20.0,5.0,4.1
1,max_to_max,SC8,1,3.0,255.0,16.0,0.0,16.0,6.0,4.1
1,max_to_sunset,SC8,1,-3.4641016151377544,255.0,16.0,0.0,16.0,5.0,4.1
1,first_to_first,SC8,2,-4.58257569495584,264.0,6.0,1.0,14.0,5.0,8.7
1,last_to_last,SC8,2,-4.242640687119285,243.0,6.0,1.0,15.0,6.0,8.7
1,mid_to_mid,SC8,2,-4.358898943540674,247.0,6.0,1.0,14.0,6.0,8.7
1,max_to_max,SC8,2,-4.58257569495584,264.0,6.0,1.0,14.0,5.0,8.7
1,max_to_sunset,SC8,2,-6.244997998398398,264.0,6.0,1.0,15.0,5.0,8.7
1,first_to_first,SC8,3,-2.23606797749979,243.0,6.0,9.0,15.0,4.0,5.1
1,last_to_last,SC8,3,4.123105625617661,225.0,6.0,9.0,16.0,4.0,5.1
1,mid_to_mid,SC8,3,1.7320508075688772,228.0,6.0,9.0,15.0,4.0,5.1
1,max_to_max,SC8,3,-1.0,243.0,6.0,9.0,16.0,4.0,5.1
1,max_to_sunset,SC8,3,-1.0,243.0,6.0,9.0,16.0,4.0,5.1
1,first_to_first,SC8,4,2.23606797749979,238.0,12.0,32.0,16.0,4.0,4.1
1,last_to_last,SC8,4,3.3166247903554,242.0,12.0,32.0,17.0,7.0,3.4
1,mid_to_mid,SC8,4,4.242640687119285,231.0,12.0,32.0,16.0,7.0,4.1
1,max_to_max,SC8,4,3.605551275463989,242.0,12.0,32.0,12.0,7.0,2.6
1,max_to_sunset,SC8,4,3.3166247903554,242.0,12.0,32.0,17.0,7.0,3.4
1,first_to_first,SC8,5,3.0,243.0,9.0,26.0,17.0,7.0,4.9
1,last_to_last,SC8,5,-4.123105625617661,253.0,9.0,26.0,16.0,7.0,4.9
1,mid_to_mid,SC8,5,-4.123105625617661,249.0,9.0,26.0,17.0,7.0,4.9
1,max_to_max,SC8,5,-1.4142135623730951,255.0,9.0,26.0,17.0,7.0,4.9
1,max_to_sunset,SC8,5,-4.358898943540674,255.0,9.0,26.0,17.0,7.0,4.9
1,first_to_first,SC8,6,-2.6457513110645907,252.0,8.0,9.0,16.0,7.0,8.4
1,last_to_last,SC8,6,-5.0990195135927845,236.0,8.0,9.0,15.0,6.0,8.4
1,mid_to_mid,SC8,6,-5.291502622129181,232.0,8.0,9.0,16.0,6.0,8.4
1,max_to_max,SC8,6,-2.8284271247461903,253.0,8.0,9.0,16.0,7.0,8.4
1,max_to_sunset,SC8,6,-6.557438524302,253.0,8.0,9.0,16.0,6.0,8.4
1,first_to_first,SC8,7,-6.324555320336759,245.0,7.0,4.0,15.0,5.0,4.1
1,last_to_last,SC8,7,1.4142135623730951,210.0,7.0,4.0,16.0,5.0,4.3
1,mid_to_mid,SC8,7,-1.7320508075688772,204.0,7.0,4.0,15.0,5.0,4.1
1,max_to_max,SC8,7,-5.744562646538029,245.0,7.0,4.0,16.0,5.0,4.3
1,max_to_sunset,SC8,7,-5.744562646538029,245.0,7.0,4.0,16.0,5.0,4.3
1,first_to_first,SC8,8,4.58257569495584,205.0,13.0,10.0,16.0,6.0,4.3
1,last_to_last,SC8,8,-2.8284271247461903,212.0,13.0,10.0,16.0,7.0,4.3
1,mid_to_mid,SC8,8,-2.23606797749979,201.0,13.0,10.0,16.0,7.0,4.3
1,max_to_max,SC8,8,3.872983346207417,212.0,13.0,10.0,13.0,7.0,2.8
1,max_to_sunset,SC8,8,-2.8284271247461903,212.0,13.0,10.0,16.0,7.0,4.3
1,first_to_first,SC8,9,-3.605551275463989,226.0,7.0,2.0,16.0,7.0,4.3
1,last_to_last,SC8,9,2.6457513110645907,204.0,7.0,2.0,14.0,9.0,2.4
1,mid_to_mid,SC8,9,4.242640687119285,196.0,7.0,2.0,16.0,9.0,4.3
1,max_to_max,SC8,9,-3.605551275463989,227.0,7.0,2.0,16.0,7.0,4.3
1,max_to_sunset,SC8,9,-4.0,227.0,7.0,2.0,16.0,7.0,4.3
1,first_to_first,SC8,10,4.242640687119285,213.0,14.0,0.0,14.0,7.0,2.4
1,last_to_last,SC8,10,7.745966692414834,211.0,14.0,0.0,15.0,7.0,3.2
1,mid_to_mid,SC8,10,-3.3166247903554,214.0,14.0,0.0,15.0,7.0,2.8
1,max_to_max,SC8,10,7.54983443527075,214.0,14.0,0.0,15.0,7.0,3.2
1,max_to_sunset,SC8,10,7.54983443527075,214.0,14.0,0.0,15.0,7.0,3.2
1,first_to_first,SC8,11,6.708203932499369,231.0,14.0,2.0,15.0,8.0,3.2
1,last_to_last,SC8,11,3.605551275463989,271.0,14.0,2.0,17.0,8.0,3.0
1,mid_to_mid,SC8,11,6.708203932499369,203.0,14.0,2.0,15.0,8.0,3.2
1,max_to_max,SC8,11,3.605551275463989,271.0,14.0,2.0,17.0,8.0,3.0
1,max_to_sunset,SC8,11,3.605551275463989,271.0,14.0,2.0,17.0,8.0,3.0
1,first_to_first,SC8,12,4.123105625617661,276.0,13.0,12.0,17.0,8.0,3.0
1,last_to_last,SC8,12,-15.297058540778355,284.0,13.0,12.0,17.0,11.0,3.2
1,mid_to_mid,SC8,12,-15.033296378372908,248.0,13.0,12.0,17.0,11.0,3.0
1,max_to_max,SC8,12,3.0,284.0,13.0,12.0,13.0,11.0,2.2
1,max_to_sunset,SC8,12,-15.297058540778355,284.0,13.0,12.0,17.0,11.0,3.2
1,first_to_first,SC8,13,-15.811388300841896,293.0,12.0,5.0,17.0,6.0,3.2
1,last_to_last,SC8,13,-6.164414002968976,50.0,12.0,5.0,17.0,6.0,4.9
1,mid_to_mid,SC8,13,-2.23606797749979,22.0,12.0,5.0,17.0,6.0,3.2
1,max_to_max,SC8,13,-15.231546211727817,293.0,12.0,5.0,17.0,6.0,3.2
1,max_to_sunset,SC8,13,-16.76305461424021,293.0,12.0,5.0,17.0,6.0,4.9
1,first_to_first,SC8,14,-5.477225575051661,43.0,11.0,22.0,17.0,8.0,4.9
1,last_to_last,SC8,14,-3.0,12.0,11.0,22.0,18.0,9.0,7.0
1,mid_to_mid,SC8,14,-2.23606797749979,17.0,11.0,22.0,17.0,9.0,7.0
1,max_to_max,SC8,14,-6.082762530298219,61.0,11.0,22.0,17.0,9.0,6.3
1,max_to_sunset,SC8,14,-7.615773105863909,61.0,11.0,22.0,18.0,9.0,7.0
1,first_to_first,SC8,15,-3.3166247903554,13.0,12.0,0.0,18.0,11.0,7.0
1,last_to_last,SC8,15,-1.0,3.0,12.0,0.0,16.0,12.0,7.0
1,mid_to_mid,SC8,15,-3.1622776601683795,12.0,12.0,0.0,18.0,12.0,7.0
1,max_to_max,SC8,15,-4.47213595499958,24.0,12.0,0.0,18.0,12.0,7.0
1,max_to_sunset,SC8,15,-4.69041575982343,24.0,12.0,0.0,18.0,12.0,7.0
1,first_to_first,SC8,16,1.4142135623730951,2.0,13.0,0.0,16.0,11.0,4.7
1,last_to_last,SC8,16,1.0,2.0,13.0,0.0,18.0,11.0,6.6
1,mid_to_mid,SC8,16,1.4142135623730951,2.0,13.0,0.0,17.0,11.0,4.1
1,max_to_max,SC8,16,1.7320508075688772,4.0,13.0,0.0,17.0,11.0,4.7
1,max_to_sunset,SC8,16,-1.0,4.0,13.0,0.0,18.0,11.0,6.6
1,first_to_first,SC8,17,1.0,4.0,17.0,12.0,18.0,12.0,8.2
1,last_to_last,SC8,17,1.0,3.0,17.0,12.0,17.0,12.0,8.2
1,mid_to_mid,SC8,17,1.4142135623730951,4.0,17.0,12.0,18.0,12.0,8.2
1,max_to_max,SC8,17,4.0,7.0,17.0,12.0,18.0,12.0,8.2
1,max_to_sunset,SC8,17,-1.7320508075688772,7.0,17.0,12.0,18.0,12.0,8.2
1,first_to_first,SC8,18,1.0,5.0,17.0,19.0,17.0,12.0,3.7
1,last_to_last,SC8,18,2.0,4.0,17.0,19.0,17.0,11.0,4.1
1,mid_to_mid,SC8,18,0.0,6.0,17.0,19.0,16.0,11.0,3.8
1,max_to_max,SC8,18,-3.872983346207417,23.0,17.0,19.0,17.0,11.0,4.1
1,max_to_sunset,SC8,18,-3.872983346207417,23.0,17.0,19.0,17.0,11.0,4.1
1,first_to_first,SC8,19,1.4142135623730951,6.0,15.0,0.0,17.0,11.0,4.1
1,last_to_last,SC8,19,1.0,8.0,15.0,0.0,14.0,11.0,4.1
1,mid_to_mid,SC8,19,1.4142135623730951,6.0,15.0,0.0,17.0,11.0,4.1
1,max_to_max,SC8,19,1.0,8.0,15.0,0.0,17.0,11.0,4.1
1,max_to_sunset,SC8,19,1.0,8.0,15.0,0.0,17.0,11.0,4.1
1,first_to_first,SC8,20,2.8284271247461903,8.0,12.0,0.0,14.0,12.0,2.6
1,last_to_last,SC8,20,3.7416573867739413,9.0,12.0,0.0,18.0,12.0,4.1
1,mid_to_mid,SC8,20,4.0,8.0,12.0,0.0,15.0,12.0,3.2
1,max_to_max,SC8,20,5.291502622129181,9.0,12.0,0.0,14.0,12.0,3.0
1,max_to_sunset,SC8,20,3.7416573867739413,9.0,12.0,0.0,18.0,12.0,4.1
1,first_to_first,SC8,21,2.8284271247461903,16.0,14.0,33.0,18.0,7.0,4.1
1,last_to_last,SC8,21,4.242640687119285,23.0,14.0,33.0,21.0,7.0,3.0
1,mid_to_mid,SC8,21,-3.7416573867739413,24.0,14.0,33.0,18.0,7.0,4.1
1,max_to_max,SC8,21,2.0,37.0,14.0,33.0,18.0,7.0,4.1
1,max_to_sunset,SC8,21,2.0,37.0,14.0,33.0,21.0,7.0,4.1
1,first_to_first,SC8,22,-3.7416573867739413,24.0,15.0,43.0,21.0,10.0,3.2
1,last_to_last,SC8,22,-6.164414002968976,41.0,15.0,43.0,20.0,10.0,3.2
1,mid_to_mid,SC8,22,-2.6457513110645907,10.0,15.0,43.0,21.0,10.0,3.2
1,max_to_max,SC8,22,-4.358898943540674,41.0,15.0,43.0,21.0,10.0,3.2
1,max_to_sunset,SC8,22,-6.164414002968976,41.0,15.0,43.0,21.0,10.0,3.2
1,first_to_first,SC9,1,1.7320508075688772,0.0,20.0,31.0,28.0,11.0,0.0
1,last_to_last,SC9,1,-1.0,3.0,20.0,31.0,37.0,11.0,
1,mid_to_mid,SC9,1,0.0,0.0,20.0,31.0,37.0,11.0,0.0
1,max_to_max,SC9,1,-2.0,35.0,20.0,31.0,37.0,11.0,
1,max_to_sunset,SC9,1,-5.744562646538029,35.0,20.0,31.0,37.0,11.0,
1,first_to_first,SC9,2,-1.7320508075688772,3.0,20.0,44.0,37.0,11.0,
1,last_to_last,SC9,2,-1.0,2.0,20.0,44.0,33.0,11.0,0.0
1,mid_to_mid,SC9,2,0.0,0.0,20.0,44.0,36.0,11.0,
1,max_to_max,SC9,2,-5.477225575051661,31.0,20.0,44.0,33.0,11.0,0.0
1,max_to_sunset,SC9,2,-5.477225575051661,31.0,20.0,44.0,33.0,11.0,0.0
1,first_to_first,UDMH4,1,2.449489742783178,91.0,13.0,0.0,21.0,8.0,4.5
1,last_to_last,UDMH4,1,-9.848857801796104,98.0,13.0,0.0,17.0,8.0,7.2
1,mid_to_mid,UDMH4,1,-9.486832980505138,91.0,13.0,0.0,21.0,8.0,7.2
1,max_to_max,UDMH4,1,-1.0,98.0,13.0,0.0,13.0,8.0,4.5
1,max_to_sunset,UDMH4,1,-9.848857801796104,98.0,13.0,0.0,17.0,8.0,7.2
2,first_to_first,SC1,1,-9.848857801796104,108.0,16.0,0.0,19.0,13.0,5.9
2,last_to_last,SC1,1,-7.0,51.0,16.0,0.0,21.0,11.0,5.1
2,mid_to_mid,SC1,1,-8.12403840463596,72.0,16.0,0.0,18.0,11.0,5.9
2,max_to_max,SC1,1,-10.0,121.0,16.0,0.0,18.0,11.0,5.1
2,max_to_sunset,SC1,1,-10.908712114635714,121.0,16.0,0.0,21.0,11.0,5.1
2,first_to_first,SC1,2,-7.14142842854285,56.0,16.0,0.0,21.0,8.0,4.9
2,last_to_last,SC1,2,-4.795831523312719,23.0,16.0,0.0,21.0,8.0,6.3
2,mid_to_mid,SC1,2,-6.48074069840786,44.0,16.0,0.0,21.0,8.0,4.9
2,max_to_max,SC1,2,-7.14142842854285,56.0,16.0,0.0,21.0,8.0,4.9
2,max_to_sunset,SC1,2,-7.483314773547883,56.0,16.0,0.0,21.0,8.0,6.3
2,first_to_first,SC1,3,-3.3166247903554,11.0,11.0,5.0,21.0,8.0,6.3
2,last_to_last,SC1,3,-1.4142135623730951,2.0,11.0,5.0,21.0,8.0,6.3
2,mid_to_mid,SC1,3,-2.449489742783178,6.0,11.0,5.0,21.0,8.0,6.3
2,max_to_max,SC1,3,-4.58257569495584,21.0,11.0,5.0,21.0,8.0,6.3
2,max_to_sunset,SC1,3,-4.58257569495584,21.0,11.0,5.0,21.0,8.0,6.3
2,first_to_first,SC1,4,-2.23606797749979,5.0,9.0,3.0,21.0,8.0,6.3
2,last_to_last,SC1,4,0.0,0.0,9.0,3.0,22.0,9.0,3.2
2,mid_to_mid,SC1,4,-1.4142135623730951,2.0,9.0,3.0,21.0,9.0,6.3
2,max_to_max,SC1,4,-2.23606797749979,5.0,9.0,3.0,21.0,8.0,6.3
2,max_to_sunset,SC1,4,-2.23606797749979,5.0,9.0,3.0,22.0,8.0,6.3
2,first_to_first,SC1,5,0.0,0.0,13.0,0.0,22.0,11.0,3.2
2,last_to_last,SC1,5,0.0,0.0,13.0,0.0,22.0,11.0,5.5
2,mid_to_mid,SC1,5,0.0,0.0,13.0,0.0,22.0,11.0,5.3
2,max_to_max,SC1,5,0.0,0.0,13.0,0.0,22.0,11.0,3.2
2,max_to_sunset,SC1,5,0.0,0.0,13.0,0.0,22.0,11.0,5.5
2,first_to_first,SC1,6,0.0,0.0,14.0,0.0,22.0,11.0,5.5
2,last_to_last,SC1,6,0.0,0.0,14.0,0.0,18.0,7.0,5.5
2,mid_to_mid,SC1,6,0.0,0.0,14.0,0.0,22.0,8.0,5.5
2,max_to_max,SC1,6,0.0,0.0,14.0,0.0,22.0,11.0,5.5
2,max_to_sunset,SC1,6,0.0,0.0,14.0,0.0,22.0,7.0,5.5
2,first_to_first,SC1,7,0.0,0.0,12.0,0.0,18.0,7.0,5.5
2,last_to_last,SC1,7,0.0,0.0,12.0,0.0,19.0,6.0,6.3
2,mid_to_mid,SC1,7,0.0,0.0,12.0,0.0,18.0,6.0,5.5
2,max_to_max,SC1,7,0.0,0.0,12.0,0.0,18.0,7.0,5.5
2,max_to_sunset,SC1,7,0.0,0.0,12.0,0.0,19.0,6.0,6.3
2,first_to_first,SC1,8,0.0,0.0,11.0,0.0,19.0,6.0,6.3
2,last_to_last,SC1,8,0.0,0.0,11.0,0.0,19.0,6.0,6.3
2,mid_to_mid,SC1,8,0.0,0.0,11.0,0.0,19.0,6.0,6.3
2,max_to_max,SC1,8,0.0,0.0,11.0,0.0,19.0,6.0,6.3
2,max_to_sunset,SC1,8,0.0,0.0,11.0,0.0,19.0,6.0,6.3
2,first_to_first,SC1,9,0.0,0.0,7.0,0.0,19.0,6.0,6.3
2,last_to_last,SC1,9,0.0,0.0,7.0,0.0,20.0,8.0,3.4
2,mid_to_mid,SC1,9,0.0,0.0,7.0,0.0,19.0,8.0,6.3
2,max_to_max,SC1,9,0.0,0.0,7.0,0.0,19.0,6.0,6.3
2,max_to_sunset,SC1,9,0.0,0.0,7.0,0.0,20.0,6.0,6.3
2,first_to_first,SC1,10,0.0,0.0,11.0,0.0,20.0,8.0,3.4
2,last_to_last,SC1,10,0.0,0.0,11.0,0.0,20.0,8.0,3.7
2,mid_to_mid,SC1,10,0.0,0.0,11.0,0.0,20.0,8.0,3.7
2,max_to_max,SC1,10,0.0,0.0,11.0,0.0,20.0,8.0,3.4
2,max_to_sunset,SC1,10,0.0,0.0,11.0,0.0,20.0,8.0,3.7
2,first_to_first,SC1,11,0.0,0.0,10.0,0.0,20.0,8.0,3.7
2,last_to_last,SC1,11,0.0,0.0,10.0,0.0,18.0,8.0,5.1
2,mid_to_mid,SC1,11,0.0,0.0,10.0,0.0,20.0,8.0,4.5
2,max_to_max,SC1,11,0.0,0.0,10.0,0.0,20.0,8.0,3.7
2,max_to_sunset,SC1,11,0.0,0.0,10.0,0.0,20.0,8.0,5.1
2,first_to_first,SC1,12,0.0,0.0,12.0,0.0,18.0,8.0,5.1
2,last_to_last,SC1,12,0.0,0.0,12.0,0.0,17.0,8.0,5.9
2,mid_to_mid,SC1,12,0.0,0.0,12.0,0.0,18.0,8.0,5.3
2,max_to_max,SC1,12,0.0,0.0,12.0,0.0,18.0,8.0,5.1
2,max_to_sunset,SC1,12,0.0,0.0,12.0,0.0,18.0,8.0,5.9
2,first_to_first,SC1,13,0.0,0.0,9.0,0.0,17.0,9.0,5.9
2,last_to_last,SC1,13,0.0,0.0,9.0,0.0,17.0,9.0,6.2
2,mid_to_mid,SC1,13,0.0,0.0,9.0,0.0,17.0,9.0,5.9
2,max_to_max,SC1,13,0.0,0.0,9.0,0.0,17.0,9.0,5.9
2,max_to_sunset,SC1,13,0.0,0.0,9.0,0.0,17.0,9.0,6.2
2,first_to_first,SC1,14,0.0,0.0,12.0,0.0,17.0,9.0,6.2
2,last_to_last,SC1,14,0.0,0.0,12.0,0.0,18.0,9.0,6.2
2,mid_to_mid,SC1,14,0.0,0.0,12.0,0.0,17.0,9.0,6.2
2,max_to_max,SC1,14,0.0,0.0,12.0,0.0,17.0,9.0,6.2
2,max_to_sunset,SC1,14,0.0,0.0,12.0,0.0,18.0,9.0,6.2
2,first_to_first,SC1,15,0.0,0.0,13.0,0.0,18.0,9.0,6.2
2,last_to_last,SC1,15,0.0,0.0,13.0,0.0,18.0,9.0,3.8
2,mid_to_mid,SC1,15,0.0,0.0,13.0,0.0,18.0,9.0,6.2
2,max_to_max,SC1,15,0.0,0.0,13.0,0.0,18.0,9.0,6.2
2,max_to_sunset,SC1,15,0.0,0.0,13.0,0.0,18.0,9.0,6.2
2,first_to_first,SC1,16,0.0,0.0,10.0,0.0,18.0,9.0,3.8
2,last_to_last,SC1,16,0.0,0.0,10.0,0.0,19.0,10.0,3.7
2,mid_to_mid,SC1,16,0.0,0.0,10.0,0.0,18.0,10.0,3.8
2,max_to_max,SC1,16,0.0,0.0,10.0,0.0,18.0,9.0,3.8
2,max_to_sunset,SC1,16,0.0,0.0,10.0,0.0,19.0,9.0,3.8
2,first_to_first,SC1,17,0.0,0.0,12.0,0.0,19.0,10.0,3.7
2,last_to_last,SC1,17,0.0,0.0,12.0,0.0,22.0,10.0,3.8
2,mid_to_mid,SC1,17,0.0,0.0,12.0,0.0,21.0,10.0,3.7
2,max_to_max,SC1,17,0.0,0.0,12.0,0.0,19.0,10.0,3.7
2,max_to_sunset,SC1,17,0.0,0.0,12.0,0.0,22.0,10.0,3.8
2,first_to_first,SC1,18,0.0,0.0,12.0,0.0,22.0,10.0,3.8
2,last_to_last,SC1,18,0.0,0.0,12.0,0.0,22.0,10.0,4.7
2,mid_to_mid,SC1,18,0.0,0.0,12.0,0.0,22.0,10.0,4.7
2,max_to_max,SC1,18,0.0,0.0,12.0,0.0,22.0,10.0,3.8
2,max_to_sunset,SC1,18,0.0,0.0,12.0,0.0,22.0,10.0,4.7
2,first_to_first,SC1,19,0.0,0.0,16.0,0.0,22.0,10.0,4.7
2,last_to_last,SC1,19,0.0,0.0,16.0,0.0,17.0,10.0,5.7
2,mid_to_mid,SC1,19,0.0,0.0,16.0,0.0,22.0,10.0,4.7
2,max_to_max,SC1,19,0.0,0.0,16.0,0.0,22.0,10.0,4.7
2,max_to_sunset,SC1,19,0.0,0.0,16.0,0.0,22.0,10.0,5.7
2,first_to_first,SC1,20,0.0,0.0,14.0,0.0,17.0,10.0,5.7
2,last_to_last,SC1,20,0.0,0.0,14.0,0.0,17.0,8.0,5.7
2,mid_to_mid,SC1,20,0.0,0.0,14.0,0.0,17.0,9.0,5.7
2,max_to_max,SC1,20,0.0,0.0,14.0,0.0,17.0,10.0,5.7
2,max_to_sunset,SC1,20,0.0,0.0,14.0,0.0,17.0,8.0,5.7
2,first_to_first,SC1,21,0.0,0.0,12.0,0.0,17.0,8.0,5.7
2,last_to_last,SC1,21,0.0,0.0,12.0,0.0,17.0,6.0,3.8
2,mid_to_mid,SC1,21,0.0,0.0,12.0,0.0,17.0,6.0,5.7
2,max_to_max,SC1,21,0.0,0.0,12.0,0.0,17.0,8.0,5.7
2,max_to_sunset,SC1,21,0.0,0.0,12.0,0.0,17.0,6.0,5.7
2,first_to_first,SC1,22,0.0,0.0,12.0,0.0,17.0,6.0,3.8
2,last_to_last,SC1,22,0.0,0.0,12.0,0.0,17.0,6.0,4.3
2,mid_to_mid,SC1,22,0.0,0.0,12.0,0.0,17.0,6.0,3.8
2,max_to_max,SC1,22,0.0,0.0,12.0,0.0,17.0,6.0,3.8
2,max_to_sunset,SC1,22,0.0,0.0,12.0,0.0,17.0,6.0,4.3
2,first_to_first,SC1,23,0.0,0.0,8.0,0.0,17.0,6.0,4.3
2,last_to_last,SC1,23,0.0,0.0,8.0,0.0,17.0,8.0,4.3
2,mid_to_mid,SC1,23,0.0,0.0,8.0,0.0,17.0,8.0,4.3
2,max_to_max,SC1,23,0.0,0.0,8.0,0.0,17.0,6.0,4.3
2,max_to_sunset,SC1,23,0.0,0.0,8.0,0.0,17.0,6.0,4.3
2,first_to_first,SC1,24,0.0,0.0,10.0,0.0,17.0,8.0,4.3
2,last_to_last,SC1,24,0.0,0.0,10.0,0.0,17.0,7.0,4.3
2,mid_to_mid,SC1,24,0.0,0.0,10.0,0.0,17.0,7.0,4.3
2,max_to_max,SC1,24,0.0,0.0,10.0,0.0,17.0,8.0,4.3
2,max_to_sunset,SC1,24,0.0,0.0,10.0,0.0,17.0,7.0,4.3
2,first_to_first,SC1,25,0.0,0.0,14.0,0.0,17.0,7.0,4.3
2,last_to_last,SC1,25,0.0,0.0,14.0,0.0,16.0,7.0,4.3
2,mid_to_mid,SC1,25,0.0,0.0,14.0,0.0,17.0,7.0,4.3
2,max_to_max,SC1,25,0.0,0.0,14.0,0.0,17.0,7.0,4.3
2,max_to_sunset,SC1,25,0.0,0.0,14.0,0.0,17.0,7.0,4.3
2,first_to_first,SC1,26,0.0,0.0,9.0,0.0,16.0,7.0,4.3
2,last_to_last,SC1,26,0.0,0.0,9.0,0.0,21.0,7.0,3.8
2,mid_to_mid,SC1,26,0.0,0.0,9.0,0.0,19.0,7.0,4.1
2,max_to_max,SC1,26,0.0,0.0,9.0,0.0,16.0,7.0,4.3
2,max_to_sunset,SC1,26,0.0,0.0,9.0,0.0,21.0,7.0,4.3
2,first_to_first,SC1,27,0.0,0.0,8.0,0.0,21.0,7.0,3.8
2,last_to_last,SC1,27,0.0,0.0,8.0,0.0,21.0,8.0,3.4
2,mid_to_mid,SC1,27,0.0,0.0,8.0,0.0,21.0,8.0,3.8
2,max_to_max,SC1,27,0.0,0.0,8.0,0.0,21.0,7.0,3.8
2,max_to_sunset,SC1,27,0.0,0.0,8.0,0.0,21.0,7.0,3.8
2,first_to_first,SC10,1,3.1622776601683795,0.0,21.0,0.0,21.0,5.0,7.0
2,last_to_last,SC10,1,7.615773105863909,0.0,21.0,0.0,19.0,5.0,7.0
2,mid_to_mid,SC10,1,2.8284271247461903,0.0,21.0,0.0,21.0,5.0,7.0
2,max_to_max,SC10,1,8.831760866327848,0.0,21.0,0.0,21.0,5.0,7.0
2,max_to_sunset,SC10,1,7.615773105863909,0.0,21.0,0.0,21.0,5.0,7.0
2,first_to_first,SC10,2,7.745966692414834,0.0,13.0,8.0,19.0,3.0,7.0
2,last_to_last,SC10,2,10.488088481701515,0.0,13.0,8.0,19.0,3.0,7.0
2,mid_to_mid,SC10,2,2.23606797749979,4.0,13.0,8.0,19.0,3.0,7.0
2,max_to_max,SC10,2,9.539392014169456,39.0,13.0,8.0,19.0,3.0,7.0
2,max_to_sunset,SC10,2,8.426149773176359,39.0,13.0,8.0,19.0,3.0,7.0
2,first_to_first,SC10,3,9.9498743710662,10.0,15.0,104.0,19.0,3.0,4.7
2,last_to_last,SC10,3,8.602325267042627,58.0,15.0,104.0,19.0,3.0,4.7
2,mid_to_mid,SC10,3,4.358898943540674,8.0,15.0,104.0,19.0,3.0,4.7
2,max_to_max,SC10,3,8.366600265340756,78.0,15.0,104.0,19.0,3.0,4.7
2,max_to_sunset,SC10,3,7.3484692283495345,78.0,15.0,104.0,19.0,3.0,4.7
2,first_to_first,SC10,4,7.745966692414834,60.0,18.0,176.0,19.0,3.0,3.8
2,last_to_last,SC10,4,-4.58257569495584,110.0,18.0,176.0,19.0,5.0,4.3
2,mid_to_mid,SC10,4,6.244997998398398,9.0,18.0,176.0,19.0,5.0,3.8
2,max_to_max,SC10,4,12.328828005937952,130.0,18.0,176.0,19.0,5.0,3.8
2,max_to_sunset,SC10,4,-6.4031242374328485,130.0,18.0,176.0,19.0,5.0,4.3
2,first_to_first,SC10,5,0.0,109.0,13.0,416.0,19.0,5.0,7.4
2,last_to_last,SC10,5,2.23606797749979,132.0,13.0,416.0,18.0,5.0,7.4
2,mid_to_mid,SC10,5,5.830951894845301,27.0,13.0,416.0,19.0,5.0,7.4
2,max_to_max,SC10,5,12.569805089976535,148.0,13.0,416.0,18.0,5.0,7.4
2,max_to_sunset,SC10,5,-3.3166247903554,148.0,13.0,416.0,18.0,5.0,7.4
2,first_to_first,SC10,6,0.0,120.0,8.0,385.0,18.0,3.0,7.4
2,last_to_last,SC10,6,5.0990195135927845,89.0,8.0,385.0,18.0,3.0,7.4
2,mid_to_mid,SC10,6,0.0,48.0,8.0,385.0,18.0,3.0,7.4
2,max_to_max,SC10,6,22.090722034374522,282.0,8.0,385.0,18.0,3.0,7.4
2,max_to_sunset,SC10,6,-12.922847983320086,282.0,8.0,385.0,18.0,3.0,7.4
2,first_to_first,SC10,7,0.0,109.0,17.0,456.0,18.0,3.0,4.1
2,last_to_last,SC10,7,13.601470508735444,137.0,17.0,456.0,21.0,3.0,4.1
2,mid_to_mid,SC10,7,4.242640687119285,61.0,17.0,456.0,18.0,3.0,4.1
2,max_to_max,SC10,7,13.820274961085254,306.0,17.0,456.0,21.0,3.0,4.1
2,max_to_sunset,SC10,7,4.0,306.0,17.0,456.0,21.0,3.0,4.1
2,first_to_first,SC10,8,19.467922333931785,120.0,13.0,387.0,21.0,4.0,4.1
2,last_to_last,SC10,8,17.916472867168917,115.0,13.0,387.0,21.0,5.0,3.2
2,mid_to_mid,SC10,8,19.183326093250876,48.0,13.0,387.0,21.0,5.0,4.1
2,max_to_max,SC10,8,-16.431676725154983,770.0,13.0,387.0,21.0,5.0,3.2
2,max_to_sunset,SC10,8,-18.275666882497067,770.0,13.0,387.0,21.0,5.0,3.2
2,first_to_first,SC10,9,5.0990195135927845,109.0,19.0,1122.0,21.0,5.0,3.2
2,last_to_last,SC10,9,-16.431676725154983,322.0,19.0,1122.0,20.0,6.0,2.2
2,mid_to_mid,SC10,9,-8.48528137423857,79.0,19.0,1122.0,21.0,6.0,3.2
2,max_to_max,SC10,9,-10.0,497.0,19.0,1122.0,19.0,6.0,2.6
2,max_to_sunset,SC10,9,-21.095023109728988,497.0,19.0,1122.0,20.0,6.0,2.6
2,first_to_first,SC10,10,-20.73644135332772,499.0,10.0,0.0,20.0,6.0,2.2
2,last_to_last,SC10,10,-20.54263858417414,436.0,10.0,0.0,20.0,6.0,2.2
2,mid_to_mid,SC10,10,-20.29778313018444,416.0,10.0,0.0,20.0,6.0,2.2
2,max_to_max,SC10,10,-20.518284528683193,500.0,10.0,0.0,20.0,6.0,2.2
2,max_to_sunset,SC10,10,-22.045407685048602,500.0,10.0,0.0,20.0,6.0,2.2
2,first_to_first,SC10,11,-11.489125293076057,135.0,9.0,373.0,20.0,7.0,2.2
2,last_to_last,SC10,11,-7.0710678118654755,52.0,9.0,373.0,24.0,7.0,2.6
2,mid_to_mid,SC10,11,-2.6457513110645907,7.0,9.0,373.0,22.0,7.0,2.6
2,max_to_max,SC10,11,-19.79898987322333,397.0,9.0,373.0,24.0,7.0,2.6
2,max_to_sunset,SC10,11,-19.87460691435179,397.0,9.0,373.0,24.0,7.0,2.6
2,first_to_first,SC10,12,-8.06225774829855,69.0,8.0,145.0,24.0,6.0,2.6
2,last_to_last,SC10,12,-3.605551275463989,14.0,8.0,145.0,24.0,6.0,4.1
2,mid_to_mid,SC10,12,-2.0,4.0,8.0,145.0,24.0,6.0,3.0
2,max_to_max,SC10,12,-8.602325267042627,79.0,8.0,145.0,24.0,6.0,2.6
2,max_to_sunset,SC10,12,-8.831760866327848,79.0,8.0,145.0,24.0,6.0,4.1
2,first_to_first,SC10,13,-1.7320508075688772,3.0,12.0,2.0,24.0,6.0,4.3
2,last_to_last,SC10,13,-1.4142135623730951,2.0,12.0,2.0,20.0,6.0,5.5
2,mid_to_mid,SC10,13,0.0,0.0,12.0,2.0,24.0,6.0,5.5
2,max_to_max,SC10,13,-2.23606797749979,5.0,12.0,2.0,19.0,6.0,4.3
2,max_to_sunset,SC10,13,-2.23606797749979,5.0,12.0,2.0,20.0,6.0,5.5
2,first_to_first,SC10,14,-2.0,4.0,9.0,14.0,20.0,7.0,7.0
2,last_to_last,SC10,14,-1.0,1.0,9.0,14.0,20.0,8.0,7.0
2,mid_to_mid,SC10,14,0.0,0.0,9.0,14.0,20.0,8.0,7.0
2,max_to_max,SC10,14,-2.23606797749979,5.0,9.0,14.0,20.0,8.0,7.0
2,max_to_sunset,SC10,14,-2.23606797749979,5.0,9.0,14.0,20.0,8.0,7.0
2,first_to_first,SC10,15,0.0,0.0,11.0,0.0,20.0,10.0,7.0
2,last_to_last,SC10,15,0.0,0.0,11.0,0.0,23.0,10.0,7.0
2,mid_to_mid,SC10,15,0.0,0.0,11.0,0.0,23.0,10.0,7.0
2,max_to_max,SC10,15,0.0,0.0,11.0,0.0,20.0,10.0,7.0
2,max_to_sunset,SC10,15,0.0,0.0,11.0,0.0,23.0,10.0,7.0
2,first_to_first,SC10,16,0.0,0.0,12.0,0.0,23.0,10.0,7.2
2,last_to_last,SC10,16,1.7320508075688772,0.0,12.0,0.0,23.0,10.0,7.2
2,mid_to_mid,SC10,16,1.7320508075688772,0.0,12.0,0.0,23.0,10.0,7.2
2,max_to_max,SC10,16,2.0,0.0,12.0,0.0,23.0,10.0,7.2
2,max_to_sunset,SC10,16,1.7320508075688772,0.0,12.0,0.0,23.0,10.0,7.2
2,first_to_first,SC10,17,0.0,0.0,13.0,0.0,23.0,11.0,7.2
2,last_to_last,SC10,17,14.628738838327793,0.0,13.0,0.0,20.0,11.0,7.2
2,mid_to_mid,SC10,17,4.123105625617661,0.0,13.0,0.0,23.0,11.0,7.2
2,max_to_max,SC10,17,18.894443627691185,0.0,13.0,0.0,23.0,11.0,7.2
2,max_to_sunset,SC10,17,14.628738838327793,0.0,13.0,0.0,23.0,11.0,7.2
2,first_to_first,SC10,18,16.1245154965971,0.0,14.0,0.0,20.0,11.0,4.1
2,last_to_last,SC10,18,16.431676725154983,3.0,14.0,0.0,20.0,11.0,3.8
2,mid_to_mid,SC10,18,16.61324772583615,3.0,14.0,0.0,20.0,11.0,3.8
2,max_to_max,SC10,18,17.46424919657298,4.0,14.0,0.0,20.0,11.0,3.8
2,max_to_sunset,SC10,18,16.401219466856727,4.0,14.0,0.0,20.0,11.0,3.8
2,first_to_first,SC10,19,13.674794331177344,0.0,14.0,265.0,20.0,11.0,3.8
2,last_to_last,SC10,19,-9.1104335791443,214.0,14.0,265.0,20.0,11.0,3.8
2,mid_to_mid,SC10,19,2.449489742783178,17.0,14.0,265.0,20.0,11.0,3.8
2,max_to_max,SC10,19,-9.327379053088816,357.0,14.0,265.0,14.0,11.0,3.8
2,max_to_sunset,SC10,19,-15.033296378372908,357.0,14.0,265.0,20.0,11.0,3.8
2,first_to_first,SC10,20,-12.767145334803704,260.0,14.0,0.0,20.0,6.0,3.2
2,last_to_last,SC10,20,-16.30950643030009,273.0,14.0,0.0,24.0,6.0,3.2
2,mid_to_mid,SC10,20,-16.09347693943108,279.0,14.0,0.0,23.0,6.0,3.2
2,max_to_max,SC10,20,-13.114877048604,309.0,14.0,0.0,20.0,6.0,3.2
2,max_to_sunset,SC10,20,-17.378147196982766,309.0,14.0,0.0,24.0,6.0,3.2
2,first_to_first,SC10,21,-13.674794331177344,187.0,13.0,406.0,24.0,6.0,3.2
2,last_to_last,SC10,21,-11.445523142259598,131.0,13.0,406.0,28.0,6.0,2.4
2,mid_to_mid,SC10,21,-4.795831523312719,23.0,13.0,406.0,25.0,6.0,3.2
2,max_to_max,SC10,21,-16.431676725154983,270.0,13.0,406.0,24.0,6.0,3.2
2,max_to_sunset,SC10,21,-16.431676725154983,270.0,13.0,406.0,28.0,6.0,3.2
2,first_to_first,SC10,22,-9.848857801796104,97.0,15.0,178.0,28.0,9.0,2.4
2,last_to_last,SC10,22,1.0,7.0,15.0,178.0,34.0,9.0,2.4
2,mid_to_mid,SC10,22,-4.47213595499958,20.0,15.0,178.0,31.0,9.0,2.4
2,max_to_max,SC10,22,-11.357816691600547,137.0,15.0,178.0,34.0,9.0,2.4
2,max_to_sunset,SC10,22,-11.357816691600547,137.0,15.0,178.0,34.0,9.0,2.4
2,first_to_first,SC10,23,2.6457513110645907,0.0,9.0,0.0,34.0,9.0,1.6
2,last_to_last,SC10,23,1.7320508075688772,0.0,9.0,0.0,34.0,11.0,0.0
2,mid_to_mid,SC10,23,0.0,0.0,9.0,0.0,34.0,11.0,1.3
2,max_to_max,SC10,23,4.795831523312719,0.0,9.0,0.0,34.0,9.0,1.6
2,max_to_sunset,SC10,23,1.7320508075688772,0.0,9.0,0.0,34.0,9.0,1.6
2,first_to_first,SC10,24,1.4142135623730951,0.0,16.0,0.0,34.0,7.0,0.0
2,last_to_last,SC10,24,1.0,8.0,16.0,0.0,29.0,7.0,0.0
2,mid_to_mid,SC10,24,1.7320508075688772,0.0,16.0,0.0,34.0,7.0,0.0
2,max_to_max,SC10,24,1.4142135623730951,8.0,16.0,0.0,29.0,7.0,0.0
2,max_to_sunset,SC10,24,1.0,8.0,16.0,0.0,29.0,7.0,0.0
2,first_to_first,SC10,25,-1.4142135623730951,7.0,25.0,15.0,29.0,7.0,0.0
2,last_to_last,SC10,25,-1.7320508075688772,3.0,25.0,15.0,22.0,7.0,
2,mid_to_mid,SC10,25,0.0,0.0,25.0,15.0,29.0,7.0,0.0
2,max_to_max,SC10,25,-3.7416573867739413,23.0,25.0,15.0,25.0,7.0,
2,max_to_sunset,SC10,25,-4.795831523312719,23.0,25.0,15.0,25.0,7.0,
2,first_to_first,SC12,1,1.4142135623730951,13.0,17.0,0.0,29.0,11.0,3.0
2,last_to_last,SC12,1,5.744562646538029,39.0,17.0,0.0,29.0,11.0,5.1
2,mid_to_mid,SC12,1,-3.1622776601683795,13.0,17.0,0.0,29.0,11.0,3.0
2,max_to_max,SC12,1,10.488088481701515,49.0,17.0,0.0,29.0,11.0,5.1
2,max_to_sunset,SC12,1,4.795831523312719,49.0,17.0,0.0,29.0,11.0,5.1
2,first_to_first,SC12,2,6.557438524302,28.0,15.0,49.0,29.0,8.0,5.1
2,last_to_last,SC12,2,5.385164807134504,23.0,15.0,49.0,21.0,8.0,5.1
2,mid_to_mid,SC12,2,6.164414002968976,0.0,15.0,49.0,29.0,8.0,5.1
2,max_to_max,SC12,2,10.295630140987,37.0,15.0,49.0,29.0,8.0,5.1
2,max_to_sunset,SC12,2,3.872983346207417,37.0,15.0,49.0,29.0,8.0,5.1
2,first_to_first,SC12,3,5.656854249492381,15.0,16.0,140.0,21.0,8.0,5.1
2,last_to_last,SC12,3,-7.0,72.0,16.0,140.0,19.0,8.0,7.2
2,mid_to_mid,SC12,3,4.898979485566356,3.0,16.0,140.0,21.0,8.0,6.3
2,max_to_max,SC12,3,-3.1622776601683795,159.0,16.0,140.0,19.0,8.0,3.4
2,max_to_sunset,SC12,3,-11.661903789690601,159.0,16.0,140.0,19.0,8.0,7.2
2,first_to_first,SC12,4,-7.937253933193772,71.0,14.0,584.0,19.0,8.0,12.8
2,last_to_last,SC12,4,-5.196152422706632,52.0,14.0,584.0,20.0,8.0,12.8
2,mid_to_mid,SC12,4,-5.5677643628300215,38.0,14.0,584.0,18.0,8.0,12.8
2,max_to_max,SC12,4,-10.677078252031311,143.0,14.0,584.0,20.0,8.0,12.8
2,max_to_sunset,SC12,4,-10.862780491200215,143.0,14.0,584.0,20.0,8.0,12.8
2,first_to_first,SC12,5,-4.58257569495584,47.0,13.0,18.0,20.0,7.0,12.8
2,last_to_last,SC12,5,-2.8284271247461903,23.0,13.0,18.0,20.0,6.0,12.8
2,mid_to_mid,SC12,5,-1.7320508075688772,27.0,13.0,18.0,20.0,6.0,12.8
2,max_to_max,SC12,5,-10.677078252031311,149.0,13.0,18.0,20.0,6.0,12.8
2,max_to_sunset,SC12,5,-11.575836902790225,149.0,13.0,18.0,20.0,6.0,12.8
2,first_to_first,SC12,6,3.0,8.0,15.0,68.0,20.0,5.0,5.5
2,last_to_last,SC12,6,-3.1622776601683795,25.0,15.0,68.0,16.0,5.0,4.1
2,mid_to_mid,SC12,6,3.3166247903554,7.0,15.0,68.0,20.0,5.0,5.5
2,max_to_max,SC12,6,-1.7320508075688772,29.0,15.0,68.0,16.0,5.0,5.5
2,max_to_sunset,SC12,6,-3.7416573867739413,29.0,15.0,68.0,16.0,5.0,5.5
2,first_to_first,SC12,7,-4.242640687119285,26.0,8.0,202.0,16.0,5.0,12.0
2,last_to_last,SC12,7,-3.872983346207417,15.0,8.0,202.0,13.0,5.0,12.4
2,mid_to_mid,SC12,7,-4.898979485566356,24.0,8.0,202.0,16.0,5.0,12.4
2,max_to_max,SC12,7,-4.242640687119285,35.0,8.0,202.0,16.0,5.0,12.4
2,max_to_sunset,SC12,7,-5.916079783099616,35.0,8.0,202.0,16.0,5.0,12.4
2,first_to_first,SC2,1,-8.426149773176359,122.0,20.0,0.0,20.0,13.0,10.5
2,last_to_last,SC2,1,-10.488088481701515,110.0,20.0,0.0,20.0,11.0,10.5
2,mid_to_mid,SC2,1,-11.045361017187261,122.0,20.0,0.0,20.0,11.0,10.5
2,max_to_max,SC2,1,-8.246211251235321,122.0,20.0,0.0,20.0,11.0,10.5
2,max_to_sunset,SC2,1,-11.045361017187261,122.0,20.0,0.0,20.0,11.0,10.5
2,first_to_first,SC4,1,-15.588457268119896,436.0,16.0,0.0,24.0,8.0,3.0
2,last_to_last,SC4,1,-18.76166303929372,352.0,16.0,0.0,30.0,8.0,2.6
2,mid_to_mid,SC4,1,-20.808652046684813,436.0,16.0,0.0,28.0,8.0,3.0
2,max_to_max,SC4,1,-19.0,554.0,16.0,0.0,24.0,8.0,3.0
2,max_to_sunset,SC4,1,-23.53720459187964,554.0,16.0,0.0,30.0,8.0,3.0
2,first_to_first,SC4,2,-17.832554500127006,318.0,19.0,377.0,30.0,9.0,2.6
2,last_to_last,SC4,2,-13.96424004376894,197.0,19.0,377.0,30.0,9.0,3.2
2,mid_to_mid,SC4,2,-12.529964086141668,157.0,19.0,377.0,30.0,9.0,3.2
2,max_to_max,SC4,2,-23.727621035409346,569.0,19.0,377.0,30.0,9.0,3.2
2,max_to_sunset,SC4,2,-23.811761799581316,569.0,19.0,377.0,30.0,9.0,3.2
2,first_to_first,SC4,3,-13.892443989449804,193.0,13.0,104.0,30.0,9.0,3.2
2,last_to_last,SC4,3,12.96148139681572,0.0,13.0,104.0,21.0,9.0,4.3
2,mid_to_mid,SC4,3,2.449489742783178,3.0,13.0,104.0,30.0,9.0,4.3
2,max_to_max,SC4,3,-3.0,193.0,13.0,104.0,30.0,9.0,4.3
2,max_to_sunset,SC4,3,-5.0,193.0,13.0,104.0,30.0,9.0,4.3
2,first_to_first,SC4,4,12.36931687685298,0.0,18.0,0.0,21.0,9.0,4.3
2,last_to_last,SC4,4,15.297058540778355,2.0,18.0,0.0,20.0,9.0,4.3
2,mid_to_mid,SC4,4,9.695359714832659,0.0,18.0,0.0,21.0,9.0,4.3
2,max_to_max,SC4,4,18.193405398660254,6.0,18.0,0.0,20.0,9.0,4.3
2,max_to_sunset,SC4,4,15.165750888103101,6.0,18.0,0.0,20.0,9.0,4.3
2,first_to_first,SC4,5,15.132745950421556,0.0,14.0,80.0,20.0,4.0,4.3
2,last_to_last,SC4,5,-11.916375287812984,168.0,14.0,80.0,26.0,4.0,4.1
2,mid_to_mid,SC4,5,3.872983346207417,9.0,14.0,80.0,24.0,4.0,4.3
2,max_to_max,SC4,5,8.54400374531753,184.0,14.0,80.0,20.0,4.0,4.1
2,max_to_sunset,SC4,5,-12.569805089976535,184.0,14.0,80.0,26.0,4.0,4.1
2,first_to_first,SC4,6,-11.61895003862225,153.0,19.0,547.0,26.0,4.0,4.1
2,last_to_last,SC4,6,-14.866068747318506,236.0,19.0,547.0,26.0,4.0,3.0
2,mid_to_mid,SC4,6,-9.695359714832659,94.0,19.0,547.0,26.0,4.0,3.8
2,max_to_max,SC4,6,-17.578395831246947,337.0,19.0,547.0,26.0,4.0,3.8
2,max_to_sunset,SC4,6,-17.944358444926362,337.0,19.0,547.0,26.0,4.0,3.8
2,first_to_first,SC4,7,-14.628738838327793,229.0,8.0,199.0,26.0,6.0,2.0
2,last_to_last,SC4,7,3.3166247903554,26.0,8.0,199.0,23.0,6.0,3.2
2,mid_to_mid,SC4,7,-4.795831523312719,24.0,8.0,199.0,26.0,6.0,2.2
2,max_to_max,SC4,7,-14.832396974191326,257.0,8.0,199.0,26.0,6.0,3.2
2,max_to_sunset,SC4,7,-14.832396974191326,257.0,8.0,199.0,26.0,6.0,3.2
2,first_to_first,SC4,8,5.196152422706632,18.0,20.0,19.0,23.0,6.0,3.2
2,last_to_last,SC4,8,-3.4641016151377544,15.0,20.0,19.0,23.0,5.0,3.2
2,mid_to_mid,SC4,8,0.0,0.0,20.0,19.0,23.0,5.0,3.2
2,max_to_max,SC4,8,5.0990195135927845,28.0,20.0,19.0,23.0,5.0,3.2
2,max_to_sunset,SC4,8,-5.0,28.0,20.0,19.0,23.0,5.0,3.2
2,first_to_first,SC4,9,-3.0,15.0,13.0,16.0,23.0,4.0,3.2
2,last_to_last,SC4,9,-5.5677643628300215,37.0,13.0,16.0,23.0,4.0,2.8
2,mid_to_mid,SC4,9,-1.0,1.0,13.0,16.0,23.0,4.0,3.2
2,max_to_max,SC4,9,-4.358898943540674,37.0,13.0,16.0,23.0,4.0,2.8
2,max_to_sunset,SC4,9,-5.5677643628300215,37.0,13.0,16.0,23.0,4.0,2.8
2,first_to_first,SC4,10,-6.324555320336759,45.0,8.0,82.0,23.0,4.0,2.8
2,last_to_last,SC4,10,-1.7320508075688772,3.0,8.0,82.0,28.0,4.0,4.1
2,mid_to_mid,SC4,10,0.0,0.0,8.0,82.0,28.0,4.0,2.8
2,max_to_max,SC4,10,-7.0,54.0,8.0,82.0,23.0,4.0,2.8
2,max_to_sunset,SC4,10,-7.3484692283495345,54.0,8.0,82.0,28.0,4.0,4.1
2,first_to_first,SC4,11,-2.449489742783178,6.0,19.0,9.0,28.0,4.0,4.1
2,last_to_last,SC4,11,-2.449489742783178,6.0,19.0,9.0,32.0,6.0,4.1
2,mid_to_mid,SC4,11,0.0,0.0,19.0,9.0,32.0,6.0,4.1
2,max_to_max,SC4,11,-4.242640687119285,18.0,19.0,9.0,28.0,6.0,4.1
2,max_to_sunset,SC4,11,-4.242640687119285,18.0,19.0,9.0,32.0,6.0,4.1
2,first_to_first,SC4,12,-2.23606797749979,5.0,7.0,2.0,32.0,6.0,4.1
2,last_to_last,SC4,12,11.357816691600547,0.0,7.0,2.0,32.0,6.0,4.1
2,mid_to_mid,SC4,12,0.0,0.0,7.0,2.0,32.0,6.0,4.1
2,max_to_max,SC4,12,12.041594578792296,5.0,7.0,2.0,32.0,6.0,4.1
2,max_to_sunset,SC4,12,11.135528725660043,5.0,7.0,2.0,32.0,6.0,4.1
2,first_to_first,SC4,13,11.224972160321824,0.0,8.0,0.0,32.0,7.0,4.1
2,last_to_last,SC4,13,1.7320508075688772,0.0,8.0,0.0,30.0,7.0,3.4
2,mid_to_mid,SC4,13,4.242640687119285,0.0,8.0,0.0,32.0,7.0,4.1
2,max_to_max,SC4,13,11.61895003862225,0.0,8.0,0.0,32.0,7.0,4.1
2,max_to_sunset,SC4,13,1.7320508075688772,0.0,8.0,0.0,32.0,7.0,4.1
2,first_to_first,SC4,14,2.6457513110645907,0.0,17.0,2.0,30.0,10.0,3.8
2,last_to_last,SC4,14,-11.357816691600547,129.0,17.0,2.0,30.0,10.0,4.5
2,mid_to_mid,SC4,14,0.0,0.0,17.0,2.0,30.0,10.0,3.8
2,max_to_max,SC4,14,-11.916375287812984,150.0,17.0,2.0,30.0,10.0,3.8
2,max_to_sunset,SC4,14,-12.24744871391589,150.0,17.0,2.0,30.0,10.0,4.5
2,first_to_first,SC4,15,-11.224972160321824,126.0,14.0,48.0,30.0,13.0,7.4
2,last_to_last,SC4,15,-1.7320508075688772,3.0,14.0,48.0,23.0,13.0,7.4
2,mid_to_mid,SC4,15,-4.242640687119285,18.0,14.0,48.0,30.0,13.0,7.4
2,max_to_max,SC4,15,-11.61895003862225,135.0,14.0,48.0,30.0,13.0,7.4
2,max_to_sunset,SC4,15,-11.61895003862225,135.0,14.0,48.0,30.0,13.0,7.4
2,first_to_first,SC4,16,-2.6457513110645907,7.0,17.0,0.0,23.0,13.0,7.4
2,last_to_last,SC4,16,0.0,0.0,17.0,0.0,18.0,11.0,7.4
2,mid_to_mid,SC4,16,0.0,0.0,17.0,0.0,23.0,12.0,7.4
2,max_to_max,SC4,16,-2.8284271247461903,8.0,17.0,0.0,23.0,13.0,7.4
2,max_to_sunset,SC4,16,-2.8284271247461903,8.0,17.0,0.0,23.0,11.0,7.4
2,first_to_first,SC4,17,0.0,0.0,14.0,0.0,18.0,11.0,5.7
2,last_to_last,SC4,17,0.0,0.0,14.0,0.0,22.0,11.0,5.9
2,mid_to_mid,SC4,17,1.0,0.0,14.0,0.0,18.0,11.0,5.7
2,max_to_max,SC4,17,2.0,0.0,14.0,0.0,18.0,11.0,5.7
2,max_to_sunset,SC4,17,0.0,0.0,14.0,0.0,22.0,11.0,5.9
2,first_to_first,SC4,18,0.0,0.0,13.0,0.0,22.0,11.0,6.2
2,last_to_last,SC4,18,5.916079783099616,0.0,13.0,0.0,23.0,11.0,6.2
2,mid_to_mid,SC4,18,2.8284271247461903,0.0,13.0,0.0,23.0,11.0,6.2
2,max_to_max,SC4,18,11.445523142259598,0.0,13.0,0.0,23.0,11.0,6.2
2,max_to_sunset,SC4,18,5.916079783099616,0.0,13.0,0.0,23.0,11.0,6.2
2,first_to_first,SC4,19,9.591663046625438,0.0,17.0,3.0,23.0,11.0,6.2
2,last_to_last,SC4,19,8.660254037844387,0.0,17.0,3.0,23.0,11.0,6.2
2,mid_to_mid,SC4,19,9.899494936611665,1.0,17.0,3.0,23.0,11.0,6.2
2,max_to_max,SC4,19,14.2828568570857,4.0,17.0,3.0,23.0,11.0,6.2
2,max_to_sunset,SC4,19,8.426149773176359,4.0,17.0,3.0,23.0,11.0,6.2
2,first_to_first,SC4,20,9.055385138137417,0.0,16.0,80.0,23.0,7.0,3.2
2,last_to_last,SC4,20,15.0996688705415,35.0,16.0,80.0,21.0,7.0,3.2
2,mid_to_mid,SC4,20,-2.0,8.0,16.0,80.0,23.0,7.0,3.2
2,max_to_max,SC4,20,13.820274961085254,131.0,16.0,80.0,21.0,7.0,3.2
2,max_to_sunset,SC4,20,11.489125293076057,131.0,16.0,80.0,21.0,7.0,3.2
2,first_to_first,SC4,21,11.916375287812984,92.0,15.0,0.0,21.0,6.0,3.2
2,last_to_last,SC4,21,7.3484692283495345,75.0,15.0,0.0,21.0,6.0,3.0
2,mid_to_mid,SC4,21,-9.16515138991168,99.0,15.0,0.0,21.0,6.0,3.2
2,max_to_max,SC4,21,5.0990195135927845,208.0,15.0,0.0,21.0,6.0,3.2
2,max_to_sunset,SC4,21,-8.888194417315589,208.0,15.0,0.0,21.0,6.0,3.2
2,first_to_first,SC4,22,9.16515138991168,82.0,14.0,48.0,21.0,6.0,3.0
2,last_to_last,SC4,22,-13.152946437965905,263.0,14.0,48.0,21.0,6.0,2.8
2,mid_to_mid,SC4,22,10.099504938362077,4.0,14.0,48.0,21.0,6.0,3.0
2,max_to_max,SC4,22,-12.489995996796797,322.0,14.0,48.0,21.0,6.0,2.8
2,max_to_sunset,SC4,22,-15.231546211727817,322.0,14.0,48.0,21.0,6.0,2.8
2,first_to_first,SC4,23,-10.770329614269007,234.0,6.0,40.0,21.0,6.0,2.8
2,last_to_last,SC4,23,-11.357816691600547,129.0,6.0,40.0,22.0,7.0,2.8
2,mid_to_mid,SC4,23,-3.605551275463989,15.0,6.0,40.0,20.0,7.0,2.8
2,max_to_max,SC4,23,-10.770329614269007,234.0,6.0,40.0,21.0,6.0,2.8
2,max_to_sunset,SC4,23,-15.297058540778355,234.0,6.0,40.0,22.0,6.0,2.8
2,first_to_first,SC4,24,-12.884098726725126,166.0,7.0,61.0,22.0,7.0,2.8
2,last_to_last,SC4,24,-9.433981132056603,90.0,7.0,61.0,24.0,8.0,2.8
2,mid_to_mid,SC4,24,-10.295630140987,106.0,7.0,61.0,22.0,8.0,2.8
2,max_to_max,SC4,24,-12.649110640673518,166.0,7.0,61.0,22.0,7.0,2.8
2,max_to_sunset,SC4,24,-12.84523257866513,166.0,7.0,61.0,24.0,7.0,2.8
2,first_to_first,SC4,25,-10.816653826391969,118.0,11.0,47.0,24.0,9.0,2.8
2,last_to_last,SC4,25,0.0,0.0,11.0,47.0,24.0,9.0,4.7
2,mid_to_mid,SC4,25,-1.4142135623730951,2.0,11.0,47.0,24.0,9.0,3.8
2,max_to_max,SC4,25,-10.816653826391969,118.0,11.0,47.0,24.0,9.0,2.8
2,max_to_sunset,SC4,25,-10.862780491200215,118.0,11.0,47.0,24.0,9.0,4.7
2,first_to_first,SC4,26,0.0,0.0,22.0,3.0,24.0,9.0,5.1
2,last_to_last,SC4,26,9.16515138991168,1.0,22.0,3.0,17.0,10.0,5.1
2,mid_to_mid,SC4,26,2.449489742783178,0.0,22.0,3.0,24.0,10.0,5.1
2,max_to_max,SC4,26,9.055385138137417,6.0,22.0,3.0,24.0,10.0,5.1
2,max_to_sunset,SC4,26,8.888194417315589,6.0,22.0,3.0,24.0,10.0,5.1
2,first_to_first,SC4,27,9.746794344808963,1.0,12.0,0.0,17.0,10.0,5.1
2,last_to_last,SC4,27,1.0,0.0,12.0,0.0,18.0,10.0,5.1
2,mid_to_mid,SC4,27,11.874342087037917,0.0,12.0,0.0,17.0,10.0,5.1
2,max_to_max,SC4,27,11.832159566199232,1.0,12.0,0.0,17.0,10.0,5.1
2,max_to_sunset,SC4,27,0.0,1.0,12.0,0.0,18.0,10.0,5.1
2,first_to_first,SC4,28,0.0,0.0,14.0,12.0,18.0,7.0,4.5
2,last_to_last,SC4,28,-8.94427190999916,85.0,14.0,12.0,24.0,7.0,4.1
2,mid_to_mid,SC4,28,-1.4142135623730951,6.0,14.0,12.0,24.0,7.0,4.1
2,max_to_max,SC4,28,-8.717797887081348,88.0,14.0,12.0,24.0,7.0,4.1
2,max_to_sunset,SC4,28,-9.1104335791443,88.0,14.0,12.0,24.0,7.0,4.1
2,first_to_first,SC4,29,-9.486832980505138,96.0,13.0,2.0,24.0,5.0,4.1
2,last_to_last,SC4,29,-1.0,1.0,13.0,2.0,24.0,5.0,2.4
2,mid_to_mid,SC4,29,-11.704699910719626,141.0,13.0,2.0,24.0,5.0,4.1
2,max_to_max,SC4,29,-11.61895003862225,141.0,13.0,2.0,24.0,5.0,4.1
2,max_to_sunset,SC4,29,-11.874342087037917,141.0,13.0,2.0,24.0,5.0,4.1
2,first_to_first,SC4,30,0.0,0.0,22.0,26.0,24.0,5.0,5.5
2,last_to_last,SC4,30,10.198039027185569,5.0,22.0,26.0,21.0,5.0,5.5
2,mid_to_mid,SC4,30,1.7320508075688772,4.0,22.0,26.0,23.0,5.0,5.5
2,max_to_max,SC4,30,10.392304845413264,12.0,22.0,26.0,23.0,5.0,5.5
2,max_to_sunset,SC4,30,9.848857801796104,12.0,22.0,26.0,23.0,5.0,5.5
2,first_to_first,SC4,31,11.357816691600547,6.0,5.0,25.0,21.0,5.0,5.5
2,last_to_last,SC4,31,9.539392014169456,0.0,5.0,25.0,18.0,6.0,5.5
2,mid_to_mid,SC4,31,3.605551275463989,4.0,5.0,25.0,21.0,6.0,5.5
2,max_to_max,SC4,31,12.12435565298214,6.0,5.0,25.0,21.0,5.0,5.5
2,max_to_sunset,SC4,31,9.219544457292887,6.0,5.0,25.0,21.0,5.0,5.5
2,first_to_first,SC4,32,11.269427669584644,0.0,16.0,39.0,18.0,6.0,5.1
2,last_to_last,SC4,32,-10.295630140987,109.0,16.0,39.0,20.0,6.0,5.1
2,mid_to_mid,SC4,32,1.7320508075688772,7.0,16.0,39.0,20.0,6.0,5.1
2,max_to_max,SC4,32,2.6457513110645907,120.0,16.0,39.0,18.0,6.0,5.1
2,max_to_sunset,SC4,32,-10.816653826391969,120.0,16.0,39.0,20.0,6.0,5.1
2,first_to_first,SC6,1,10.295630140987,0.0,21.0,1.0,25.0,9.0,3.7
2,last_to_last,SC6,1,8.0,1.0,21.0,1.0,25.0,9.0,4.3
2,mid_to_mid,SC6,1,7.810249675906654,0.0,21.0,1.0,25.0,9.0,4.3
2,max_to_max,SC6,1,10.862780491200215,2.0,21.0,1.0,23.0,9.0,3.7
2,max_to_sunset,SC6,1,7.937253933193772,2.0,21.0,1.0,25.0,9.0,4.3
2,first_to_first,SC6,2,6.782329983125268,0.0,18.0,14.0,25.0,11.0,4.3
2,last_to_last,SC6,2,-13.30413469565007,196.0,18.0,14.0,25.0,11.0,5.7
2,mid_to_mid,SC6,2,5.0,1.0,18.0,14.0,25.0,11.0,4.3
2,max_to_max,SC6,2,-14.38749456993816,284.0,18.0,14.0,25.0,11.0,4.3
2,max_to_sunset,SC6,2,-16.278820596099706,284.0,18.0,14.0,25.0,11.0,5.7
2,first_to_first,SC6,3,-9.539392014169456,106.0,14.0,36.0,25.0,14.0,5.7
2,last_to_last,SC6,3,-7.14142842854285,65.0,14.0,36.0,22.0,14.0,5.7
2,mid_to_mid,SC6,3,-6.557438524302,61.0,14.0,36.0,25.0,14.0,5.7
2,max_to_max,SC6,3,-10.099504938362077,120.0,14.0,36.0,25.0,14.0,5.7
2,max_to_sunset,SC6,3,-10.295630140987,120.0,14.0,36.0,25.0,14.0,5.7
2,first_to_first,SC6,4,-5.5677643628300215,46.0,17.0,3.0,19.0,14.0,5.7
2,last_to_last,SC6,4,-3.7416573867739413,19.0,17.0,3.0,16.0,11.0,7.2
2,mid_to_mid,SC6,4,-4.47213595499958,26.0,17.0,3.0,19.0,12.0,7.2
2,max_to_max,SC6,4,-7.745966692414834,77.0,17.0,3.0,19.0,14.0,5.7
2,max_to_sunset,SC6,4,-8.48528137423857,77.0,17.0,3.0,19.0,11.0,7.2
2,first_to_first,SC6,5,-2.8284271247461903,15.0,15.0,12.0,16.0,11.0,7.2
2,last_to_last,SC6,5,-3.0,14.0,15.0,12.0,17.0,11.0,7.2
2,mid_to_mid,SC6,5,-3.4641016151377544,18.0,15.0,12.0,16.0,11.0,7.2
2,max_to_max,SC6,5,-1.7320508075688772,18.0,15.0,12.0,16.0,11.0,7.2
2,max_to_sunset,SC6,5,-3.605551275463989,18.0,15.0,12.0,17.0,11.0,7.2
2,first_to_first,SC6,6,-3.3166247903554,15.0,14.0,0.0,17.0,11.0,7.8
2,last_to_last,SC6,6,7.54983443527075,5.0,14.0,0.0,18.0,11.0,7.8
2,mid_to_mid,SC6,6,-2.23606797749979,6.0,14.0,0.0,18.0,11.0,7.8
2,max_to_max,SC6,6,10.862780491200215,17.0,14.0,0.0,18.0,11.0,7.8
2,max_to_sunset,SC6,6,6.708203932499369,17.0,14.0,0.0,18.0,11.0,7.8
2,first_to_first,SC6,7,5.291502622129181,7.0,13.0,0.0,18.0,12.0,7.8
2,last_to_last,SC6,7,4.358898943540674,5.0,13.0,0.0,18.0,12.0,7.8
2,mid_to_mid,SC6,7,6.244997998398398,6.0,13.0,0.0,18.0,12.0,7.8
2,max_to_max,SC6,7,6.4031242374328485,15.0,13.0,0.0,18.0,12.0,7.8
2,max_to_sunset,SC6,7,3.0,15.0,13.0,0.0,18.0,12.0,7.8
2,first_to_first,SC6,8,4.58257569495584,4.0,16.0,52.0,18.0,8.0,4.1
2,last_to_last,SC6,8,0.0,62.0,16.0,52.0,18.0,8.0,4.1
2,mid_to_mid,SC6,8,5.0,1.0,16.0,52.0,18.0,8.0,4.1
2,max_to_max,SC6,8,-7.745966692414834,135.0,16.0,52.0,18.0,8.0,4.1
2,max_to_sunset,SC6,8,-8.54400374531753,135.0,16.0,52.0,18.0,8.0,4.1
2,first_to_first,SC6,9,2.449489742783178,35.0,14.0,0.0,18.0,8.0,4.1
2,last_to_last,SC6,9,7.745966692414834,24.0,14.0,0.0,18.0,7.0,3.7
2,mid_to_mid,SC6,9,-3.605551275463989,45.0,14.0,0.0,18.0,7.0,4.1
2,max_to_max,SC6,9,5.291502622129181,56.0,14.0,0.0,18.0,7.0,4.1
2,max_to_sunset,SC6,9,5.291502622129181,56.0,14.0,0.0,18.0,7.0,4.1
2,first_to_first,SC6,10,6.164414002968976,25.0,14.0,120.0,18.0,7.0,3.7
2,last_to_last,SC6,10,1.0,62.0,14.0,120.0,17.0,7.0,3.4
2,mid_to_mid,SC6,10,4.795831523312719,26.0,14.0,120.0,18.0,7.0,3.7
2,max_to_max,SC6,10,2.0,75.0,14.0,120.0,17.0,7.0,3.4
2,max_to_sunset,SC6,10,-3.4641016151377544,75.0,14.0,120.0,17.0,7.0,3.4
2,first_to_first,SC6,11,3.7416573867739413,41.0,14.0,122.0,17.0,7.0,3.4
2,last_to_last,SC6,11,-3.4641016151377544,84.0,14.0,122.0,17.0,8.0,3.2
2,mid_to_mid,SC6,11,2.0,32.0,14.0,122.0,17.0,8.0,3.4
2,max_to_max,SC6,11,4.898979485566356,84.0,14.0,122.0,16.0,8.0,3.2
2,max_to_sunset,SC6,11,-3.4641016151377544,84.0,14.0,122.0,17.0,8.0,3.2
2,first_to_first,SC6,12,-1.4142135623730951,63.0,13.0,32.0,17.0,8.0,3.0
2,last_to_last,SC6,12,3.605551275463989,63.0,13.0,32.0,19.0,9.0,2.4
2,mid_to_mid,SC6,12,1.7320508075688772,49.0,13.0,32.0,17.0,9.0,3.0
2,max_to_max,SC6,12,2.0,79.0,13.0,32.0,19.0,9.0,3.0
2,max_to_sunset,SC6,12,-1.7320508075688772,79.0,13.0,32.0,19.0,9.0,3.0
2,first_to_first,SC6,13,-3.605551275463989,55.0,15.0,73.0,19.0,10.0,2.4
2,last_to_last,SC6,13,-6.48074069840786,72.0,15.0,73.0,19.0,10.0,3.7
2,mid_to_mid,SC6,13,0.0,36.0,15.0,73.0,19.0,10.0,2.8
2,max_to_max,SC6,13,-5.5677643628300215,108.0,15.0,73.0,19.0,10.0,2.4
2,max_to_sunset,SC6,13,-8.831760866327848,108.0,15.0,73.0,19.0,10.0,3.7
2,first_to_first,SC6,14,-5.385164807134504,61.0,16.0,233.0,19.0,10.0,4.7
2,last_to_last,SC6,14,-6.48074069840786,76.0,16.0,233.0,16.0,11.0,4.7
2,mid_to_mid,SC6,14,-3.3166247903554,52.0,16.0,233.0,19.0,11.0,4.7
2,max_to_max,SC6,14,-3.605551275463989,83.0,16.0,233.0,16.0,11.0,4.7
2,max_to_sunset,SC6,14,-7.0,83.0,16.0,233.0,16.0,11.0,4.7
2,first_to_first,SC6,15,-4.795831523312719,42.0,13.0,2.0,16.0,10.0,4.7
2,last_to_last,SC6,15,-3.1622776601683795,30.0,13.0,2.0,16.0,10.0,4.7
2,mid_to_mid,SC6,15,-3.1622776601683795,36.0,13.0,2.0,16.0,10.0,4.7
2,max_to_max,SC6,15,-7.14142842854285,77.0,13.0,2.0,16.0,10.0,4.7
2,max_to_sunset,SC6,15,-7.54983443527075,77.0,13.0,2.0,16.0,10.0,4.7
2,first_to_first,SC6,16,-2.23606797749979,32.0,15.0,53.0,16.0,8.0,4.5
2,last_to_last,SC6,16,11.445523142259598,34.0,15.0,53.0,18.0,8.0,3.8
2,mid_to_mid,SC6,16,-5.385164807134504,41.0,15.0,53.0,16.0,8.0,4.5
2,max_to_max,SC6,16,9.746794344808963,70.0,15.0,53.0,18.0,8.0,4.1
2,max_to_sunset,SC6,16,9.746794344808963,70.0,15.0,53.0,18.0,8.0,4.1
2,first_to_first,SC6,17,11.180339887498949,19.0,13.0,0.0,18.0,6.0,3.8
2,last_to_last,SC6,17,5.916079783099616,20.0,13.0,0.0,18.0,6.0,3.0
2,mid_to_mid,SC6,17,5.0,26.0,13.0,0.0,18.0,6.0,3.8
2,max_to_max,SC6,17,10.862780491200215,26.0,13.0,0.0,18.0,6.0,3.8
2,max_to_sunset,SC6,17,5.385164807134504,26.0,13.0,0.0,18.0,6.0,3.8
2,first_to_first,SC6,18,4.242640687119285,27.0,14.0,237.0,18.0,6.0,5.9
2,last_to_last,SC6,18,-12.0,165.0,14.0,237.0,17.0,6.0,5.9
2,mid_to_mid,SC6,18,5.196152422706632,12.0,14.0,237.0,18.0,6.0,5.9
2,max_to_max,SC6,18,-9.273618495495704,165.0,14.0,237.0,17.0,6.0,5.9
2,max_to_sunset,SC6,18,-12.0,165.0,14.0,237.0,17.0,6.0,5.9
2,first_to_first,SC6,19,-11.0,144.0,7.0,332.0,17.0,6.0,5.9
2,last_to_last,SC6,19,-4.795831523312719,55.0,7.0,332.0,15.0,7.0,5.9
2,mid_to_mid,SC6,19,-5.196152422706632,51.0,7.0,332.0,17.0,7.0,5.9
2,max_to_max,SC6,19,-10.14889156509222,144.0,7.0,332.0,17.0,6.0,5.9
2,max_to_sunset,SC6,19,-10.583005244258363,144.0,7.0,332.0,17.0,6.0,5.9
2,first_to_first,SC6,20,-4.898979485566356,45.0,11.0,408.0,15.0,7.0,5.3
2,last_to_last,SC6,20,-2.23606797749979,21.0,11.0,408.0,16.0,7.0,5.1
2,mid_to_mid,SC6,20,-5.291502622129181,39.0,11.0,408.0,15.0,7.0,5.3
2,max_to_max,SC6,20,-6.928203230275509,79.0,11.0,408.0,15.0,7.0,5.3
2,max_to_sunset,SC6,20,-7.937253933193772,79.0,11.0,408.0,16.0,7.0,5.3
2,first_to_first,SC8,1,2.23606797749979,238.0,16.0,0.0,20.0,5.0,8.7
2,last_to_last,SC8,1,-5.385164807134504,254.0,16.0,0.0,15.0,5.0,8.7
2,mid_to_mid,SC8,1,-3.1622776601683795,238.0,16.0,0.0,20.0,5.0,8.7
2,max_to_max,SC8,1,-3.4641016151377544,255.0,16.0,0.0,16.0,5.0,8.7
2,max_to_sunset,SC8,1,-5.477225575051661,255.0,16.0,0.0,16.0,5.0,8.7
2,first_to_first,SC8,2,-5.0990195135927845,264.0,6.0,1.0,15.0,4.0,8.7
2,last_to_last,SC8,2,-1.0,243.0,6.0,1.0,16.0,4.0,8.7
2,mid_to_mid,SC8,2,-4.0,247.0,6.0,1.0,15.0,4.0,8.7
2,max_to_max,SC8,2,-4.69041575982343,264.0,6.0,1.0,16.0,4.0,8.7
2,max_to_sunset,SC8,2,-4.69041575982343,264.0,6.0,1.0,16.0,4.0,8.7
2,first_to_first,SC8,3,0.0,243.0,6.0,9.0,16.0,4.0,5.1
2,last_to_last,SC8,3,5.291502622129181,225.0,6.0,9.0,17.0,4.0,5.1
2,mid_to_mid,SC8,3,4.58257569495584,228.0,6.0,9.0,16.0,4.0,5.1
2,max_to_max,SC8,3,3.4641016151377544,243.0,6.0,9.0,16.0,4.0,5.1
2,max_to_sunset,SC8,3,3.1622776601683795,243.0,6.0,9.0,17.0,4.0,5.1
2,first_to_first,SC8,4,3.7416573867739413,238.0,12.0,32.0,17.0,4.0,4.9
2,last_to_last,SC8,4,-2.449489742783178,242.0,12.0,32.0,17.0,7.0,4.9
2,mid_to_mid,SC8,4,1.0,231.0,12.0,32.0,17.0,7.0,4.9
2,max_to_max,SC8,4,3.3166247903554,242.0,12.0,32.0,17.0,7.0,4.9
2,max_to_sunset,SC8,4,-2.449489742783178,242.0,12.0,32.0,17.0,7.0,4.9
2,first_to_first,SC8,5,1.4142135623730951,243.0,9.0,26.0,17.0,7.0,8.4
2,last_to_last,SC8,5,-6.557438524302,253.0,9.0,26.0,16.0,6.0,8.4
2,mid_to_mid,SC8,5,-6.708203932499369,249.0,9.0,26.0,17.0,6.0,8.4
2,max_to_max,SC8,5,-3.1622776601683795,255.0,9.0,26.0,17.0,7.0,8.4
2,max_to_sunset,SC8,5,-6.708203932499369,255.0,9.0,26.0,17.0,6.0,8.4
2,first_to_first,SC8,6,-6.855654600401044,252.0,8.0,9.0,16.0,5.0,8.4
2,last_to_last,SC8,6,-4.898979485566356,236.0,8.0,9.0,16.0,5.0,8.4
2,mid_to_mid,SC8,6,-5.5677643628300215,232.0,8.0,9.0,16.0,5.0,8.4
2,max_to_max,SC8,6,-6.4031242374328485,253.0,8.0,9.0,16.0,5.0,8.4
2,max_to_sunset,SC8,6,-6.4031242374328485,253.0,8.0,9.0,16.0,5.0,8.4
2,first_to_first,SC8,7,-4.358898943540674,245.0,7.0,4.0,16.0,5.0,4.3
2,last_to_last,SC8,7,-2.449489742783178,210.0,7.0,4.0,16.0,5.0,4.3
2,mid_to_mid,SC8,7,-2.8284271247461903,204.0,7.0,4.0,16.0,5.0,4.3
2,max_to_max,SC8,7,-4.242640687119285,245.0,7.0,4.0,16.0,5.0,4.3
2,max_to_sunset,SC8,7,-6.4031242374328485,245.0,7.0,4.0,16.0,5.0,4.3
2,first_to_first,SC8,8,2.8284271247461903,205.0,13.0,10.0,16.0,6.0,4.3
2,last_to_last,SC8,8,-1.0,212.0,13.0,10.0,16.0,7.0,4.3
2,mid_to_mid,SC8,8,3.605551275463989,201.0,13.0,10.0,16.0,7.0,4.3
2,max_to_max,SC8,8,1.4142135623730951,212.0,13.0,10.0,16.0,7.0,4.3
2,max_to_sunset,SC8,8,-1.0,212.0,13.0,10.0,16.0,7.0,4.3
2,first_to_first,SC8,9,2.23606797749979,226.0,7.0,2.0,16.0,7.0,4.3
2,last_to_last,SC8,9,8.18535277187245,204.0,7.0,2.0,15.0,7.0,3.2
2,mid_to_mid,SC8,9,2.6457513110645907,196.0,7.0,2.0,16.0,7.0,4.3
2,max_to_max,SC8,9,6.6332495807108,227.0,7.0,2.0,16.0,7.0,4.3
2,max_to_sunset,SC8,9,6.6332495807108,227.0,7.0,2.0,16.0,7.0,4.3
2,first_to_first,SC8,10,7.937253933193772,213.0,14.0,0.0,15.0,7.0,3.2
2,last_to_last,SC8,10,8.54400374531753,211.0,14.0,0.0,17.0,7.0,3.2
2,mid_to_mid,SC8,10,5.830951894845301,214.0,14.0,0.0,15.0,7.0,3.2
2,max_to_max,SC8,10,8.366600265340756,214.0,14.0,0.0,17.0,7.0,3.2
2,max_to_sunset,SC8,10,8.366600265340756,214.0,14.0,0.0,17.0,7.0,3.2
2,first_to_first,SC8,11,7.874007874011811,231.0,14.0,2.0,17.0,8.0,3.2
2,last_to_last,SC8,11,-14.866068747318506,271.0,14.0,2.0,17.0,8.0,3.2
2,mid_to_mid,SC8,11,-13.45362404707371,203.0,14.0,2.0,17.0,8.0,3.2
2,max_to_max,SC8,11,4.69041575982343,271.0,14.0,2.0,17.0,8.0,3.0
2,max_to_sunset,SC8,11,-14.866068747318506,271.0,14.0,2.0,17.0,8.0,3.2
2,first_to_first,SC8,12,-15.264337522473747,276.0,13.0,12.0,17.0,6.0,3.2
2,last_to_last,SC8,12,-16.492422502470642,284.0,13.0,12.0,17.0,6.0,4.9
2,mid_to_mid,SC8,12,-15.198684153570664,248.0,13.0,12.0,17.0,6.0,3.2
2,max_to_max,SC8,12,-14.933184523068078,284.0,13.0,12.0,17.0,6.0,3.2
2,max_to_sunset,SC8,12,-16.492422502470642,284.0,13.0,12.0,17.0,6.0,4.9
2,first_to_first,SC8,13,-16.73320053068151,293.0,12.0,5.0,17.0,6.0,4.9
2,last_to_last,SC8,13,-6.855654600401044,50.0,12.0,5.0,18.0,6.0,7.0
2,mid_to_mid,SC8,13,-3.1622776601683795,22.0,12.0,5.0,17.0,6.0,7.0
2,max_to_max,SC8,13,-16.401219466856727,293.0,12.0,5.0,17.0,6.0,6.3
2,max_to_sunset,SC8,13,-17.029386365926403,293.0,12.0,5.0,18.0,6.0,7.0
2,first_to_first,SC8,14,-6.4031242374328485,43.0,11.0,22.0,18.0,8.0,7.0
2,last_to_last,SC8,14,-3.1622776601683795,12.0,11.0,22.0,18.0,9.0,7.0
2,mid_to_mid,SC8,14,-3.872983346207417,17.0,11.0,22.0,18.0,9.0,7.0
2,max_to_max,SC8,14,-7.54983443527075,61.0,11.0,22.0,18.0,9.0,7.0
2,max_to_sunset,SC8,14,-7.681145747868608,61.0,11.0,22.0,18.0,9.0,7.0
2,first_to_first,SC8,15,-3.0,13.0,12.0,0.0,18.0,11.0,7.0
2,last_to_last,SC8,15,0.0,3.0,12.0,0.0,18.0,11.0,7.0
2,mid_to_mid,SC8,15,-2.8284271247461903,12.0,12.0,0.0,18.0,11.0,7.0
2,max_to_max,SC8,15,-4.123105625617661,24.0,12.0,0.0,18.0,11.0,7.0
2,max_to_sunset,SC8,15,-4.58257569495584,24.0,12.0,0.0,18.0,11.0,7.0
2,first_to_first,SC8,16,1.7320508075688772,2.0,13.0,0.0,18.0,11.0,8.2
2,last_to_last,SC8,16,1.4142135623730951,2.0,13.0,0.0,18.0,11.0,8.2
2,mid_to_mid,SC8,16,2.0,2.0,13.0,0.0,18.0,11.0,8.2
2,max_to_max,SC8,16,4.358898943540674,4.0,13.0,0.0,18.0,11.0,8.2
2,max_to_sunset,SC8,16,0.0,4.0,13.0,0.0,18.0,11.0,8.2
2,first_to_first,SC8,17,1.4142135623730951,4.0,17.0,12.0,18.0,12.0,8.2
2,last_to_last,SC8,17,2.23606797749979,3.0,17.0,12.0,17.0,11.0,8.2
2,mid_to_mid,SC8,17,1.4142135623730951,4.0,17.0,12.0,18.0,11.0,8.2
2,max_to_max,SC8,17,1.0,7.0,17.0,12.0,18.0,11.0,8.2
2,max_to_sunset,SC8,17,1.0,7.0,17.0,12.0,18.0,11.0,8.2
2,first_to_first,SC8,18,1.7320508075688772,5.0,17.0,19.0,17.0,11.0,4.1
2,last_to_last,SC8,18,2.23606797749979,4.0,17.0,19.0,17.0,11.0,4.1
2,mid_to_mid,SC8,18,1.4142135623730951,6.0,17.0,19.0,17.0,11.0,4.1
2,max_to_max,SC8,18,-3.7416573867739413,23.0,17.0,19.0,17.0,11.0,4.1
2,max_to_sunset,SC8,18,-3.7416573867739413,23.0,17.0,19.0,17.0,11.0,4.1
2,first_to_first,SC8,19,3.1622776601683795,6.0,15.0,0.0,17.0,11.0,4.1
2,last_to_last,SC8,19,3.872983346207417,8.0,15.0,0.0,18.0,11.0,4.1
2,mid_to_mid,SC8,19,4.242640687119285,6.0,15.0,0.0,17.0,11.0,4.1
2,max_to_max,SC8,19,5.385164807134504,8.0,15.0,0.0,17.0,11.0,4.1
2,max_to_sunset,SC8,19,3.872983346207417,8.0,15.0,0.0,18.0,11.0,4.1
2,first_to_first,SC8,20,4.0,8.0,12.0,0.0,18.0,7.0,4.1
2,last_to_last,SC8,20,5.656854249492381,9.0,12.0,0.0,21.0,7.0,4.1
2,mid_to_mid,SC8,20,1.4142135623730951,8.0,12.0,0.0,18.0,7.0,4.1
2,max_to_max,SC8,20,5.656854249492381,9.0,12.0,0.0,18.0,7.0,4.1
2,max_to_sunset,SC8,20,5.656854249492381,9.0,12.0,0.0,21.0,7.0,4.1
2,first_to_first,SC8,21,-2.449489742783178,16.0,14.0,33.0,21.0,7.0,4.1
2,last_to_last,SC8,21,-4.47213595499958,23.0,14.0,33.0,21.0,7.0,3.2
2,mid_to_mid,SC8,21,-4.58257569495584,24.0,14.0,33.0,21.0,7.0,4.1
2,max_to_max,SC8,21,-3.872983346207417,37.0,14.0,33.0,21.0,7.0,4.1
2,max_to_sunset,SC8,21,-5.830951894845301,37.0,14.0,33.0,21.0,7.0,4.1
2,first_to_first,SC9,1,0.0,0.0,20.0,31.0,37.0,11.0,0.0
2,last_to_last,SC9,1,-1.4142135623730951,3.0,20.0,31.0,37.0,11.0,0.0
2,mid_to_mid,SC9,1,0.0,0.0,20.0,31.0,37.0,11.0,0.0
2,max_to_max,SC9,1,-5.830951894845301,35.0,20.0,31.0,37.0,11.0,0.0
2,max_to_sunset,SC9,1,-5.830951894845301,35.0,20.0,31.0,37.0,11.0,0.0
3,first_to_first,SC1,1,-10.14889156509222,108.0,16.0,0.0,21.0,8.0,5.9
3,last_to_last,SC1,1,-7.14142842854285,51.0,16.0,0.0,21.0,8.0,6.3
3,mid_to_mid,SC1,1,-8.366600265340756,72.0,16.0,0.0,21.0,8.0,5.9
3,max_to_max,SC1,1,-10.770329614269007,121.0,16.0,0.0,21.0,8.0,5.1
3,max_to_sunset,SC1,1,-11.0,121.0,16.0,0.0,21.0,8.0,6.3
3,first_to_first,SC1,2,-7.483314773547883,56.0,16.0,0.0,21.0,8.0,6.3
3,last_to_last,SC1,2,-4.795831523312719,23.0,16.0,0.0,21.0,8.0,6.3
3,mid_to_mid,SC1,2,-6.6332495807108,44.0,16.0,0.0,21.0,8.0,6.3
3,max_to_max,SC1,2,-7.483314773547883,56.0,16.0,0.0,21.0,8.0,6.3
3,max_to_sunset,SC1,2,-7.483314773547883,56.0,16.0,0.0,21.0,8.0,6.3
3,first_to_first,SC1,3,-3.3166247903554,11.0,11.0,5.0,21.0,8.0,6.3
3,last_to_last,SC1,3,-1.4142135623730951,2.0,11.0,5.0,22.0,8.0,6.3
3,mid_to_mid,SC1,3,-2.449489742783178,6.0,11.0,5.0,21.0,8.0,6.3
3,max_to_max,SC1,3,-4.58257569495584,21.0,11.0,5.0,21.0,8.0,6.3
3,max_to_sunset,SC1,3,-4.58257569495584,21.0,11.0,5.0,22.0,8.0,6.3
3,first_to_first,SC1,4,-2.23606797749979,5.0,9.0,3.0,22.0,8.0,6.3
3,last_to_last,SC1,4,0.0,0.0,9.0,3.0,22.0,9.0,5.5
3,mid_to_mid,SC1,4,-1.4142135623730951,2.0,9.0,3.0,22.0,9.0,6.3
3,max_to_max,SC1,4,-2.23606797749979,5.0,9.0,3.0,22.0,8.0,6.3
3,max_to_sunset,SC1,4,-2.23606797749979,5.0,9.0,3.0,22.0,8.0,6.3
3,first_to_first,SC1,5,0.0,0.0,13.0,0.0,22.0,11.0,5.5
3,last_to_last,SC1,5,0.0,0.0,13.0,0.0,22.0,7.0,5.5
3,mid_to_mid,SC1,5,0.0,0.0,13.0,0.0,22.0,8.0,5.5
3,max_to_max,SC1,5,0.0,0.0,13.0,0.0,22.0,11.0,5.5
3,max_to_sunset,SC1,5,0.0,0.0,13.0,0.0,22.0,7.0,5.5
3,first_to_first,SC1,6,0.0,0.0,14.0,0.0,22.0,7.0,5.5
3,last_to_last,SC1,6,0.0,0.0,14.0,0.0,19.0,6.0,6.3
3,mid_to_mid,SC1,6,0.0,0.0,14.0,0.0,22.0,6.0,5.5
3,max_to_max,SC1,6,0.0,0.0,14.0,0.0,22.0,7.0,5.5
3,max_to_sunset,SC1,6,0.0,0.0,14.0,0.0,22.0,6.0,6.3
3,first_to_first,SC1,7,0.0,0.0,12.0,0.0,19.0,6.0,6.3
3,last_to_last,SC1,7,0.0,0.0,12.0,0.0,19.0,6.0,6.3
3,mid_to_mid,SC1,7,0.0,0.0,12.0,0.0,19.0,6.0,6.3
3,max_to_max,SC1,7,0.0,0.0,12.0,0.0,19.0,6.0,6.3
3,max_to_sunset,SC1,7,0.0,0.0,12.0,0.0,19.0,6.0,6.3
3,first_to_first,SC1,8,0.0,0.0,11.0,0.0,19.0,6.0,6.3
3,last_to_last,SC1,8,0.0,0.0,11.0,0.0,20.0,6.0,6.3
3,mid_to_mid,SC1,8,0.0,0.0,11.0,0.0,19.0,6.0,6.3
3,max_to_max,SC1,8,0.0,0.0,11.0,0.0,19.0,6.0,6.3
3,max_to_sunset,SC1,8,0.0,0.0,11.0,0.0,20.0,6.0,6.3
3,first_to_first,SC1,9,0.0,0.0,7.0,0.0,20.0,6.0,6.3
3,last_to_last,SC1,9,0.0,0.0,7.0,0.0,20.0,8.0,3.7
3,mid_to_mid,SC1,9,0.0,0.0,7.0,0.0,20.0,8.0,6.3
3,max_to_max,SC1,9,0.0,0.0,7.0,0.0,20.0,6.0,6.3
3,max_to_sunset,SC1,9,0.0,0.0,7.0,0.0,20.0,6.0,6.3
3,first_to_first,SC1,10,0.0,0.0,11.0,0.0,20.0,8.0,3.7
3,last_to_last,SC1,10,0.0,0.0,11.0,0.0,20.0,8.0,5.1
3,mid_to_mid,SC1,10,0.0,0.0,11.0,0.0,20.0,8.0,4.5
3,max_to_max,SC1,10,0.0,0.0,11.0,0.0,20.0,8.0,3.7
3,max_to_sunset,SC1,10,0.0,0.0,11.0,0.0,20.0,8.0,5.1
3,first_to_first,SC1,11,0.0,0.0,10.0,0.0,20.0,8.0,5.1
3,last_to_last,SC1,11,0.0,0.0,10.0,0.0,18.0,8.0,5.9
3,mid_to_mid,SC1,11,0.0,0.0,10.0,0.0,20.0,8.0,5.3
3,max_to_max,SC1,11,0.0,0.0,10.0,0.0,20.0,8.0,5.1
3,max_to_sunset,SC1,11,0.0,0.0,10.0,0.0,20.0,8.0,5.9
3,first_to_first,SC1,12,0.0,0.0,12.0,0.0,18.0,8.0,5.9
3,last_to_last,SC1,12,0.0,0.0,12.0,0.0,17.0,8.0,6.2
3,mid_to_mid,SC1,12,0.0,0.0,12.0,0.0,18.0,8.0,5.9
3,max_to_max,SC1,12,0.0,0.0,12.0,0.0,18.0,8.0,5.9
3,max_to_sunset,SC1,12,0.0,0.0,12.0,0.0,18.0,8.0,6.2
3,first_to_first,SC1,13,0.0,0.0,9.0,0.0,17.0,9.0,6.2
3,last_to_last,SC1,13,0.0,0.0,9.0,0.0,18.0,9.0,6.2
3,mid_to_mid,SC1,13,0.0,0.0,9.0,0.0,17.0,9.0,6.2
3,max_to_max,SC1,13,0.0,0.0,9.0,0.0,17.0,9.0,6.2
3,max_to_sunset,SC1,13,0.0,0.0,9.0,0.0,18.0,9.0,6.2
3,first_to_first,SC1,14,0.0,0.0,12.0,0.0,18.0,9.0,6.2
3,last_to_last,SC1,14,0.0,0.0,12.0,0.0,18.0,9.0,6.2
3,mid_to_mid,SC1,14,0.0,0.0,12.0,0.0,18.0,9.0,6.2
3,max_to_max,SC1,14,0.0,0.0,12.0,0.0,18.0,9.0,6.2
3,max_to_sunset,SC1,14,0.0,0.0,12.0,0.0,18.0,9.0,6.2
3,first_to_first,SC1,15,0.0,0.0,13.0,0.0,18.0,9.0,6.2
3,last_to_last,SC1,15,0.0,0.0,13.0,0.0,19.0,9.0,3.8
3,mid_to_mid,SC1,15,0.0,0.0,13.0,0.0,18.0,9.0,6.2
3,max_to_max,SC1,15,0.0,0.0,13.0,0.0,18.0,9.0,6.2
3,max_to_sunset,SC1,15,0.0,0.0,13.0,0.0,19.0,9.0,6.2
3,first_to_first,SC1,16,0.0,0.0,10.0,0.0,19.0,9.0,3.8
3,last_to_last,SC1,16,0.0,0.0,10.0,0.0,22.0,10.0,3.8
3,mid_to_mid,SC1,16,0.0,0.0,10.0,0.0,21.0,10.0,3.8
3,max_to_max,SC1,16,0.0,0.0,10.0,0.0,19.0,9.0,3.8
3,max_to_sunset,SC1,16,0.0,0.0,10.0,0.0,22.0,9.0,3.8
3,first_to_first,SC1,17,0.0,0.0,12.0,0.0,22.0,10.0,3.8
3,last_to_last,SC1,17,0.0,0.0,12.0,0.0,22.0,10.0,4.7
3,mid_to_mid,SC1,17,0.0,0.0,12.0,0.0,22.0,10.0,4.7
3,max_to_max,SC1,17,0.0,0.0,12.0,0.0,22.0,10.0,3.8
3,max_to_sunset,SC1,17,0.0,0.0,12.0,0.0,22.0,10.0,4.7
3,first_to_first,SC1,18,0.0,0.0,12.0,0.0,22.0,10.0,4.7
3,last_to_last,SC1,18,0.0,0.0,12.0,0.0,22.0,10.0,5.7
3,mid_to_mid,SC1,18,0.0,0.0,12.0,0.0,22.0,10.0,4.7
3,max_to_max,SC1,18,0.0,0.0,12.0,0.0,22.0,10.0,4.7
3,max_to_sunset,SC1,18,0.0,0.0,12.0,0.0,22.0,10.0,5.7
3,first_to_first,SC1,19,0.0,0.0,16.0,0.0,22.0,10.0,5.7
3,last_to_last,SC1,19,0.0,0.0,16.0,0.0,17.0,8.0,5.7
3,mid_to_mid,SC1,19,0.0,0.0,16.0,0.0,22.0,9.0,5.7
3,max_to_max,SC1,19,0.0,0.0,16.0,0.0,22.0,10.0,5.7
3,max_to_sunset,SC1,19,0.0,0.0,16.0,0.0,22.0,8.0,5.7
3,first_to_first,SC1,20,0.0,0.0,14.0,0.0,17.0,8.0,5.7
3,last_to_last,SC1,20,0.0,0.0,14.0,0.0,17.0,6.0,5.7
3,mid_to_mid,SC1,20,0.0,0.0,14.0,0.0,17.0,6.0,5.7
3,max_to_max,SC1,20,0.0,0.0,14.0,0.0,17.0,8.0,5.7
3,max_to_sunset,SC1,20,0.0,0.0,14.0,0.0,17.0,6.0,5.7
3,first_to_first,SC1,21,0.0,0.0,12.0,0.0,17.0,6.0,5.7
3,last_to_last,SC1,21,0.0,0.0,12.0,0.0,17.0,6.0,4.3
3,mid_to_mid,SC1,21,0.0,0.0,12.0,0.0,17.0,6.0,5.7
3,max_to_max,SC1,21,0.0,0.0,12.0,0.0,17.0,6.0,5.7
3,max_to_sunset,SC1,21,0.0,0.0,12.0,0.0,17.0,6.0,5.7
3,first_to_first,SC1,22,0.0,0.0,12.0,0.0,17.0,6.0,4.3
3,last_to_last,SC1,22,0.0,0.0,12.0,0.0,17.0,6.0,4.3
3,mid_to_mid,SC1,22,0.0,0.0,12.0,0.0,17.0,6.0,4.3
3,max_to_max,SC1,22,0.0,0.0,12.0,0.0,17.0,6.0,4.3
3,max_to_sunset,SC1,22,0.0,0.0,12.0,0.0,17.0,6.0,4.3
3,first_to_first,SC1,23,0.0,0.0,8.0,0.0,17.0,6.0,4.3
3,last_to_last,SC1,23,0.0,0.0,8.0,0.0,17.0,7.0,4.3
3,mid_to_mid,SC1,23,0.0,0.0,8.0,0.0,17.0,7.0,4.3
3,max_to_max,SC1,23,0.0,0.0,8.0,0.0,17.0,6.0,4.3
3,max_to_sunset,SC1,23,0.0,0.0,8.0,0.0,17.0,6.0,4.3
3,first_to_first,SC1,24,0.0,0.0,10.0,0.0,17.0,7.0,4.3
3,last_to_last,SC1,24,0.0,0.0,10.0,0.0,17.0,7.0,4.3
3,mid_to_mid,SC1,24,0.0,0.0,10.0,0.0,17.0,7.0,4.3
3,max_to_max,SC1,24,0.0,0.0,10.0,0.0,17.0,7.0,4.3
3,max_to_sunset,SC1,24,0.0,0.0,10.0,0.0,17.0,7.0,4.3
3,first_to_first,SC1,25,0.0,0.0,14.0,0.0,17.0,7.0,4.3
3,last_to_last,SC1,25,0.0,0.0,14.0,0.0,21.0,7.0,4.3
3,mid_to_mid,SC1,25,0.0,0.0,14.0,0.0,19.0,7.0,4.3
3,max_to_max,SC1,25,0.0,0.0,14.0,0.0,17.0,7.0,4.3
3,max_to_sunset,SC1,25,0.0,0.0,14.0,0.0,21.0,7.0,4.3
3,first_to_first,SC1,26,0.0,0.0,9.0,0.0,21.0,7.0,4.3
3,last_to_last,SC1,26,0.0,0.0,9.0,0.0,21.0,7.0,3.8
3,mid_to_mid,SC1,26,0.0,0.0,9.0,0.0,21.0,7.0,4.1
3,max_to_max,SC1,26,0.0,0.0,9.0,0.0,21.0,7.0,4.3
3,max_to_sunset,SC1,26,0.0,0.0,9.0,0.0,21.0,7.0,4.3
3,first_to_first,SC10,1,7.745966692414834,0.0,21.0,0.0,21.0,3.0,7.0
3,last_to_last,SC10,1,10.488088481701515,0.0,21.0,0.0,19.0,3.0,7.0
3,mid_to_mid,SC10,1,3.0,0.0,21.0,0.0,21.0,3.0,7.0
3,max_to_max,SC10,1,11.40175425099138,0.0,21.0,0.0,21.0,3.0,7.0
3,max_to_sunset,SC10,1,10.488088481701515,0.0,21.0,0.0,21.0,3.0,7.0
3,first_to_first,SC10,2,10.44030650891055,0.0,13.0,8.0,19.0,3.0,7.0
3,last_to_last,SC10,2,11.489125293076057,0.0,13.0,8.0,19.0,3.0,7.0
3,mid_to_mid,SC10,2,4.795831523312719,4.0,13.0,8.0,19.0,3.0,7.0
3,max_to_max,SC10,2,10.44030650891055,39.0,13.0,8.0,19.0,3.0,7.0
3,max_to_sunset,SC10,2,9.643650760992955,39.0,13.0,8.0,19.0,3.0,7.0
3,first_to_first,SC10,3,10.488088481701515,10.0,15.0,104.0,19.0,3.0,4.7
3,last_to_last,SC10,3,5.5677643628300215,58.0,15.0,104.0,19.0,3.0,4.7
3,mid_to_mid,SC10,3,6.324555320336759,8.0,15.0,104.0,19.0,3.0,4.7
3,max_to_max,SC10,3,14.2828568570857,78.0,15.0,104.0,19.0,3.0,4.7
3,max_to_sunset,SC10,3,3.3166247903554,78.0,15.0,104.0,19.0,3.0,4.7
3,first_to_first,SC10,4,7.0,60.0,18.0,176.0,19.0,3.0,7.4
3,last_to_last,SC10,4,5.196152422706632,110.0,18.0,176.0,19.0,5.0,7.4
3,mid_to_mid,SC10,4,7.211102550927978,9.0,18.0,176.0,19.0,5.0,7.4
3,max_to_max,SC10,4,13.2664991614216,130.0,18.0,176.0,19.0,5.0,7.4
3,max_to_sunset,SC10,4,2.6457513110645907,130.0,18.0,176.0,19.0,5.0,7.4
3,first_to_first,SC10,5,3.3166247903554,109.0,13.0,416.0,19.0,3.0,7.4
3,last_to_last,SC10,5,-4.123105625617661,132.0,13.0,416.0,18.0,3.0,7.4
3,mid_to_mid,SC10,5,4.58257569495584,27.0,13.0,416.0,19.0,3.0,7.4
3,max_to_max,SC10,5,24.939927826679853,148.0,13.0,416.0,18.0,3.0,7.4
3,max_to_sunset,SC10,5,-5.744562646538029,148.0,13.0,416.0,18.0,3.0,7.4
3,first_to_first,SC10,6,-3.3166247903554,120.0,8.0,385.0,18.0,3.0,7.4
3,last_to_last,SC10,6,15.264337522473747,89.0,8.0,385.0,21.0,3.0,7.4
3,mid_to_mid,SC10,6,5.5677643628300215,48.0,8.0,385.0,18.0,3.0,7.4
3,max_to_max,SC10,6,14.66287829861518,282.0,8.0,385.0,21.0,3.0,7.4
3,max_to_sunset,SC10,6,6.324555320336759,282.0,8.0,385.0,21.0,3.0,7.4
3,first_to_first,SC10,7,19.748417658131498,109.0,17.0,456.0,21.0,3.0,4.1
3,last_to_last,SC10,7,17.291616465790582,137.0,17.0,456.0,21.0,3.0,4.1
3,mid_to_mid,SC10,7,18.841443681416774,61.0,17.0,456.0,21.0,3.0,4.1
3,max_to_max,SC10,7,13.92838827718412,306.0,17.0,456.0,21.0,3.0,4.1
3,max_to_sunset,SC10,7,11.40175425099138,306.0,17.0,456.0,21.0,3.0,4.1
3,first_to_first,SC10,8,3.872983346207417,120.0,13.0,387.0,21.0,4.0,4.1
3,last_to_last,SC10,8,-7.937253933193772,115.0,13.0,387.0,21.0,5.0,3.2
3,mid_to_mid,SC10,8,-6.4031242374328485,48.0,13.0,387.0,21.0,5.0,4.1
3,max_to_max,SC10,8,-19.313207915827967,770.0,13.0,387.0,21.0,5.0,3.2
3,max_to_sunset,SC10,8,-26.795522013948524,770.0,13.0,387.0,21.0,5.0,3.2
3,first_to_first,SC10,9,-6.324555320336759,109.0,19.0,1122.0,21.0,5.0,3.2
3,last_to_last,SC10,9,-17.549928774784245,322.0,19.0,1122.0,20.0,6.0,2.2
3,mid_to_mid,SC10,9,-8.660254037844387,79.0,19.0,1122.0,21.0,6.0,3.2
3,max_to_max,SC10,9,-20.445048300260872,497.0,19.0,1122.0,20.0,6.0,2.6
3,max_to_sunset,SC10,9,-21.97726097583591,497.0,19.0,1122.0,20.0,6.0,2.6
3,first_to_first,SC10,10,-22.271057451320086,499.0,10.0,0.0,20.0,6.0,2.2
3,last_to_last,SC10,10,-20.83266665599966,436.0,10.0,0.0,24.0,6.0,2.6
3,mid_to_mid,SC10,10,-20.396078054371138,416.0,10.0,0.0,22.0,6.0,2.6
3,max_to_max,SC10,10,-22.24859546128699,500.0,10.0,0.0,24.0,6.0,2.6
3,max_to_sunset,SC10,10,-22.315913604421397,500.0,10.0,0.0,24.0,6.0,2.6
3,first_to_first,SC10,11,-11.445523142259598,135.0,9.0,373.0,24.0,6.0,2.6
3,last_to_last,SC10,11,-7.14142842854285,52.0,9.0,373.0,24.0,6.0,4.1
3,mid_to_mid,SC10,11,-2.6457513110645907,7.0,9.0,373.0,24.0,6.0,3.0
3,max_to_max,SC10,11,-19.79898987322333,397.0,9.0,373.0,24.0,6.0,2.6
3,max_to_sunset,SC10,11,-19.8997487421324,397.0,9.0,373.0,24.0,6.0,4.1
3,first_to_first,SC10,12,-8.306623862918075,69.0,8.0,145.0,24.0,6.0,4.3
3,last_to_last,SC10,12,-3.7416573867739413,14.0,8.0,145.0,24.0,6.0,5.5
3,mid_to_mid,SC10,12,-2.0,4.0,8.0,145.0,24.0,6.0,5.5
3,max_to_max,SC10,12,-8.888194417315589,79.0,8.0,145.0,24.0,6.0,4.3
3,max_to_sunset,SC10,12,-8.888194417315589,79.0,8.0,145.0,24.0,6.0,5.5
3,first_to_first,SC10,13,-1.7320508075688772,3.0,12.0,2.0,24.0,6.0,7.0
3,last_to_last,SC10,13,-1.4142135623730951,2.0,12.0,2.0,20.0,6.0,7.0
3,mid_to_mid,SC10,13,0.0,0.0,12.0,2.0,24.0,6.0,7.0
3,max_to_max,SC10,13,-2.23606797749979,5.0,12.0,2.0,20.0,6.0,7.0
3,max_to_sunset,SC10,13,-2.23606797749979,5.0,12.0,2.0,20.0,6.0,7.0
3,first_to_first,SC10,14,-2.0,4.0,9.0,14.0,20.0,7.0,7.0
3,last_to_last,SC10,14,-1.0,1.0,9.0,14.0,23.0,8.0,7.0
3,mid_to_mid,SC10,14,0.0,0.0,9.0,14.0,23.0,8.0,7.0
3,max_to_max,SC10,14,-2.23606797749979,5.0,9.0,14.0,20.0,8.0,7.0
3,max_to_sunset,SC10,14,-2.23606797749979,5.0,9.0,14.0,23.0,8.0,7.0
3,first_to_first,SC10,15,0.0,0.0,11.0,0.0,23.0,10.0,7.2
3,last_to_last,SC10,15,1.7320508075688772,0.0,11.0,0.0,23.0,10.0,7.2
3,mid_to_mid,SC10,15,1.7320508075688772,0.0,11.0,0.0,23.0,10.0,7.2
3,max_to_max,SC10,15,2.0,0.0,11.0,0.0,23.0,10.0,7.2
3,max_to_sunset,SC10,15,1.7320508075688772,0.0,11.0,0.0,23.0,10.0,7.2
3,first_to_first,SC10,16,0.0,0.0,12.0,0.0,23.0,10.0,7.2
3,last_to_last,SC10,16,14.628738838327793,0.0,12.0,0.0,23.0,10.0,7.2
3,mid_to_mid,SC10,16,4.123105625617661,0.0,12.0,0.0,23.0,10.0,7.2
3,max_to_max,SC10,16,18.894443627691185,0.0,12.0,0.0,23.0,10.0,7.2
3,max_to_sunset,SC10,16,14.628738838327793,0.0,12.0,0.0,23.0,10.0,7.2
3,first_to_first,SC10,17,16.1245154965971,0.0,13.0,0.0,23.0,11.0,7.2
3,last_to_last,SC10,17,16.522711641858304,0.0,13.0,0.0,20.0,11.0,7.2
3,mid_to_mid,SC10,17,16.703293088490067,0.0,13.0,0.0,23.0,11.0,7.2
3,max_to_max,SC10,17,17.578395831246947,0.0,13.0,0.0,23.0,11.0,7.2
3,max_to_sunset,SC10,17,16.522711641858304,0.0,13.0,0.0,23.0,11.0,7.2
3,first_to_first,SC10,18,13.674794331177344,0.0,14.0,0.0,20.0,11.0,4.1
3,last_to_last,SC10,18,11.313708498984761,3.0,14.0,0.0,20.0,11.0,3.8
3,mid_to_mid,SC10,18,4.47213595499958,3.0,14.0,0.0,20.0,11.0,3.8
3,max_to_max,SC10,18,16.30950643030009,4.0,14.0,0.0,20.0,11.0,3.8
3,max_to_sunset,SC10,18,11.269427669584644,4.0,14.0,0.0,20.0,11.0,3.8
3,first_to_first,SC10,19,9.848857801796104,0.0,14.0,265.0,20.0,6.0,3.8
3,last_to_last,SC10,19,-14.38749456993816,214.0,14.0,265.0,24.0,6.0,3.8
3,mid_to_mid,SC10,19,1.7320508075688772,17.0,14.0,265.0,23.0,6.0,3.8
3,max_to_max,SC10,19,-14.832396974191326,357.0,14.0,265.0,20.0,6.0,3.8
3,max_to_sunset,SC10,19,-18.708286933869708,357.0,14.0,265.0,24.0,6.0,3.8
3,first_to_first,SC10,20,-16.1245154965971,260.0,14.0,0.0,24.0,6.0,3.2
3,last_to_last,SC10,20,-16.522711641858304,273.0,14.0,0.0,28.0,6.0,3.2
3,mid_to_mid,SC10,20,-16.703293088490067,279.0,14.0,0.0,25.0,6.0,3.2
3,max_to_max,SC10,20,-17.578395831246947,309.0,14.0,0.0,24.0,6.0,3.2
3,max_to_sunset,SC10,20,-17.578395831246947,309.0,14.0,0.0,28.0,6.0,3.2
3,first_to_first,SC10,21,-13.674794331177344,187.0,13.0,406.0,28.0,6.0,3.2
3,last_to_last,SC10,21,-11.090536506409418,131.0,13.0,406.0,34.0,6.0,2.4
3,mid_to_mid,SC10,21,-4.795831523312719,23.0,13.0,406.0,31.0,6.0,3.2
3,max_to_max,SC10,21,-16.186414056238647,270.0,13.0,406.0,34.0,6.0,3.2
3,max_to_sunset,SC10,21,-16.186414056238647,270.0,13.0,406.0,34.0,6.0,3.2
3,first_to_first,SC10,22,-9.486832980505138,97.0,15.0,178.0,34.0,9.0,2.4
3,last_to_last,SC10,22,-2.0,7.0,15.0,178.0,34.0,9.0,2.4
3,mid_to_mid,SC10,22,-4.47213595499958,20.0,15.0,178.0,34.0,9.0,2.4
3,max_to_max,SC10,22,-10.677078252031311,137.0,15.0,178.0,34.0,9.0,2.4
3,max_to_sunset,SC10,22,-11.575836902790225,137.0,15.0,178.0,34.0,9.0,2.4
3,first_to_first,SC10,23,1.4142135623730951,0.0,9.0,0.0,34.0,7.0,1.6
3,last_to_last,SC10,23,3.0,0.0,9.0,0.0,34.0,7.0,0.0
3,mid_to_mid,SC10,23,1.7320508075688772,0.0,9.0,0.0,34.0,7.0,1.3
3,max_to_max,SC10,23,3.1622776601683795,0.0,9.0,0.0,34.0,7.0,1.6
3,max_to_sunset,SC10,23,3.0,0.0,9.0,0.0,34.0,7.0,1.6
3,first_to_first,SC10,24,2.23606797749979,0.0,16.0,0.0,34.0,7.0,0.0
3,last_to_last,SC10,24,-2.8284271247461903,8.0,16.0,0.0,29.0,7.0,0.0
3,mid_to_mid,SC10,24,0.0,0.0,16.0,0.0,34.0,7.0,0.0
3,max_to_max,SC10,24,1.0,8.0,16.0,0.0,29.0,7.0,0.0
3,max_to_sunset,SC10,24,-2.8284271247461903,8.0,16.0,0.0,29.0,7.0,0.0
3,first_to_first,SC12,1,7.615773105863909,13.0,17.0,0.0,29.0,8.0,5.1
3,last_to_last,SC12,1,3.605551275463989,39.0,17.0,0.0,29.0,8.0,5.1
3,mid_to_mid,SC12,1,5.0,13.0,17.0,0.0,29.0,8.0,5.1
3,max_to_max,SC12,1,9.695359714832659,49.0,17.0,0.0,29.0,8.0,5.1
3,max_to_sunset,SC12,1,1.7320508075688772,49.0,17.0,0.0,29.0,8.0,5.1
3,first_to_first,SC12,2,4.358898943540674,28.0,15.0,49.0,29.0,8.0,5.1
3,last_to_last,SC12,2,0.0,23.0,15.0,49.0,21.0,8.0,7.2
3,mid_to_mid,SC12,2,5.196152422706632,0.0,15.0,49.0,29.0,8.0,6.3
3,max_to_max,SC12,2,10.583005244258363,37.0,15.0,49.0,29.0,8.0,5.1
3,max_to_sunset,SC12,2,-3.7416573867739413,37.0,15.0,49.0,29.0,8.0,7.2
3,first_to_first,SC12,3,-2.6457513110645907,15.0,16.0,140.0,21.0,8.0,12.8
3,last_to_last,SC12,3,-6.855654600401044,72.0,16.0,140.0,20.0,8.0,12.8
3,mid_to_mid,SC12,3,2.0,3.0,16.0,140.0,21.0,8.0,12.8
3,max_to_max,SC12,3,-11.40175425099138,159.0,16.0,140.0,20.0,8.0,12.8
3,max_to_sunset,SC12,3,-11.575836902790225,159.0,16.0,140.0,20.0,8.0,12.8
3,first_to_first,SC12,4,-6.708203932499369,71.0,14.0,584.0,20.0,7.0,12.8
3,last_to_last,SC12,4,-6.082762530298219,52.0,14.0,584.0,20.0,6.0,12.8
3,mid_to_mid,SC12,4,-3.7416573867739413,38.0,14.0,584.0,20.0,6.0,12.8
3,max_to_max,SC12,4,-10.392304845413264,143.0,14.0,584.0,20.0,6.0,12.8
3,max_to_sunset,SC12,4,-11.313708498984761,143.0,14.0,584.0,20.0,6.0,12.8
3,first_to_first,SC12,5,-5.477225575051661,47.0,13.0,18.0,20.0,5.0,12.8
3,last_to_last,SC12,5,-2.8284271247461903,23.0,13.0,18.0,20.0,5.0,12.8
3,mid_to_mid,SC12,5,-3.0,27.0,13.0,18.0,20.0,5.0,12.8
3,max_to_max,SC12,5,-11.090536506409418,149.0,13.0,18.0,20.0,5.0,12.8
3,max_to_sunset,SC12,5,-11.575836902790225,149.0,13.0,18.0,20.0,5.0,12.8
3,first_to_first,SC12,6,0.0,8.0,15.0,68.0,20.0,5.0,12.0
3,last_to_last,SC12,6,-5.0,25.0,15.0,68.0,16.0,5.0,12.4
3,mid_to_mid,SC12,6,-2.6457513110645907,7.0,15.0,68.0,20.0,5.0,12.4
3,max_to_max,SC12,6,-3.4641016151377544,29.0,15.0,68.0,16.0,5.0,12.4
3,max_to_sunset,SC12,6,-5.385164807134504,29.0,15.0,68.0,16.0,5.0,12.4
3,first_to_first,SC4,1,-20.8806130178211,436.0,16.0,0.0,30.0,8.0,3.0
3,last_to_last,SC4,1,-18.708286933869708,352.0,16.0,0.0,30.0,8.0,3.2
3,mid_to_mid,SC4,1,-20.8806130178211,436.0,16.0,0.0,30.0,8.0,3.2
3,max_to_max,SC4,1,-23.40939982143925,554.0,16.0,0.0,30.0,8.0,3.2
3,max_to_sunset,SC4,1,-23.49468024894146,554.0,16.0,0.0,30.0,8.0,3.2
3,first_to_first,SC4,2,-17.832554500127006,318.0,19.0,377.0,30.0,9.0,3.2
3,last_to_last,SC4,2,-5.385164807134504,197.0,19.0,377.0,30.0,9.0,4.3
3,mid_to_mid,SC4,2,-12.165525060596439,157.0,19.0,377.0,30.0,9.0,4.3
3,max_to_max,SC4,2,-19.621416870348583,569.0,19.0,377.0,30.0,9.0,4.3
3,max_to_sunset,SC4,2,-20.024984394500787,569.0,19.0,377.0,30.0,9.0,4.3
3,first_to_first,SC4,3,-6.324555320336759,193.0,13.0,104.0,30.0,9.0,4.3
3,last_to_last,SC4,3,15.362291495737216,0.0,13.0,104.0,21.0,9.0,4.3
3,mid_to_mid,SC4,3,9.539392014169456,3.0,13.0,104.0,30.0,9.0,4.3
3,max_to_max,SC4,3,12.0,193.0,13.0,104.0,30.0,9.0,4.3
3,max_to_sunset,SC4,3,6.557438524302,193.0,13.0,104.0,30.0,9.0,4.3
3,first_to_first,SC4,4,15.132745950421556,0.0,18.0,0.0,21.0,4.0,4.3
3,last_to_last,SC4,4,4.898979485566356,2.0,18.0,0.0,26.0,4.0,4.3
3,mid_to_mid,SC4,4,4.898979485566356,0.0,18.0,0.0,24.0,4.0,4.3
3,max_to_max,SC4,4,15.84297951775486,6.0,18.0,0.0,20.0,4.0,4.3
3,max_to_sunset,SC4,4,4.47213595499958,6.0,18.0,0.0,26.0,4.0,4.3
3,first_to_first,SC4,5,4.242640687119285,0.0,14.0,80.0,26.0,4.0,4.3
3,last_to_last,SC4,5,-12.36931687685298,168.0,14.0,80.0,26.0,4.0,4.1
3,mid_to_mid,SC4,5,-3.0,9.0,14.0,80.0,26.0,4.0,4.3
3,max_to_max,SC4,5,-12.489995996796797,184.0,14.0,80.0,26.0,4.0,4.1
3,max_to_sunset,SC4,5,-13.0,184.0,14.0,80.0,26.0,4.0,4.1
3,first_to_first,SC4,6,-11.74734012447073,153.0,19.0,547.0,26.0,4.0,4.1
3,last_to_last,SC4,6,-14.106735979665885,236.0,19.0,547.0,26.0,4.0,3.2
3,mid_to_mid,SC4,6,-9.643650760992955,94.0,19.0,547.0,26.0,4.0,3.8
3,max_to_max,SC4,6,-17.320508075688775,337.0,19.0,547.0,26.0,4.0,3.8
3,max_to_sunset,SC4,6,-17.320508075688775,337.0,19.0,547.0,26.0,4.0,3.8
3,first_to_first,SC4,7,-13.564659966250536,229.0,8.0,199.0,26.0,6.0,3.2
3,last_to_last,SC4,7,-4.795831523312719,26.0,8.0,199.0,23.0,5.0,3.2
3,mid_to_mid,SC4,7,-4.898979485566356,24.0,8.0,199.0,26.0,5.0,3.2
3,max_to_max,SC4,7,-14.247806848775006,257.0,8.0,199.0,26.0,5.0,3.2
3,max_to_sunset,SC4,7,-15.937377450509228,257.0,8.0,199.0,26.0,5.0,3.2
3,first_to_first,SC4,8,-3.4641016151377544,18.0,20.0,19.0,23.0,4.0,3.2
3,last_to_last,SC4,8,-3.0,15.0,20.0,19.0,23.0,4.0,3.2
3,mid_to_mid,SC4,8,0.0,0.0,20.0,19.0,23.0,4.0,3.2
3,max_to_max,SC4,8,-3.1622776601683795,28.0,20.0,19.0,23.0,4.0,3.2
3,max_to_sunset,SC4,8,-4.69041575982343,28.0,20.0,19.0,23.0,4.0,3.2
3,first_to_first,SC4,9,-3.1622776601683795,15.0,13.0,16.0,23.0,4.0,3.2
3,last_to_last,SC4,9,-6.082762530298219,37.0,13.0,16.0,28.0,4.0,4.1
3,mid_to_mid,SC4,9,-1.0,1.0,13.0,16.0,28.0,4.0,3.2
3,max_to_max,SC4,9,-5.656854249492381,37.0,13.0,16.0,23.0,4.0,2.8
3,max_to_sunset,SC4,9,-6.082762530298219,37.0,13.0,16.0,28.0,4.0,4.1
3,first_to_first,SC4,10,-6.708203932499369,45.0,8.0,82.0,28.0,4.0,4.1
3,last_to_last,SC4,10,-1.7320508075688772,3.0,8.0,82.0,32.0,4.0,4.1
3,mid_to_mid,SC4,10,0.0,0.0,8.0,82.0,32.0,4.0,4.1
3,max_to_max,SC4,10,-7.3484692283495345,54.0,8.0,82.0,28.0,4.0,4.1
3,max_to_sunset,SC4,10,-7.3484692283495345,54.0,8.0,82.0,32.0,4.0,4.1
3,first_to_first,SC4,11,-2.449489742783178,6.0,19.0,9.0,32.0,4.0,4.1
3,last_to_last,SC4,11,11.090536506409418,6.0,19.0,9.0,32.0,6.0,4.1
3,mid_to_mid,SC4,11,0.0,0.0,19.0,9.0,32.0,6.0,4.1
3,max_to_max,SC4,11,11.489125293076057,18.0,19.0,9.0,32.0,6.0,4.1
3,max_to_sunset,SC4,11,10.535653752852738,18.0,19.0,9.0,32.0,6.0,4.1
3,first_to_first,SC4,12,11.0,5.0,7.0,2.0,32.0,6.0,4.1
3,last_to_last,SC4,12,1.7320508075688772,0.0,7.0,2.0,32.0,6.0,4.1
3,mid_to_mid,SC4,12,4.242640687119285,0.0,7.0,2.0,32.0,6.0,4.1
3,max_to_max,SC4,12,11.40175425099138,5.0,7.0,2.0,32.0,6.0,4.1
3,max_to_sunset,SC4,12,-1.4142135623730951,5.0,7.0,2.0,32.0,6.0,4.1
3,first_to_first,SC4,13,2.6457513110645907,0.0,8.0,0.0,32.0,7.0,4.1
3,last_to_last,SC4,13,0.0,0.0,8.0,0.0,30.0,7.0,4.5
3,mid_to_mid,SC4,13,0.0,0.0,8.0,0.0,32.0,7.0,4.1
3,max_to_max,SC4,13,2.8284271247461903,0.0,8.0,0.0,32.0,7.0,4.1
3,max_to_sunset,SC4,13,0.0,0.0,8.0,0.0,32.0,7.0,4.5
3,first_to_first,SC4,14,0.0,0.0,17.0,2.0,30.0,10.0,7.4
3,last_to_last,SC4,14,-11.357816691600547,129.0,17.0,2.0,30.0,10.0,7.4
3,mid_to_mid,SC4,14,0.0,0.0,17.0,2.0,30.0,10.0,7.4
3,max_to_max,SC4,14,-12.24744871391589,150.0,17.0,2.0,30.0,10.0,7.4
3,max_to_sunset,SC4,14,-12.24744871391589,150.0,17.0,2.0,30.0,10.0,7.4
3,first_to_first,SC4,15,-11.224972160321824,126.0,14.0,48.0,30.0,13.0,7.4
3,last_to_last,SC4,15,-1.7320508075688772,3.0,14.0,48.0,23.0,11.0,7.4
3,mid_to_mid,SC4,15,-4.242640687119285,18.0,14.0,48.0,30.0,12.0,7.4
3,max_to_max,SC4,15,-11.61895003862225,135.0,14.0,48.0,30.0,13.0,7.4
3,max_to_sunset,SC4,15,-11.61895003862225,135.0,14.0,48.0,30.0,11.0,7.4
3,first_to_first,SC4,16,-2.6457513110645907,7.0,17.0,0.0,23.0,11.0,7.4
3,last_to_last,SC4,16,0.0,0.0,17.0,0.0,22.0,11.0,7.4
3,mid_to_mid,SC4,16,1.0,0.0,17.0,0.0,23.0,11.0,7.4
3,max_to_max,SC4,16,-2.0,8.0,17.0,0.0,23.0,11.0,7.4
3,max_to_sunset,SC4,16,-2.8284271247461903,8.0,17.0,0.0,23.0,11.0,7.4
3,first_to_first,SC4,17,0.0,0.0,14.0,0.0,22.0,11.0,6.2
3,last_to_last,SC4,17,5.916079783099616,0.0,14.0,0.0,23.0,11.0,6.2
3,mid_to_mid,SC4,17,2.8284271247461903,0.0,14.0,0.0,23.0,11.0,6.2
3,max_to_max,SC4,17,11.445523142259598,0.0,14.0,0.0,23.0,11.0,6.2
3,max_to_sunset,SC4,17,5.916079783099616,0.0,14.0,0.0,23.0,11.0,6.2
3,first_to_first,SC4,18,9.591663046625438,0.0,13.0,0.0,23.0,11.0,6.2
3,last_to_last,SC4,18,8.660254037844387,0.0,13.0,0.0,23.0,11.0,6.2
3,mid_to_mid,SC4,18,9.9498743710662,0.0,13.0,0.0,23.0,11.0,6.2
3,max_to_max,SC4,18,14.422205101855956,0.0,13.0,0.0,23.0,11.0,6.2
3,max_to_sunset,SC4,18,8.660254037844387,0.0,13.0,0.0,23.0,11.0,6.2
3,first_to_first,SC4,19,9.055385138137417,0.0,17.0,3.0,23.0,7.0,6.2
3,last_to_last,SC4,19,16.217274740226856,0.0,17.0,3.0,23.0,7.0,6.2
3,mid_to_mid,SC4,19,1.7320508075688772,1.0,17.0,3.0,23.0,7.0,6.2
3,max_to_max,SC4,19,17.832554500127006,4.0,17.0,3.0,23.0,7.0,6.2
3,max_to_sunset,SC4,19,16.09347693943108,4.0,17.0,3.0,23.0,7.0,6.2
3,first_to_first,SC4,20,15.297058540778355,0.0,16.0,80.0,23.0,6.0,3.2
3,last_to_last,SC4,20,9.695359714832659,35.0,16.0,80.0,21.0,6.0,3.2
3,mid_to_mid,SC4,20,2.6457513110645907,8.0,16.0,80.0,23.0,6.0,3.2
3,max_to_max,SC4,20,10.14889156509222,131.0,16.0,80.0,21.0,6.0,3.2
3,max_to_sunset,SC4,20,-1.4142135623730951,131.0,16.0,80.0,21.0,6.0,3.2
3,first_to_first,SC4,21,8.602325267042627,92.0,15.0,0.0,21.0,6.0,3.2
3,last_to_last,SC4,21,3.872983346207417,75.0,15.0,0.0,21.0,6.0,3.0
3,mid_to_mid,SC4,21,2.6457513110645907,99.0,15.0,0.0,21.0,6.0,3.2
3,max_to_max,SC4,21,-6.48074069840786,208.0,15.0,0.0,21.0,6.0,3.2
3,max_to_sunset,SC4,21,-10.862780491200215,208.0,15.0,0.0,21.0,6.0,3.2
3,first_to_first,SC4,22,6.0,82.0,14.0,48.0,21.0,6.0,3.0
3,last_to_last,SC4,22,-16.217274740226856,263.0,14.0,48.0,22.0,6.0,2.8
3,mid_to_mid,SC4,22,-1.4142135623730951,4.0,14.0,48.0,21.0,6.0,3.0
3,max_to_max,SC4,22,-14.2828568570857,322.0,14.0,48.0,21.0,6.0,2.8
3,max_to_sunset,SC4,22,-17.944358444926362,322.0,14.0,48.0,22.0,6.0,2.8
3,first_to_first,SC4,23,-15.297058540778355,234.0,6.0,40.0,22.0,6.0,2.8
3,last_to_last,SC4,23,-11.313708498984761,129.0,6.0,40.0,24.0,7.0,2.8
3,mid_to_mid,SC4,23,-3.872983346207417,15.0,6.0,40.0,22.0,7.0,2.8
3,max_to_max,SC4,23,-15.0996688705415,234.0,6.0,40.0,22.0,6.0,2.8
3,max_to_sunset,SC4,23,-15.264337522473747,234.0,6.0,40.0,24.0,6.0,2.8
3,first_to_first,SC4,24,-12.84523257866513,166.0,7.0,61.0,24.0,7.0,2.8
3,last_to_last,SC4,24,-9.486832980505138,90.0,7.0,61.0,24.0,8.0,4.7
3,mid_to_mid,SC4,24,-10.295630140987,106.0,7.0,61.0,24.0,8.0,3.8
3,max_to_max,SC4,24,-12.84523257866513,166.0,7.0,61.0,24.0,7.0,2.8
3,max_to_sunset,SC4,24,-12.884098726725126,166.0,7.0,61.0,24.0,7.0,4.7
3,first_to_first,SC4,25,-10.862780491200215,118.0,11.0,47.0,24.0,9.0,5.1
3,last_to_last,SC4,25,9.219544457292887,0.0,11.0,47.0,24.0,9.0,5.1
3,mid_to_mid,SC4,25,2.0,2.0,11.0,47.0,24.0,9.0,5.1
3,max_to_max,SC4,25,-5.477225575051661,118.0,11.0,47.0,24.0,9.0,5.1
3,max_to_sunset,SC4,25,-5.744562646538029,118.0,11.0,47.0,24.0,9.0,5.1
3,first_to_first,SC4,26,9.797958971132712,0.0,22.0,3.0,24.0,9.0,5.1
3,last_to_last,SC4,26,0.0,1.0,22.0,3.0,18.0,10.0,5.1
3,mid_to_mid,SC4,26,11.874342087037917,0.0,22.0,3.0,24.0,10.0,5.1
3,max_to_max,SC4,26,11.61895003862225,6.0,22.0,3.0,24.0,10.0,5.1
3,max_to_sunset,SC4,26,-2.23606797749979,6.0,22.0,3.0,24.0,10.0,5.1
3,first_to_first,SC4,27,-1.0,1.0,12.0,0.0,18.0,7.0,5.1
3,last_to_last,SC4,27,2.23606797749979,0.0,12.0,0.0,24.0,7.0,5.1
3,mid_to_mid,SC4,27,2.0,0.0,12.0,0.0,24.0,7.0,5.1
3,max_to_max,SC4,27,3.3166247903554,1.0,12.0,0.0,24.0,7.0,5.1
3,max_to_sunset,SC4,27,2.0,1.0,12.0,0.0,24.0,7.0,5.1
3,first_to_first,SC4,28,2.449489742783178,0.0,14.0,12.0,24.0,5.0,4.5
3,last_to_last,SC4,28,-9.219544457292887,85.0,14.0,12.0,24.0,5.0,4.1
3,mid_to_mid,SC4,28,-1.4142135623730951,6.0,14.0,12.0,24.0,5.0,4.1
3,max_to_max,SC4,28,-9.055385138137417,88.0,14.0,12.0,24.0,5.0,4.1
3,max_to_sunset,SC4,28,-9.38083151964686,88.0,14.0,12.0,24.0,5.0,4.1
3,first_to_first,SC4,29,-9.797958971132712,96.0,13.0,2.0,24.0,5.0,5.5
3,last_to_last,SC4,29,10.392304845413264,1.0,13.0,2.0,24.0,5.0,5.5
3,mid_to_mid,SC4,29,-11.575836902790225,141.0,13.0,2.0,24.0,5.0,5.5
3,max_to_max,SC4,29,-4.58257569495584,141.0,13.0,2.0,24.0,5.0,5.5
3,max_to_sunset,SC4,29,-5.656854249492381,141.0,13.0,2.0,24.0,5.0,5.5
3,first_to_first,SC4,30,11.61895003862225,0.0,22.0,26.0,24.0,5.0,5.5
3,last_to_last,SC4,30,9.273618495495704,5.0,22.0,26.0,21.0,5.0,5.5
3,mid_to_mid,SC4,30,3.605551275463989,4.0,22.0,26.0,23.0,5.0,5.5
3,max_to_max,SC4,30,11.874342087037917,12.0,22.0,26.0,23.0,5.0,5.5
3,max_to_sunset,SC4,30,8.888194417315589,12.0,22.0,26.0,23.0,5.0,5.5
3,first_to_first,SC4,31,11.0,6.0,5.0,25.0,21.0,5.0,5.5
3,last_to_last,SC4,31,1.7320508075688772,0.0,5.0,25.0,20.0,6.0,5.5
3,mid_to_mid,SC4,31,2.449489742783178,4.0,5.0,25.0,21.0,6.0,5.5
3,max_to_max,SC4,31,11.0,6.0,5.0,25.0,21.0,5.0,5.5
3,max_to_sunset,SC4,31,-1.7320508075688772,6.0,5.0,25.0,21.0,5.0,5.5
3,first_to_first,SC6,1,6.782329983125268,0.0,21.0,1.0,25.0,9.0,4.3
3,last_to_last,SC6,1,4.242640687119285,1.0,21.0,1.0,25.0,9.0,5.7
3,mid_to_mid,SC6,1,5.0990195135927845,0.0,21.0,1.0,25.0,9.0,4.3
3,max_to_max,SC6,1,8.660254037844387,2.0,21.0,1.0,25.0,9.0,4.3
3,max_to_sunset,SC6,1,4.123105625617661,2.0,21.0,1.0,25.0,9.0,5.7
3,first_to_first,SC6,2,3.872983346207417,0.0,18.0,14.0,25.0,11.0,5.7
3,last_to_last,SC6,2,-13.490737563232042,196.0,18.0,14.0,25.0,11.0,5.7
3,mid_to_mid,SC6,2,4.123105625617661,1.0,18.0,14.0,25.0,11.0,5.7
3,max_to_max,SC6,2,-16.30950643030009,284.0,18.0,14.0,25.0,11.0,5.7
3,max_to_sunset,SC6,2,-16.431676725154983,284.0,18.0,14.0,25.0,11.0,5.7
3,first_to_first,SC6,3,-9.539392014169456,106.0,14.0,36.0,25.0,14.0,5.7
3,last_to_last,SC6,3,-7.745966692414834,65.0,14.0,36.0,22.0,11.0,7.2
3,mid_to_mid,SC6,3,-7.416198487095663,61.0,14.0,36.0,25.0,12.0,7.2
3,max_to_max,SC6,3,-10.14889156509222,120.0,14.0,36.0,25.0,14.0,5.7
3,max_to_sunset,SC6,3,-10.723805294763608,120.0,14.0,36.0,25.0,11.0,7.2
3,first_to_first,SC6,4,-6.244997998398398,46.0,17.0,3.0,19.0,11.0,7.2
3,last_to_last,SC6,4,-3.7416573867739413,19.0,17.0,3.0,17.0,11.0,7.2
3,mid_to_mid,SC6,4,-4.47213595499958,26.0,17.0,3.0,19.0,11.0,7.2
3,max_to_max,SC6,4,-7.874007874011811,77.0,17.0,3.0,19.0,11.0,7.2
3,max_to_sunset,SC6,4,-8.48528137423857,77.0,17.0,3.0,19.0,11.0,7.2
3,first_to_first,SC6,5,-3.3166247903554,15.0,15.0,12.0,17.0,11.0,7.8
3,last_to_last,SC6,5,6.928203230275509,14.0,15.0,12.0,18.0,11.0,7.8
3,mid_to_mid,SC6,5,-4.123105625617661,18.0,15.0,12.0,18.0,11.0,7.8
3,max_to_max,SC6,5,10.816653826391969,18.0,15.0,12.0,18.0,11.0,7.8
3,max_to_sunset,SC6,5,6.6332495807108,18.0,15.0,12.0,18.0,11.0,7.8
3,first_to_first,SC6,6,4.47213595499958,15.0,14.0,0.0,18.0,11.0,7.8
3,last_to_last,SC6,6,4.358898943540674,5.0,14.0,0.0,18.0,11.0,7.8
3,mid_to_mid,SC6,6,6.244997998398398,6.0,14.0,0.0,18.0,11.0,7.8
3,max_to_max,SC6,6,6.244997998398398,17.0,14.0,0.0,18.0,11.0,7.8
3,max_to_sunset,SC6,6,2.6457513110645907,17.0,14.0,0.0,18.0,11.0,7.8
3,first_to_first,SC6,7,4.242640687119285,7.0,13.0,0.0,18.0,8.0,7.8
3,last_to_last,SC6,7,7.54983443527075,5.0,13.0,0.0,18.0,8.0,7.8
3,mid_to_mid,SC6,7,4.47213595499958,6.0,13.0,0.0,18.0,8.0,7.8
3,max_to_max,SC6,7,7.745966692414834,15.0,13.0,0.0,18.0,8.0,7.8
3,max_to_sunset,SC6,7,6.855654600401044,15.0,13.0,0.0,18.0,8.0,7.8
3,first_to_first,SC6,8,6.082762530298219,4.0,16.0,52.0,18.0,8.0,4.1
3,last_to_last,SC6,8,4.69041575982343,62.0,16.0,52.0,18.0,7.0,4.1
3,mid_to_mid,SC6,8,5.5677643628300215,1.0,16.0,52.0,18.0,7.0,4.1
3,max_to_max,SC6,8,-7.14142842854285,135.0,16.0,52.0,18.0,7.0,4.1
3,max_to_sunset,SC6,8,-7.14142842854285,135.0,16.0,52.0,18.0,7.0,4.1
3,first_to_first,SC6,9,5.291502622129181,35.0,14.0,0.0,18.0,7.0,4.1
3,last_to_last,SC6,9,6.244997998398398,24.0,14.0,0.0,18.0,7.0,3.7
3,mid_to_mid,SC6,9,2.0,45.0,14.0,0.0,18.0,7.0,4.1
3,max_to_max,SC6,9,4.795831523312719,56.0,14.0,0.0,18.0,7.0,4.1
3,max_to_sunset,SC6,9,2.6457513110645907,56.0,14.0,0.0,18.0,7.0,4.1
3,first_to_first,SC6,10,5.477225575051661,25.0,14.0,120.0,18.0,7.0,3.7
3,last_to_last,SC6,10,3.1622776601683795,62.0,14.0,120.0,17.0,7.0,3.4
3,mid_to_mid,SC6,10,3.1622776601683795,26.0,14.0,120.0,18.0,7.0,3.7
3,max_to_max,SC6,10,5.744562646538029,75.0,14.0,120.0,17.0,7.0,3.4
3,max_to_sunset,SC6,10,-1.7320508075688772,75.0,14.0,120.0,17.0,7.0,3.4
3,first_to_first,SC6,11,4.47213595499958,41.0,14.0,122.0,17.0,7.0,3.4
3,last_to_last,SC6,11,-2.8284271247461903,84.0,14.0,122.0,19.0,8.0,3.2
3,mid_to_mid,SC6,11,4.47213595499958,32.0,14.0,122.0,17.0,8.0,3.4
3,max_to_max,SC6,11,-1.0,84.0,14.0,122.0,19.0,8.0,3.2
3,max_to_sunset,SC6,11,-2.8284271247461903,84.0,14.0,122.0,19.0,8.0,3.2
3,first_to_first,SC6,12,-4.58257569495584,63.0,13.0,32.0,19.0,8.0,3.0
3,last_to_last,SC6,12,-5.744562646538029,63.0,13.0,32.0,19.0,9.0,3.7
3,mid_to_mid,SC6,12,-3.605551275463989,49.0,13.0,32.0,19.0,9.0,3.0
3,max_to_max,SC6,12,-1.4142135623730951,79.0,13.0,32.0,19.0,9.0,3.0
3,max_to_sunset,SC6,12,-7.0,79.0,13.0,32.0,19.0,9.0,3.7
3,first_to_first,SC6,13,-4.795831523312719,55.0,15.0,73.0,19.0,10.0,4.7
3,last_to_last,SC6,13,-6.164414002968976,72.0,15.0,73.0,19.0,10.0,4.7
3,mid_to_mid,SC6,13,2.23606797749979,36.0,15.0,73.0,19.0,10.0,4.7
3,max_to_max,SC6,13,-6.164414002968976,108.0,15.0,73.0,19.0,10.0,4.7
3,max_to_sunset,SC6,13,-8.602325267042627,108.0,15.0,73.0,19.0,10.0,4.7
3,first_to_first,SC6,14,-6.48074069840786,61.0,16.0,233.0,19.0,10.0,4.7
3,last_to_last,SC6,14,-7.483314773547883,76.0,16.0,233.0,16.0,10.0,4.7
3,mid_to_mid,SC6,14,-5.0990195135927845,52.0,16.0,233.0,19.0,10.0,4.7
3,max_to_max,SC6,14,-7.54983443527075,83.0,16.0,233.0,16.0,10.0,4.7
3,max_to_sunset,SC6,14,-7.937253933193772,83.0,16.0,233.0,16.0,10.0,4.7
3,first_to_first,SC6,15,-3.872983346207417,42.0,13.0,2.0,16.0,8.0,4.7
3,last_to_last,SC6,15,11.61895003862225,30.0,13.0,2.0,18.0,8.0,4.7
3,mid_to_mid,SC6,15,-4.898979485566356,36.0,13.0,2.0,16.0,8.0,4.7
3,max_to_max,SC6,15,9.38083151964686,77.0,13.0,2.0,18.0,8.0,4.7
3,max_to_sunset,SC6,15,9.38083151964686,77.0,13.0,2.0,18.0,8.0,4.7
3,first_to_first,SC6,16,10.583005244258363,32.0,15.0,53.0,18.0,6.0,4.5
3,last_to_last,SC6,16,4.58257569495584,34.0,15.0,53.0,18.0,6.0,3.8
3,mid_to_mid,SC6,16,3.1622776601683795,41.0,15.0,53.0,18.0,6.0,4.5
3,max_to_max,SC6,16,8.602325267042627,70.0,15.0,53.0,18.0,6.0,4.1
3,max_to_sunset,SC6,16,-3.872983346207417,70.0,15.0,53.0,18.0,6.0,4.1
3,first_to_first,SC6,17,5.0990195135927845,19.0,13.0,0.0,18.0,6.0,5.9
3,last_to_last,SC6,17,1.0,20.0,13.0,0.0,18.0,6.0,5.9
3,mid_to_mid,SC6,17,3.605551275463989,26.0,13.0,0.0,18.0,6.0,5.9
3,max_to_max,SC6,17,7.280109889280518,26.0,13.0,0.0,18.0,6.0,5.9
3,max_to_sunset,SC6,17,-2.23606797749979,26.0,13.0,0.0,18.0,6.0,5.9
3,first_to_first,SC6,18,-2.0,27.0,14.0,237.0,18.0,6.0,5.9
3,last_to_last,SC6,18,-11.532562594670797,165.0,14.0,237.0,17.0,6.0,5.9
3,mid_to_mid,SC6,18,3.4641016151377544,12.0,14.0,237.0,18.0,6.0,5.9
3,max_to_max,SC6,18,-11.135528725660043,165.0,14.0,237.0,17.0,6.0,5.9
3,max_to_sunset,SC6,18,-11.532562594670797,165.0,14.0,237.0,17.0,6.0,5.9
3,first_to_first,SC6,19,-11.090536506409418,144.0,7.0,332.0,17.0,6.0,5.9
3,last_to_last,SC6,19,-6.244997998398398,55.0,7.0,332.0,16.0,7.0,5.9
3,mid_to_mid,SC6,19,-6.324555320336759,51.0,7.0,332.0,17.0,7.0,5.9
3,max_to_max,SC6,19,-10.63014581273465,144.0,7.0,332.0,17.0,6.0,5.9
3,max_to_sunset,SC6,19,-11.313708498984761,144.0,7.0,332.0,17.0,6.0,5.9
3,first_to_first,SC8,1,0.0,238.0,16.0,0.0,20.0,4.0,8.7
3,last_to_last,SC8,1,-3.4641016151377544,254.0,16.0,0.0,16.0,4.0,8.7
3,mid_to_mid,SC8,1,-2.6457513110645907,238.0,16.0,0.0,20.0,4.0,8.7
3,max_to_max,SC8,1,-3.605551275463989,255.0,16.0,0.0,16.0,4.0,8.7
3,max_to_sunset,SC8,1,-3.605551275463989,255.0,16.0,0.0,16.0,4.0,8.7
3,first_to_first,SC8,2,-4.58257569495584,264.0,6.0,1.0,16.0,4.0,8.7
3,last_to_last,SC8,2,3.1622776601683795,243.0,6.0,1.0,17.0,4.0,8.7
3,mid_to_mid,SC8,2,1.4142135623730951,247.0,6.0,1.0,16.0,4.0,8.7
3,max_to_max,SC8,2,-3.0,264.0,6.0,1.0,16.0,4.0,8.7
3,max_to_sunset,SC8,2,-3.3166247903554,264.0,6.0,1.0,17.0,4.0,8.7
3,first_to_first,SC8,3,3.0,243.0,6.0,9.0,17.0,4.0,5.1
3,last_to_last,SC8,3,3.3166247903554,225.0,6.0,9.0,17.0,4.0,5.1
3,mid_to_mid,SC8,3,2.0,228.0,6.0,9.0,17.0,4.0,5.1
3,max_to_max,SC8,3,3.1622776601683795,243.0,6.0,9.0,17.0,4.0,5.1
3,max_to_sunset,SC8,3,-2.6457513110645907,243.0,6.0,9.0,17.0,4.0,5.1
3,first_to_first,SC8,4,2.6457513110645907,238.0,12.0,32.0,17.0,4.0,8.4
3,last_to_last,SC8,4,-5.656854249492381,242.0,12.0,32.0,17.0,6.0,8.4
3,mid_to_mid,SC8,4,-5.196152422706632,231.0,12.0,32.0,17.0,6.0,8.4
3,max_to_max,SC8,4,1.7320508075688772,242.0,12.0,32.0,17.0,7.0,8.4
3,max_to_sunset,SC8,4,-5.656854249492381,242.0,12.0,32.0,17.0,6.0,8.4
3,first_to_first,SC8,5,-6.164414002968976,243.0,9.0,26.0,17.0,5.0,8.4
3,last_to_last,SC8,5,-6.4031242374328485,253.0,9.0,26.0,16.0,5.0,8.4
3,mid_to_mid,SC8,5,-6.928203230275509,249.0,9.0,26.0,17.0,5.0,8.4
3,max_to_max,SC8,5,-6.557438524302,255.0,9.0,26.0,17.0,5.0,8.4
3,max_to_sunset,SC8,5,-6.557438524302,255.0,9.0,26.0,17.0,5.0,8.4
3,first_to_first,SC8,6,-5.0990195135927845,252.0,8.0,9.0,16.0,5.0,8.4
3,last_to_last,SC8,6,-5.656854249492381,236.0,8.0,9.0,16.0,5.0,8.4
3,mid_to_mid,SC8,6,-6.0,232.0,8.0,9.0,16.0,5.0,8.4
3,max_to_max,SC8,6,-5.0990195135927845,253.0,8.0,9.0,16.0,5.0,8.4
3,max_to_sunset,SC8,6,-7.0,253.0,8.0,9.0,16.0,5.0,8.4
3,first_to_first,SC8,7,-5.656854249492381,245.0,7.0,4.0,16.0,5.0,4.3
3,last_to_last,SC8,7,1.0,210.0,7.0,4.0,16.0,5.0,4.3
3,mid_to_mid,SC8,7,3.1622776601683795,204.0,7.0,4.0,16.0,5.0,4.3
3,max_to_max,SC8,7,-5.5677643628300215,245.0,7.0,4.0,16.0,5.0,4.3
3,max_to_sunset,SC8,7,-5.830951894845301,245.0,7.0,4.0,16.0,5.0,4.3
3,first_to_first,SC8,8,5.0990195135927845,205.0,13.0,10.0,16.0,6.0,4.3
3,last_to_last,SC8,8,7.681145747868608,212.0,13.0,10.0,16.0,7.0,4.3
3,mid_to_mid,SC8,8,1.4142135623730951,201.0,13.0,10.0,16.0,7.0,4.3
3,max_to_max,SC8,8,7.681145747868608,212.0,13.0,10.0,16.0,7.0,4.3
3,max_to_sunset,SC8,8,7.681145747868608,212.0,13.0,10.0,16.0,7.0,4.3
3,first_to_first,SC8,9,7.0710678118654755,226.0,7.0,2.0,16.0,7.0,4.3
3,last_to_last,SC8,9,8.94427190999916,204.0,7.0,2.0,17.0,7.0,3.2
3,mid_to_mid,SC8,9,7.211102550927978,196.0,7.0,2.0,16.0,7.0,4.3
3,max_to_max,SC8,9,7.54983443527075,227.0,7.0,2.0,17.0,7.0,4.3
3,max_to_sunset,SC8,9,7.54983443527075,227.0,7.0,2.0,17.0,7.0,4.3
3,first_to_first,SC8,10,8.94427190999916,213.0,14.0,0.0,17.0,7.0,3.2
3,last_to_last,SC8,10,-12.68857754044952,211.0,14.0,0.0,17.0,7.0,3.2
3,mid_to_mid,SC8,10,-13.856406460551018,214.0,14.0,0.0,17.0,7.0,3.2
3,max_to_max,SC8,10,8.888194417315589,214.0,14.0,0.0,17.0,7.0,3.2
3,max_to_sunset,SC8,10,-12.806248474865697,214.0,14.0,0.0,17.0,7.0,3.2
3,first_to_first,SC8,11,-13.711309200802088,231.0,14.0,2.0,17.0,6.0,3.2
3,last_to_last,SC8,11,-16.09347693943108,271.0,14.0,2.0,17.0,6.0,4.9
3,mid_to_mid,SC8,11,-13.638181696985855,203.0,14.0,2.0,17.0,6.0,3.2
3,max_to_max,SC8,11,-14.491376746189438,271.0,14.0,2.0,17.0,6.0,3.2
3,max_to_sunset,SC8,11,-16.09347693943108,271.0,14.0,2.0,17.0,6.0,4.9
3,first_to_first,SC8,12,-16.217274740226856,276.0,13.0,12.0,17.0,6.0,4.9
3,last_to_last,SC8,12,-16.76305461424021,284.0,13.0,12.0,18.0,6.0,7.0
3,mid_to_mid,SC8,12,-15.362291495737216,248.0,13.0,12.0,17.0,6.0,7.0
3,max_to_max,SC8,12,-16.1245154965971,284.0,13.0,12.0,17.0,6.0,6.3
3,max_to_sunset,SC8,12,-16.76305461424021,284.0,13.0,12.0,18.0,6.0,7.0
3,first_to_first,SC8,13,-17.05872210923198,293.0,12.0,5.0,18.0,6.0,7.0
3,last_to_last,SC8,13,-6.928203230275509,50.0,12.0,5.0,18.0,6.0,7.0
3,mid_to_mid,SC8,13,-4.47213595499958,22.0,12.0,5.0,18.0,6.0,7.0
3,max_to_max,SC8,13,-17.0,293.0,12.0,5.0,18.0,6.0,7.0
3,max_to_sunset,SC8,13,-17.05872210923198,293.0,12.0,5.0,18.0,6.0,7.0
3,first_to_first,SC8,14,-6.244997998398398,43.0,11.0,22.0,18.0,8.0,7.0
3,last_to_last,SC8,14,-3.0,12.0,11.0,22.0,18.0,9.0,7.0
3,mid_to_mid,SC8,14,-3.605551275463989,17.0,11.0,22.0,18.0,9.0,7.0
3,max_to_max,SC8,14,-7.3484692283495345,61.0,11.0,22.0,18.0,9.0,7.0
3,max_to_sunset,SC8,14,-7.615773105863909,61.0,11.0,22.0,18.0,9.0,7.0
3,first_to_first,SC8,15,-2.8284271247461903,13.0,12.0,0.0,18.0,11.0,8.2
3,last_to_last,SC8,15,1.0,3.0,12.0,0.0,18.0,11.0,8.2
3,mid_to_mid,SC8,15,-2.449489742783178,12.0,12.0,0.0,18.0,11.0,8.2
3,max_to_max,SC8,15,-1.0,24.0,12.0,0.0,18.0,11.0,8.2
3,max_to_sunset,SC8,15,-4.47213595499958,24.0,12.0,0.0,18.0,11.0,8.2
3,first_to_first,SC8,16,2.0,2.0,13.0,0.0,18.0,11.0,8.2
3,last_to_last,SC8,16,2.449489742783178,2.0,13.0,0.0,18.0,11.0,8.2
3,mid_to_mid,SC8,16,2.0,2.0,13.0,0.0,18.0,11.0,8.2
3,max_to_max,SC8,16,2.0,4.0,13.0,0.0,18.0,11.0,8.2
3,max_to_sunset,SC8,16,2.0,4.0,13.0,0.0,18.0,11.0,8.2
3,first_to_first,SC8,17,2.0,4.0,17.0,12.0,18.0,11.0,8.2
3,last_to_last,SC8,17,2.449489742783178,3.0,17.0,12.0,17.0,11.0,8.2
3,mid_to_mid,SC8,17,2.0,4.0,17.0,12.0,18.0,11.0,8.2
3,max_to_max,SC8,17,1.4142135623730951,7.0,17.0,12.0,18.0,11.0,8.2
3,max_to_sunset,SC8,17,1.4142135623730951,7.0,17.0,12.0,18.0,11.0,8.2
3,first_to_first,SC8,18,3.3166247903554,5.0,17.0,19.0,17.0,11.0,4.1
3,last_to_last,SC8,18,4.358898943540674,4.0,17.0,19.0,18.0,11.0,4.1
3,mid_to_mid,SC8,18,4.242640687119285,6.0,17.0,19.0,17.0,11.0,4.1
3,max_to_max,SC8,18,3.7416573867739413,23.0,17.0,19.0,17.0,11.0,4.1
3,max_to_sunset,SC8,18,0.0,23.0,17.0,19.0,18.0,11.0,4.1
3,first_to_first,SC8,19,4.242640687119285,6.0,15.0,0.0,18.0,7.0,4.1
3,last_to_last,SC8,19,5.744562646538029,8.0,15.0,0.0,21.0,7.0,4.1
3,mid_to_mid,SC8,19,2.0,6.0,15.0,0.0,18.0,7.0,4.1
3,max_to_max,SC8,19,5.744562646538029,8.0,15.0,0.0,18.0,7.0,4.1
3,max_to_sunset,SC8,19,5.744562646538029,8.0,15.0,0.0,21.0,7.0,4.1
3,first_to_first,SC8,20,1.4142135623730951,8.0,12.0,0.0,21.0,7.0,4.1
3,last_to_last,SC8,20,-2.449489742783178,9.0,12.0,0.0,21.0,7.0,4.1
3,mid_to_mid,SC8,20,-2.23606797749979,8.0,12.0,0.0,21.0,7.0,4.1
3,max_to_max,SC8,20,3.605551275463989,9.0,12.0,0.0,21.0,7.0,4.1
3,max_to_sunset,SC8,20,-2.449489742783178,9.0,12.0,0.0,21.0,7.0,4.1
4,first_to_first,SC1,1,-10.392304845413264,108.0,16.0,0.0,21.0,8.0,6.3
4,last_to_last,SC1,1,-7.14142842854285,51.0,16.0,0.0,21.0,8.0,6.3
4,mid_to_mid,SC1,1,-8.48528137423857,72.0,16.0,0.0,21.0,8.0,6.3
4,max_to_max,SC1,1,-11.0,121.0,16.0,0.0,21.0,8.0,6.3
4,max_to_sunset,SC1,1,-11.0,121.0,16.0,0.0,21.0,8.0,6.3
4,first_to_first,SC1,2,-7.483314773547883,56.0,16.0,0.0,21.0,8.0,6.3
4,last_to_last,SC1,2,-4.795831523312719,23.0,16.0,0.0,22.0,8.0,6.3
4,mid_to_mid,SC1,2,-6.6332495807108,44.0,16.0,0.0,21.0,8.0,6.3
4,max_to_max,SC1,2,-7.483314773547883,56.0,16.0,0.0,21.0,8.0,6.3
4,max_to_sunset,SC1,2,-7.483314773547883,56.0,16.0,0.0,22.0,8.0,6.3
4,first_to_first,SC1,3,-3.3166247903554,11.0,11.0,5.0,22.0,8.0,6.3
4,last_to_last,SC1,3,-1.4142135623730951,2.0,11.0,5.0,22.0,8.0,6.3
4,mid_to_mid,SC1,3,-2.449489742783178,6.0,11.0,5.0,22.0,8.0,6.3
4,max_to_max,SC1,3,-4.58257569495584,21.0,11.0,5.0,22.0,8.0,6.3
4,max_to_sunset,SC1,3,-4.58257569495584,21.0,11.0,5.0,22.0,8.0,6.3
4,first_to_first,SC1,4,-2.23606797749979,5.0,9.0,3.0,22.0,8.0,6.3
4,last_to_last,SC1,4,0.0,0.0,9.0,3.0,22.0,7.0,5.5
4,mid_to_mid,SC1,4,-1.4142135623730951,2.0,9.0,3.0,22.0,8.0,6.3
4,max_to_max,SC1,4,-2.23606797749979,5.0,9.0,3.0,22.0,8.0,6.3
4,max_to_sunset,SC1,4,-2.23606797749979,5.0,9.0,3.0,22.0,7.0,6.3
4,first_to_first,SC1,5,0.0,0.0,13.0,0.0,22.0,7.0,5.5
4,last_to_last,SC1,5,0.0,0.0,13.0,0.0,22.0,6.0,6.3
4,mid_to_mid,SC1,5,0.0,0.0,13.0,0.0,22.0,6.0,5.5
4,max_to_max,SC1,5,0.0,0.0,13.0,0.0,22.0,7.0,5.5
4,max_to_sunset,SC1,5,0.0,0.0,13.0,0.0,22.0,6.0,6.3
4,first_to_first,SC1,6,0.0,0.0,14.0,0.0,22.0,6.0,6.3
4,last_to_last,SC1,6,0.0,0.0,14.0,0.0,19.0,6.0,6.3
4,mid_to_mid,SC1,6,0.0,0.0,14.0,0.0,22.0,6.0,6.3
4,max_to_max,SC1,6,0.0,0.0,14.0,0.0,22.0,6.0,6.3
4,max_to_sunset,SC1,6,0.0,0.0,14.0,0.0,22.0,6.0,6.3
4,first_to_first,SC1,7,0.0,0.0,12.0,0.0,19.0,6.0,6.3
4,last_to_last,SC1,7,0.0,0.0,12.0,0.0,20.0,6.0,6.3
4,mid_to_mid,SC1,7,0.0,0.0,12.0,0.0,19.0,6.0,6.3
4,max_to_max,SC1,7,0.0,0.0,12.0,0.0,19.0,6.0,6.3
4,max_to_sunset,SC1,7,0.0,0.0,12.0,0.0,20.0,6.0,6.3
4,first_to_first,SC1,8,0.0,0.0,11.0,0.0,20.0,6.0,6.3
4,last_to_last,SC1,8,0.0,0.0,11.0,0.0,20.0,6.0,6.3
4,mid_to_mid,SC1,8,0.0,0.0,11.0,0.0,20.0,6.0,6.3
4,max_to_max,SC1,8,0.0,0.0,11.0,0.0,20.0,6.0,6.3
4,max_to_sunset,SC1,8,0.0,0.0,11.0,0.0,20.0,6.0,6.3
4,first_to_first,SC1,9,0.0,0.0,7.0,0.0,20.0,6.0,6.3
4,last_to_last,SC1,9,0.0,0.0,7.0,0.0,20.0,8.0,5.1
4,mid_to_mid,SC1,9,0.0,0.0,7.0,0.0,20.0,8.0,6.3
4,max_to_max,SC1,9,0.0,0.0,7.0,0.0,20.0,6.0,6.3
4,max_to_sunset,SC1,9,0.0,0.0,7.0,0.0,20.0,6.0,6.3
4,first_to_first,SC1,10,0.0,0.0,11.0,0.0,20.0,8.0,5.1
4,last_to_last,SC1,10,0.0,0.0,11.0,0.0,20.0,8.0,5.9
4,mid_to_mid,SC1,10,0.0,0.0,11.0,0.0,20.0,8.0,5.3
4,max_to_max,SC1,10,0.0,0.0,11.0,0.0,20.0,8.0,5.1
4,max_to_sunset,SC1,10,0.0,0.0,11.0,0.0,20.0,8.0,5.9
4,first_to_first,SC1,11,0.0,0.0,10.0,0.0,20.0,8.0,5.9
4,last_to_last,SC1,11,0.0,0.0,10.0,0.0,18.0,8.0,6.2
4,mid_to_mid,SC1,11,0.0,0.0,10.0,0.0,20.0,8.0,5.9
4,max_to_max,SC1,11,0.0,0.0,10.0,0.0,20.0,8.0,5.9
4,max_to_sunset,SC1,11,0.0,0.0,10.0,0.0,20.0,8.0,6.2
4,first_to_first,SC1,12,0.0,0.0,12.0,0.0,18.0,8.0,6.2
4,last_to_last,SC1,12,0.0,0.0,12.0,0.0,18.0,8.0,6.2
4,mid_to_mid,SC1,12,0.0,0.0,12.0,0.0,18.0,8.0,6.2
4,max_to_max,SC1,12,0.0,0.0,12.0,0.0,18.0,8.0,6.2
4,max_to_sunset,SC1,12,0.0,0.0,12.0,0.0,18.0,8.0,6.2
4,first_to_first,SC1,13,0.0,0.0,9.0,0.0,18.0,9.0,6.2
4,last_to_last,SC1,13,0.0,0.0,9.0,0.0,18.0,9.0,6.2
4,mid_to_mid,SC1,13,0.0,0.0,9.0,0.0,18.0,9.0,6.2
4,max_to_max,SC1,13,0.0,0.0,9.0,0.0,18.0,9.0,6.2
4,max_to_sunset,SC1,13,0.0,0.0,9.0,0.0,18.0,9.0,6.2
4,first_to_first,SC1,14,0.0,0.0,12.0,0.0,18.0,9.0,6.2
4,last_to_last,SC1,14,0.0,0.0,12.0,0.0,19.0,9.0,6.2
4,mid_to_mid,SC1,14,0.0,0.0,12.0,0.0,18.0,9.0,6.2
4,max_to_max,SC1,14,0.0,0.0,12.0,0.0,18.0,9.0,6.2
4,max_to_sunset,SC1,14,0.0,0.0,12.0,0.0,19.0,9.0,6.2
4,first_to_first,SC1,15,0.0,0.0,13.0,0.0,19.0,9.0,6.2
4,last_to_last,SC1,15,0.0,0.0,13.0,0.0,22.0,9.0,3.8
4,mid_to_mid,SC1,15,0.0,0.0,13.0,0.0,21.0,9.0,6.2
4,max_to_max,SC1,15,0.0,0.0,13.0,0.0,19.0,9.0,6.2
4,max_to_sunset,SC1,15,0.0,0.0,13.0,0.0,22.0,9.0,6.2
4,first_to_first,SC1,16,0.0,0.0,10.0,0.0,22.0,9.0,3.8
4,last_to_last,SC1,16,0.0,0.0,10.0,0.0,22.0,10.0,4.7
4,mid_to_mid,SC1,16,0.0,0.0,10.0,0.0,22.0,10.0,4.7
4,max_to_max,SC1,16,0.0,0.0,10.0,0.0,22.0,9.0,3.8
4,max_to_sunset,SC1,16,0.0,0.0,10.0,0.0,22.0,9.0,4.7
4,first_to_first,SC1,17,0.0,0.0,12.0,0.0,22.0,10.0,4.7
4,last_to_last,SC1,17,0.0,0.0,12.0,0.0,22.0,10.0,5.7
4,mid_to_mid,SC1,17,0.0,0.0,12.0,0.0,22.0,10.0,4.7
4,max_to_max,SC1,17,0.0,0.0,12.0,0.0,22.0,10.0,4.7
4,max_to_sunset,SC1,17,0.0,0.0,12.0,0.0,22.0,10.0,5.7
4,first_to_first,SC1,18,0.0,0.0,12.0,0.0,22.0,10.0,5.7
4,last_to_last,SC1,18,0.0,0.0,12.0,0.0,22.0,8.0,5.7
4,mid_to_mid,SC1,18,0.0,0.0,12.0,0.0,22.0,9.0,5.7
4,max_to_max,SC1,18,0.0,0.0,12.0,0.0,22.0,10.0,5.7
4,max_to_sunset,SC1,18,0.0,0.0,12.0,0.0,22.0,8.0,5.7
4,first_to_first,SC1,19,0.0,0.0,16.0,0.0,22.0,8.0,5.7
4,last_to_last,SC1,19,0.0,0.0,16.0,0.0,17.0,6.0,5.7
4,mid_to_mid,SC1,19,0.0,0.0,16.0,0.0,22.0,6.0,5.7
4,max_to_max,SC1,19,0.0,0.0,16.0,0.0,22.0,8.0,5.7
4,max_to_sunset,SC1,19,0.0,0.0,16.0,0.0,22.0,6.0,5.7
4,first_to_first,SC1,20,0.0,0.0,14.0,0.0,17.0,6.0,5.7
4,last_to_last,SC1,20,0.0,0.0,14.0,0.0,17.0,6.0,5.7
4,mid_to_mid,SC1,20,0.0,0.0,14.0,0.0,17.0,6.0,5.7
4,max_to_max,SC1,20,0.0,0.0,14.0,0.0,17.0,6.0,5.7
4,max_to_sunset,SC1,20,0.0,0.0,14.0,0.0,17.0,6.0,5.7
4,first_to_first,SC1,21,0.0,0.0,12.0,0.0,17.0,6.0,5.7
4,last_to_last,SC1,21,0.0,0.0,12.0,0.0,17.0,6.0,4.3
4,mid_to_mid,SC1,21,0.0,0.0,12.0,0.0,17.0,6.0,5.7
4,max_to_max,SC1,21,0.0,0.0,12.0,0.0,17.0,6.0,5.7
4,max_to_sunset,SC1,21,0.0,0.0,12.0,0.0,17.0,6.0,5.7
4,first_to_first,SC1,22,0.0,0.0,12.0,0.0,17.0,6.0,4.3
4,last_to_last,SC1,22,0.0,0.0,12.0,0.0,17.0,6.0,4.3
4,mid_to_mid,SC1,22,0.0,0.0,12.0,0.0,17.0,6.0,4.3
4,max_to_max,SC1,22,0.0,0.0,12.0,0.0,17.0,6.0,4.3
4,max_to_sunset,SC1,22,0.0,0.0,12.0,0.0,17.0,6.0,4.3
4,first_to_first,SC1,23,0.0,0.0,8.0,0.0,17.0,6.0,4.3
4,last_to_last,SC1,23,0.0,0.0,8.0,0.0,17.0,7.0,4.3
4,mid_to_mid,SC1,23,0.0,0.0,8.0,0.0,17.0,7.0,4.3
4,max_to_max,SC1,23,0.0,0.0,8.0,0.0,17.0,6.0,4.3
4,max_to_sunset,SC1,23,0.0,0.0,8.0,0.0,17.0,6.0,4.3
4,first_to_first,SC1,24,0.0,0.0,10.0,0.0,17.0,7.0,4.3
4,last_to_last,SC1,24,0.0,0.0,10.0,0.0,21.0,7.0,4.3
4,mid_to_mid,SC1,24,0.0,0.0,10.0,0.0,19.0,7.0,4.3
4,max_to_max,SC1,24,0.0,0.0,10.0,0.0,17.0,7.0,4.3
4,max_to_sunset,SC1,24,0.0,0.0,10.0,0.0,21.0,7.0,4.3
4,first_to_first,SC1,25,0.0,0.0,14.0,0.0,21.0,7.0,4.3
4,last_to_last,SC1,25,0.0,0.0,14.0,0.0,21.0,7.0,4.3
4,mid_to_mid,SC1,25,0.0,0.0,14.0,0.0,21.0,7.0,4.3
4,max_to_max,SC1,25,0.0,0.0,14.0,0.0,21.0,7.0,4.3
4,max_to_sunset,SC1,25,0.0,0.0,14.0,0.0,21.0,7.0,4.3
4,first_to_first,SC10,1,10.44030650891055,0.0,21.0,0.0,21.0,3.0,7.0
4,last_to_last,SC10,1,11.489125293076057,0.0,21.0,0.0,19.0,3.0,7.0
4,mid_to_mid,SC10,1,5.196152422706632,0.0,21.0,0.0,21.0,3.0,7.0
4,max_to_max,SC10,1,12.165525060596439,0.0,21.0,0.0,21.0,3.0,7.0
4,max_to_sunset,SC10,1,11.489125293076057,0.0,21.0,0.0,21.0,3.0,7.0
4,first_to_first,SC10,2,10.954451150103322,0.0,13.0,8.0,19.0,3.0,7.0
4,last_to_last,SC10,2,9.433981132056603,0.0,13.0,8.0,19.0,3.0,7.0
4,mid_to_mid,SC10,2,6.6332495807108,4.0,13.0,8.0,19.0,3.0,7.0
4,max_to_max,SC10,2,15.588457268119896,39.0,13.0,8.0,19.0,3.0,7.0
4,max_to_sunset,SC10,2,7.0710678118654755,39.0,13.0,8.0,19.0,3.0,7.0
4,first_to_first,SC10,3,9.9498743710662,10.0,15.0,104.0,19.0,3.0,7.4
4,last_to_last,SC10,3,8.888194417315589,58.0,15.0,104.0,19.0,3.0,7.4
4,mid_to_mid,SC10,3,7.280109889280518,8.0,15.0,104.0,19.0,3.0,7.4
4,max_to_max,SC10,3,15.0996688705415,78.0,15.0,104.0,19.0,3.0,7.4
4,max_to_sunset,SC10,3,7.681145747868608,78.0,15.0,104.0,19.0,3.0,7.4
4,first_to_first,SC10,4,7.745966692414834,60.0,18.0,176.0,19.0,3.0,7.4
4,last_to_last,SC10,4,2.23606797749979,110.0,18.0,176.0,19.0,3.0,7.4
4,mid_to_mid,SC10,4,6.244997998398398,9.0,18.0,176.0,19.0,3.0,7.4
4,max_to_max,SC10,4,25.298221281347036,130.0,18.0,176.0,19.0,3.0,7.4
4,max_to_sunset,SC10,4,-3.872983346207417,130.0,18.0,176.0,19.0,3.0,7.4
4,first_to_first,SC10,5,0.0,109.0,13.0,416.0,19.0,3.0,7.4
4,last_to_last,SC10,5,13.784048752090222,132.0,13.0,416.0,21.0,3.0,7.4
4,mid_to_mid,SC10,5,7.211102550927978,27.0,13.0,416.0,19.0,3.0,7.4
4,max_to_max,SC10,5,18.681541692269406,148.0,13.0,416.0,21.0,3.0,7.4
4,max_to_sunset,SC10,5,13.19090595827292,148.0,13.0,416.0,21.0,3.0,7.4
4,first_to_first,SC10,6,19.467922333931785,120.0,8.0,385.0,21.0,3.0,7.4
4,last_to_last,SC10,6,18.627936010197157,89.0,8.0,385.0,21.0,3.0,7.4
4,mid_to_mid,SC10,6,19.183326093250876,48.0,8.0,385.0,21.0,3.0,7.4
4,max_to_max,SC10,6,14.7648230602334,282.0,8.0,385.0,21.0,3.0,7.4
4,max_to_sunset,SC10,6,12.409673645990857,282.0,8.0,385.0,21.0,3.0,7.4
4,first_to_first,SC10,7,5.0990195135927845,109.0,17.0,456.0,21.0,3.0,4.1
4,last_to_last,SC10,7,-9.219544457292887,137.0,17.0,456.0,21.0,3.0,4.1
4,mid_to_mid,SC10,7,-7.3484692283495345,61.0,17.0,456.0,21.0,3.0,4.1
4,max_to_max,SC10,7,9.539392014169456,306.0,17.0,456.0,21.0,3.0,4.1
4,max_to_sunset,SC10,7,-15.937377450509228,306.0,17.0,456.0,21.0,3.0,4.1
4,first_to_first,SC10,8,-7.14142842854285,120.0,13.0,387.0,21.0,4.0,4.1
4,last_to_last,SC10,8,-10.04987562112089,115.0,13.0,387.0,21.0,5.0,3.2
4,mid_to_mid,SC10,8,-6.6332495807108,48.0,13.0,387.0,21.0,5.0,4.1
4,max_to_max,SC10,8,-26.28687885618983,770.0,13.0,387.0,21.0,5.0,3.2
4,max_to_sunset,SC10,8,-27.49545416973504,770.0,13.0,387.0,21.0,5.0,3.2
4,first_to_first,SC10,9,-10.295630140987,109.0,19.0,1122.0,21.0,5.0,3.2
4,last_to_last,SC10,9,-17.88854381999832,322.0,19.0,1122.0,24.0,6.0,2.6
4,mid_to_mid,SC10,9,-8.888194417315589,79.0,19.0,1122.0,22.0,6.0,3.2
4,max_to_max,SC10,9,-22.181073012818835,497.0,19.0,1122.0,24.0,6.0,2.6
4,max_to_sunset,SC10,9,-22.24859546128699,497.0,19.0,1122.0,24.0,6.0,2.6
4,first_to_first,SC10,10,-22.24859546128699,499.0,10.0,0.0,24.0,6.0,2.6
4,last_to_last,SC10,10,-20.85665361461421,436.0,10.0,0.0,24.0,6.0,4.1
4,mid_to_mid,SC10,10,-20.396078054371138,416.0,10.0,0.0,24.0,6.0,3.0
4,max_to_max,SC10,10,-22.24859546128699,500.0,10.0,0.0,24.0,6.0,2.6
4,max_to_sunset,SC10,10,-22.338307903688676,500.0,10.0,0.0,24.0,6.0,4.1
4,first_to_first,SC10,11,-11.61895003862225,135.0,9.0,373.0,24.0,6.0,4.3
4,last_to_last,SC10,11,-7.211102550927978,52.0,9.0,373.0,24.0,6.0,5.5
4,mid_to_mid,SC10,11,-2.6457513110645907,7.0,9.0,373.0,24.0,6.0,5.5
4,max_to_max,SC10,11,-19.924858845171276,397.0,9.0,373.0,24.0,6.0,4.3
4,max_to_sunset,SC10,11,-19.924858845171276,397.0,9.0,373.0,24.0,6.0,5.5
4,first_to_first,SC10,12,-8.306623862918075,69.0,8.0,145.0,24.0,6.0,7.0
4,last_to_last,SC10,12,-3.7416573867739413,14.0,8.0,145.0,24.0,6.0,7.0
4,mid_to_mid,SC10,12,-2.0,4.0,8.0,145.0,24.0,6.0,7.0
4,max_to_max,SC10,12,-8.888194417315589,79.0,8.0,145.0,24.0,6.0,7.0
4,max_to_sunset,SC10,12,-8.888194417315589,79.0,8.0,145.0,24.0,6.0,7.0
4,first_to_first,SC10,13,-1.7320508075688772,3.0,12.0,2.0,24.0,6.0,7.0
4,last_to_last,SC10,13,-1.4142135623730951,2.0,12.0,2.0,23.0,6.0,7.0
4,mid_to_mid,SC10,13,0.0,0.0,12.0,2.0,24.0,6.0,7.0
4,max_to_max,SC10,13,-2.23606797749979,5.0,12.0,2.0,20.0,6.0,7.0
4,max_to_sunset,SC10,13,-2.23606797749979,5.0,12.0,2.0,23.0,6.0,7.0
4,first_to_first,SC10,14,-2.0,4.0,9.0,14.0,23.0,7.0,7.2
4,last_to_last,SC10,14,1.4142135623730951,1.0,9.0,14.0,23.0,8.0,7.2
4,mid_to_mid,SC10,14,1.7320508075688772,0.0,9.0,14.0,23.0,8.0,7.2
4,max_to_max,SC10,14,-1.0,5.0,9.0,14.0,23.0,8.0,7.2
4,max_to_sunset,SC10,14,-1.4142135623730951,5.0,9.0,14.0,23.0,8.0,7.2
4,first_to_first,SC10,15,0.0,0.0,11.0,0.0,23.0,10.0,7.2
4,last_to_last,SC10,15,14.628738838327793,0.0,11.0,0.0,23.0,10.0,7.2
4,mid_to_mid,SC10,15,4.123105625617661,0.0,11.0,0.0,23.0,10.0,7.2
4,max_to_max,SC10,15,18.894443627691185,0.0,11.0,0.0,23.0,10.0,7.2
4,max_to_sunset,SC10,15,14.628738838327793,0.0,11.0,0.0,23.0,10.0,7.2
4,first_to_first,SC10,16,16.1245154965971,0.0,12.0,0.0,23.0,10.0,7.2
4,last_to_last,SC10,16,16.522711641858304,0.0,12.0,0.0,23.0,10.0,7.2
4,mid_to_mid,SC10,16,16.703293088490067,0.0,12.0,0.0,23.0,10.0,7.2
4,max_to_max,SC10,16,17.578395831246947,0.0,12.0,0.0,23.0,10.0,7.2
4,max_to_sunset,SC10,16,16.522711641858304,0.0,12.0,0.0,23.0,10.0,7.2
4,first_to_first,SC10,17,13.674794331177344,0.0,13.0,0.0,23.0,11.0,7.2
4,last_to_last,SC10,17,11.445523142259598,0.0,13.0,0.0,20.0,11.0,7.2
4,mid_to_mid,SC10,17,4.795831523312719,0.0,13.0,0.0,23.0,11.0,7.2
4,max_to_max,SC10,17,16.431676725154983,0.0,13.0,0.0,23.0,11.0,7.2
4,max_to_sunset,SC10,17,11.445523142259598,0.0,13.0,0.0,23.0,11.0,7.2
4,first_to_first,SC10,18,9.848857801796104,0.0,14.0,0.0,20.0,6.0,4.1
4,last_to_last,SC10,18,2.0,3.0,14.0,0.0,24.0,6.0,3.8
4,mid_to_mid,SC10,18,4.123105625617661,3.0,14.0,0.0,23.0,6.0,3.8
4,max_to_max,SC10,18,11.532562594670797,4.0,14.0,0.0,20.0,6.0,3.8
4,max_to_sunset,SC10,18,1.7320508075688772,4.0,14.0,0.0,24.0,6.0,3.8
4,first_to_first,SC10,19,0.0,0.0,14.0,265.0,24.0,6.0,3.8
4,last_to_last,SC10,19,-14.628738838327793,214.0,14.0,265.0,28.0,6.0,3.8
4,mid_to_mid,SC10,19,-4.123105625617661,17.0,14.0,265.0,25.0,6.0,3.8
4,max_to_max,SC10,19,-18.894443627691185,357.0,14.0,265.0,24.0,6.0,3.8
4,max_to_sunset,SC10,19,-18.894443627691185,357.0,14.0,265.0,28.0,6.0,3.8
4,first_to_first,SC10,20,-16.1245154965971,260.0,14.0,0.0,28.0,6.0,3.2
4,last_to_last,SC10,20,-16.278820596099706,273.0,14.0,0.0,34.0,6.0,3.2
4,mid_to_mid,SC10,20,-16.703293088490067,279.0,14.0,0.0,31.0,6.0,3.2
4,max_to_max,SC10,20,-17.349351572897472,309.0,14.0,0.0,34.0,6.0,3.2
4,max_to_sunset,SC10,20,-17.349351572897472,309.0,14.0,0.0,34.0,6.0,3.2
4,first_to_first,SC10,21,-13.416407864998739,187.0,13.0,406.0,34.0,6.0,3.2
4,last_to_last,SC10,21,-11.313708498984761,131.0,13.0,406.0,34.0,6.0,2.4
4,mid_to_mid,SC10,21,-4.795831523312719,23.0,13.0,406.0,34.0,6.0,3.2
4,max_to_max,SC10,21,-15.716233645501712,270.0,13.0,406.0,34.0,6.0,3.2
4,max_to_sunset,SC10,21,-16.34013463836819,270.0,13.0,406.0,34.0,6.0,3.2
4,first_to_first,SC10,22,-9.746794344808963,97.0,15.0,178.0,34.0,7.0,2.4
4,last_to_last,SC10,22,1.4142135623730951,7.0,15.0,178.0,34.0,7.0,2.4
4,mid_to_mid,SC10,22,-4.123105625617661,20.0,15.0,178.0,34.0,7.0,2.4
4,max_to_max,SC10,22,-11.269427669584644,137.0,15.0,178.0,34.0,7.0,2.4
4,max_to_sunset,SC10,22,-11.313708498984761,137.0,15.0,178.0,34.0,7.0,2.4
4,first_to_first,SC10,23,2.23606797749979,0.0,9.0,0.0,34.0,7.0,1.6
4,last_to_last,SC10,23,0.0,0.0,9.0,0.0,34.0,7.0,0.0
4,mid_to_mid,SC10,23,0.0,0.0,9.0,0.0,34.0,7.0,1.3
4,max_to_max,SC10,23,3.0,0.0,9.0,0.0,34.0,7.0,1.6
4,max_to_sunset,SC10,23,0.0,0.0,9.0,0.0,34.0,7.0,1.6
4,first_to_first,SC12,1,5.830951894845301,13.0,17.0,0.0,29.0,8.0,5.1
4,last_to_last,SC12,1,-4.0,39.0,17.0,0.0,29.0,8.0,7.2
4,mid_to_mid,SC12,1,3.7416573867739413,13.0,17.0,0.0,29.0,8.0,6.3
4,max_to_max,SC12,1,10.0,49.0,17.0,0.0,29.0,8.0,5.1
4,max_to_sunset,SC12,1,-5.0990195135927845,49.0,17.0,0.0,29.0,8.0,7.2
4,first_to_first,SC12,2,-4.47213595499958,28.0,15.0,49.0,29.0,8.0,12.8
4,last_to_last,SC12,2,1.4142135623730951,23.0,15.0,49.0,21.0,8.0,12.8
4,mid_to_mid,SC12,2,2.6457513110645907,0.0,15.0,49.0,29.0,8.0,12.8
4,max_to_max,SC12,2,-2.8284271247461903,37.0,15.0,49.0,29.0,8.0,12.8
4,max_to_sunset,SC12,2,-3.4641016151377544,37.0,15.0,49.0,29.0,8.0,12.8
4,first_to_first,SC12,3,3.3166247903554,15.0,16.0,140.0,21.0,7.0,12.8
4,last_to_last,SC12,3,-7.54983443527075,72.0,16.0,140.0,20.0,6.0,12.8
4,mid_to_mid,SC12,3,4.58257569495584,3.0,16.0,140.0,21.0,6.0,12.8
4,max_to_max,SC12,3,-11.135528725660043,159.0,16.0,140.0,20.0,6.0,12.8
4,max_to_sunset,SC12,3,-12.0,159.0,16.0,140.0,20.0,6.0,12.8
4,first_to_first,SC12,4,-7.3484692283495345,71.0,14.0,584.0,20.0,5.0,12.8
4,last_to_last,SC12,4,-6.082762530298219,52.0,14.0,584.0,20.0,5.0,12.8
4,mid_to_mid,SC12,4,-4.47213595499958,38.0,14.0,584.0,20.0,5.0,12.8
4,max_to_max,SC12,4,-10.816653826391969,143.0,14.0,584.0,20.0,5.0,12.8
4,max_to_sunset,SC12,4,-11.313708498984761,143.0,14.0,584.0,20.0,5.0,12.8
4,first_to_first,SC12,5,-6.244997998398398,47.0,13.0,18.0,20.0,5.0,12.8
4,last_to_last,SC12,5,-4.795831523312719,23.0,13.0,18.0,20.0,5.0,12.8
4,mid_to_mid,SC12,5,-5.196152422706632,27.0,13.0,18.0,20.0,5.0,12.8
4,max_to_max,SC12,5,-11.489125293076057,149.0,13.0,18.0,20.0,5.0,12.8
4,max_to_sunset,SC12,5,-12.206555615733702,149.0,13.0,18.0,20.0,5.0,12.8
4,first_to_first,SC4,1,-20.8806130178211,436.0,16.0,0.0,30.0,8.0,3.2
4,last_to_last,SC4,1,-13.564659966250536,352.0,16.0,0.0,30.0,8.0,4.3
4,mid_to_mid,SC4,1,-20.663978319771825,436.0,16.0,0.0,30.0,8.0,4.3
4,max_to_max,SC4,1,-19.235384061671343,554.0,16.0,0.0,30.0,8.0,4.3
4,max_to_sunset,SC4,1,-19.6468827043885,554.0,16.0,0.0,30.0,8.0,4.3
4,first_to_first,SC4,2,-12.84523257866513,318.0,19.0,377.0,30.0,9.0,4.3
4,last_to_last,SC4,2,6.244997998398398,197.0,19.0,377.0,30.0,9.0,4.3
4,mid_to_mid,SC4,2,-7.937253933193772,157.0,19.0,377.0,30.0,9.0,4.3
4,max_to_max,SC4,2,-15.231546211727817,569.0,19.0,377.0,30.0,9.0,4.3
4,max_to_sunset,SC4,2,-18.24828759089466,569.0,19.0,377.0,30.0,9.0,4.3
4,first_to_first,SC4,3,6.0,193.0,13.0,104.0,30.0,4.0,4.3
4,last_to_last,SC4,3,5.0990195135927845,0.0,13.0,104.0,26.0,4.0,4.3
4,mid_to_mid,SC4,3,4.58257569495584,3.0,13.0,104.0,30.0,4.0,4.3
4,max_to_max,SC4,3,8.0,193.0,13.0,104.0,30.0,4.0,4.3
4,max_to_sunset,SC4,3,-12.922847983320086,193.0,13.0,104.0,30.0,4.0,4.3
4,first_to_first,SC4,4,4.242640687119285,0.0,18.0,0.0,26.0,4.0,4.3
4,last_to_last,SC4,4,3.605551275463989,2.0,18.0,0.0,26.0,4.0,4.3
4,mid_to_mid,SC4,4,0.0,0.0,18.0,0.0,26.0,4.0,4.3
4,max_to_max,SC4,4,4.69041575982343,6.0,18.0,0.0,26.0,4.0,4.3
4,max_to_sunset,SC4,4,3.0,6.0,18.0,0.0,26.0,4.0,4.3
4,first_to_first,SC4,5,3.872983346207417,0.0,14.0,80.0,26.0,4.0,4.3
4,last_to_last,SC4,5,-11.445523142259598,168.0,14.0,80.0,26.0,4.0,4.1
4,mid_to_mid,SC4,5,-2.8284271247461903,9.0,14.0,80.0,26.0,4.0,4.3
4,max_to_max,SC4,5,-12.12435565298214,184.0,14.0,80.0,26.0,4.0,4.1
4,max_to_sunset,SC4,5,-12.12435565298214,184.0,14.0,80.0,26.0,4.0,4.1
4,first_to_first,SC4,6,-10.392304845413264,153.0,19.0,547.0,26.0,4.0,4.1
4,last_to_last,SC4,6,-15.264337522473747,236.0,19.0,547.0,26.0,4.0,3.2
4,mid_to_mid,SC4,6,-9.695359714832659,94.0,19.0,547.0,26.0,4.0,3.8
4,max_to_max,SC4,6,-16.822603841260722,337.0,19.0,547.0,26.0,4.0,3.8
4,max_to_sunset,SC4,6,-18.275666882497067,337.0,19.0,547.0,26.0,4.0,3.8
4,first_to_first,SC4,7,-14.933184523068078,229.0,8.0,199.0,26.0,4.0,3.2
4,last_to_last,SC4,7,-4.47213595499958,26.0,8.0,199.0,23.0,4.0,3.2
4,mid_to_mid,SC4,7,-4.898979485566356,24.0,8.0,199.0,26.0,4.0,3.2
4,max_to_max,SC4,7,-15.459624833740307,257.0,8.0,199.0,26.0,4.0,3.2
4,max_to_sunset,SC4,7,-15.84297951775486,257.0,8.0,199.0,26.0,4.0,3.2
4,first_to_first,SC4,8,-3.605551275463989,18.0,20.0,19.0,23.0,4.0,3.2
4,last_to_last,SC4,8,-3.872983346207417,15.0,20.0,19.0,28.0,4.0,4.1
4,mid_to_mid,SC4,8,0.0,0.0,20.0,19.0,28.0,4.0,3.2
4,max_to_max,SC4,8,-4.795831523312719,28.0,20.0,19.0,23.0,4.0,3.2
4,max_to_sunset,SC4,8,-5.291502622129181,28.0,20.0,19.0,28.0,4.0,4.1
4,first_to_first,SC4,9,-3.872983346207417,15.0,13.0,16.0,28.0,4.0,4.1
4,last_to_last,SC4,9,-6.082762530298219,37.0,13.0,16.0,32.0,4.0,4.1
4,mid_to_mid,SC4,9,-1.0,1.0,13.0,16.0,32.0,4.0,4.1
4,max_to_max,SC4,9,-6.082762530298219,37.0,13.0,16.0,28.0,4.0,4.1
4,max_to_sunset,SC4,9,-6.082762530298219,37.0,13.0,16.0,32.0,4.0,4.1
4,first_to_first,SC4,10,-6.708203932499369,45.0,8.0,82.0,32.0,4.0,4.1
4,last_to_last,SC4,10,11.224972160321824,3.0,8.0,82.0,32.0,4.0,4.1
4,mid_to_mid,SC4,10,0.0,0.0,8.0,82.0,32.0,4.0,4.1
4,max_to_max,SC4,10,9.797958971132712,54.0,8.0,82.0,32.0,4.0,4.1
4,max_to_sunset,SC4,10,8.660254037844387,54.0,8.0,82.0,32.0,4.0,4.1
4,first_to_first,SC4,11,10.954451150103322,6.0,19.0,9.0,32.0,4.0,4.1
4,last_to_last,SC4,11,-1.7320508075688772,6.0,19.0,9.0,32.0,6.0,4.1
4,mid_to_mid,SC4,11,4.242640687119285,0.0,19.0,9.0,32.0,6.0,4.1
4,max_to_max,SC4,11,10.816653826391969,18.0,19.0,9.0,32.0,6.0,4.1
4,max_to_sunset,SC4,11,-3.872983346207417,18.0,19.0,9.0,32.0,6.0,4.1
4,first_to_first,SC4,12,1.4142135623730951,5.0,7.0,2.0,32.0,6.0,4.1
4,last_to_last,SC4,12,0.0,0.0,7.0,2.0,32.0,6.0,4.5
4,mid_to_mid,SC4,12,0.0,0.0,7.0,2.0,32.0,6.0,4.1
4,max_to_max,SC4,12,1.7320508075688772,5.0,7.0,2.0,32.0,6.0,4.1
4,max_to_sunset,SC4,12,-2.23606797749979,5.0,7.0,2.0,32.0,6.0,4.5
4,first_to_first,SC4,13,0.0,0.0,8.0,0.0,32.0,7.0,7.4
4,last_to_last,SC4,13,0.0,0.0,8.0,0.0,30.0,7.0,7.4
4,mid_to_mid,SC4,13,0.0,0.0,8.0,0.0,32.0,7.0,7.4
4,max_to_max,SC4,13,0.0,0.0,8.0,0.0,32.0,7.0,7.4
4,max_to_sunset,SC4,13,0.0,0.0,8.0,0.0,32.0,7.0,7.4
4,first_to_first,SC4,14,0.0,0.0,17.0,2.0,30.0,10.0,7.4
4,last_to_last,SC4,14,-11.357816691600547,129.0,17.0,2.0,30.0,10.0,7.4
4,mid_to_mid,SC4,14,0.0,0.0,17.0,2.0,30.0,10.0,7.4
4,max_to_max,SC4,14,-12.24744871391589,150.0,17.0,2.0,30.0,10.0,7.4
4,max_to_sunset,SC4,14,-12.24744871391589,150.0,17.0,2.0,30.0,10.0,7.4
4,first_to_first,SC4,15,-11.224972160321824,126.0,14.0,48.0,30.0,11.0,7.4
4,last_to_last,SC4,15,-1.7320508075688772,3.0,14.0,48.0,23.0,11.0,7.4
4,mid_to_mid,SC4,15,-4.123105625617661,18.0,14.0,48.0,30.0,11.0,7.4
4,max_to_max,SC4,15,-11.445523142259598,135.0,14.0,48.0,30.0,11.0,7.4
4,max_to_sunset,SC4,15,-11.61895003862225,135.0,14.0,48.0,30.0,11.0,7.4
4,first_to_first,SC4,16,-2.6457513110645907,7.0,17.0,0.0,23.0,11.0,7.4
4,last_to_last,SC4,16,5.916079783099616,0.0,17.0,0.0,23.0,11.0,7.4
4,mid_to_mid,SC4,16,2.8284271247461903,0.0,17.0,0.0,23.0,11.0,7.4
4,max_to_max,SC4,16,11.090536506409418,8.0,17.0,0.0,23.0,11.0,7.4
4,max_to_sunset,SC4,16,5.196152422706632,8.0,17.0,0.0,23.0,11.0,7.4
4,first_to_first,SC4,17,9.591663046625438,0.0,14.0,0.0,23.0,11.0,6.2
4,last_to_last,SC4,17,8.660254037844387,0.0,14.0,0.0,23.0,11.0,6.2
4,mid_to_mid,SC4,17,9.9498743710662,0.0,14.0,0.0,23.0,11.0,6.2
4,max_to_max,SC4,17,14.422205101855956,0.0,14.0,0.0,23.0,11.0,6.2
4,max_to_sunset,SC4,17,8.660254037844387,0.0,14.0,0.0,23.0,11.0,6.2
4,first_to_first,SC4,18,9.055385138137417,0.0,13.0,0.0,23.0,7.0,6.2
4,last_to_last,SC4,18,16.217274740226856,0.0,13.0,0.0,23.0,7.0,6.2
4,mid_to_mid,SC4,18,2.0,0.0,13.0,0.0,23.0,7.0,6.2
4,max_to_max,SC4,18,17.944358444926362,0.0,13.0,0.0,23.0,7.0,6.2
4,max_to_sunset,SC4,18,16.217274740226856,0.0,13.0,0.0,23.0,7.0,6.2
4,first_to_first,SC4,19,15.297058540778355,0.0,17.0,3.0,23.0,6.0,6.2
4,last_to_last,SC4,19,11.357816691600547,0.0,17.0,3.0,23.0,6.0,6.2
4,mid_to_mid,SC4,19,3.7416573867739413,1.0,17.0,3.0,23.0,6.0,6.2
4,max_to_max,SC4,19,15.165750888103101,4.0,17.0,3.0,23.0,6.0,6.2
4,max_to_sunset,SC4,19,11.180339887498949,4.0,17.0,3.0,23.0,6.0,6.2
4,first_to_first,SC4,20,12.884098726725126,0.0,16.0,80.0,23.0,6.0,3.2
4,last_to_last,SC4,20,7.416198487095663,35.0,16.0,80.0,21.0,6.0,3.2
4,mid_to_mid,SC4,20,9.899494936611665,8.0,16.0,80.0,23.0,6.0,3.2
4,max_to_max,SC4,20,5.916079783099616,131.0,16.0,80.0,21.0,6.0,3.2
4,max_to_sunset,SC4,20,-6.4031242374328485,131.0,16.0,80.0,21.0,6.0,3.2
4,first_to_first,SC4,21,5.0990195135927845,92.0,15.0,0.0,21.0,6.0,3.2
4,last_to_last,SC4,21,-8.660254037844387,75.0,15.0,0.0,22.0,6.0,3.0
4,mid_to_mid,SC4,21,-9.848857801796104,99.0,15.0,0.0,21.0,6.0,3.2
4,max_to_max,SC4,21,-9.486832980505138,208.0,15.0,0.0,21.0,6.0,3.2
4,max_to_sunset,SC4,21,-14.422205101855956,208.0,15.0,0.0,22.0,6.0,3.2
4,first_to_first,SC4,22,-9.055385138137417,82.0,14.0,48.0,22.0,6.0,3.0
4,last_to_last,SC4,22,-16.186414056238647,263.0,14.0,48.0,24.0,6.0,2.8
4,mid_to_mid,SC4,22,-2.0,4.0,14.0,48.0,22.0,6.0,3.0
4,max_to_max,SC4,22,-17.776388834631177,322.0,14.0,48.0,22.0,6.0,2.8
4,max_to_sunset,SC4,22,-17.916472867168917,322.0,14.0,48.0,24.0,6.0,2.8
4,first_to_first,SC4,23,-15.264337522473747,234.0,6.0,40.0,24.0,6.0,2.8
4,last_to_last,SC4,23,-11.357816691600547,129.0,6.0,40.0,24.0,7.0,4.7
4,mid_to_mid,SC4,23,-3.872983346207417,15.0,6.0,40.0,24.0,7.0,3.8
4,max_to_max,SC4,23,-15.264337522473747,234.0,6.0,40.0,24.0,6.0,2.8
4,max_to_sunset,SC4,23,-15.297058540778355,234.0,6.0,40.0,24.0,6.0,4.7
4,first_to_first,SC4,24,-12.884098726725126,166.0,7.0,61.0,24.0,7.0,5.1
4,last_to_last,SC4,24,-2.23606797749979,90.0,7.0,61.0,24.0,8.0,5.1
4,mid_to_mid,SC4,24,-10.0,106.0,7.0,61.0,24.0,8.0,5.1
4,max_to_max,SC4,24,-8.831760866327848,166.0,7.0,61.0,24.0,7.0,5.1
4,max_to_sunset,SC4,24,-9.0,166.0,7.0,61.0,24.0,7.0,5.1
4,first_to_first,SC4,25,-4.69041575982343,118.0,11.0,47.0,24.0,9.0,5.1
4,last_to_last,SC4,25,1.0,0.0,11.0,47.0,24.0,9.0,5.1
4,mid_to_mid,SC4,25,11.789826122551595,2.0,11.0,47.0,24.0,9.0,5.1
4,max_to_max,SC4,25,4.795831523312719,118.0,11.0,47.0,24.0,9.0,5.1
4,max_to_sunset,SC4,25,-10.816653826391969,118.0,11.0,47.0,24.0,9.0,5.1
4,first_to_first,SC4,26,0.0,0.0,22.0,3.0,24.0,7.0,5.1
4,last_to_last,SC4,26,2.0,1.0,22.0,3.0,24.0,7.0,5.1
4,mid_to_mid,SC4,26,2.0,0.0,22.0,3.0,24.0,7.0,5.1
4,max_to_max,SC4,26,2.449489742783178,6.0,22.0,3.0,24.0,7.0,5.1
4,max_to_sunset,SC4,26,-1.0,6.0,22.0,3.0,24.0,7.0,5.1
4,first_to_first,SC4,27,2.23606797749979,1.0,12.0,0.0,24.0,5.0,5.1
4,last_to_last,SC4,27,0.0,0.0,12.0,0.0,24.0,5.0,5.1
4,mid_to_mid,SC4,27,2.0,0.0,12.0,0.0,24.0,5.0,5.1
4,max_to_max,SC4,27,2.23606797749979,1.0,12.0,0.0,24.0,5.0,5.1
4,max_to_sunset,SC4,27,-1.0,1.0,12.0,0.0,24.0,5.0,5.1
4,first_to_first,SC4,28,0.0,0.0,14.0,12.0,24.0,5.0,5.5
4,last_to_last,SC4,28,4.898979485566356,85.0,14.0,12.0,24.0,5.0,5.5
4,mid_to_mid,SC4,28,1.0,6.0,14.0,12.0,24.0,5.0,5.5
4,max_to_max,SC4,28,5.656854249492381,88.0,14.0,12.0,24.0,5.0,5.5
4,max_to_sunset,SC4,28,4.58257569495584,88.0,14.0,12.0,24.0,5.0,5.5
4,first_to_first,SC4,29,6.244997998398398,96.0,13.0,2.0,24.0,5.0,5.5
4,last_to_last,SC4,29,9.486832980505138,1.0,13.0,2.0,24.0,5.0,5.5
4,mid_to_mid,SC4,29,-11.135528725660043,141.0,13.0,2.0,24.0,5.0,5.5
4,max_to_max,SC4,29,3.4641016151377544,141.0,13.0,2.0,24.0,5.0,5.5
4,max_to_sunset,SC4,29,-7.0710678118654755,141.0,13.0,2.0,24.0,5.0,5.5
4,first_to_first,SC4,30,11.269427669584644,0.0,22.0,26.0,24.0,5.0,5.5
4,last_to_last,SC4,30,-1.4142135623730951,5.0,22.0,26.0,21.0,5.0,5.5
4,mid_to_mid,SC4,30,2.449489742783178,4.0,22.0,26.0,23.0,5.0,5.5
4,max_to_max,SC4,30,10.723805294763608,12.0,22.0,26.0,23.0,5.0,5.5
4,max_to_sunset,SC4,30,-3.0,12.0,22.0,26.0,23.0,5.0,5.5
4,first_to_first,SC6,1,3.872983346207417,0.0,21.0,1.0,25.0,9.0,5.7
4,last_to_last,SC6,1,3.605551275463989,1.0,21.0,1.0,25.0,9.0,5.7
4,mid_to_mid,SC6,1,4.242640687119285,0.0,21.0,1.0,25.0,9.0,5.7
4,max_to_max,SC6,1,4.0,2.0,21.0,1.0,25.0,9.0,5.7
4,max_to_sunset,SC6,1,3.4641016151377544,2.0,21.0,1.0,25.0,9.0,5.7
4,first_to_first,SC6,2,3.872983346207417,0.0,18.0,14.0,25.0,11.0,5.7
4,last_to_last,SC6,2,-13.820274961085254,196.0,18.0,14.0,25.0,11.0,7.2
4,mid_to_mid,SC6,2,2.23606797749979,1.0,18.0,14.0,25.0,11.0,7.2
4,max_to_max,SC6,2,-16.34013463836819,284.0,18.0,14.0,25.0,11.0,5.7
4,max_to_sunset,SC6,2,-16.703293088490067,284.0,18.0,14.0,25.0,11.0,7.2
4,first_to_first,SC6,3,-9.9498743710662,106.0,14.0,36.0,25.0,11.0,7.2
4,last_to_last,SC6,3,-7.745966692414834,65.0,14.0,36.0,22.0,11.0,7.2
4,mid_to_mid,SC6,3,-7.416198487095663,61.0,14.0,36.0,25.0,11.0,7.2
4,max_to_max,SC6,3,-10.246950765959598,120.0,14.0,36.0,25.0,11.0,7.2
4,max_to_sunset,SC6,3,-10.723805294763608,120.0,14.0,36.0,25.0,11.0,7.2
4,first_to_first,SC6,4,-6.48074069840786,46.0,17.0,3.0,19.0,11.0,7.8
4,last_to_last,SC6,4,6.557438524302,19.0,17.0,3.0,18.0,11.0,7.8
4,mid_to_mid,SC6,4,-5.0,26.0,17.0,3.0,19.0,11.0,7.8
4,max_to_max,SC6,4,7.615773105863909,77.0,17.0,3.0,19.0,11.0,7.8
4,max_to_sunset,SC6,4,-3.872983346207417,77.0,17.0,3.0,19.0,11.0,7.8
4,first_to_first,SC6,5,4.47213595499958,15.0,15.0,12.0,18.0,11.0,7.8
4,last_to_last,SC6,5,3.1622776601683795,14.0,15.0,12.0,18.0,11.0,7.8
4,mid_to_mid,SC6,5,5.196152422706632,18.0,15.0,12.0,18.0,11.0,7.8
4,max_to_max,SC6,5,6.164414002968976,18.0,15.0,12.0,18.0,11.0,7.8
4,max_to_sunset,SC6,5,2.449489742783178,18.0,15.0,12.0,18.0,11.0,7.8
4,first_to_first,SC6,6,3.1622776601683795,15.0,14.0,0.0,18.0,8.0,7.8
4,last_to_last,SC6,6,7.54983443527075,5.0,14.0,0.0,18.0,8.0,7.8
4,mid_to_mid,SC6,6,4.47213595499958,6.0,14.0,0.0,18.0,8.0,7.8
4,max_to_max,SC6,6,7.615773105863909,17.0,14.0,0.0,18.0,8.0,7.8
4,max_to_sunset,SC6,6,6.708203932499369,17.0,14.0,0.0,18.0,8.0,7.8
4,first_to_first,SC6,7,5.830951894845301,7.0,13.0,0.0,18.0,8.0,7.8
4,last_to_last,SC6,7,8.888194417315589,5.0,13.0,0.0,18.0,7.0,7.8
4,mid_to_mid,SC6,7,5.0990195135927845,6.0,13.0,0.0,18.0,7.0,7.8
4,max_to_max,SC6,7,8.306623862918075,15.0,13.0,0.0,18.0,7.0,7.8
4,max_to_sunset,SC6,7,8.306623862918075,15.0,13.0,0.0,18.0,7.0,7.8
4,first_to_first,SC6,8,7.681145747868608,4.0,16.0,52.0,18.0,7.0,4.1
4,last_to_last,SC6,8,1.0,62.0,16.0,52.0,18.0,7.0,4.1
4,mid_to_mid,SC6,8,6.928203230275509,1.0,16.0,52.0,18.0,7.0,4.1
4,max_to_max,SC6,8,-7.483314773547883,135.0,16.0,52.0,18.0,7.0,4.1
4,max_to_sunset,SC6,8,-8.48528137423857,135.0,16.0,52.0,18.0,7.0,4.1
4,first_to_first,SC6,9,4.47213595499958,35.0,14.0,0.0,18.0,7.0,4.1
4,last_to_last,SC6,9,6.928203230275509,24.0,14.0,0.0,18.0,7.0,3.7
4,mid_to_mid,SC6,9,-3.0,45.0,14.0,0.0,18.0,7.0,4.1
4,max_to_max,SC6,9,7.211102550927978,56.0,14.0,0.0,18.0,7.0,4.1
4,max_to_sunset,SC6,9,4.0,56.0,14.0,0.0,18.0,7.0,4.1
4,first_to_first,SC6,10,6.0,25.0,14.0,120.0,18.0,7.0,3.7
4,last_to_last,SC6,10,3.7416573867739413,62.0,14.0,120.0,19.0,7.0,3.4
4,mid_to_mid,SC6,10,5.0990195135927845,26.0,14.0,120.0,18.0,7.0,3.7
4,max_to_max,SC6,10,2.8284271247461903,75.0,14.0,120.0,19.0,7.0,3.4
4,max_to_sunset,SC6,10,1.0,75.0,14.0,120.0,19.0,7.0,3.4
4,first_to_first,SC6,11,1.0,41.0,14.0,122.0,19.0,7.0,3.4
4,last_to_last,SC6,11,-7.3484692283495345,84.0,14.0,122.0,19.0,8.0,3.7
4,mid_to_mid,SC6,11,2.0,32.0,14.0,122.0,19.0,8.0,3.4
4,max_to_max,SC6,11,-2.6457513110645907,84.0,14.0,122.0,19.0,8.0,3.2
4,max_to_sunset,SC6,11,-7.3484692283495345,84.0,14.0,122.0,19.0,8.0,3.7
4,first_to_first,SC6,12,-5.5677643628300215,63.0,13.0,32.0,19.0,8.0,4.7
4,last_to_last,SC6,12,-5.385164807134504,63.0,13.0,32.0,19.0,9.0,4.7
4,mid_to_mid,SC6,12,-2.8284271247461903,49.0,13.0,32.0,19.0,9.0,4.7
4,max_to_max,SC6,12,-3.0,79.0,13.0,32.0,19.0,9.0,4.7
4,max_to_sunset,SC6,12,-6.708203932499369,79.0,13.0,32.0,19.0,9.0,4.7
4,first_to_first,SC6,13,-6.0,55.0,15.0,73.0,19.0,10.0,4.7
4,last_to_last,SC6,13,-7.211102550927978,72.0,15.0,73.0,19.0,10.0,4.7
4,mid_to_mid,SC6,13,-3.1622776601683795,36.0,15.0,73.0,19.0,10.0,4.7
4,max_to_max,SC6,13,-9.055385138137417,108.0,15.0,73.0,19.0,10.0,4.7
4,max_to_sunset,SC6,13,-9.38083151964686,108.0,15.0,73.0,19.0,10.0,4.7
4,first_to_first,SC6,14,-5.830951894845301,61.0,16.0,233.0,19.0,8.0,4.7
4,last_to_last,SC6,14,9.433981132056603,76.0,16.0,233.0,18.0,8.0,4.7
4,mid_to_mid,SC6,14,-6.324555320336759,52.0,16.0,233.0,19.0,8.0,4.7
4,max_to_max,SC6,14,9.055385138137417,83.0,16.0,233.0,18.0,8.0,4.7
4,max_to_sunset,SC6,14,9.055385138137417,83.0,16.0,233.0,18.0,8.0,4.7
4,first_to_first,SC6,15,10.099504938362077,42.0,13.0,2.0,18.0,6.0,4.7
4,last_to_last,SC6,15,5.0,30.0,13.0,2.0,18.0,6.0,4.7
4,mid_to_mid,SC6,15,3.872983346207417,36.0,13.0,2.0,18.0,6.0,4.7
4,max_to_max,SC6,15,8.18535277187245,77.0,13.0,2.0,18.0,6.0,4.7
4,max_to_sunset,SC6,15,-4.69041575982343,77.0,13.0,2.0,18.0,6.0,4.7
4,first_to_first,SC6,16,3.605551275463989,32.0,15.0,53.0,18.0,6.0,5.9
4,last_to_last,SC6,16,-3.605551275463989,34.0,15.0,53.0,18.0,6.0,5.9
4,mid_to_mid,SC6,16,-1.4142135623730951,41.0,15.0,53.0,18.0,6.0,5.9
4,max_to_max,SC6,16,3.0,70.0,15.0,53.0,18.0,6.0,5.9
4,max_to_sunset,SC6,16,-7.0,70.0,15.0,53.0,18.0,6.0,5.9
4,first_to_first,SC6,17,2.0,19.0,13.0,0.0,18.0,6.0,5.9
4,last_to_last,SC6,17,3.4641016151377544,20.0,13.0,0.0,18.0,6.0,5.9
4,mid_to_mid,SC6,17,-1.4142135623730951,26.0,13.0,0.0,18.0,6.0,5.9
4,max_to_max,SC6,17,3.872983346207417,26.0,13.0,0.0,18.0,6.0,5.9
4,max_to_sunset,SC6,17,2.449489742783178,26.0,13.0,0.0,18.0,6.0,5.9
4,first_to_first,SC6,18,-2.449489742783178,27.0,14.0,237.0,18.0,6.0,5.9
4,last_to_last,SC6,18,-12.206555615733702,165.0,14.0,237.0,17.0,6.0,5.9
4,mid_to_mid,SC6,18,-1.0,12.0,14.0,237.0,18.0,6.0,5.9
4,max_to_max,SC6,18,-11.575836902790225,165.0,14.0,237.0,17.0,6.0,5.9
4,max_to_sunset,SC6,18,-12.206555615733702,165.0,14.0,237.0,17.0,6.0,5.9
4,first_to_first,SC8,1,2.23606797749979,238.0,16.0,0.0,20.0,4.0,8.7
4,last_to_last,SC8,1,-1.0,254.0,16.0,0.0,17.0,4.0,8.7
4,mid_to_mid,SC8,1,3.3166247903554,238.0,16.0,0.0,20.0,4.0,8.7
4,max_to_max,SC8,1,0.0,255.0,16.0,0.0,16.0,4.0,8.7
4,max_to_sunset,SC8,1,-1.4142135623730951,255.0,16.0,0.0,17.0,4.0,8.7
4,first_to_first,SC8,2,-3.4641016151377544,264.0,6.0,1.0,17.0,4.0,8.7
4,last_to_last,SC8,2,-2.6457513110645907,243.0,6.0,1.0,17.0,4.0,8.7
4,mid_to_mid,SC8,2,-3.872983346207417,247.0,6.0,1.0,17.0,4.0,8.7
4,max_to_max,SC8,2,-3.3166247903554,264.0,6.0,1.0,17.0,4.0,8.7
4,max_to_sunset,SC8,2,-5.291502622129181,264.0,6.0,1.0,17.0,4.0,8.7
4,first_to_first,SC8,3,1.4142135623730951,243.0,6.0,9.0,17.0,4.0,8.4
4,last_to_last,SC8,3,-3.872983346207417,225.0,6.0,9.0,17.0,4.0,8.4
4,mid_to_mid,SC8,3,-4.898979485566356,228.0,6.0,9.0,17.0,4.0,8.4
4,max_to_max,SC8,3,1.4142135623730951,243.0,6.0,9.0,17.0,4.0,8.4
4,max_to_sunset,SC8,3,-5.744562646538029,243.0,6.0,9.0,17.0,4.0,8.4
4,first_to_first,SC8,4,-5.744562646538029,238.0,12.0,32.0,17.0,4.0,8.4
4,last_to_last,SC8,4,-5.477225575051661,242.0,12.0,32.0,17.0,5.0,8.4
4,mid_to_mid,SC8,4,-5.477225575051661,231.0,12.0,32.0,17.0,5.0,8.4
4,max_to_max,SC8,4,-5.477225575051661,242.0,12.0,32.0,17.0,5.0,8.4
4,max_to_sunset,SC8,4,-5.477225575051661,242.0,12.0,32.0,17.0,5.0,8.4
4,first_to_first,SC8,5,-4.123105625617661,243.0,9.0,26.0,17.0,5.0,8.4
4,last_to_last,SC8,5,-7.0,253.0,9.0,26.0,16.0,5.0,8.4
4,mid_to_mid,SC8,5,-7.280109889280518,249.0,9.0,26.0,17.0,5.0,8.4
4,max_to_max,SC8,5,-5.291502622129181,255.0,9.0,26.0,17.0,5.0,8.4
4,max_to_sunset,SC8,5,-7.14142842854285,255.0,9.0,26.0,17.0,5.0,8.4
4,first_to_first,SC8,6,-6.244997998398398,252.0,8.0,9.0,16.0,5.0,8.4
4,last_to_last,SC8,6,-5.0,236.0,8.0,9.0,16.0,5.0,8.4
4,mid_to_mid,SC8,6,-4.242640687119285,232.0,8.0,9.0,16.0,5.0,8.4
4,max_to_max,SC8,6,-6.244997998398398,253.0,8.0,9.0,16.0,5.0,8.4
4,max_to_sunset,SC8,6,-6.48074069840786,253.0,8.0,9.0,16.0,5.0,8.4
4,first_to_first,SC8,7,-3.7416573867739413,245.0,7.0,4.0,16.0,5.0,4.3
4,last_to_last,SC8,7,7.810249675906654,210.0,7.0,4.0,16.0,5.0,4.3
4,mid_to_mid,SC8,7,-1.0,204.0,7.0,4.0,16.0,5.0,4.3
4,max_to_max,SC8,7,5.0990195135927845,245.0,7.0,4.0,16.0,5.0,4.3
4,max_to_sunset,SC8,7,5.0990195135927845,245.0,7.0,4.0,16.0,5.0,4.3
4,first_to_first,SC8,8,8.426149773176359,205.0,13.0,10.0,16.0,6.0,4.3
4,last_to_last,SC8,8,8.48528137423857,212.0,13.0,10.0,17.0,7.0,4.3
4,mid_to_mid,SC8,8,6.855654600401044,201.0,13.0,10.0,16.0,7.0,4.3
4,max_to_max,SC8,8,8.48528137423857,212.0,13.0,10.0,17.0,7.0,4.3
4,max_to_sunset,SC8,8,8.48528137423857,212.0,13.0,10.0,17.0,7.0,4.3
4,first_to_first,SC8,9,8.18535277187245,226.0,7.0,2.0,17.0,7.0,4.3
4,last_to_last,SC8,9,-12.409673645990857,204.0,7.0,2.0,17.0,7.0,3.2
4,mid_to_mid,SC8,9,-13.19090595827292,196.0,7.0,2.0,17.0,7.0,4.3
4,max_to_max,SC8,9,8.12403840463596,227.0,7.0,2.0,17.0,7.0,4.3
4,max_to_sunset,SC8,9,-13.30413469565007,227.0,7.0,2.0,17.0,7.0,4.3
4,first_to_first,SC8,10,-13.038404810405298,213.0,14.0,0.0,17.0,6.0,3.2
4,last_to_last,SC8,10,-14.106735979665885,211.0,14.0,0.0,17.0,6.0,4.9
4,mid_to_mid,SC8,10,-14.035668847618199,214.0,14.0,0.0,17.0,6.0,3.2
4,max_to_max,SC8,10,-12.36931687685298,214.0,14.0,0.0,17.0,6.0,3.2
4,max_to_sunset,SC8,10,-14.212670403551895,214.0,14.0,0.0,17.0,6.0,4.9
4,first_to_first,SC8,11,-14.7648230602334,231.0,14.0,2.0,17.0,6.0,4.9
4,last_to_last,SC8,11,-16.3707055437449,271.0,14.0,2.0,18.0,6.0,7.0
4,mid_to_mid,SC8,11,-13.820274961085254,203.0,14.0,2.0,17.0,6.0,7.0
4,max_to_max,SC8,11,-15.716233645501712,271.0,14.0,2.0,17.0,6.0,6.3
4,max_to_sunset,SC8,11,-16.3707055437449,271.0,14.0,2.0,18.0,6.0,7.0
4,first_to_first,SC8,12,-16.55294535724685,276.0,13.0,12.0,18.0,6.0,7.0
4,last_to_last,SC8,12,-16.792855623746664,284.0,13.0,12.0,18.0,6.0,7.0
4,mid_to_mid,SC8,12,-15.684387141358123,248.0,13.0,12.0,18.0,6.0,7.0
4,max_to_max,SC8,12,-16.73320053068151,284.0,13.0,12.0,18.0,6.0,7.0
4,max_to_sunset,SC8,12,-16.792855623746664,284.0,13.0,12.0,18.0,6.0,7.0
4,first_to_first,SC8,13,-17.0,293.0,12.0,5.0,18.0,6.0,7.0
4,last_to_last,SC8,13,-6.855654600401044,50.0,12.0,5.0,18.0,6.0,7.0
4,mid_to_mid,SC8,13,-4.242640687119285,22.0,12.0,5.0,18.0,6.0,7.0
4,max_to_max,SC8,13,-16.911534525287763,293.0,12.0,5.0,18.0,6.0,7.0
4,max_to_sunset,SC8,13,-17.029386365926403,293.0,12.0,5.0,18.0,6.0,7.0
4,first_to_first,SC8,14,-6.164414002968976,43.0,11.0,22.0,18.0,8.0,8.2
4,last_to_last,SC8,14,-2.8284271247461903,12.0,11.0,22.0,18.0,9.0,8.2
4,mid_to_mid,SC8,14,-3.3166247903554,17.0,11.0,22.0,18.0,9.0,8.2
4,max_to_max,SC8,14,-6.164414002968976,61.0,11.0,22.0,18.0,9.0,8.2
4,max_to_sunset,SC8,14,-7.54983443527075,61.0,11.0,22.0,18.0,9.0,8.2
4,first_to_first,SC8,15,-2.6457513110645907,13.0,12.0,0.0,18.0,11.0,8.2
4,last_to_last,SC8,15,2.23606797749979,3.0,12.0,0.0,18.0,11.0,8.2
4,mid_to_mid,SC8,15,-2.449489742783178,12.0,12.0,0.0,18.0,11.0,8.2
4,max_to_max,SC8,15,-4.0,24.0,12.0,0.0,18.0,11.0,8.2
4,max_to_sunset,SC8,15,-4.0,24.0,12.0,0.0,18.0,11.0,8.2
4,first_to_first,SC8,16,2.449489742783178,2.0,13.0,0.0,18.0,11.0,8.2
4,last_to_last,SC8,16,2.6457513110645907,2.0,13.0,0.0,18.0,11.0,8.2
4,mid_to_mid,SC8,16,2.449489742783178,2.0,13.0,0.0,18.0,11.0,8.2
4,max_to_max,SC8,16,2.23606797749979,4.0,13.0,0.0,18.0,11.0,8.2
4,max_to_sunset,SC8,16,2.23606797749979,4.0,13.0,0.0,18.0,11.0,8.2
4,first_to_first,SC8,17,3.4641016151377544,4.0,17.0,12.0,18.0,11.0,8.2
4,last_to_last,SC8,17,4.47213595499958,3.0,17.0,12.0,18.0,11.0,8.2
4,mid_to_mid,SC8,17,4.47213595499958,4.0,17.0,12.0,18.0,11.0,8.2
4,max_to_max,SC8,17,5.477225575051661,7.0,17.0,12.0,18.0,11.0,8.2
4,max_to_sunset,SC8,17,4.0,7.0,17.0,12.0,18.0,11.0,8.2
4,first_to_first,SC8,18,4.358898943540674,5.0,17.0,19.0,18.0,7.0,4.1
4,last_to_last,SC8,18,6.082762530298219,4.0,17.0,19.0,21.0,7.0,4.1
4,mid_to_mid,SC8,18,2.0,6.0,17.0,19.0,18.0,7.0,4.1
4,max_to_max,SC8,18,4.242640687119285,23.0,17.0,19.0,18.0,7.0,4.1
4,max_to_sunset,SC8,18,4.242640687119285,23.0,17.0,19.0,21.0,7.0,4.1
4,first_to_first,SC8,19,2.0,6.0,15.0,0.0,21.0,7.0,4.1
4,last_to_last,SC8,19,-2.23606797749979,8.0,15.0,0.0,21.0,7.0,4.1
4,mid_to_mid,SC8,19,-1.7320508075688772,6.0,15.0,0.0,21.0,7.0,4.1
4,max_to_max,SC8,19,3.7416573867739413,8.0,15.0,0.0,21.0,7.0,4.1
4,max_to_sunset,SC8,19,-2.23606797749979,8.0,15.0,0.0,21.0,7.0,4.1
5,first_to_first,SC1,1,-10.392304845413264,108.0,16.0,0.0,21.0,8.0,6.3
5,last_to_last,SC1,1,-7.14142842854285,51.0,16.0,0.0,22.0,8.0,6.3
5,mid_to_mid,SC1,1,-8.48528137423857,72.0,16.0,0.0,21.0,8.0,6.3
5,max_to_max,SC1,1,-11.0,121.0,16.0,0.0,21.0,8.0,6.3
5,max_to_sunset,SC1,1,-11.0,121.0,16.0,0.0,22.0,8.0,6.3
5,first_to_first,SC1,2,-7.483314773547883,56.0,16.0,0.0,22.0,8.0,6.3
5,last_to_last,SC1,2,-4.795831523312719,23.0,16.0,0.0,22.0,8.0,6.3
5,mid_to_mid,SC1,2,-6.6332495807108,44.0,16.0,0.0,22.0,8.0,6.3
5,max_to_max,SC1,2,-7.483314773547883,56.0,16.0,0.0,22.0,8.0,6.3
5,max_to_sunset,SC1,2,-7.483314773547883,56.0,16.0,0.0,22.0,8.0,6.3
5,first_to_first,SC1,3,-3.3166247903554,11.0,11.0,5.0,22.0,8.0,6.3
5,last_to_last,SC1,3,-1.4142135623730951,2.0,11.0,5.0,22.0,7.0,6.3
5,mid_to_mid,SC1,3,-2.449489742783178,6.0,11.0,5.0,22.0,8.0,6.3
5,max_to_max,SC1,3,-4.58257569495584,21.0,11.0,5.0,22.0,8.0,6.3
5,max_to_sunset,SC1,3,-4.58257569495584,21.0,11.0,5.0,22.0,7.0,6.3
5,first_to_first,SC1,4,-2.23606797749979,5.0,9.0,3.0,22.0,7.0,6.3
5,last_to_last,SC1,4,0.0,0.0,9.0,3.0,22.0,6.0,6.3
5,mid_to_mid,SC1,4,-1.4142135623730951,2.0,9.0,3.0,22.0,6.0,6.3
5,max_to_max,SC1,4,-2.23606797749979,5.0,9.0,3.0,22.0,7.0,6.3
5,max_to_sunset,SC1,4,-2.23606797749979,5.0,9.0,3.0,22.0,6.0,6.3
5,first_to_first,SC1,5,0.0,0.0,13.0,0.0,22.0,6.0,6.3
5,last_to_last,SC1,5,0.0,0.0,13.0,0.0,22.0,6.0,6.3
5,mid_to_mid,SC1,5,0.0,0.0,13.0,0.0,22.0,6.0,6.3
5,max_to_max,SC1,5,0.0,0.0,13.0,0.0,22.0,6.0,6.3
5,max_to_sunset,SC1,5,0.0,0.0,13.0,0.0,22.0,6.0,6.3
5,first_to_first,SC1,6,0.0,0.0,14.0,0.0,22.0,6.0,6.3
5,last_to_last,SC1,6,0.0,0.0,14.0,0.0,20.0,6.0,6.3
5,mid_to_mid,SC1,6,0.0,0.0,14.0,0.0,22.0,6.0,6.3
5,max_to_max,SC1,6,0.0,0.0,14.0,0.0,22.0,6.0,6.3
5,max_to_sunset,SC1,6,0.0,0.0,14.0,0.0,22.0,6.0,6.3
5,first_to_first,SC1,7,0.0,0.0,12.0,0.0,20.0,6.0,6.3
5,last_to_last,SC1,7,0.0,0.0,12.0,0.0,20.0,6.0,6.3
5,mid_to_mid,SC1,7,0.0,0.0,12.0,0.0,20.0,6.0,6.3
5,max_to_max,SC1,7,0.0,0.0,12.0,0.0,20.0,6.0,6.3
5,max_to_sunset,SC1,7,0.0,0.0,12.0,0.0,20.0,6.0,6.3
5,first_to_first,SC1,8,0.0,0.0,11.0,0.0,20.0,6.0,6.3
5,last_to_last,SC1,8,0.0,0.0,11.0,0.0,20.0,6.0,6.3
5,mid_to_mid,SC1,8,0.0,0.0,11.0,0.0,20.0,6.0,6.3
5,max_to_max,SC1,8,0.0,0.0,11.0,0.0,20.0,6.0,6.3
5,max_to_sunset,SC1,8,0.0,0.0,11.0,0.0,20.0,6.0,6.3
5,first_to_first,SC1,9,0.0,0.0,7.0,0.0,20.0,6.0,6.3
5,last_to_last,SC1,9,0.0,0.0,7.0,0.0,20.0,8.0,5.9
5,mid_to_mid,SC1,9,0.0,0.0,7.0,0.0,20.0,8.0,6.3
5,max_to_max,SC1,9,0.0,0.0,7.0,0.0,20.0,6.0,6.3
5,max_to_sunset,SC1,9,0.0,0.0,7.0,0.0,20.0,6.0,6.3
5,first_to_first,SC1,10,0.0,0.0,11.0,0.0,20.0,8.0,5.9
5,last_to_last,SC1,10,0.0,0.0,11.0,0.0,20.0,8.0,6.2
5,mid_to_mid,SC1,10,0.0,0.0,11.0,0.0,20.0,8.0,5.9
5,max_to_max,SC1,10,0.0,0.0,11.0,0.0,20.0,8.0,5.9
5,max_to_sunset,SC1,10,0.0,0.0,11.0,0.0,20.0,8.0,6.2
5,first_to_first,SC1,11,0.0,0.0,10.0,0.0,20.0,8.0,6.2
5,last_to_last,SC1,11,0.0,0.0,10.0,0.0,18.0,8.0,6.2
5,mid_to_mid,SC1,11,0.0,0.0,10.0,0.0,20.0,8.0,6.2
5,max_to_max,SC1,11,0.0,0.0,10.0,0.0,20.0,8.0,6.2
5,max_to_sunset,SC1,11,0.0,0.0,10.0,0.0,20.0,8.0,6.2
5,first_to_first,SC1,12,0.0,0.0,12.0,0.0,18.0,8.0,6.2
5,last_to_last,SC1,12,0.0,0.0,12.0,0.0,18.0,8.0,6.2
5,mid_to_mid,SC1,12,0.0,0.0,12.0,0.0,18.0,8.0,6.2
5,max_to_max,SC1,12,0.0,0.0,12.0,0.0,18.0,8.0,6.2
5,max_to_sunset,SC1,12,0.0,0.0,12.0,0.0,18.0,8.0,6.2
5,first_to_first,SC1,13,0.0,0.0,9.0,0.0,18.0,9.0,6.2
5,last_to_last,SC1,13,0.0,0.0,9.0,0.0,19.0,9.0,6.2
5,mid_to_mid,SC1,13,0.0,0.0,9.0,0.0,18.0,9.0,6.2
5,max_to_max,SC1,13,0.0,0.0,9.0,0.0,18.0,9.0,6.2
5,max_to_sunset,SC1,13,0.0,0.0,9.0,0.0,19.0,9.0,6.2
5,first_to_first,SC1,14,0.0,0.0,12.0,0.0,19.0,9.0,6.2
5,last_to_last,SC1,14,0.0,0.0,12.0,0.0,22.0,9.0,6.2
5,mid_to_mid,SC1,14,0.0,0.0,12.0,0.0,21.0,9.0,6.2
5,max_to_max,SC1,14,0.0,0.0,12.0,0.0,19.0,9.0,6.2
5,max_to_sunset,SC1,14,0.0,0.0,12.0,0.0,22.0,9.0,6.2
5,first_to_first,SC1,15,0.0,0.0,13.0,0.0,22.0,9.0,6.2
5,last_to_last,SC1,15,0.0,0.0,13.0,0.0,22.0,9.0,4.7
5,mid_to_mid,SC1,15,0.0,0.0,13.0,0.0,22.0,9.0,6.2
5,max_to_max,SC1,15,0.0,0.0,13.0,0.0,22.0,9.0,6.2
5,max_to_sunset,SC1,15,0.0,0.0,13.0,0.0,22.0,9.0,6.2
5,first_to_first,SC1,16,0.0,0.0,10.0,0.0,22.0,9.0,4.7
5,last_to_last,SC1,16,0.0,0.0,10.0,0.0,22.0,10.0,5.7
5,mid_to_mid,SC1,16,0.0,0.0,10.0,0.0,22.0,10.0,4.7
5,max_to_max,SC1,16,0.0,0.0,10.0,0.0,22.0,9.0,4.7
5,max_to_sunset,SC1,16,0.0,0.0,10.0,0.0,22.0,9.0,5.7
5,first_to_first,SC1,17,0.0,0.0,12.0,0.0,22.0,10.0,5.7
5,last_to_last,SC1,17,0.0,0.0,12.0,0.0,22.0,8.0,5.7
5,mid_to_mid,SC1,17,0.0,0.0,12.0,0.0,22.0,9.0,5.7
5,max_to_max,SC1,17,0.0,0.0,12.0,0.0,22.0,10.0,5.7
5,max_to_sunset,SC1,17,0.0,0.0,12.0,0.0,22.0,8.0,5.7
5,first_to_first,SC1,18,0.0,0.0,12.0,0.0,22.0,8.0,5.7
5,last_to_last,SC1,18,0.0,0.0,12.0,0.0,22.0,6.0,5.7
5,mid_to_mid,SC1,18,0.0,0.0,12.0,0.0,22.0,6.0,5.7
5,max_to_max,SC1,18,0.0,0.0,12.0,0.0,22.0,8.0,5.7
5,max_to_sunset,SC1,18,0.0,0.0,12.0,0.0,22.0,6.0,5.7
5,first_to_first,SC1,19,0.0,0.0,16.0,0.0,22.0,6.0,5.7
5,last_to_last,SC1,19,0.0,0.0,16.0,0.0,17.0,6.0,5.7
5,mid_to_mid,SC1,19,0.0,0.0,16.0,0.0,22.0,6.0,5.7
5,max_to_max,SC1,19,0.0,0.0,16.0,0.0,22.0,6.0,5.7
5,max_to_sunset,SC1,19,0.0,0.0,16.0,0.0,22.0,6.0,5.7
5,first_to_first,SC1,20,0.0,0.0,14.0,0.0,17.0,6.0,5.7
5,last_to_last,SC1,20,0.0,0.0,14.0,0.0,17.0,6.0,5.7
5,mid_to_mid,SC1,20,0.0,0.0,14.0,0.0,17.0,6.0,5.7
5,max_to_max,SC1,20,0.0,0.0,14.0,0.0,17.0,6.0,5.7
5,max_to_sunset,SC1,20,0.0,0.0,14.0,0.0,17.0,6.0,5.7
5,first_to_first,SC1,21,0.0,0.0,12.0,0.0,17.0,6.0,5.7
5,last_to_last,SC1,21,0.0,0.0,12.0,0.0,17.0,6.0,4.3
5,mid_to_mid,SC1,21,0.0,0.0,12.0,0.0,17.0,6.0,5.7
5,max_to_max,SC1,21,0.0,0.0,12.0,0.0,17.0,6.0,5.7
5,max_to_sunset,SC1,21,0.0,0.0,12.0,0.0,17.0,6.0,5.7
5,first_to_first,SC1,22,0.0,0.0,12.0,0.0,17.0,6.0,4.3
5,last_to_last,SC1,22,0.0,0.0,12.0,0.0,17.0,6.0,4.3
5,mid_to_mid,SC1,22,0.0,0.0,12.0,0.0,17.0,6.0,4.3
5,max_to_max,SC1,22,0.0,0.0,12.0,0.0,17.0,6.0,4.3
5,max_to_sunset,SC1,22,0.0,0.0,12.0,0.0,17.0,6.0,4.3
5,first_to_first,SC1,23,0.0,0.0,8.0,0.0,17.0,6.0,4.3
5,last_to_last,SC1,23,0.0,0.0,8.0,0.0,21.0,7.0,4.3
5,mid_to_mid,SC1,23,0.0,0.0,8.0,0.0,19.0,7.0,4.3
5,max_to_max,SC1,23,0.0,0.0,8.0,0.0,17.0,6.0,4.3
5,max_to_sunset,SC1,23,0.0,0.0,8.0,0.0,21.0,6.0,4.3
5,first_to_first,SC1,24,0.0,0.0,10.0,0.0,21.0,7.0,4.3
5,last_to_last,SC1,24,0.0,0.0,10.0,0.0,21.0,7.0,4.3
5,mid_to_mid,SC1,24,0.0,0.0,10.0,0.0,21.0,7.0,4.3
5,max_to_max,SC1,24,0.0,0.0,10.0,0.0,21.0,7.0,4.3
5,max_to_sunset,SC1,24,0.0,0.0,10.0,0.0,21.0,7.0,4.3
5,first_to_first,SC10,1,10.954451150103322,0.0,21.0,0.0,21.0,3.0,7.0
5,last_to_last,SC10,1,9.433981132056603,0.0,21.0,0.0,19.0,3.0,7.0
5,mid_to_mid,SC10,1,6.928203230275509,0.0,21.0,0.0,21.0,3.0,7.0
5,max_to_max,SC10,1,16.792855623746664,0.0,21.0,0.0,21.0,3.0,7.0
5,max_to_sunset,SC10,1,9.433981132056603,0.0,21.0,0.0,21.0,3.0,7.0
5,first_to_first,SC10,2,10.44030650891055,0.0,13.0,8.0,19.0,3.0,7.4
5,last_to_last,SC10,2,11.704699910719626,0.0,13.0,8.0,19.0,3.0,7.4
5,mid_to_mid,SC10,2,7.54983443527075,4.0,13.0,8.0,19.0,3.0,7.4
5,max_to_max,SC10,2,16.34013463836819,39.0,13.0,8.0,19.0,3.0,7.4
5,max_to_sunset,SC10,2,9.899494936611665,39.0,13.0,8.0,19.0,3.0,7.4
5,first_to_first,SC10,3,10.488088481701515,10.0,15.0,104.0,19.0,3.0,7.4
5,last_to_last,SC10,3,7.54983443527075,58.0,15.0,104.0,19.0,3.0,7.4
5,mid_to_mid,SC10,3,6.324555320336759,8.0,15.0,104.0,19.0,3.0,7.4
5,max_to_max,SC10,3,26.30589287593181,78.0,15.0,104.0,19.0,3.0,7.4
5,max_to_sunset,SC10,3,6.082762530298219,78.0,15.0,104.0,19.0,3.0,7.4
5,first_to_first,SC10,4,7.0,60.0,18.0,176.0,19.0,3.0,7.4
5,last_to_last,SC10,4,14.560219778561036,110.0,18.0,176.0,21.0,3.0,7.4
5,mid_to_mid,SC10,4,8.366600265340756,9.0,18.0,176.0,19.0,3.0,7.4
5,max_to_max,SC10,4,19.157244060668017,130.0,18.0,176.0,21.0,3.0,7.4
5,max_to_sunset,SC10,4,13.856406460551018,130.0,18.0,176.0,21.0,3.0,7.4
5,first_to_first,SC10,5,19.748417658131498,109.0,13.0,416.0,21.0,3.0,7.4
5,last_to_last,SC10,5,17.435595774162696,132.0,13.0,416.0,21.0,3.0,7.4
5,mid_to_mid,SC10,5,19.72308292331602,27.0,13.0,416.0,21.0,3.0,7.4
5,max_to_max,SC10,5,18.76166303929372,148.0,13.0,416.0,21.0,3.0,7.4
5,max_to_sunset,SC10,5,16.97056274847714,148.0,13.0,416.0,21.0,3.0,7.4
5,first_to_first,SC10,6,3.872983346207417,120.0,8.0,385.0,21.0,3.0,7.4
5,last_to_last,SC10,6,-6.082762530298219,89.0,8.0,385.0,21.0,3.0,7.4
5,mid_to_mid,SC10,6,-6.4031242374328485,48.0,8.0,385.0,21.0,3.0,7.4
5,max_to_max,SC10,6,10.723805294763608,282.0,8.0,385.0,21.0,3.0,7.4
5,max_to_sunset,SC10,6,-15.165750888103101,282.0,8.0,385.0,21.0,3.0,7.4
5,first_to_first,SC10,7,-6.324555320336759,109.0,17.0,456.0,21.0,3.0,4.1
5,last_to_last,SC10,7,-11.090536506409418,137.0,17.0,456.0,21.0,3.0,4.1
5,mid_to_mid,SC10,7,-7.54983443527075,61.0,17.0,456.0,21.0,3.0,4.1
5,max_to_max,SC10,7,-15.066519173319364,306.0,17.0,456.0,21.0,3.0,4.1
5,max_to_sunset,SC10,7,-17.08800749063506,306.0,17.0,456.0,21.0,3.0,4.1
5,first_to_first,SC10,8,-10.816653826391969,120.0,13.0,387.0,21.0,4.0,4.1
5,last_to_last,SC10,8,-10.63014581273465,115.0,13.0,387.0,24.0,5.0,3.2
5,mid_to_mid,SC10,8,-6.928203230275509,48.0,13.0,387.0,22.0,5.0,4.1
5,max_to_max,SC10,8,-27.65863337187866,770.0,13.0,387.0,24.0,5.0,3.2
5,max_to_sunset,SC10,8,-27.712812921102035,770.0,13.0,387.0,24.0,5.0,3.2
5,first_to_first,SC10,9,-10.246950765959598,109.0,19.0,1122.0,24.0,5.0,3.2
5,last_to_last,SC10,9,-17.916472867168917,322.0,19.0,1122.0,24.0,6.0,4.1
5,mid_to_mid,SC10,9,-8.888194417315589,79.0,19.0,1122.0,24.0,6.0,3.2
5,max_to_max,SC10,9,-22.181073012818835,497.0,19.0,1122.0,24.0,6.0,2.6
5,max_to_sunset,SC10,9,-22.271057451320086,497.0,19.0,1122.0,24.0,6.0,4.1
5,first_to_first,SC10,10,-22.338307903688676,499.0,10.0,0.0,24.0,6.0,4.3
5,last_to_last,SC10,10,-20.8806130178211,436.0,10.0,0.0,24.0,6.0,5.5
5,mid_to_mid,SC10,10,-20.396078054371138,416.0,10.0,0.0,24.0,6.0,5.5
5,max_to_max,SC10,10,-22.360679774997898,500.0,10.0,0.0,24.0,6.0,4.3
5,max_to_sunset,SC10,10,-22.360679774997898,500.0,10.0,0.0,24.0,6.0,5.5
5,first_to_first,SC10,11,-11.61895003862225,135.0,9.0,373.0,24.0,6.0,7.0
5,last_to_last,SC10,11,-7.211102550927978,52.0,9.0,373.0,24.0,6.0,7.0
5,mid_to_mid,SC10,11,-2.6457513110645907,7.0,9.0,373.0,24.0,6.0,7.0
5,max_to_max,SC10,11,-19.924858845171276,397.0,9.0,373.0,24.0,6.0,7.0
5,max_to_sunset,SC10,11,-19.924858845171276,397.0,9.0,373.0,24.0,6.0,7.0
5,first_to_first,SC10,12,-8.306623862918075,69.0,8.0,145.0,24.0,6.0,7.0
5,last_to_last,SC10,12,-3.7416573867739413,14.0,8.0,145.0,24.0,6.0,7.0
5,mid_to_mid,SC10,12,-2.0,4.0,8.0,145.0,24.0,6.0,7.0
5,max_to_max,SC10,12,-8.888194417315589,79.0,8.0,145.0,24.0,6.0,7.0
5,max_to_sunset,SC10,12,-8.888194417315589,79.0,8.0,145.0,24.0,6.0,7.0
5,first_to_first,SC10,13,-1.7320508075688772,3.0,12.0,2.0,24.0,6.0,7.2
5,last_to_last,SC10,13,1.0,2.0,12.0,2.0,23.0,6.0,7.2
5,mid_to_mid,SC10,13,1.7320508075688772,0.0,12.0,2.0,24.0,6.0,7.2
5,max_to_max,SC10,13,-1.0,5.0,12.0,2.0,23.0,6.0,7.2
5,max_to_sunset,SC10,13,-1.4142135623730951,5.0,12.0,2.0,23.0,6.0,7.2
5,first_to_first,SC10,14,-2.0,4.0,9.0,14.0,23.0,7.0,7.2
5,last_to_last,SC10,14,14.594519519326424,1.0,9.0,14.0,23.0,8.0,7.2
5,mid_to_mid,SC10,14,4.123105625617661,0.0,9.0,14.0,23.0,8.0,7.2
5,max_to_max,SC10,14,18.76166303929372,5.0,9.0,14.0,23.0,8.0,7.2
5,max_to_sunset,SC10,14,14.45683229480096,5.0,9.0,14.0,23.0,8.0,7.2
5,first_to_first,SC10,15,16.1245154965971,0.0,11.0,0.0,23.0,10.0,7.2
5,last_to_last,SC10,15,16.522711641858304,0.0,11.0,0.0,23.0,10.0,7.2
5,mid_to_mid,SC10,15,16.703293088490067,0.0,11.0,0.0,23.0,10.0,7.2
5,max_to_max,SC10,15,17.578395831246947,0.0,11.0,0.0,23.0,10.0,7.2
5,max_to_sunset,SC10,15,16.522711641858304,0.0,11.0,0.0,23.0,10.0,7.2
5,first_to_first,SC10,16,13.674794331177344,0.0,12.0,0.0,23.0,10.0,7.2
5,last_to_last,SC10,16,11.445523142259598,0.0,12.0,0.0,23.0,10.0,7.2
5,mid_to_mid,SC10,16,4.795831523312719,0.0,12.0,0.0,23.0,10.0,7.2
5,max_to_max,SC10,16,16.431676725154983,0.0,12.0,0.0,23.0,10.0,7.2
5,max_to_sunset,SC10,16,11.445523142259598,0.0,12.0,0.0,23.0,10.0,7.2
5,first_to_first,SC10,17,9.848857801796104,0.0,13.0,0.0,23.0,6.0,7.2
5,last_to_last,SC10,17,2.6457513110645907,0.0,13.0,0.0,24.0,6.0,7.2
5,mid_to_mid,SC10,17,4.47213595499958,0.0,13.0,0.0,23.0,6.0,7.2
5,max_to_max,SC10,17,11.704699910719626,0.0,13.0,0.0,23.0,6.0,7.2
5,max_to_sunset,SC10,17,2.6457513110645907,0.0,13.0,0.0,24.0,6.0,7.2
5,first_to_first,SC10,18,0.0,0.0,14.0,0.0,24.0,6.0,4.1
5,last_to_last,SC10,18,-1.7320508075688772,3.0,14.0,0.0,28.0,6.0,3.8
5,mid_to_mid,SC10,18,-1.7320508075688772,3.0,14.0,0.0,25.0,6.0,3.8
5,max_to_max,SC10,18,-2.0,4.0,14.0,0.0,24.0,6.0,3.8
5,max_to_sunset,SC10,18,-2.0,4.0,14.0,0.0,28.0,6.0,3.8
5,first_to_first,SC10,19,0.0,0.0,14.0,265.0,28.0,6.0,3.8
5,last_to_last,SC10,19,-14.352700094407323,214.0,14.0,265.0,34.0,6.0,3.8
5,mid_to_mid,SC10,19,-4.123105625617661,17.0,14.0,265.0,31.0,6.0,3.8
5,max_to_max,SC10,19,-18.681541692269406,357.0,14.0,265.0,34.0,6.0,3.8
5,max_to_sunset,SC10,19,-18.681541692269406,357.0,14.0,265.0,34.0,6.0,3.8
5,first_to_first,SC10,20,-15.905973720586866,260.0,14.0,0.0,34.0,6.0,3.2
5,last_to_last,SC10,20,-16.431676725154983,273.0,14.0,0.0,34.0,6.0,3.2
5,mid_to_mid,SC10,20,-16.703293088490067,279.0,14.0,0.0,34.0,6.0,3.2
5,max_to_max,SC10,20,-16.911534525287763,309.0,14.0,0.0,34.0,6.0,3.2
5,max_to_sunset,SC10,20,-17.4928556845359,309.0,14.0,0.0,34.0,6.0,3.2
5,first_to_first,SC10,21,-13.601470508735444,187.0,13.0,406.0,34.0,6.0,3.2
5,last_to_last,SC10,21,-11.045361017187261,131.0,13.0,406.0,34.0,6.0,2.4
5,mid_to_mid,SC10,21,-4.47213595499958,23.0,13.0,406.0,34.0,6.0,3.2
5,max_to_max,SC10,21,-16.1245154965971,270.0,13.0,406.0,34.0,6.0,3.2
5,max_to_sunset,SC10,21,-16.15549442140351,270.0,13.0,406.0,34.0,6.0,3.2
5,first_to_first,SC10,22,-9.591663046625438,97.0,15.0,178.0,34.0,7.0,2.4
5,last_to_last,SC10,22,-2.6457513110645907,7.0,15.0,178.0,34.0,7.0,2.4
5,mid_to_mid,SC10,22,-4.47213595499958,20.0,15.0,178.0,34.0,7.0,2.4
5,max_to_max,SC10,22,-11.313708498984761,137.0,15.0,178.0,34.0,7.0,2.4
5,max_to_sunset,SC10,22,-11.704699910719626,137.0,15.0,178.0,34.0,7.0,2.4
5,first_to_first,SC12,1,-2.23606797749979,13.0,17.0,0.0,29.0,8.0,12.8
5,last_to_last,SC12,1,-3.7416573867739413,39.0,17.0,0.0,29.0,8.0,12.8
5,mid_to_mid,SC12,1,-2.449489742783178,13.0,17.0,0.0,29.0,8.0,12.8
5,max_to_max,SC12,1,-4.47213595499958,49.0,17.0,0.0,29.0,8.0,12.8
5,max_to_sunset,SC12,1,-4.898979485566356,49.0,17.0,0.0,29.0,8.0,12.8
5,first_to_first,SC12,2,-1.4142135623730951,28.0,15.0,49.0,29.0,7.0,12.8
5,last_to_last,SC12,2,-2.8284271247461903,23.0,15.0,49.0,21.0,6.0,12.8
5,mid_to_mid,SC12,2,4.898979485566356,0.0,15.0,49.0,29.0,6.0,12.8
5,max_to_max,SC12,2,-1.4142135623730951,37.0,15.0,49.0,29.0,6.0,12.8
5,max_to_sunset,SC12,2,-4.69041575982343,37.0,15.0,49.0,29.0,6.0,12.8
5,first_to_first,SC12,3,1.4142135623730951,15.0,16.0,140.0,21.0,5.0,12.8
5,last_to_last,SC12,3,-7.54983443527075,72.0,16.0,140.0,20.0,5.0,12.8
5,mid_to_mid,SC12,3,3.872983346207417,3.0,16.0,140.0,21.0,5.0,12.8
5,max_to_max,SC12,3,-11.532562594670797,159.0,16.0,140.0,20.0,5.0,12.8
5,max_to_sunset,SC12,3,-12.0,159.0,16.0,140.0,20.0,5.0,12.8
5,first_to_first,SC12,4,-7.937253933193772,71.0,14.0,584.0,20.0,5.0,12.8
5,last_to_last,SC12,4,-7.211102550927978,52.0,14.0,584.0,20.0,5.0,12.8
5,mid_to_mid,SC12,4,-6.164414002968976,38.0,14.0,584.0,20.0,5.0,12.8
5,max_to_max,SC12,4,-11.224972160321824,143.0,14.0,584.0,20.0,5.0,12.8
5,max_to_sunset,SC12,4,-11.958260743101398,143.0,14.0,584.0,20.0,5.0,12.8
5,first_to_first,SC4,1,-16.822603841260722,436.0,16.0,0.0,30.0,8.0,4.3
5,last_to_last,SC4,1,-10.770329614269007,352.0,16.0,0.0,30.0,8.0,4.3
5,mid_to_mid,SC4,1,-18.49324200890693,436.0,16.0,0.0,30.0,8.0,4.3
5,max_to_max,SC4,1,-14.730919862656235,554.0,16.0,0.0,30.0,8.0,4.3
5,max_to_sunset,SC4,1,-17.832554500127006,554.0,16.0,0.0,30.0,8.0,4.3
5,first_to_first,SC4,2,-9.433981132056603,318.0,19.0,377.0,30.0,4.0,4.3
5,last_to_last,SC4,2,-13.076696830622021,197.0,19.0,377.0,30.0,4.0,4.3
5,mid_to_mid,SC4,2,-11.532562594670797,157.0,19.0,377.0,30.0,4.0,4.3
5,max_to_max,SC4,2,-17.663521732655695,569.0,19.0,377.0,30.0,4.0,4.3
5,max_to_sunset,SC4,2,-23.302360395462088,569.0,19.0,377.0,30.0,4.0,4.3
5,first_to_first,SC4,3,-13.228756555322953,193.0,13.0,104.0,30.0,4.0,4.3
5,last_to_last,SC4,3,3.872983346207417,0.0,13.0,104.0,26.0,4.0,4.3
5,mid_to_mid,SC4,3,-1.7320508075688772,3.0,13.0,104.0,30.0,4.0,4.3
5,max_to_max,SC4,3,-12.84523257866513,193.0,13.0,104.0,30.0,4.0,4.3
5,max_to_sunset,SC4,3,-13.341664064126334,193.0,13.0,104.0,30.0,4.0,4.3
5,first_to_first,SC4,4,3.872983346207417,0.0,18.0,0.0,26.0,4.0,4.3
5,last_to_last,SC4,4,5.916079783099616,2.0,18.0,0.0,26.0,4.0,4.3
5,mid_to_mid,SC4,4,1.0,0.0,18.0,0.0,26.0,4.0,4.3
5,max_to_max,SC4,4,5.5677643628300215,6.0,18.0,0.0,26.0,4.0,4.3
5,max_to_sunset,SC4,4,5.5677643628300215,6.0,18.0,0.0,26.0,4.0,4.3
5,first_to_first,SC4,5,6.708203932499369,0.0,14.0,80.0,26.0,4.0,4.3
5,last_to_last,SC4,5,-12.84523257866513,168.0,14.0,80.0,26.0,4.0,4.1
5,mid_to_mid,SC4,5,-3.0,9.0,14.0,80.0,26.0,4.0,4.3
5,max_to_max,SC4,5,-11.40175425099138,184.0,14.0,80.0,26.0,4.0,4.1
5,max_to_sunset,SC4,5,-13.45362404707371,184.0,14.0,80.0,26.0,4.0,4.1
5,first_to_first,SC4,6,-12.12435565298214,153.0,19.0,547.0,26.0,4.0,4.1
5,last_to_last,SC4,6,-15.165750888103101,236.0,19.0,547.0,26.0,4.0,3.2
5,mid_to_mid,SC4,6,-9.695359714832659,94.0,19.0,547.0,26.0,4.0,3.8
5,max_to_max,SC4,6,-17.86057109949175,337.0,19.0,547.0,26.0,4.0,3.8
5,max_to_sunset,SC4,6,-18.193405398660254,337.0,19.0,547.0,26.0,4.0,3.8
5,first_to_first,SC4,7,-14.966629547095765,229.0,8.0,199.0,26.0,4.0,3.2
5,last_to_last,SC4,7,-5.0990195135927845,26.0,8.0,199.0,28.0,4.0,4.1
5,mid_to_mid,SC4,7,-4.898979485566356,24.0,8.0,199.0,28.0,4.0,3.2
5,max_to_max,SC4,7,-15.874507866387544,257.0,8.0,199.0,26.0,4.0,3.2
5,max_to_sunset,SC4,7,-16.0312195418814,257.0,8.0,199.0,28.0,4.0,4.1
5,first_to_first,SC4,8,-4.242640687119285,18.0,20.0,19.0,28.0,4.0,4.1
5,last_to_last,SC4,8,-3.872983346207417,15.0,20.0,19.0,32.0,4.0,4.1
5,mid_to_mid,SC4,8,0.0,0.0,20.0,19.0,32.0,4.0,4.1
5,max_to_max,SC4,8,-5.291502622129181,28.0,20.0,19.0,28.0,4.0,4.1
5,max_to_sunset,SC4,8,-5.291502622129181,28.0,20.0,19.0,32.0,4.0,4.1
5,first_to_first,SC4,9,-3.872983346207417,15.0,13.0,16.0,32.0,4.0,4.1
5,last_to_last,SC4,9,9.591663046625438,37.0,13.0,16.0,32.0,4.0,4.1
5,mid_to_mid,SC4,9,-1.0,1.0,13.0,16.0,32.0,4.0,4.1
5,max_to_max,SC4,9,10.63014581273465,37.0,13.0,16.0,32.0,4.0,4.1
5,max_to_sunset,SC4,9,9.591663046625438,37.0,13.0,16.0,32.0,4.0,4.1
5,first_to_first,SC4,10,9.0,45.0,8.0,82.0,32.0,4.0,4.1
5,last_to_last,SC4,10,0.0,3.0,8.0,82.0,32.0,4.0,4.1
5,mid_to_mid,SC4,10,4.242640687119285,0.0,8.0,82.0,32.0,4.0,4.1
5,max_to_max,SC4,10,9.0,54.0,8.0,82.0,32.0,4.0,4.1
5,max_to_sunset,SC4,10,-7.14142842854285,54.0,8.0,82.0,32.0,4.0,4.1
5,first_to_first,SC4,11,1.0,6.0,19.0,9.0,32.0,4.0,4.1
5,last_to_last,SC4,11,-2.449489742783178,6.0,19.0,9.0,32.0,6.0,4.5
5,mid_to_mid,SC4,11,0.0,0.0,19.0,9.0,32.0,6.0,4.1
5,max_to_max,SC4,11,-3.1622776601683795,18.0,19.0,9.0,32.0,6.0,4.1
5,max_to_sunset,SC4,11,-4.242640687119285,18.0,19.0,9.0,32.0,6.0,4.5
5,first_to_first,SC4,12,-2.23606797749979,5.0,7.0,2.0,32.0,6.0,7.4
5,last_to_last,SC4,12,0.0,0.0,7.0,2.0,32.0,6.0,7.4
5,mid_to_mid,SC4,12,0.0,0.0,7.0,2.0,32.0,6.0,7.4
5,max_to_max,SC4,12,-2.23606797749979,5.0,7.0,2.0,32.0,6.0,7.4
5,max_to_sunset,SC4,12,-2.23606797749979,5.0,7.0,2.0,32.0,6.0,7.4
5,first_to_first,SC4,13,0.0,0.0,8.0,0.0,32.0,7.0,7.4
5,last_to_last,SC4,13,0.0,0.0,8.0,0.0,30.0,7.0,7.4
5,mid_to_mid,SC4,13,0.0,0.0,8.0,0.0,32.0,7.0,7.4
5,max_to_max,SC4,13,0.0,0.0,8.0,0.0,32.0,7.0,7.4
5,max_to_sunset,SC4,13,0.0,0.0,8.0,0.0,32.0,7.0,7.4
5,first_to_first,SC4,14,0.0,0.0,17.0,2.0,30.0,10.0,7.4
5,last_to_last,SC4,14,-11.357816691600547,129.0,17.0,2.0,30.0,10.0,7.4
5,mid_to_mid,SC4,14,1.0,0.0,17.0,2.0,30.0,10.0,7.4
5,max_to_max,SC4,14,-12.083045973594572,150.0,17.0,2.0,30.0,10.0,7.4
5,max_to_sunset,SC4,14,-12.24744871391589,150.0,17.0,2.0,30.0,10.0,7.4
5,first_to_first,SC4,15,-11.224972160321824,126.0,14.0,48.0,30.0,11.0,7.4
5,last_to_last,SC4,15,5.656854249492381,3.0,14.0,48.0,23.0,11.0,7.4
5,mid_to_mid,SC4,15,-3.1622776601683795,18.0,14.0,48.0,30.0,11.0,7.4
5,max_to_max,SC4,15,-2.0,135.0,14.0,48.0,30.0,11.0,7.4
5,max_to_sunset,SC4,15,-10.0,135.0,14.0,48.0,30.0,11.0,7.4
5,first_to_first,SC4,16,9.219544457292887,7.0,17.0,0.0,23.0,11.0,7.4
5,last_to_last,SC4,16,8.660254037844387,0.0,17.0,0.0,23.0,11.0,7.4
5,mid_to_mid,SC4,16,9.9498743710662,0.0,17.0,0.0,23.0,11.0,7.4
5,max_to_max,SC4,16,14.142135623730951,8.0,17.0,0.0,23.0,11.0,7.4
5,max_to_sunset,SC4,16,8.18535277187245,8.0,17.0,0.0,23.0,11.0,7.4
5,first_to_first,SC4,17,9.055385138137417,0.0,14.0,0.0,23.0,7.0,6.2
5,last_to_last,SC4,17,16.217274740226856,0.0,14.0,0.0,23.0,7.0,6.2
5,mid_to_mid,SC4,17,2.0,0.0,14.0,0.0,23.0,7.0,6.2
5,max_to_max,SC4,17,17.944358444926362,0.0,14.0,0.0,23.0,7.0,6.2
5,max_to_sunset,SC4,17,16.217274740226856,0.0,14.0,0.0,23.0,7.0,6.2
5,first_to_first,SC4,18,15.297058540778355,0.0,13.0,0.0,23.0,6.0,6.2
5,last_to_last,SC4,18,11.357816691600547,0.0,13.0,0.0,23.0,6.0,6.2
5,mid_to_mid,SC4,18,3.872983346207417,0.0,13.0,0.0,23.0,6.0,6.2
5,max_to_max,SC4,18,15.297058540778355,0.0,13.0,0.0,23.0,6.0,6.2
5,max_to_sunset,SC4,18,11.357816691600547,0.0,13.0,0.0,23.0,6.0,6.2
5,first_to_first,SC4,19,12.884098726725126,0.0,17.0,3.0,23.0,6.0,6.2
5,last_to_last,SC4,19,9.486832980505138,0.0,17.0,3.0,23.0,6.0,6.2
5,mid_to_mid,SC4,19,10.246950765959598,1.0,17.0,3.0,23.0,6.0,6.2
5,max_to_max,SC4,19,12.727922061357855,4.0,17.0,3.0,23.0,6.0,6.2
5,max_to_sunset,SC4,19,9.273618495495704,4.0,17.0,3.0,23.0,6.0,6.2
5,first_to_first,SC4,20,10.862780491200215,0.0,16.0,80.0,23.0,6.0,3.2
5,last_to_last,SC4,20,-5.916079783099616,35.0,16.0,80.0,22.0,6.0,3.2
5,mid_to_mid,SC4,20,-2.449489742783178,8.0,16.0,80.0,23.0,6.0,3.2
5,max_to_max,SC4,20,-3.605551275463989,131.0,16.0,80.0,21.0,6.0,3.2
5,max_to_sunset,SC4,20,-11.445523142259598,131.0,16.0,80.0,22.0,6.0,3.2
5,first_to_first,SC4,21,-9.591663046625438,92.0,15.0,0.0,22.0,6.0,3.2
5,last_to_last,SC4,21,-8.602325267042627,75.0,15.0,0.0,24.0,6.0,3.0
5,mid_to_mid,SC4,21,-9.9498743710662,99.0,15.0,0.0,22.0,6.0,3.2
5,max_to_max,SC4,21,-14.212670403551895,208.0,15.0,0.0,22.0,6.0,3.2
5,max_to_sunset,SC4,21,-14.38749456993816,208.0,15.0,0.0,24.0,6.0,3.2
5,first_to_first,SC4,22,-9.0,82.0,14.0,48.0,24.0,6.0,3.0
5,last_to_last,SC4,22,-16.217274740226856,263.0,14.0,48.0,24.0,6.0,4.7
5,mid_to_mid,SC4,22,-2.0,4.0,14.0,48.0,24.0,6.0,3.8
5,max_to_max,SC4,22,-17.916472867168917,322.0,14.0,48.0,24.0,6.0,2.8
5,max_to_sunset,SC4,22,-17.944358444926362,322.0,14.0,48.0,24.0,6.0,4.7
5,first_to_first,SC4,23,-15.297058540778355,234.0,6.0,40.0,24.0,6.0,5.1
5,last_to_last,SC4,23,-6.6332495807108,129.0,6.0,40.0,24.0,7.0,5.1
5,mid_to_mid,SC4,23,-3.0,15.0,6.0,40.0,24.0,7.0,5.1
5,max_to_max,SC4,23,-12.083045973594572,234.0,6.0,40.0,24.0,6.0,5.1
5,max_to_sunset,SC4,23,-12.206555615733702,234.0,6.0,40.0,24.0,6.0,5.1
5,first_to_first,SC4,24,-8.366600265340756,166.0,7.0,61.0,24.0,7.0,5.1
5,last_to_last,SC4,24,-9.433981132056603,90.0,7.0,61.0,24.0,8.0,5.1
5,mid_to_mid,SC4,24,5.916079783099616,106.0,7.0,61.0,24.0,8.0,5.1
5,max_to_max,SC4,24,-5.0,166.0,7.0,61.0,24.0,7.0,5.1
5,max_to_sunset,SC4,24,-12.84523257866513,166.0,7.0,61.0,24.0,7.0,5.1
5,first_to_first,SC4,25,-10.862780491200215,118.0,11.0,47.0,24.0,7.0,5.1
5,last_to_last,SC4,25,2.23606797749979,0.0,11.0,47.0,24.0,7.0,5.1
5,mid_to_mid,SC4,25,1.4142135623730951,2.0,11.0,47.0,24.0,7.0,5.1
5,max_to_max,SC4,25,-10.295630140987,118.0,11.0,47.0,24.0,7.0,5.1
5,max_to_sunset,SC4,25,-10.63014581273465,118.0,11.0,47.0,24.0,7.0,5.1
5,first_to_first,SC4,26,2.449489742783178,0.0,22.0,3.0,24.0,5.0,5.1
5,last_to_last,SC4,26,-1.0,1.0,22.0,3.0,24.0,5.0,5.1
5,mid_to_mid,SC4,26,2.0,0.0,22.0,3.0,24.0,5.0,5.1
5,max_to_max,SC4,26,0.0,6.0,22.0,3.0,24.0,5.0,5.1
5,max_to_sunset,SC4,26,-2.449489742783178,6.0,22.0,3.0,24.0,5.0,5.1
5,first_to_first,SC4,27,-1.0,1.0,12.0,0.0,24.0,5.0,5.5
5,last_to_last,SC4,27,10.44030650891055,0.0,12.0,0.0,24.0,5.0,5.5
5,mid_to_mid,SC4,27,2.6457513110645907,0.0,12.0,0.0,24.0,5.0,5.5
5,max_to_max,SC4,27,10.908712114635714,1.0,12.0,0.0,24.0,5.0,5.5
5,max_to_sunset,SC4,27,10.392304845413264,1.0,12.0,0.0,24.0,5.0,5.5
5,first_to_first,SC4,28,11.61895003862225,0.0,14.0,12.0,24.0,5.0,5.5
5,last_to_last,SC4,28,2.449489742783178,85.0,14.0,12.0,24.0,5.0,5.5
5,mid_to_mid,SC4,28,3.3166247903554,6.0,14.0,12.0,24.0,5.0,5.5
5,max_to_max,SC4,28,8.06225774829855,88.0,14.0,12.0,24.0,5.0,5.5
5,max_to_sunset,SC4,28,1.7320508075688772,88.0,14.0,12.0,24.0,5.0,5.5
5,first_to_first,SC4,29,5.5677643628300215,96.0,13.0,2.0,24.0,5.0,5.5
5,last_to_last,SC4,29,1.4142135623730951,1.0,13.0,2.0,24.0,5.0,5.5
5,mid_to_mid,SC4,29,-11.445523142259598,141.0,13.0,2.0,24.0,5.0,5.5
5,max_to_max,SC4,29,-3.7416573867739413,141.0,13.0,2.0,24.0,5.0,5.5
5,max_to_sunset,SC4,29,-11.74734012447073,141.0,13.0,2.0,24.0,5.0,5.5
5,first_to_first,SC6,1,3.872983346207417,0.0,21.0,1.0,25.0,9.0,5.7
5,last_to_last,SC6,1,2.0,1.0,21.0,1.0,25.0,9.0,7.2
5,mid_to_mid,SC6,1,2.449489742783178,0.0,21.0,1.0,25.0,9.0,7.2
5,max_to_max,SC6,1,3.872983346207417,2.0,21.0,1.0,25.0,9.0,5.7
5,max_to_sunset,SC6,1,1.7320508075688772,2.0,21.0,1.0,25.0,9.0,7.2
5,first_to_first,SC6,2,2.6457513110645907,0.0,18.0,14.0,25.0,11.0,7.2
5,last_to_last,SC6,2,-13.820274961085254,196.0,18.0,14.0,25.0,11.0,7.2
5,mid_to_mid,SC6,2,2.23606797749979,1.0,18.0,14.0,25.0,11.0,7.2
5,max_to_max,SC6,2,-16.401219466856727,284.0,18.0,14.0,25.0,11.0,7.2
5,max_to_sunset,SC6,2,-16.703293088490067,284.0,18.0,14.0,25.0,11.0,7.2
5,first_to_first,SC6,3,-10.099504938362077,106.0,14.0,36.0,25.0,11.0,7.8
5,last_to_last,SC6,3,-1.7320508075688772,65.0,14.0,36.0,22.0,11.0,7.8
5,mid_to_mid,SC6,3,-7.745966692414834,61.0,14.0,36.0,25.0,11.0,7.8
5,max_to_max,SC6,3,3.872983346207417,120.0,14.0,36.0,25.0,11.0,7.8
5,max_to_sunset,SC6,3,-7.615773105863909,120.0,14.0,36.0,25.0,11.0,7.8
5,first_to_first,SC6,4,-3.3166247903554,46.0,17.0,3.0,19.0,11.0,7.8
5,last_to_last,SC6,4,2.23606797749979,19.0,17.0,3.0,18.0,11.0,7.8
5,mid_to_mid,SC6,4,4.358898943540674,26.0,17.0,3.0,19.0,11.0,7.8
5,max_to_max,SC6,4,-4.58257569495584,77.0,17.0,3.0,19.0,11.0,7.8
5,max_to_sunset,SC6,4,-7.280109889280518,77.0,17.0,3.0,19.0,11.0,7.8
5,first_to_first,SC6,5,3.1622776601683795,15.0,15.0,12.0,18.0,8.0,7.8
5,last_to_last,SC6,5,6.928203230275509,14.0,15.0,12.0,18.0,8.0,7.8
5,mid_to_mid,SC6,5,2.8284271247461903,18.0,15.0,12.0,18.0,8.0,7.8
5,max_to_max,SC6,5,7.54983443527075,18.0,15.0,12.0,18.0,8.0,7.8
5,max_to_sunset,SC6,5,6.6332495807108,18.0,15.0,12.0,18.0,8.0,7.8
5,first_to_first,SC6,6,5.0990195135927845,15.0,14.0,0.0,18.0,8.0,7.8
5,last_to_last,SC6,6,8.888194417315589,5.0,14.0,0.0,18.0,7.0,7.8
5,mid_to_mid,SC6,6,5.0990195135927845,6.0,14.0,0.0,18.0,7.0,7.8
5,max_to_max,SC6,6,8.18535277187245,17.0,14.0,0.0,18.0,7.0,7.8
5,max_to_sunset,SC6,6,8.18535277187245,17.0,14.0,0.0,18.0,7.0,7.8
5,first_to_first,SC6,7,7.483314773547883,7.0,13.0,0.0,18.0,7.0,7.8
5,last_to_last,SC6,7,7.615773105863909,5.0,13.0,0.0,18.0,7.0,7.8
5,mid_to_mid,SC6,7,6.557438524302,6.0,13.0,0.0,18.0,7.0,7.8
5,max_to_max,SC6,7,8.0,15.0,13.0,0.0,18.0,7.0,7.8
5,max_to_sunset,SC6,7,6.928203230275509,15.0,13.0,0.0,18.0,7.0,7.8
5,first_to_first,SC6,8,7.14142842854285,4.0,16.0,52.0,18.0,7.0,4.1
5,last_to_last,SC6,8,3.1622776601683795,62.0,16.0,52.0,18.0,7.0,4.1
5,mid_to_mid,SC6,8,5.916079783099616,1.0,16.0,52.0,18.0,7.0,4.1
5,max_to_max,SC6,8,-5.196152422706632,135.0,16.0,52.0,18.0,7.0,4.1
5,max_to_sunset,SC6,8,-7.937253933193772,135.0,16.0,52.0,18.0,7.0,4.1
5,first_to_first,SC6,9,5.0990195135927845,35.0,14.0,0.0,18.0,7.0,4.1
5,last_to_last,SC6,9,7.211102550927978,24.0,14.0,0.0,19.0,7.0,3.7
5,mid_to_mid,SC6,9,2.6457513110645907,45.0,14.0,0.0,18.0,7.0,4.1
5,max_to_max,SC6,9,5.196152422706632,56.0,14.0,0.0,19.0,7.0,4.1
5,max_to_sunset,SC6,9,4.47213595499958,56.0,14.0,0.0,19.0,7.0,4.1
5,first_to_first,SC6,10,4.123105625617661,25.0,14.0,120.0,19.0,7.0,3.7
5,last_to_last,SC6,10,-5.656854249492381,62.0,14.0,120.0,19.0,7.0,3.7
5,mid_to_mid,SC6,10,3.1622776601683795,26.0,14.0,120.0,19.0,7.0,3.7
5,max_to_max,SC6,10,1.4142135623730951,75.0,14.0,120.0,19.0,7.0,3.4
5,max_to_sunset,SC6,10,-6.708203932499369,75.0,14.0,120.0,19.0,7.0,3.7
5,first_to_first,SC6,11,-3.0,41.0,14.0,122.0,19.0,7.0,4.7
5,last_to_last,SC6,11,-7.0710678118654755,84.0,14.0,122.0,19.0,8.0,4.7
5,mid_to_mid,SC6,11,3.0,32.0,14.0,122.0,19.0,8.0,4.7
5,max_to_max,SC6,11,-3.7416573867739413,84.0,14.0,122.0,19.0,8.0,4.7
5,max_to_sunset,SC6,11,-7.0710678118654755,84.0,14.0,122.0,19.0,8.0,4.7
5,first_to_first,SC6,12,-6.6332495807108,63.0,13.0,32.0,19.0,8.0,4.7
5,last_to_last,SC6,12,-6.557438524302,63.0,13.0,32.0,19.0,9.0,4.7
5,mid_to_mid,SC6,12,-4.795831523312719,49.0,13.0,32.0,19.0,9.0,4.7
5,max_to_max,SC6,12,-7.280109889280518,79.0,13.0,32.0,19.0,9.0,4.7
5,max_to_sunset,SC6,12,-7.681145747868608,79.0,13.0,32.0,19.0,9.0,4.7
5,first_to_first,SC6,13,-5.291502622129181,55.0,15.0,73.0,19.0,8.0,4.7
5,last_to_last,SC6,13,9.643650760992955,72.0,15.0,73.0,19.0,8.0,4.7
5,mid_to_mid,SC6,13,-4.898979485566356,36.0,15.0,73.0,19.0,8.0,4.7
5,max_to_max,SC6,13,7.54983443527075,108.0,15.0,73.0,19.0,8.0,4.7
5,max_to_sunset,SC6,13,7.54983443527075,108.0,15.0,73.0,19.0,8.0,4.7
5,first_to_first,SC6,14,9.1104335791443,61.0,16.0,233.0,19.0,6.0,4.7
5,last_to_last,SC6,14,-4.58257569495584,76.0,16.0,233.0,18.0,6.0,4.7
5,mid_to_mid,SC6,14,-1.0,52.0,16.0,233.0,19.0,6.0,4.7
5,max_to_max,SC6,14,7.810249675906654,83.0,16.0,233.0,18.0,6.0,4.7
5,max_to_sunset,SC6,14,-5.291502622129181,83.0,16.0,233.0,18.0,6.0,4.7
5,first_to_first,SC6,15,1.7320508075688772,42.0,13.0,2.0,18.0,6.0,5.9
5,last_to_last,SC6,15,-3.0,30.0,13.0,2.0,18.0,6.0,5.9
5,mid_to_mid,SC6,15,1.7320508075688772,36.0,13.0,2.0,18.0,6.0,5.9
5,max_to_max,SC6,15,1.4142135623730951,77.0,13.0,2.0,18.0,6.0,5.9
5,max_to_sunset,SC6,15,-7.483314773547883,77.0,13.0,2.0,18.0,6.0,5.9
5,first_to_first,SC6,16,-3.0,32.0,15.0,53.0,18.0,6.0,5.9
5,last_to_last,SC6,16,-1.4142135623730951,34.0,15.0,53.0,18.0,6.0,5.9
5,mid_to_mid,SC6,16,-4.123105625617661,41.0,15.0,53.0,18.0,6.0,5.9
5,max_to_max,SC6,16,-5.385164807134504,70.0,15.0,53.0,18.0,6.0,5.9
5,max_to_sunset,SC6,16,-6.164414002968976,70.0,15.0,53.0,18.0,6.0,5.9
5,first_to_first,SC6,17,1.4142135623730951,19.0,13.0,0.0,18.0,6.0,5.9
5,last_to_last,SC6,17,-2.0,20.0,13.0,0.0,18.0,6.0,5.9
5,mid_to_mid,SC6,17,-3.872983346207417,26.0,13.0,0.0,18.0,6.0,5.9
5,max_to_max,SC6,17,2.23606797749979,26.0,13.0,0.0,18.0,6.0,5.9
5,max_to_sunset,SC6,17,-3.1622776601683795,26.0,13.0,0.0,18.0,6.0,5.9
5,first_to_first,SC8,1,3.7416573867739413,238.0,16.0,0.0,20.0,4.0,8.7
5,last_to_last,SC8,1,-4.242640687119285,254.0,16.0,0.0,17.0,4.0,8.7
5,mid_to_mid,SC8,1,-2.449489742783178,238.0,16.0,0.0,20.0,4.0,8.7
5,max_to_max,SC8,1,-1.4142135623730951,255.0,16.0,0.0,17.0,4.0,8.7
5,max_to_sunset,SC8,1,-4.358898943540674,255.0,16.0,0.0,17.0,4.0,8.7
5,first_to_first,SC8,2,-4.358898943540674,264.0,6.0,1.0,17.0,4.0,8.7
5,last_to_last,SC8,2,-5.744562646538029,243.0,6.0,1.0,17.0,4.0,8.7
5,mid_to_mid,SC8,2,-6.557438524302,247.0,6.0,1.0,17.0,4.0,8.7
5,max_to_max,SC8,2,-4.358898943540674,264.0,6.0,1.0,17.0,4.0,8.7
5,max_to_sunset,SC8,2,-7.3484692283495345,264.0,6.0,1.0,17.0,4.0,8.7
5,first_to_first,SC8,3,-6.164414002968976,243.0,6.0,9.0,17.0,4.0,8.4
5,last_to_last,SC8,3,-3.605551275463989,225.0,6.0,9.0,17.0,4.0,8.4
5,mid_to_mid,SC8,3,-5.196152422706632,228.0,6.0,9.0,17.0,4.0,8.4
5,max_to_max,SC8,3,-5.5677643628300215,243.0,6.0,9.0,17.0,4.0,8.4
5,max_to_sunset,SC8,3,-5.5677643628300215,243.0,6.0,9.0,17.0,4.0,8.4
5,first_to_first,SC8,4,-3.4641016151377544,238.0,12.0,32.0,17.0,4.0,8.4
5,last_to_last,SC8,4,-6.164414002968976,242.0,12.0,32.0,17.0,5.0,8.4
5,mid_to_mid,SC8,4,-5.916079783099616,231.0,12.0,32.0,17.0,5.0,8.4
5,max_to_max,SC8,4,-3.872983346207417,242.0,12.0,32.0,17.0,5.0,8.4
5,max_to_sunset,SC8,4,-6.164414002968976,242.0,12.0,32.0,17.0,5.0,8.4
5,first_to_first,SC8,5,-5.477225575051661,243.0,9.0,26.0,17.0,5.0,8.4
5,last_to_last,SC8,5,-6.48074069840786,253.0,9.0,26.0,16.0,5.0,8.4
5,mid_to_mid,SC8,5,-5.916079783099616,249.0,9.0,26.0,17.0,5.0,8.4
5,max_to_max,SC8,5,-6.4031242374328485,255.0,9.0,26.0,17.0,5.0,8.4
5,max_to_sunset,SC8,5,-6.6332495807108,255.0,9.0,26.0,17.0,5.0,8.4
5,first_to_first,SC8,6,-4.58257569495584,252.0,8.0,9.0,16.0,5.0,8.4
5,last_to_last,SC8,6,5.916079783099616,236.0,8.0,9.0,16.0,5.0,8.4
5,mid_to_mid,SC8,6,-5.385164807134504,232.0,8.0,9.0,16.0,5.0,8.4
5,max_to_max,SC8,6,4.242640687119285,253.0,8.0,9.0,16.0,5.0,8.4
5,max_to_sunset,SC8,6,4.242640687119285,253.0,8.0,9.0,16.0,5.0,8.4
5,first_to_first,SC8,7,5.5677643628300215,245.0,7.0,4.0,16.0,5.0,4.3
5,last_to_last,SC8,7,8.602325267042627,210.0,7.0,4.0,17.0,5.0,4.3
5,mid_to_mid,SC8,7,6.6332495807108,204.0,7.0,4.0,16.0,5.0,4.3
5,max_to_max,SC8,7,6.244997998398398,245.0,7.0,4.0,17.0,5.0,4.3
5,max_to_sunset,SC8,7,6.244997998398398,245.0,7.0,4.0,17.0,5.0,4.3
5,first_to_first,SC8,8,9.38083151964686,205.0,13.0,10.0,17.0,6.0,4.3
5,last_to_last,SC8,8,-12.727922061357855,212.0,13.0,10.0,17.0,7.0,4.3
5,mid_to_mid,SC8,8,-13.379088160259652,201.0,13.0,10.0,17.0,7.0,4.3
5,max_to_max,SC8,8,9.0,212.0,13.0,10.0,17.0,7.0,4.3
5,max_to_sunset,SC8,8,-12.727922061357855,212.0,13.0,10.0,17.0,7.0,4.3
5,first_to_first,SC8,9,-13.527749258468683,226.0,7.0,2.0,17.0,6.0,4.3
5,last_to_last,SC8,9,-13.856406460551018,204.0,7.0,2.0,17.0,6.0,4.9
5,mid_to_mid,SC8,9,-13.379088160259652,196.0,7.0,2.0,17.0,6.0,4.3
5,max_to_max,SC8,9,-12.884098726725126,227.0,7.0,2.0,17.0,6.0,4.3
5,max_to_sunset,SC8,9,-14.66287829861518,227.0,7.0,2.0,17.0,6.0,4.9
5,first_to_first,SC8,10,-14.142135623730951,213.0,14.0,0.0,17.0,6.0,4.9
5,last_to_last,SC8,10,-14.422205101855956,211.0,14.0,0.0,18.0,6.0,7.0
5,mid_to_mid,SC8,10,-14.212670403551895,214.0,14.0,0.0,17.0,6.0,7.0
5,max_to_max,SC8,10,-13.784048752090222,214.0,14.0,0.0,17.0,6.0,6.3
5,max_to_sunset,SC8,10,-14.52583904633395,214.0,14.0,0.0,18.0,6.0,7.0
5,first_to_first,SC8,11,-15.132745950421556,231.0,14.0,2.0,18.0,6.0,7.0
5,last_to_last,SC8,11,-16.401219466856727,271.0,14.0,2.0,18.0,6.0,7.0
5,mid_to_mid,SC8,11,-14.177446878757825,203.0,14.0,2.0,18.0,6.0,7.0
5,max_to_max,SC8,11,-16.34013463836819,271.0,14.0,2.0,18.0,6.0,7.0
5,max_to_sunset,SC8,11,-16.401219466856727,271.0,14.0,2.0,18.0,6.0,7.0
5,first_to_first,SC8,12,-16.492422502470642,276.0,13.0,12.0,18.0,6.0,7.0
5,last_to_last,SC8,12,-16.76305461424021,284.0,13.0,12.0,18.0,6.0,7.0
5,mid_to_mid,SC8,12,-15.620499351813308,248.0,13.0,12.0,18.0,6.0,7.0
5,max_to_max,SC8,12,-16.64331697709324,284.0,13.0,12.0,18.0,6.0,7.0
5,max_to_sunset,SC8,12,-16.76305461424021,284.0,13.0,12.0,18.0,6.0,7.0
5,first_to_first,SC8,13,-16.97056274847714,293.0,12.0,5.0,18.0,6.0,8.2
5,last_to_last,SC8,13,-6.782329983125268,50.0,12.0,5.0,18.0,6.0,8.2
5,mid_to_mid,SC8,13,-4.0,22.0,12.0,5.0,18.0,6.0,8.2
5,max_to_max,SC8,13,-16.431676725154983,293.0,12.0,5.0,18.0,6.0,8.2
5,max_to_sunset,SC8,13,-17.0,293.0,12.0,5.0,18.0,6.0,8.2
5,first_to_first,SC8,14,-6.082762530298219,43.0,11.0,22.0,18.0,8.0,8.2
5,last_to_last,SC8,14,-2.0,12.0,11.0,22.0,18.0,9.0,8.2
5,mid_to_mid,SC8,14,-3.3166247903554,17.0,11.0,22.0,18.0,9.0,8.2
5,max_to_max,SC8,14,-7.280109889280518,61.0,11.0,22.0,18.0,9.0,8.2
5,max_to_sunset,SC8,14,-7.280109889280518,61.0,11.0,22.0,18.0,9.0,8.2
5,first_to_first,SC8,15,-2.23606797749979,13.0,12.0,0.0,18.0,11.0,8.2
5,last_to_last,SC8,15,2.449489742783178,3.0,12.0,0.0,18.0,11.0,8.2
5,mid_to_mid,SC8,15,-2.0,12.0,12.0,0.0,18.0,11.0,8.2
5,max_to_max,SC8,15,-3.872983346207417,24.0,12.0,0.0,18.0,11.0,8.2
5,max_to_sunset,SC8,15,-3.872983346207417,24.0,12.0,0.0,18.0,11.0,8.2
5,first_to_first,SC8,16,3.7416573867739413,2.0,13.0,0.0,18.0,11.0,8.2
5,last_to_last,SC8,16,4.58257569495584,2.0,13.0,0.0,18.0,11.0,8.2
5,mid_to_mid,SC8,16,4.69041575982343,2.0,13.0,0.0,18.0,11.0,8.2
5,max_to_max,SC8,16,5.744562646538029,4.0,13.0,0.0,18.0,11.0,8.2
5,max_to_sunset,SC8,16,4.358898943540674,4.0,13.0,0.0,18.0,11.0,8.2
5,first_to_first,SC8,17,4.47213595499958,4.0,17.0,12.0,18.0,7.0,8.2
5,last_to_last,SC8,17,6.164414002968976,3.0,17.0,12.0,21.0,7.0,8.2
5,mid_to_mid,SC8,17,2.449489742783178,4.0,17.0,12.0,18.0,7.0,8.2
5,max_to_max,SC8,17,5.830951894845301,7.0,17.0,12.0,18.0,7.0,8.2
5,max_to_sunset,SC8,17,5.830951894845301,7.0,17.0,12.0,21.0,7.0,8.2
5,first_to_first,SC8,18,2.23606797749979,5.0,17.0,19.0,21.0,7.0,4.1
5,last_to_last,SC8,18,-1.0,4.0,17.0,19.0,21.0,7.0,4.1
5,mid_to_mid,SC8,18,-1.7320508075688772,6.0,17.0,19.0,21.0,7.0,4.1
5,max_to_max,SC8,18,-1.0,23.0,17.0,19.0,21.0,7.0,4.1
5,max_to_sunset,SC8,18,-4.47213595499958,23.0,17.0,19.0,21.0,7.0,4.1
6,first_to_first,SC1,1,-10.392304845413264,108.0,16.0,0.0,22.0,8.0,6.3
6,last_to_last,SC1,1,-7.14142842854285,51.0,16.0,0.0,22.0,8.0,6.3
6,mid_to_mid,SC1,1,-8.48528137423857,72.0,16.0,0.0,22.0,8.0,6.3
6,max_to_max,SC1,1,-11.0,121.0,16.0,0.0,22.0,8.0,6.3
6,max_to_sunset,SC1,1,-11.0,121.0,16.0,0.0,22.0,8.0,6.3
6,first_to_first,SC1,2,-7.483314773547883,56.0,16.0,0.0,22.0,8.0,6.3
6,last_to_last,SC1,2,-4.795831523312719,23.0,16.0,0.0,22.0,7.0,6.3
6,mid_to_mid,SC1,2,-6.6332495807108,44.0,16.0,0.0,22.0,8.0,6.3
6,max_to_max,SC1,2,-7.483314773547883,56.0,16.0,0.0,22.0,8.0,6.3
6,max_to_sunset,SC1,2,-7.483314773547883,56.0,16.0,0.0,22.0,7.0,6.3
6,first_to_first,SC1,3,-3.3166247903554,11.0,11.0,5.0,22.0,7.0,6.3
6,last_to_last,SC1,3,-1.4142135623730951,2.0,11.0,5.0,22.0,6.0,6.3
6,mid_to_mid,SC1,3,-2.449489742783178,6.0,11.0,5.0,22.0,6.0,6.3
6,max_to_max,SC1,3,-4.58257569495584,21.0,11.0,5.0,22.0,7.0,6.3
6,max_to_sunset,SC1,3,-4.58257569495584,21.0,11.0,5.0,22.0,6.0,6.3
6,first_to_first,SC1,4,-2.23606797749979,5.0,9.0,3.0,22.0,6.0,6.3
6,last_to_last,SC1,4,0.0,0.0,9.0,3.0,22.0,6.0,6.3
6,mid_to_mid,SC1,4,-1.4142135623730951,2.0,9.0,3.0,22.0,6.0,6.3
6,max_to_max,SC1,4,-2.23606797749979,5.0,9.0,3.0,22.0,6.0,6.3
6,max_to_sunset,SC1,4,-2.23606797749979,5.0,9.0,3.0,22.0,6.0,6.3
6,first_to_first,SC1,5,0.0,0.0,13.0,0.0,22.0,6.0,6.3
6,last_to_last,SC1,5,0.0,0.0,13.0,0.0,22.0,6.0,6.3
6,mid_to_mid,SC1,5,0.0,0.0,13.0,0.0,22.0,6.0,6.3
6,max_to_max,SC1,5,0.0,0.0,13.0,0.0,22.0,6.0,6.3
6,max_to_sunset,SC1,5,0.0,0.0,13.0,0.0,22.0,6.0,6.3
6,first_to_first,SC1,6,0.0,0.0,14.0,0.0,22.0,6.0,6.3
6,last_to_last,SC1,6,0.0,0.0,14.0,0.0,20.0,6.0,6.3
6,mid_to_mid,SC1,6,0.0,0.0,14.0,0.0,22.0,6.0,6.3
6,max_to_max,SC1,6,0.0,0.0,14.0,0.0,22.0,6.0,6.3
6,max_to_sunset,SC1,6,0.0,0.0,14.0,0.0,22.0,6.0,6.3
6,first_to_first,SC1,7,0.0,0.0,12.0,0.0,20.0,6.0,6.3
6,last_to_last,SC1,7,0.0,0.0,12.0,0.0,20.0,6.0,6.3
6,mid_to_mid,SC1,7,0.0,0.0,12.0,0.0,20.0,6.0,6.3
6,max_to_max,SC1,7,0.0,0.0,12.0,0.0,20.0,6.0,6.3
6,max_to_sunset,SC1,7,0.0,0.0,12.0,0.0,20.0,6.0,6.3
6,first_to_first,SC1,8,0.0,0.0,11.0,0.0,20.0,6.0,6.3
6,last_to_last,SC1,8,0.0,0.0,11.0,0.0,20.0,6.0,6.3
6,mid_to_mid,SC1,8,0.0,0.0,11.0,0.0,20.0,6.0,6.3
6,max_to_max,SC1,8,0.0,0.0,11.0,0.0,20.0,6.0,6.3
6,max_to_sunset,SC1,8,0.0,0.0,11.0,0.0,20.0,6.0,6.3
6,first_to_first,SC1,9,0.0,0.0,7.0,0.0,20.0,6.0,6.3
6,last_to_last,SC1,9,0.0,0.0,7.0,0.0,20.0,8.0,6.2
6,mid_to_mid,SC1,9,0.0,0.0,7.0,0.0,20.0,8.0,6.3
6,max_to_max,SC1,9,0.0,0.0,7.0,0.0,20.0,6.0,6.3
6,max_to_sunset,SC1,9,0.0,0.0,7.0,0.0,20.0,6.0,6.3
6,first_to_first,SC1,10,0.0,0.0,11.0,0.0,20.0,8.0,6.2
6,last_to_last,SC1,10,0.0,0.0,11.0,0.0,20.0,8.0,6.2
6,mid_to_mid,SC1,10,0.0,0.0,11.0,0.0,20.0,8.0,6.2
6,max_to_max,SC1,10,0.0,0.0,11.0,0.0,20.0,8.0,6.2
6,max_to_sunset,SC1,10,0.0,0.0,11.0,0.0,20.0,8.0,6.2
6,first_to_first,SC1,11,0.0,0.0,10.0,0.0,20.0,8.0,6.2
6,last_to_last,SC1,11,0.0,0.0,10.0,0.0,18.0,8.0,6.2
6,mid_to_mid,SC1,11,0.0,0.0,10.0,0.0,20.0,8.0,6.2
6,max_to_max,SC1,11,0.0,0.0,10.0,0.0,20.0,8.0,6.2
6,max_to_sunset,SC1,11,0.0,0.0,10.0,0.0,20.0,8.0,6.2
6,first_to_first,SC1,12,0.0,0.0,12.0,0.0,18.0,8.0,6.2
6,last_to_last,SC1,12,0.0,0.0,12.0,0.0,19.0,8.0,6.2
6,mid_to_mid,SC1,12,0.0,0.0,12.0,0.0,18.0,8.0,6.2
6,max_to_max,SC1,12,0.0,0.0,12.0,0.0,18.0,8.0,6.2
6,max_to_sunset,SC1,12,0.0,0.0,12.0,0.0,19.0,8.0,6.2
6,first_to_first,SC1,13,0.0,0.0,9.0,0.0,19.0,9.0,6.2
6,last_to_last,SC1,13,0.0,0.0,9.0,0.0,22.0,9.0,6.2
6,mid_to_mid,SC1,13,0.0,0.0,9.0,0.0,21.0,9.0,6.2
6,max_to_max,SC1,13,0.0,0.0,9.0,0.0,19.0,9.0,6.2
6,max_to_sunset,SC1,13,0.0,0.0,9.0,0.0,22.0,9.0,6.2
6,first_to_first,SC1,14,0.0,0.0,12.0,0.0,22.0,9.0,6.2
6,last_to_last,SC1,14,0.0,0.0,12.0,0.0,22.0,9.0,6.2
6,mid_to_mid,SC1,14,0.0,0.0,12.0,0.0,22.0,9.0,6.2
6,max_to_max,SC1,14,0.0,0.0,12.0,0.0,22.0,9.0,6.2
6,max_to_sunset,SC1,14,0.0,0.0,12.0,0.0,22.0,9.0,6.2
6,first_to_first,SC1,15,0.0,0.0,13.0,0.0,22.0,9.0,6.2
6,last_to_last,SC1,15,0.0,0.0,13.0,0.0,22.0,9.0,5.7
6,mid_to_mid,SC1,15,0.0,0.0,13.0,0.0,22.0,9.0,6.2
6,max_to_max,SC1,15,0.0,0.0,13.0,0.0,22.0,9.0,6.2
6,max_to_sunset,SC1,15,0.0,0.0,13.0,0.0,22.0,9.0,6.2
6,first_to_first,SC1,16,0.0,0.0,10.0,0.0,22.0,9.0,5.7
6,last_to_last,SC1,16,0.0,0.0,10.0,0.0,22.0,8.0,5.7
6,mid_to_mid,SC1,16,0.0,0.0,10.0,0.0,22.0,9.0,5.7
6,max_to_max,SC1,16,0.0,0.0,10.0,0.0,22.0,9.0,5.7
6,max_to_sunset,SC1,16,0.0,0.0,10.0,0.0,22.0,8.0,5.7
6,first_to_first,SC1,17,0.0,0.0,12.0,0.0,22.0,8.0,5.7
6,last_to_last,SC1,17,0.0,0.0,12.0,0.0,22.0,6.0,5.7
6,mid_to_mid,SC1,17,0.0,0.0,12.0,0.0,22.0,6.0,5.7
6,max_to_max,SC1,17,0.0,0.0,12.0,0.0,22.0,8.0,5.7
6,max_to_sunset,SC1,17,0.0,0.0,12.0,0.0,22.0,6.0,5.7
6,first_to_first,SC1,18,0.0,0.0,12.0,0.0,22.0,6.0,5.7
6,last_to_last,SC1,18,0.0,0.0,12.0,0.0,22.0,6.0,5.7
6,mid_to_mid,SC1,18,0.0,0.0,12.0,0.0,22.0,6.0,5.7
6,max_to_max,SC1,18,0.0,0.0,12.0,0.0,22.0,6.0,5.7
6,max_to_sunset,SC1,18,0.0,0.0,12.0,0.0,22.0,6.0,5.7
6,first_to_first,SC1,19,0.0,0.0,16.0,0.0,22.0,6.0,5.7
6,last_to_last,SC1,19,0.0,0.0,16.0,0.0,17.0,6.0,5.7
6,mid_to_mid,SC1,19,0.0,0.0,16.0,0.0,22.0,6.0,5.7
6,max_to_max,SC1,19,0.0,0.0,16.0,0.0,22.0,6.0,5.7
6,max_to_sunset,SC1,19,0.0,0.0,16.0,0.0,22.0,6.0,5.7
6,first_to_first,SC1,20,0.0,0.0,14.0,0.0,17.0,6.0,5.7
6,last_to_last,SC1,20,0.0,0.0,14.0,0.0,17.0,6.0,5.7
6,mid_to_mid,SC1,20,0.0,0.0,14.0,0.0,17.0,6.0,5.7
6,max_to_max,SC1,20,0.0,0.0,14.0,0.0,17.0,6.0,5.7
6,max_to_sunset,SC1,20,0.0,0.0,14.0,0.0,17.0,6.0,5.7
6,first_to_first,SC1,21,0.0,0.0,12.0,0.0,17.0,6.0,5.7
6,last_to_last,SC1,21,0.0,0.0,12.0,0.0,17.0,6.0,4.3
6,mid_to_mid,SC1,21,0.0,0.0,12.0,0.0,17.0,6.0,5.7
6,max_to_max,SC1,21,0.0,0.0,12.0,0.0,17.0,6.0,5.7
6,max_to_sunset,SC1,21,0.0,0.0,12.0,0.0,17.0,6.0,5.7
6,first_to_first,SC1,22,0.0,0.0,12.0,0.0,17.0,6.0,4.3
6,last_to_last,SC1,22,0.0,0.0,12.0,0.0,21.0,6.0,4.3
6,mid_to_mid,SC1,22,0.0,0.0,12.0,0.0,19.0,6.0,4.3
6,max_to_max,SC1,22,0.0,0.0,12.0,0.0,17.0,6.0,4.3
6,max_to_sunset,SC1,22,0.0,0.0,12.0,0.0,21.0,6.0,4.3
6,first_to_first,SC1,23,0.0,0.0,8.0,0.0,21.0,6.0,4.3
6,last_to_last,SC1,23,0.0,0.0,8.0,0.0,21.0,7.0,4.3
6,mid_to_mid,SC1,23,0.0,0.0,8.0,0.0,21.0,7.0,4.3
6,max_to_max,SC1,23,0.0,0.0,8.0,0.0,21.0,6.0,4.3
6,max_to_sunset,SC1,23,0.0,0.0,8.0,0.0,21.0,6.0,4.3
6,first_to_first,SC10,1,10.44030650891055,0.0,21.0,0.0,21.0,3.0,7.4
6,last_to_last,SC10,1,11.704699910719626,0.0,21.0,0.0,19.0,3.0,7.4
6,mid_to_mid,SC10,1,7.810249675906654,0.0,21.0,0.0,21.0,3.0,7.4
6,max_to_max,SC10,1,17.4928556845359,0.0,21.0,0.0,21.0,3.0,7.4
6,max_to_sunset,SC10,1,11.704699910719626,0.0,21.0,0.0,21.0,3.0,7.4
6,first_to_first,SC10,2,10.954451150103322,0.0,13.0,8.0,19.0,3.0,7.4
6,last_to_last,SC10,2,10.723805294763608,0.0,13.0,8.0,19.0,3.0,7.4
6,mid_to_mid,SC10,2,6.6332495807108,4.0,13.0,8.0,19.0,3.0,7.4
6,max_to_max,SC10,2,27.03701166919155,39.0,13.0,8.0,19.0,3.0,7.4
6,max_to_sunset,SC10,2,8.717797887081348,39.0,13.0,8.0,19.0,3.0,7.4
6,first_to_first,SC10,3,9.9498743710662,10.0,15.0,104.0,19.0,3.0,7.4
6,last_to_last,SC10,3,16.24807680927192,58.0,15.0,104.0,21.0,3.0,7.4
6,mid_to_mid,SC10,3,8.426149773176359,8.0,15.0,104.0,19.0,3.0,7.4
6,max_to_max,SC10,3,20.46948949045872,78.0,15.0,104.0,21.0,3.0,7.4
6,max_to_sunset,SC10,3,15.620499351813308,78.0,15.0,104.0,21.0,3.0,7.4
6,first_to_first,SC10,4,20.952326839756964,60.0,18.0,176.0,21.0,3.0,7.4
6,last_to_last,SC10,4,18.05547008526779,110.0,18.0,176.0,21.0,3.0,7.4
6,mid_to_mid,SC10,4,20.174241001832016,9.0,18.0,176.0,21.0,3.0,7.4
6,max_to_max,SC10,4,19.235384061671343,130.0,18.0,176.0,21.0,3.0,7.4
6,max_to_sunset,SC10,4,17.4928556845359,130.0,18.0,176.0,21.0,3.0,7.4
6,first_to_first,SC10,5,5.0990195135927845,109.0,13.0,416.0,21.0,3.0,7.4
6,last_to_last,SC10,5,-8.94427190999916,132.0,13.0,416.0,21.0,3.0,7.4
6,mid_to_mid,SC10,5,-4.47213595499958,27.0,13.0,416.0,21.0,3.0,7.4
6,max_to_max,SC10,5,15.7797338380595,148.0,13.0,416.0,21.0,3.0,7.4
6,max_to_sunset,SC10,5,-9.797958971132712,148.0,13.0,416.0,21.0,3.0,7.4
6,first_to_first,SC10,6,-7.14142842854285,120.0,8.0,385.0,21.0,3.0,7.4
6,last_to_last,SC10,6,-8.660254037844387,89.0,8.0,385.0,21.0,3.0,7.4
6,mid_to_mid,SC10,6,-6.6332495807108,48.0,8.0,385.0,21.0,3.0,7.4
6,max_to_max,SC10,6,-14.247806848775006,282.0,8.0,385.0,21.0,3.0,7.4
6,max_to_sunset,SC10,6,-16.3707055437449,282.0,8.0,385.0,21.0,3.0,7.4
6,first_to_first,SC10,7,-10.295630140987,109.0,17.0,456.0,21.0,3.0,4.1
6,last_to_last,SC10,7,-11.61895003862225,137.0,17.0,456.0,24.0,3.0,4.1
6,mid_to_mid,SC10,7,-7.810249675906654,61.0,17.0,456.0,22.0,3.0,4.1
6,max_to_max,SC10,7,-17.349351572897472,306.0,17.0,456.0,24.0,3.0,4.1
6,max_to_sunset,SC10,7,-17.435595774162696,306.0,17.0,456.0,24.0,3.0,4.1
6,first_to_first,SC10,8,-10.770329614269007,120.0,13.0,387.0,24.0,4.0,4.1
6,last_to_last,SC10,8,-10.677078252031311,115.0,13.0,387.0,24.0,5.0,4.1
6,mid_to_mid,SC10,8,-6.928203230275509,48.0,13.0,387.0,24.0,5.0,4.1
6,max_to_max,SC10,8,-27.65863337187866,770.0,13.0,387.0,24.0,5.0,3.2
6,max_to_sunset,SC10,8,-27.730849247724095,770.0,13.0,387.0,24.0,5.0,4.1
6,first_to_first,SC10,9,-10.44030650891055,109.0,19.0,1122.0,24.0,5.0,4.3
6,last_to_last,SC10,9,-17.944358444926362,322.0,19.0,1122.0,24.0,6.0,5.5
6,mid_to_mid,SC10,9,-8.888194417315589,79.0,19.0,1122.0,24.0,6.0,5.5
6,max_to_max,SC10,9,-22.293496809607955,497.0,19.0,1122.0,24.0,6.0,4.3
6,max_to_sunset,SC10,9,-22.293496809607955,497.0,19.0,1122.0,24.0,6.0,5.5
6,first_to_first,SC10,10,-22.338307903688676,499.0,10.0,0.0,24.0,6.0,7.0
6,last_to_last,SC10,10,-20.8806130178211,436.0,10.0,0.0,24.0,6.0,7.0
6,mid_to_mid,SC10,10,-20.396078054371138,416.0,10.0,0.0,24.0,6.0,7.0
6,max_to_max,SC10,10,-22.360679774997898,500.0,10.0,0.0,24.0,6.0,7.0
6,max_to_sunset,SC10,10,-22.360679774997898,500.0,10.0,0.0,24.0,6.0,7.0
6,first_to_first,SC10,11,-11.61895003862225,135.0,9.0,373.0,24.0,6.0,7.0
6,last_to_last,SC10,11,-7.211102550927978,52.0,9.0,373.0,24.0,6.0,7.0
6,mid_to_mid,SC10,11,-2.6457513110645907,7.0,9.0,373.0,24.0,6.0,7.0
6,max_to_max,SC10,11,-19.924858845171276,397.0,9.0,373.0,24.0,6.0,7.0
6,max_to_sunset,SC10,11,-19.924858845171276,397.0,9.0,373.0,24.0,6.0,7.0
6,first_to_first,SC10,12,-8.306623862918075,69.0,8.0,145.0,24.0,6.0,7.2
6,last_to_last,SC10,12,-3.3166247903554,14.0,8.0,145.0,24.0,6.0,7.2
6,mid_to_mid,SC10,12,-1.0,4.0,8.0,145.0,24.0,6.0,7.2
6,max_to_max,SC10,12,-8.660254037844387,79.0,8.0,145.0,24.0,6.0,7.2
6,max_to_sunset,SC10,12,-8.717797887081348,79.0,8.0,145.0,24.0,6.0,7.2
6,first_to_first,SC10,13,-1.7320508075688772,3.0,12.0,2.0,24.0,6.0,7.2
6,last_to_last,SC10,13,14.560219778561036,2.0,12.0,2.0,23.0,6.0,7.2
6,mid_to_mid,SC10,13,4.123105625617661,0.0,12.0,2.0,24.0,6.0,7.2
6,max_to_max,SC10,13,18.76166303929372,5.0,12.0,2.0,23.0,6.0,7.2
6,max_to_sunset,SC10,13,14.45683229480096,5.0,12.0,2.0,23.0,6.0,7.2
6,first_to_first,SC10,14,16.0,4.0,9.0,14.0,23.0,7.0,7.2
6,last_to_last,SC10,14,16.492422502470642,1.0,9.0,14.0,23.0,8.0,7.2
6,mid_to_mid,SC10,14,16.703293088490067,0.0,9.0,14.0,23.0,8.0,7.2
6,max_to_max,SC10,14,17.435595774162696,5.0,9.0,14.0,23.0,8.0,7.2
6,max_to_sunset,SC10,14,16.3707055437449,5.0,9.0,14.0,23.0,8.0,7.2
6,first_to_first,SC10,15,13.674794331177344,0.0,11.0,0.0,23.0,10.0,7.2
6,last_to_last,SC10,15,11.445523142259598,0.0,11.0,0.0,23.0,10.0,7.2
6,mid_to_mid,SC10,15,4.795831523312719,0.0,11.0,0.0,23.0,10.0,7.2
6,max_to_max,SC10,15,16.431676725154983,0.0,11.0,0.0,23.0,10.0,7.2
6,max_to_sunset,SC10,15,11.445523142259598,0.0,11.0,0.0,23.0,10.0,7.2
6,first_to_first,SC10,16,9.848857801796104,0.0,12.0,0.0,23.0,6.0,7.2
6,last_to_last,SC10,16,2.6457513110645907,0.0,12.0,0.0,24.0,6.0,7.2
6,mid_to_mid,SC10,16,4.47213595499958,0.0,12.0,0.0,23.0,6.0,7.2
6,max_to_max,SC10,16,11.704699910719626,0.0,12.0,0.0,23.0,6.0,7.2
6,max_to_sunset,SC10,16,2.6457513110645907,0.0,12.0,0.0,24.0,6.0,7.2
6,first_to_first,SC10,17,0.0,0.0,13.0,0.0,24.0,6.0,7.2
6,last_to_last,SC10,17,0.0,0.0,13.0,0.0,28.0,6.0,7.2
6,mid_to_mid,SC10,17,0.0,0.0,13.0,0.0,25.0,6.0,7.2
6,max_to_max,SC10,17,0.0,0.0,13.0,0.0,24.0,6.0,7.2
6,max_to_sunset,SC10,17,0.0,0.0,13.0,0.0,28.0,6.0,7.2
6,first_to_first,SC10,18,0.0,0.0,14.0,0.0,28.0,6.0,4.1
6,last_to_last,SC10,18,2.23606797749979,3.0,14.0,0.0,34.0,6.0,3.8
6,mid_to_mid,SC10,18,-1.7320508075688772,3.0,14.0,0.0,31.0,6.0,3.8
6,max_to_max,SC10,18,2.0,4.0,14.0,0.0,34.0,6.0,3.8
6,max_to_sunset,SC10,18,2.0,4.0,14.0,0.0,34.0,6.0,3.8
6,first_to_first,SC10,19,2.6457513110645907,0.0,14.0,265.0,34.0,6.0,3.8
6,last_to_last,SC10,19,-14.52583904633395,214.0,14.0,265.0,34.0,6.0,3.8
6,mid_to_mid,SC10,19,-4.123105625617661,17.0,14.0,265.0,34.0,6.0,3.8
6,max_to_max,SC10,19,-18.275666882497067,357.0,14.0,265.0,34.0,6.0,3.8
6,max_to_sunset,SC10,19,-18.81488772222678,357.0,14.0,265.0,34.0,6.0,3.8
6,first_to_first,SC10,20,-16.06237840420901,260.0,14.0,0.0,34.0,6.0,3.2
6,last_to_last,SC10,20,-16.24807680927192,273.0,14.0,0.0,34.0,6.0,3.2
6,mid_to_mid,SC10,20,-16.61324772583615,279.0,14.0,0.0,34.0,6.0,3.2
6,max_to_max,SC10,20,-17.291616465790582,309.0,14.0,0.0,34.0,6.0,3.2
6,max_to_sunset,SC10,20,-17.320508075688775,309.0,14.0,0.0,34.0,6.0,3.2
6,first_to_first,SC10,21,-13.490737563232042,187.0,13.0,406.0,34.0,6.0,3.2
6,last_to_last,SC10,21,-11.445523142259598,131.0,13.0,406.0,34.0,6.0,2.4
6,mid_to_mid,SC10,21,-4.795831523312719,23.0,13.0,406.0,34.0,6.0,3.2
6,max_to_max,SC10,21,-16.15549442140351,270.0,13.0,406.0,34.0,6.0,3.2
6,max_to_sunset,SC10,21,-16.431676725154983,270.0,13.0,406.0,34.0,6.0,3.2
6,first_to_first,SC12,1,3.605551275463989,13.0,17.0,0.0,29.0,7.0,12.8
6,last_to_last,SC12,1,-4.898979485566356,39.0,17.0,0.0,29.0,6.0,12.8
6,mid_to_mid,SC12,1,3.3166247903554,13.0,17.0,0.0,29.0,6.0,12.8
6,max_to_max,SC12,1,-3.7416573867739413,49.0,17.0,0.0,29.0,6.0,12.8
6,max_to_sunset,SC12,1,-5.830951894845301,49.0,17.0,0.0,29.0,6.0,12.8
6,first_to_first,SC12,2,-3.3166247903554,28.0,15.0,49.0,29.0,5.0,12.8
6,last_to_last,SC12,2,-2.8284271247461903,23.0,15.0,49.0,21.0,5.0,12.8
6,mid_to_mid,SC12,2,4.242640687119285,0.0,15.0,49.0,29.0,5.0,12.8
6,max_to_max,SC12,2,-3.3166247903554,37.0,15.0,49.0,29.0,5.0,12.8
6,max_to_sunset,SC12,2,-4.69041575982343,37.0,15.0,49.0,29.0,5.0,12.8
6,first_to_first,SC12,3,-2.6457513110645907,15.0,16.0,140.0,21.0,5.0,12.8
6,last_to_last,SC12,3,-8.48528137423857,72.0,16.0,140.0,20.0,5.0,12.8
6,mid_to_mid,SC12,3,-1.7320508075688772,3.0,16.0,140.0,21.0,5.0,12.8
6,max_to_max,SC12,3,-11.916375287812984,159.0,16.0,140.0,20.0,5.0,12.8
6,max_to_sunset,SC12,3,-12.609520212918492,159.0,16.0,140.0,20.0,5.0,12.8
6,first_to_first,SC4,1,-14.38749456993816,436.0,16.0,0.0,30.0,4.0,4.3
6,last_to_last,SC4,1,-18.05547008526779,352.0,16.0,0.0,30.0,4.0,4.3
6,mid_to_mid,SC4,1,-20.29778313018444,436.0,16.0,0.0,30.0,4.0,4.3
6,max_to_max,SC4,1,-17.233687939614086,554.0,16.0,0.0,30.0,4.0,4.3
6,max_to_sunset,SC4,1,-22.978250586152114,554.0,16.0,0.0,30.0,4.0,4.3
6,first_to_first,SC4,2,-17.320508075688775,318.0,19.0,377.0,30.0,4.0,4.3
6,last_to_last,SC4,2,-13.490737563232042,197.0,19.0,377.0,30.0,4.0,4.3
6,mid_to_mid,SC4,2,-12.529964086141668,157.0,19.0,377.0,30.0,4.0,4.3
6,max_to_max,SC4,2,-23.259406699226016,569.0,19.0,377.0,30.0,4.0,4.3
6,max_to_sunset,SC4,2,-23.53720459187964,569.0,19.0,377.0,30.0,4.0,4.3
6,first_to_first,SC4,3,-13.341664064126334,193.0,13.0,104.0,30.0,4.0,4.3
6,last_to_last,SC4,3,6.082762530298219,0.0,13.0,104.0,26.0,4.0,4.3
6,mid_to_mid,SC4,3,-1.4142135623730951,3.0,13.0,104.0,30.0,4.0,4.3
6,max_to_max,SC4,3,-12.489995996796797,193.0,13.0,104.0,30.0,4.0,4.3
6,max_to_sunset,SC4,3,-12.489995996796797,193.0,13.0,104.0,30.0,4.0,4.3
6,first_to_first,SC4,4,6.708203932499369,0.0,18.0,0.0,26.0,4.0,4.3
6,last_to_last,SC4,4,1.0,2.0,18.0,0.0,26.0,4.0,4.3
6,mid_to_mid,SC4,4,0.0,0.0,18.0,0.0,26.0,4.0,4.3
6,max_to_max,SC4,4,6.928203230275509,6.0,18.0,0.0,26.0,4.0,4.3
6,max_to_sunset,SC4,4,-1.7320508075688772,6.0,18.0,0.0,26.0,4.0,4.3
6,first_to_first,SC4,5,2.449489742783178,0.0,14.0,80.0,26.0,4.0,4.3
6,last_to_last,SC4,5,-12.727922061357855,168.0,14.0,80.0,26.0,4.0,4.1
6,mid_to_mid,SC4,5,-3.0,9.0,14.0,80.0,26.0,4.0,4.3
6,max_to_max,SC4,5,-12.884098726725126,184.0,14.0,80.0,26.0,4.0,4.1
6,max_to_sunset,SC4,5,-13.341664064126334,184.0,14.0,80.0,26.0,4.0,4.1
6,first_to_first,SC4,6,-12.165525060596439,153.0,19.0,547.0,26.0,4.0,4.1
6,last_to_last,SC4,6,-15.362291495737216,236.0,19.0,547.0,28.0,4.0,4.1
6,mid_to_mid,SC4,6,-9.695359714832659,94.0,19.0,547.0,28.0,4.0,3.8
6,max_to_max,SC4,6,-18.2208671582886,337.0,19.0,547.0,26.0,4.0,3.8
6,max_to_sunset,SC4,6,-18.35755975068582,337.0,19.0,547.0,28.0,4.0,4.1
6,first_to_first,SC4,7,-15.132745950421556,229.0,8.0,199.0,28.0,4.0,4.1
6,last_to_last,SC4,7,-5.0990195135927845,26.0,8.0,199.0,32.0,4.0,4.1
6,mid_to_mid,SC4,7,-4.898979485566356,24.0,8.0,199.0,32.0,4.0,4.1
6,max_to_max,SC4,7,-16.0312195418814,257.0,8.0,199.0,28.0,4.0,4.1
6,max_to_sunset,SC4,7,-16.0312195418814,257.0,8.0,199.0,32.0,4.0,4.1
6,first_to_first,SC4,8,-4.242640687119285,18.0,20.0,19.0,32.0,4.0,4.1
6,last_to_last,SC4,8,10.677078252031311,15.0,20.0,19.0,32.0,4.0,4.1
6,mid_to_mid,SC4,8,0.0,0.0,20.0,19.0,32.0,4.0,4.1
6,max_to_max,SC4,8,11.045361017187261,28.0,20.0,19.0,32.0,4.0,4.1
6,max_to_sunset,SC4,8,10.04987562112089,28.0,20.0,19.0,32.0,4.0,4.1
6,first_to_first,SC4,9,10.535653752852738,15.0,13.0,16.0,32.0,4.0,4.1
6,last_to_last,SC4,9,-5.830951894845301,37.0,13.0,16.0,32.0,4.0,4.1
6,mid_to_mid,SC4,9,4.123105625617661,1.0,13.0,16.0,32.0,4.0,4.1
6,max_to_max,SC4,9,9.899494936611665,37.0,13.0,16.0,32.0,4.0,4.1
6,max_to_sunset,SC4,9,-5.830951894845301,37.0,13.0,16.0,32.0,4.0,4.1
6,first_to_first,SC4,10,-6.164414002968976,45.0,8.0,82.0,32.0,4.0,4.1
6,last_to_last,SC4,10,-1.7320508075688772,3.0,8.0,82.0,32.0,4.0,4.5
6,mid_to_mid,SC4,10,0.0,0.0,8.0,82.0,32.0,4.0,4.1
6,max_to_max,SC4,10,-6.782329983125268,54.0,8.0,82.0,32.0,4.0,4.1
6,max_to_sunset,SC4,10,-7.3484692283495345,54.0,8.0,82.0,32.0,4.0,4.5
6,first_to_first,SC4,11,-2.449489742783178,6.0,19.0,9.0,32.0,4.0,7.4
6,last_to_last,SC4,11,-2.449489742783178,6.0,19.0,9.0,32.0,6.0,7.4
6,mid_to_mid,SC4,11,0.0,0.0,19.0,9.0,32.0,6.0,7.4
6,max_to_max,SC4,11,-4.242640687119285,18.0,19.0,9.0,32.0,6.0,7.4
6,max_to_sunset,SC4,11,-4.242640687119285,18.0,19.0,9.0,32.0,6.0,7.4
6,first_to_first,SC4,12,-2.23606797749979,5.0,7.0,2.0,32.0,6.0,7.4
6,last_to_last,SC4,12,0.0,0.0,7.0,2.0,32.0,6.0,7.4
6,mid_to_mid,SC4,12,0.0,0.0,7.0,2.0,32.0,6.0,7.4
6,max_to_max,SC4,12,-2.23606797749979,5.0,7.0,2.0,32.0,6.0,7.4
6,max_to_sunset,SC4,12,-2.23606797749979,5.0,7.0,2.0,32.0,6.0,7.4
6,first_to_first,SC4,13,0.0,0.0,8.0,0.0,32.0,7.0,7.4
6,last_to_last,SC4,13,0.0,0.0,8.0,0.0,30.0,7.0,7.4
6,mid_to_mid,SC4,13,1.0,0.0,8.0,0.0,32.0,7.0,7.4
6,max_to_max,SC4,13,2.0,0.0,8.0,0.0,32.0,7.0,7.4
6,max_to_sunset,SC4,13,0.0,0.0,8.0,0.0,32.0,7.0,7.4
6,first_to_first,SC4,14,0.0,0.0,17.0,2.0,30.0,10.0,7.4
6,last_to_last,SC4,14,-9.695359714832659,129.0,17.0,2.0,30.0,10.0,7.4
6,mid_to_mid,SC4,14,2.8284271247461903,0.0,17.0,2.0,30.0,10.0,7.4
6,max_to_max,SC4,14,-4.358898943540674,150.0,17.0,2.0,30.0,10.0,7.4
6,max_to_sunset,SC4,14,-10.723805294763608,150.0,17.0,2.0,30.0,10.0,7.4
6,first_to_first,SC4,15,-5.830951894845301,126.0,14.0,48.0,30.0,11.0,7.4
6,last_to_last,SC4,15,8.48528137423857,3.0,14.0,48.0,23.0,11.0,7.4
6,mid_to_mid,SC4,15,9.0,18.0,14.0,48.0,30.0,11.0,7.4
6,max_to_max,SC4,15,8.54400374531753,135.0,14.0,48.0,30.0,11.0,7.4
6,max_to_sunset,SC4,15,-7.745966692414834,135.0,14.0,48.0,30.0,11.0,7.4
6,first_to_first,SC4,16,8.660254037844387,7.0,17.0,0.0,23.0,7.0,7.4
6,last_to_last,SC4,16,16.217274740226856,0.0,17.0,0.0,23.0,7.0,7.4
6,mid_to_mid,SC4,16,2.0,0.0,17.0,0.0,23.0,7.0,7.4
6,max_to_max,SC4,16,17.72004514666935,8.0,17.0,0.0,23.0,7.0,7.4
6,max_to_sunset,SC4,16,15.968719422671311,8.0,17.0,0.0,23.0,7.0,7.4
6,first_to_first,SC4,17,15.297058540778355,0.0,14.0,0.0,23.0,6.0,6.2
6,last_to_last,SC4,17,11.357816691600547,0.0,14.0,0.0,23.0,6.0,6.2
6,mid_to_mid,SC4,17,3.872983346207417,0.0,14.0,0.0,23.0,6.0,6.2
6,max_to_max,SC4,17,15.297058540778355,0.0,14.0,0.0,23.0,6.0,6.2
6,max_to_sunset,SC4,17,11.357816691600547,0.0,14.0,0.0,23.0,6.0,6.2
6,first_to_first,SC4,18,12.884098726725126,0.0,13.0,0.0,23.0,6.0,6.2
6,last_to_last,SC4,18,9.486832980505138,0.0,13.0,0.0,23.0,6.0,6.2
6,mid_to_mid,SC4,18,10.295630140987,0.0,13.0,0.0,23.0,6.0,6.2
6,max_to_max,SC4,18,12.884098726725126,0.0,13.0,0.0,23.0,6.0,6.2
6,max_to_sunset,SC4,18,9.486832980505138,0.0,13.0,0.0,23.0,6.0,6.2
6,first_to_first,SC4,19,10.862780491200215,0.0,17.0,3.0,23.0,6.0,6.2
6,last_to_last,SC4,19,0.0,0.0,17.0,3.0,23.0,6.0,6.2
6,mid_to_mid,SC4,19,1.0,1.0,17.0,3.0,23.0,6.0,6.2
6,max_to_max,SC4,19,10.677078252031311,4.0,17.0,3.0,23.0,6.0,6.2
6,max_to_sunset,SC4,19,-2.0,4.0,17.0,3.0,23.0,6.0,6.2
6,first_to_first,SC4,20,0.0,0.0,16.0,80.0,23.0,6.0,3.2
6,last_to_last,SC4,20,-5.830951894845301,35.0,16.0,80.0,24.0,6.0,3.2
6,mid_to_mid,SC4,20,-2.8284271247461903,8.0,16.0,80.0,23.0,6.0,3.2
6,max_to_max,SC4,20,-11.180339887498949,131.0,16.0,80.0,22.0,6.0,3.2
6,max_to_sunset,SC4,20,-11.40175425099138,131.0,16.0,80.0,24.0,6.0,3.2
6,first_to_first,SC4,21,-9.539392014169456,92.0,15.0,0.0,24.0,6.0,3.2
6,last_to_last,SC4,21,-8.660254037844387,75.0,15.0,0.0,24.0,6.0,4.7
6,mid_to_mid,SC4,21,-9.9498743710662,99.0,15.0,0.0,24.0,6.0,3.8
6,max_to_max,SC4,21,-14.38749456993816,208.0,15.0,0.0,24.0,6.0,3.2
6,max_to_sunset,SC4,21,-14.422205101855956,208.0,15.0,0.0,24.0,6.0,4.7
6,first_to_first,SC4,22,-9.055385138137417,82.0,14.0,48.0,24.0,6.0,5.1
6,last_to_last,SC4,22,-13.341664064126334,263.0,14.0,48.0,24.0,6.0,5.1
6,mid_to_mid,SC4,22,1.4142135623730951,4.0,14.0,48.0,24.0,6.0,5.1
6,max_to_max,SC4,22,-15.297058540778355,322.0,14.0,48.0,24.0,6.0,5.1
6,max_to_sunset,SC4,22,-15.394804318340652,322.0,14.0,48.0,24.0,6.0,5.1
6,first_to_first,SC4,23,-11.74734012447073,234.0,6.0,40.0,24.0,6.0,5.1
6,last_to_last,SC4,23,-11.313708498984761,129.0,6.0,40.0,24.0,7.0,5.1
6,mid_to_mid,SC4,23,11.224972160321824,15.0,6.0,40.0,24.0,7.0,5.1
6,max_to_max,SC4,23,-9.643650760992955,234.0,6.0,40.0,24.0,6.0,5.1
6,max_to_sunset,SC4,23,-15.264337522473747,234.0,6.0,40.0,24.0,6.0,5.1
6,first_to_first,SC4,24,-12.884098726725126,166.0,7.0,61.0,24.0,7.0,5.1
6,last_to_last,SC4,24,-9.219544457292887,90.0,7.0,61.0,24.0,7.0,5.1
6,mid_to_mid,SC4,24,-10.099504938362077,106.0,7.0,61.0,24.0,7.0,5.1
6,max_to_max,SC4,24,-12.409673645990857,166.0,7.0,61.0,24.0,7.0,5.1
6,max_to_sunset,SC4,24,-12.68857754044952,166.0,7.0,61.0,24.0,7.0,5.1
6,first_to_first,SC4,25,-10.583005244258363,118.0,11.0,47.0,24.0,5.0,5.1
6,last_to_last,SC4,25,0.0,0.0,11.0,47.0,24.0,5.0,5.1
6,mid_to_mid,SC4,25,1.4142135623730951,2.0,11.0,47.0,24.0,5.0,5.1
6,max_to_max,SC4,25,-10.583005244258363,118.0,11.0,47.0,24.0,5.0,5.1
6,max_to_sunset,SC4,25,-10.862780491200215,118.0,11.0,47.0,24.0,5.0,5.1
6,first_to_first,SC4,26,0.0,0.0,22.0,3.0,24.0,5.0,5.5
6,last_to_last,SC4,26,10.392304845413264,1.0,22.0,3.0,24.0,5.0,5.5
6,mid_to_mid,SC4,26,2.6457513110645907,0.0,22.0,3.0,24.0,5.0,5.5
6,max_to_max,SC4,26,10.677078252031311,6.0,22.0,3.0,24.0,5.0,5.5
6,max_to_sunset,SC4,26,10.14889156509222,6.0,22.0,3.0,24.0,5.0,5.5
6,first_to_first,SC4,27,11.575836902790225,1.0,12.0,0.0,24.0,5.0,5.5
6,last_to_last,SC4,27,9.539392014169456,0.0,12.0,0.0,24.0,5.0,5.5
6,mid_to_mid,SC4,27,4.123105625617661,0.0,12.0,0.0,24.0,5.0,5.5
6,max_to_max,SC4,27,12.328828005937952,1.0,12.0,0.0,24.0,5.0,5.5
6,max_to_sunset,SC4,27,9.486832980505138,1.0,12.0,0.0,24.0,5.0,5.5
6,first_to_first,SC4,28,11.269427669584644,0.0,14.0,12.0,24.0,5.0,5.5
6,last_to_last,SC4,28,-9.055385138137417,85.0,14.0,12.0,24.0,5.0,5.5
6,mid_to_mid,SC4,28,2.0,6.0,14.0,12.0,24.0,5.0,5.5
6,max_to_max,SC4,28,6.244997998398398,88.0,14.0,12.0,24.0,5.0,5.5
6,max_to_sunset,SC4,28,-9.219544457292887,88.0,14.0,12.0,24.0,5.0,5.5
6,first_to_first,SC6,1,2.6457513110645907,0.0,21.0,1.0,25.0,9.0,7.2
6,last_to_last,SC6,1,2.0,1.0,21.0,1.0,25.0,9.0,7.2
6,mid_to_mid,SC6,1,2.449489742783178,0.0,21.0,1.0,25.0,9.0,7.2
6,max_to_max,SC6,1,3.605551275463989,2.0,21.0,1.0,25.0,9.0,7.2
6,max_to_sunset,SC6,1,1.7320508075688772,2.0,21.0,1.0,25.0,9.0,7.2
6,first_to_first,SC6,2,2.0,0.0,18.0,14.0,25.0,11.0,7.8
6,last_to_last,SC6,2,-11.575836902790225,196.0,18.0,14.0,25.0,11.0,7.8
6,mid_to_mid,SC6,2,0.0,1.0,18.0,14.0,25.0,11.0,7.8
6,max_to_max,SC6,2,-12.206555615733702,284.0,18.0,14.0,25.0,11.0,7.8
6,max_to_sunset,SC6,2,-14.89966442575134,284.0,18.0,14.0,25.0,11.0,7.8
6,first_to_first,SC6,3,-8.426149773176359,106.0,14.0,36.0,25.0,11.0,7.8
6,last_to_last,SC6,3,-6.4031242374328485,65.0,14.0,36.0,22.0,11.0,7.8
6,mid_to_mid,SC6,3,-4.0,61.0,14.0,36.0,25.0,11.0,7.8
6,max_to_max,SC6,3,-8.0,120.0,14.0,36.0,25.0,11.0,7.8
6,max_to_sunset,SC6,3,-9.797958971132712,120.0,14.0,36.0,25.0,11.0,7.8
6,first_to_first,SC6,4,-4.58257569495584,46.0,17.0,3.0,19.0,8.0,7.8
6,last_to_last,SC6,4,6.557438524302,19.0,17.0,3.0,18.0,8.0,7.8
6,mid_to_mid,SC6,4,0.0,26.0,17.0,3.0,19.0,8.0,7.8
6,max_to_max,SC6,4,-1.4142135623730951,77.0,17.0,3.0,19.0,8.0,7.8
6,max_to_sunset,SC6,4,-3.872983346207417,77.0,17.0,3.0,19.0,8.0,7.8
6,first_to_first,SC6,5,5.0990195135927845,15.0,15.0,12.0,18.0,8.0,7.8
6,last_to_last,SC6,5,8.366600265340756,14.0,15.0,12.0,18.0,7.0,7.8
6,mid_to_mid,SC6,5,3.7416573867739413,18.0,15.0,12.0,18.0,7.0,7.8
6,max_to_max,SC6,5,8.12403840463596,18.0,15.0,12.0,18.0,7.0,7.8
6,max_to_sunset,SC6,5,8.12403840463596,18.0,15.0,12.0,18.0,7.0,7.8
6,first_to_first,SC6,6,6.928203230275509,15.0,14.0,0.0,18.0,7.0,7.8
6,last_to_last,SC6,6,7.615773105863909,5.0,14.0,0.0,18.0,7.0,7.8
6,mid_to_mid,SC6,6,6.557438524302,6.0,14.0,0.0,18.0,7.0,7.8
6,max_to_max,SC6,6,7.874007874011811,17.0,14.0,0.0,18.0,7.0,7.8
6,max_to_sunset,SC6,6,6.782329983125268,17.0,14.0,0.0,18.0,7.0,7.8
6,first_to_first,SC6,7,6.928203230275509,7.0,13.0,0.0,18.0,7.0,7.8
6,last_to_last,SC6,7,8.18535277187245,5.0,13.0,0.0,18.0,7.0,7.8
6,mid_to_mid,SC6,7,5.477225575051661,6.0,13.0,0.0,18.0,7.0,7.8
6,max_to_max,SC6,7,9.643650760992955,15.0,13.0,0.0,18.0,7.0,7.8
6,max_to_sunset,SC6,7,7.54983443527075,15.0,13.0,0.0,18.0,7.0,7.8
6,first_to_first,SC6,8,7.54983443527075,4.0,16.0,52.0,18.0,7.0,4.1
6,last_to_last,SC6,8,3.7416573867739413,62.0,16.0,52.0,19.0,7.0,4.1
6,mid_to_mid,SC6,8,7.14142842854285,1.0,16.0,52.0,18.0,7.0,4.1
6,max_to_max,SC6,8,-7.211102550927978,135.0,16.0,52.0,19.0,7.0,4.1
6,max_to_sunset,SC6,8,-7.681145747868608,135.0,16.0,52.0,19.0,7.0,4.1
6,first_to_first,SC6,9,2.6457513110645907,35.0,14.0,0.0,19.0,7.0,4.1
6,last_to_last,SC6,9,2.449489742783178,24.0,14.0,0.0,19.0,7.0,3.7
6,mid_to_mid,SC6,9,-3.0,45.0,14.0,0.0,19.0,7.0,4.1
6,max_to_max,SC6,9,4.58257569495584,56.0,14.0,0.0,19.0,7.0,4.1
6,max_to_sunset,SC6,9,-5.0990195135927845,56.0,14.0,0.0,19.0,7.0,4.1
6,first_to_first,SC6,10,2.6457513110645907,25.0,14.0,120.0,19.0,7.0,4.7
6,last_to_last,SC6,10,-5.291502622129181,62.0,14.0,120.0,19.0,7.0,4.7
6,mid_to_mid,SC6,10,3.872983346207417,26.0,14.0,120.0,19.0,7.0,4.7
6,max_to_max,SC6,10,-2.23606797749979,75.0,14.0,120.0,19.0,7.0,4.7
6,max_to_sunset,SC6,10,-6.4031242374328485,75.0,14.0,120.0,19.0,7.0,4.7
6,first_to_first,SC6,11,-4.69041575982343,41.0,14.0,122.0,19.0,7.0,4.7
6,last_to_last,SC6,11,-8.0,84.0,14.0,122.0,19.0,8.0,4.7
6,mid_to_mid,SC6,11,-2.449489742783178,32.0,14.0,122.0,19.0,8.0,4.7
6,max_to_max,SC6,11,-7.615773105863909,84.0,14.0,122.0,19.0,8.0,4.7
6,max_to_sunset,SC6,11,-8.0,84.0,14.0,122.0,19.0,8.0,4.7
6,first_to_first,SC6,12,-6.0,63.0,13.0,32.0,19.0,8.0,4.7
6,last_to_last,SC6,12,10.099504938362077,63.0,13.0,32.0,19.0,8.0,4.7
6,mid_to_mid,SC6,12,-6.082762530298219,49.0,13.0,32.0,19.0,8.0,4.7
6,max_to_max,SC6,12,9.273618495495704,79.0,13.0,32.0,19.0,8.0,4.7
6,max_to_sunset,SC6,12,9.273618495495704,79.0,13.0,32.0,19.0,8.0,4.7
6,first_to_first,SC6,13,9.433981132056603,55.0,15.0,73.0,19.0,6.0,4.7
6,last_to_last,SC6,13,-4.123105625617661,72.0,15.0,73.0,19.0,6.0,4.7
6,mid_to_mid,SC6,13,3.872983346207417,36.0,15.0,73.0,19.0,6.0,4.7
6,max_to_max,SC6,13,6.0,108.0,15.0,73.0,19.0,6.0,4.7
6,max_to_sunset,SC6,13,-7.280109889280518,108.0,15.0,73.0,19.0,6.0,4.7
6,first_to_first,SC6,14,-4.0,61.0,16.0,233.0,19.0,6.0,5.9
6,last_to_last,SC6,14,-7.416198487095663,76.0,16.0,233.0,18.0,6.0,5.9
6,mid_to_mid,SC6,14,-3.605551275463989,52.0,16.0,233.0,19.0,6.0,5.9
6,max_to_max,SC6,14,-2.0,83.0,16.0,233.0,18.0,6.0,5.9
6,max_to_sunset,SC6,14,-7.874007874011811,83.0,16.0,233.0,18.0,6.0,5.9
6,first_to_first,SC6,15,-4.358898943540674,42.0,13.0,2.0,18.0,6.0,5.9
6,last_to_last,SC6,15,1.4142135623730951,30.0,13.0,2.0,18.0,6.0,5.9
6,mid_to_mid,SC6,15,-3.4641016151377544,36.0,13.0,2.0,18.0,6.0,5.9
6,max_to_max,SC6,15,-6.0,77.0,13.0,2.0,18.0,6.0,5.9
6,max_to_sunset,SC6,15,-6.708203932499369,77.0,13.0,2.0,18.0,6.0,5.9
6,first_to_first,SC6,16,-3.3166247903554,32.0,15.0,53.0,18.0,6.0,5.9
6,last_to_last,SC6,16,-4.242640687119285,34.0,15.0,53.0,18.0,6.0,5.9
6,mid_to_mid,SC6,16,-5.477225575051661,41.0,15.0,53.0,18.0,6.0,5.9
6,max_to_max,SC6,16,-6.244997998398398,70.0,15.0,53.0,18.0,6.0,5.9
6,max_to_sunset,SC6,16,-7.3484692283495345,70.0,15.0,53.0,18.0,6.0,5.9
6,first_to_first,SC8,1,2.6457513110645907,238.0,16.0,0.0,20.0,4.0,8.7
6,last_to_last,SC8,1,-6.6332495807108,254.0,16.0,0.0,17.0,4.0,8.7
6,mid_to_mid,SC8,1,-5.830951894845301,238.0,16.0,0.0,20.0,4.0,8.7
6,max_to_max,SC8,1,-3.1622776601683795,255.0,16.0,0.0,17.0,4.0,8.7
6,max_to_sunset,SC8,1,-6.708203932499369,255.0,16.0,0.0,17.0,4.0,8.7
6,first_to_first,SC8,2,-7.681145747868608,264.0,6.0,1.0,17.0,4.0,8.7
6,last_to_last,SC8,2,-5.5677643628300215,243.0,6.0,1.0,17.0,4.0,8.7
6,mid_to_mid,SC8,2,-6.782329983125268,247.0,6.0,1.0,17.0,4.0,8.7
6,max_to_max,SC8,2,-7.211102550927978,264.0,6.0,1.0,17.0,4.0,8.7
6,max_to_sunset,SC8,2,-7.211102550927978,264.0,6.0,1.0,17.0,4.0,8.7
6,first_to_first,SC8,3,-4.123105625617661,243.0,6.0,9.0,17.0,4.0,8.4
6,last_to_last,SC8,3,-4.58257569495584,225.0,6.0,9.0,17.0,4.0,8.4
6,mid_to_mid,SC8,3,-5.656854249492381,228.0,6.0,9.0,17.0,4.0,8.4
6,max_to_max,SC8,3,-4.0,243.0,6.0,9.0,17.0,4.0,8.4
6,max_to_sunset,SC8,3,-6.244997998398398,243.0,6.0,9.0,17.0,4.0,8.4
6,first_to_first,SC8,4,-5.0,238.0,12.0,32.0,17.0,4.0,8.4
6,last_to_last,SC8,4,-5.5677643628300215,242.0,12.0,32.0,17.0,5.0,8.4
6,mid_to_mid,SC8,4,-4.123105625617661,231.0,12.0,32.0,17.0,5.0,8.4
6,max_to_max,SC8,4,-5.291502622129181,242.0,12.0,32.0,17.0,5.0,8.4
6,max_to_sunset,SC8,4,-5.5677643628300215,242.0,12.0,32.0,17.0,5.0,8.4
6,first_to_first,SC8,5,-3.4641016151377544,243.0,9.0,26.0,17.0,5.0,8.4
6,last_to_last,SC8,5,4.242640687119285,253.0,9.0,26.0,16.0,5.0,8.4
6,mid_to_mid,SC8,5,-6.782329983125268,249.0,9.0,26.0,17.0,5.0,8.4
6,max_to_max,SC8,5,4.0,255.0,9.0,26.0,17.0,5.0,8.4
6,max_to_sunset,SC8,5,4.0,255.0,9.0,26.0,17.0,5.0,8.4
6,first_to_first,SC8,6,4.898979485566356,252.0,8.0,9.0,16.0,5.0,8.4
6,last_to_last,SC8,6,6.928203230275509,236.0,8.0,9.0,17.0,5.0,8.4
6,mid_to_mid,SC8,6,4.0,232.0,8.0,9.0,16.0,5.0,8.4
6,max_to_max,SC8,6,5.5677643628300215,253.0,8.0,9.0,17.0,5.0,8.4
6,max_to_sunset,SC8,6,5.5677643628300215,253.0,8.0,9.0,17.0,5.0,8.4
6,first_to_first,SC8,7,6.928203230275509,245.0,7.0,4.0,17.0,5.0,4.3
6,last_to_last,SC8,7,-12.649110640673518,210.0,7.0,4.0,17.0,5.0,4.3
6,mid_to_mid,SC8,7,-13.490737563232042,204.0,7.0,4.0,17.0,5.0,4.3
6,max_to_max,SC8,7,6.928203230275509,245.0,7.0,4.0,17.0,5.0,4.3
6,max_to_sunset,SC8,7,-13.96424004376894,245.0,7.0,4.0,17.0,5.0,4.3
6,first_to_first,SC8,8,-12.727922061357855,205.0,13.0,10.0,17.0,6.0,4.3
6,last_to_last,SC8,8,-14.142135623730951,212.0,13.0,10.0,17.0,6.0,4.9
6,mid_to_mid,SC8,8,-13.564659966250536,201.0,13.0,10.0,17.0,6.0,4.3
6,max_to_max,SC8,8,-12.288205727444508,212.0,13.0,10.0,17.0,6.0,4.3
6,max_to_sunset,SC8,8,-14.142135623730951,212.0,13.0,10.0,17.0,6.0,4.9
6,first_to_first,SC8,9,-14.594519519326424,226.0,7.0,2.0,17.0,6.0,4.9
6,last_to_last,SC8,9,-14.177446878757825,204.0,7.0,2.0,18.0,6.0,7.0
6,mid_to_mid,SC8,9,-13.564659966250536,196.0,7.0,2.0,17.0,6.0,7.0
6,max_to_max,SC8,9,-14.247806848775006,227.0,7.0,2.0,17.0,6.0,6.3
6,max_to_sunset,SC8,9,-14.966629547095765,227.0,7.0,2.0,18.0,6.0,7.0
6,first_to_first,SC8,10,-14.52583904633395,213.0,14.0,0.0,18.0,6.0,7.0
6,last_to_last,SC8,10,-14.45683229480096,211.0,14.0,0.0,18.0,6.0,7.0
6,mid_to_mid,SC8,10,-14.560219778561036,214.0,14.0,0.0,18.0,6.0,7.0
6,max_to_max,SC8,10,-14.491376746189438,214.0,14.0,0.0,18.0,6.0,7.0
6,max_to_sunset,SC8,10,-14.560219778561036,214.0,14.0,0.0,18.0,6.0,7.0
6,first_to_first,SC8,11,-15.066519173319364,231.0,14.0,2.0,18.0,6.0,7.0
6,last_to_last,SC8,11,-16.3707055437449,271.0,14.0,2.0,18.0,6.0,7.0
6,mid_to_mid,SC8,11,-14.106735979665885,203.0,14.0,2.0,18.0,6.0,7.0
6,max_to_max,SC8,11,-16.24807680927192,271.0,14.0,2.0,18.0,6.0,7.0
6,max_to_sunset,SC8,11,-16.3707055437449,271.0,14.0,2.0,18.0,6.0,7.0
6,first_to_first,SC8,12,-16.46207763315433,276.0,13.0,12.0,18.0,6.0,8.2
6,last_to_last,SC8,12,-16.73320053068151,284.0,13.0,12.0,18.0,6.0,8.2
6,mid_to_mid,SC8,12,-15.556349186104045,248.0,13.0,12.0,18.0,6.0,8.2
6,max_to_max,SC8,12,-16.15549442140351,284.0,13.0,12.0,18.0,6.0,8.2
6,max_to_sunset,SC8,12,-16.73320053068151,284.0,13.0,12.0,18.0,6.0,8.2
6,first_to_first,SC8,13,-16.941074346097416,293.0,12.0,5.0,18.0,6.0,8.2
6,last_to_last,SC8,13,-6.48074069840786,50.0,12.0,5.0,18.0,6.0,8.2
6,mid_to_mid,SC8,13,-4.0,22.0,12.0,5.0,18.0,6.0,8.2
6,max_to_max,SC8,13,-16.881943016134134,293.0,12.0,5.0,18.0,6.0,8.2
6,max_to_sunset,SC8,13,-16.881943016134134,293.0,12.0,5.0,18.0,6.0,8.2
6,first_to_first,SC8,14,-5.916079783099616,43.0,11.0,22.0,18.0,8.0,8.2
6,last_to_last,SC8,14,-1.7320508075688772,12.0,11.0,22.0,18.0,9.0,8.2
6,mid_to_mid,SC8,14,-3.0,17.0,11.0,22.0,18.0,9.0,8.2
6,max_to_max,SC8,14,-7.211102550927978,61.0,11.0,22.0,18.0,9.0,8.2
6,max_to_sunset,SC8,14,-7.211102550927978,61.0,11.0,22.0,18.0,9.0,8.2
6,first_to_first,SC8,15,1.7320508075688772,13.0,12.0,0.0,18.0,11.0,8.2
6,last_to_last,SC8,15,4.47213595499958,3.0,12.0,0.0,18.0,11.0,8.2
6,mid_to_mid,SC8,15,3.4641016151377544,12.0,12.0,0.0,18.0,11.0,8.2
6,max_to_max,SC8,15,3.605551275463989,24.0,12.0,0.0,18.0,11.0,8.2
6,max_to_sunset,SC8,15,-1.0,24.0,12.0,0.0,18.0,11.0,8.2
6,first_to_first,SC8,16,4.69041575982343,2.0,13.0,0.0,18.0,7.0,8.2
6,last_to_last,SC8,16,6.244997998398398,2.0,13.0,0.0,21.0,7.0,8.2
6,mid_to_mid,SC8,16,2.8284271247461903,2.0,13.0,0.0,18.0,7.0,8.2
6,max_to_max,SC8,16,6.082762530298219,4.0,13.0,0.0,18.0,7.0,8.2
6,max_to_sunset,SC8,16,6.082762530298219,4.0,13.0,0.0,21.0,7.0,8.2
6,first_to_first,SC8,17,2.449489742783178,4.0,17.0,12.0,21.0,7.0,8.2
6,last_to_last,SC8,17,0.0,3.0,17.0,12.0,21.0,7.0,8.2
6,mid_to_mid,SC8,17,-1.0,4.0,17.0,12.0,21.0,7.0,8.2
6,max_to_max,SC8,17,3.872983346207417,7.0,17.0,12.0,21.0,7.0,8.2
6,max_to_sunset,SC8,17,-2.0,7.0,17.0,12.0,21.0,7.0,8.2
7,first_to_first,SC1,1,-10.392304845413264,108.0,16.0,0.0,22.0,8.0,6.3
7,last_to_last,SC1,1,-7.14142842854285,51.0,16.0,0.0,22.0,7.0,6.3
7,mid_to_mid,SC1,1,-8.48528137423857,72.0,16.0,0.0,22.0,8.0,6.3
7,max_to_max,SC1,1,-11.0,121.0,16.0,0.0,22.0,8.0,6.3
7,max_to_sunset,SC1,1,-11.0,121.0,16.0,0.0,22.0,7.0,6.3
7,first_to_first,SC1,2,-7.483314773547883,56.0,16.0,0.0,22.0,7.0,6.3
7,last_to_last,SC1,2,-4.795831523312719,23.0,16.0,0.0,22.0,6.0,6.3
7,mid_to_mid,SC1,2,-6.6332495807108,44.0,16.0,0.0,22.0,6.0,6.3
7,max_to_max,SC1,2,-7.483314773547883,56.0,16.0,0.0,22.0,7.0,6.3
7,max_to_sunset,SC1,2,-7.483314773547883,56.0,16.0,0.0,22.0,6.0,6.3
7,first_to_first,SC1,3,-3.3166247903554,11.0,11.0,5.0,22.0,6.0,6.3
7,last_to_last,SC1,3,-1.4142135623730951,2.0,11.0,5.0,22.0,6.0,6.3
7,mid_to_mid,SC1,3,-2.449489742783178,6.0,11.0,5.0,22.0,6.0,6.3
7,max_to_max,SC1,3,-4.58257569495584,21.0,11.0,5.0,22.0,6.0,6.3
7,max_to_sunset,SC1,3,-4.58257569495584,21.0,11.0,5.0,22.0,6.0,6.3
7,first_to_first,SC1,4,-2.23606797749979,5.0,9.0,3.0,22.0,6.0,6.3
7,last_to_last,SC1,4,0.0,0.0,9.0,3.0,22.0,6.0,6.3
7,mid_to_mid,SC1,4,-1.4142135623730951,2.0,9.0,3.0,22.0,6.0,6.3
7,max_to_max,SC1,4,-2.23606797749979,5.0,9.0,3.0,22.0,6.0,6.3
7,max_to_sunset,SC1,4,-2.23606797749979,5.0,9.0,3.0,22.0,6.0,6.3
7,first_to_first,SC1,5,0.0,0.0,13.0,0.0,22.0,6.0,6.3
7,last_to_last,SC1,5,0.0,0.0,13.0,0.0,22.0,6.0,6.3
7,mid_to_mid,SC1,5,0.0,0.0,13.0,0.0,22.0,6.0,6.3
7,max_to_max,SC1,5,0.0,0.0,13.0,0.0,22.0,6.0,6.3
7,max_to_sunset,SC1,5,0.0,0.0,13.0,0.0,22.0,6.0,6.3
7,first_to_first,SC1,6,0.0,0.0,14.0,0.0,22.0,6.0,6.3
7,last_to_last,SC1,6,0.0,0.0,14.0,0.0,20.0,6.0,6.3
7,mid_to_mid,SC1,6,0.0,0.0,14.0,0.0,22.0,6.0,6.3
7,max_to_max,SC1,6,0.0,0.0,14.0,0.0,22.0,6.0,6.3
7,max_to_sunset,SC1,6,0.0,0.0,14.0,0.0,22.0,6.0,6.3
7,first_to_first,SC1,7,0.0,0.0,12.0,0.0,20.0,6.0,6.3
7,last_to_last,SC1,7,0.0,0.0,12.0,0.0,20.0,6.0,6.3
7,mid_to_mid,SC1,7,0.0,0.0,12.0,0.0,20.0,6.0,6.3
7,max_to_max,SC1,7,0.0,0.0,12.0,0.0,20.0,6.0,6.3
7,max_to_sunset,SC1,7,0.0,0.0,12.0,0.0,20.0,6.0,6.3
7,first_to_first,SC1,8,0.0,0.0,11.0,0.0,20.0,6.0,6.3
7,last_to_last,SC1,8,0.0,0.0,11.0,0.0,20.0,6.0,6.3
7,mid_to_mid,SC1,8,0.0,0.0,11.0,0.0,20.0,6.0,6.3
7,max_to_max,SC1,8,0.0,0.0,11.0,0.0,20.0,6.0,6.3
7,max_to_sunset,SC1,8,0.0,0.0,11.0,0.0,20.0,6.0,6.3
7,first_to_first,SC1,9,0.0,0.0,7.0,0.0,20.0,6.0,6.3
7,last_to_last,SC1,9,0.0,0.0,7.0,0.0,20.0,8.0,6.2
7,mid_to_mid,SC1,9,0.0,0.0,7.0,0.0,20.0,8.0,6.3
7,max_to_max,SC1,9,0.0,0.0,7.0,0.0,20.0,6.0,6.3
7,max_to_sunset,SC1,9,0.0,0.0,7.0,0.0,20.0,6.0,6.3
7,first_to_first,SC1,10,0.0,0.0,11.0,0.0,20.0,8.0,6.2
7,last_to_last,SC1,10,0.0,0.0,11.0,0.0,20.0,8.0,6.2
7,mid_to_mid,SC1,10,0.0,0.0,11.0,0.0,20.0,8.0,6.2
7,max_to_max,SC1,10,0.0,0.0,11.0,0.0,20.0,8.0,6.2
7,max_to_sunset,SC1,10,0.0,0.0,11.0,0.0,20.0,8.0,6.2
7,first_to_first,SC1,11,0.0,0.0,10.0,0.0,20.0,8.0,6.2
7,last_to_last,SC1,11,0.0,0.0,10.0,0.0,19.0,8.0,6.2
7,mid_to_mid,SC1,11,0.0,0.0,10.0,0.0,20.0,8.0,6.2
7,max_to_max,SC1,11,0.0,0.0,10.0,0.0,20.0,8.0,6.2
7,max_to_sunset,SC1,11,0.0,0.0,10.0,0.0,20.0,8.0,6.2
7,first_to_first,SC1,12,0.0,0.0,12.0,0.0,19.0,8.0,6.2
7,last_to_last,SC1,12,0.0,0.0,12.0,0.0,22.0,8.0,6.2
7,mid_to_mid,SC1,12,0.0,0.0,12.0,0.0,21.0,8.0,6.2
7,max_to_max,SC1,12,0.0,0.0,12.0,0.0,19.0,8.0,6.2
7,max_to_sunset,SC1,12,0.0,0.0,12.0,0.0,22.0,8.0,6.2
7,first_to_first,SC1,13,0.0,0.0,9.0,0.0,22.0,9.0,6.2
7,last_to_last,SC1,13,0.0,0.0,9.0,0.0,22.0,9.0,6.2
7,mid_to_mid,SC1,13,0.0,0.0,9.0,0.0,22.0,9.0,6.2
7,max_to_max,SC1,13,0.0,0.0,9.0,0.0,22.0,9.0,6.2
7,max_to_sunset,SC1,13,0.0,0.0,9.0,0.0,22.0,9.0,6.2
7,first_to_first,SC1,14,0.0,0.0,12.0,0.0,22.0,9.0,6.2
7,last_to_last,SC1,14,0.0,0.0,12.0,0.0,22.0,9.0,6.2
7,mid_to_mid,SC1,14,0.0,0.0,12.0,0.0,22.0,9.0,6.2
7,max_to_max,SC1,14,0.0,0.0,12.0,0.0,22.0,9.0,6.2
7,max_to_sunset,SC1,14,0.0,0.0,12.0,0.0,22.0,9.0,6.2
7,first_to_first,SC1,15,0.0,0.0,13.0,0.0,22.0,9.0,6.2
7,last_to_last,SC1,15,0.0,0.0,13.0,0.0,22.0,8.0,5.7
7,mid_to_mid,SC1,15,0.0,0.0,13.0,0.0,22.0,9.0,6.2
7,max_to_max,SC1,15,0.0,0.0,13.0,0.0,22.0,9.0,6.2
7,max_to_sunset,SC1,15,0.0,0.0,13.0,0.0,22.0,8.0,6.2
7,first_to_first,SC1,16,0.0,0.0,10.0,0.0,22.0,8.0,5.7
7,last_to_last,SC1,16,0.0,0.0,10.0,0.0,22.0,6.0,5.7
7,mid_to_mid,SC1,16,0.0,0.0,10.0,0.0,22.0,6.0,5.7
7,max_to_max,SC1,16,0.0,0.0,10.0,0.0,22.0,8.0,5.7
7,max_to_sunset,SC1,16,0.0,0.0,10.0,0.0,22.0,6.0,5.7
7,first_to_first,SC1,17,0.0,0.0,12.0,0.0,22.0,6.0,5.7
7,last_to_last,SC1,17,0.0,0.0,12.0,0.0,22.0,6.0,5.7
7,mid_to_mid,SC1,17,0.0,0.0,12.0,0.0,22.0,6.0,5.7
7,max_to_max,SC1,17,0.0,0.0,12.0,0.0,22.0,6.0,5.7
7,max_to_sunset,SC1,17,0.0,0.0,12.0,0.0,22.0,6.0,5.7
7,first_to_first,SC1,18,0.0,0.0,12.0,0.0,22.0,6.0,5.7
7,last_to_last,SC1,18,0.0,0.0,12.0,0.0,22.0,6.0,5.7
7,mid_to_mid,SC1,18,0.0,0.0,12.0,0.0,22.0,6.0,5.7
7,max_to_max,SC1,18,0.0,0.0,12.0,0.0,22.0,6.0,5.7
7,max_to_sunset,SC1,18,0.0,0.0,12.0,0.0,22.0,6.0,5.7
7,first_to_first,SC1,19,0.0,0.0,16.0,0.0,22.0,6.0,5.7
7,last_to_last,SC1,19,0.0,0.0,16.0,0.0,17.0,6.0,5.7
7,mid_to_mid,SC1,19,0.0,0.0,16.0,0.0,22.0,6.0,5.7
7,max_to_max,SC1,19,0.0,0.0,16.0,0.0,22.0,6.0,5.7
7,max_to_sunset,SC1,19,0.0,0.0,16.0,0.0,22.0,6.0,5.7
7,first_to_first,SC1,20,0.0,0.0,14.0,0.0,17.0,6.0,5.7
7,last_to_last,SC1,20,0.0,0.0,14.0,0.0,17.0,6.0,5.7
7,mid_to_mid,SC1,20,0.0,0.0,14.0,0.0,17.0,6.0,5.7
7,max_to_max,SC1,20,0.0,0.0,14.0,0.0,17.0,6.0,5.7
7,max_to_sunset,SC1,20,0.0,0.0,14.0,0.0,17.0,6.0,5.7
7,first_to_first,SC1,21,0.0,0.0,12.0,0.0,17.0,6.0,5.7
7,last_to_last,SC1,21,0.0,0.0,12.0,0.0,21.0,6.0,4.3
7,mid_to_mid,SC1,21,0.0,0.0,12.0,0.0,19.0,6.0,5.7
7,max_to_max,SC1,21,0.0,0.0,12.0,0.0,17.0,6.0,5.7
7,max_to_sunset,SC1,21,0.0,0.0,12.0,0.0,21.0,6.0,5.7
7,first_to_first,SC1,22,0.0,0.0,12.0,0.0,21.0,6.0,4.3
7,last_to_last,SC1,22,0.0,0.0,12.0,0.0,21.0,6.0,4.3
7,mid_to_mid,SC1,22,0.0,0.0,12.0,0.0,21.0,6.0,4.3
7,max_to_max,SC1,22,0.0,0.0,12.0,0.0,21.0,6.0,4.3
7,max_to_sunset,SC1,22,0.0,0.0,12.0,0.0,21.0,6.0,4.3
7,first_to_first,SC10,1,10.954451150103322,0.0,21.0,0.0,21.0,3.0,7.4
7,last_to_last,SC10,1,10.723805294763608,0.0,21.0,0.0,19.0,3.0,7.4
7,mid_to_mid,SC10,1,6.928203230275509,0.0,21.0,0.0,21.0,3.0,7.4
7,max_to_max,SC10,1,27.748873851023216,0.0,21.0,0.0,21.0,3.0,7.4
7,max_to_sunset,SC10,1,10.723805294763608,0.0,21.0,0.0,21.0,3.0,7.4
7,first_to_first,SC10,2,10.44030650891055,0.0,13.0,8.0,19.0,3.0,7.4
7,last_to_last,SC10,2,17.944358444926362,0.0,13.0,8.0,21.0,3.0,7.4
7,mid_to_mid,SC10,2,8.660254037844387,4.0,13.0,8.0,19.0,3.0,7.4
7,max_to_max,SC10,2,21.400934559032695,39.0,13.0,8.0,21.0,3.0,7.4
7,max_to_sunset,SC10,2,16.822603841260722,39.0,13.0,8.0,21.0,3.0,7.4
7,first_to_first,SC10,3,22.11334438749598,10.0,15.0,104.0,21.0,3.0,7.4
7,last_to_last,SC10,3,19.44222209522358,58.0,15.0,104.0,21.0,3.0,7.4
7,mid_to_mid,SC10,3,20.199009876724155,8.0,15.0,104.0,21.0,3.0,7.4
7,max_to_max,SC10,3,20.54263858417414,78.0,15.0,104.0,21.0,3.0,7.4
7,max_to_sunset,SC10,3,18.920887928424502,78.0,15.0,104.0,21.0,3.0,7.4
7,first_to_first,SC10,4,8.660254037844387,60.0,18.0,176.0,21.0,3.0,7.4
7,last_to_last,SC10,4,-7.615773105863909,110.0,18.0,176.0,21.0,3.0,7.4
7,mid_to_mid,SC10,4,-1.4142135623730951,9.0,18.0,176.0,21.0,3.0,7.4
7,max_to_max,SC10,4,16.34013463836819,130.0,18.0,176.0,21.0,3.0,7.4
7,max_to_sunset,SC10,4,-8.831760866327848,130.0,18.0,176.0,21.0,3.0,7.4
7,first_to_first,SC10,5,-6.324555320336759,109.0,13.0,416.0,21.0,3.0,7.4
7,last_to_last,SC10,5,-10.862780491200215,132.0,13.0,416.0,21.0,3.0,7.4
7,mid_to_mid,SC10,5,-4.795831523312719,27.0,13.0,416.0,21.0,3.0,7.4
7,max_to_max,SC10,5,-8.306623862918075,148.0,13.0,416.0,21.0,3.0,7.4
7,max_to_sunset,SC10,5,-11.575836902790225,148.0,13.0,416.0,21.0,3.0,7.4
7,first_to_first,SC10,6,-10.816653826391969,120.0,8.0,385.0,21.0,3.0,7.4
7,last_to_last,SC10,6,-9.327379053088816,89.0,8.0,385.0,24.0,3.0,7.4
7,mid_to_mid,SC10,6,-6.928203230275509,48.0,8.0,385.0,22.0,3.0,7.4
7,max_to_max,SC10,6,-16.64331697709324,282.0,8.0,385.0,24.0,3.0,7.4
7,max_to_sunset,SC10,6,-16.73320053068151,282.0,8.0,385.0,24.0,3.0,7.4
7,first_to_first,SC10,7,-10.246950765959598,109.0,17.0,456.0,24.0,3.0,4.1
7,last_to_last,SC10,7,-11.661903789690601,137.0,17.0,456.0,24.0,3.0,4.1
7,mid_to_mid,SC10,7,-7.810249675906654,61.0,17.0,456.0,24.0,3.0,4.1
7,max_to_max,SC10,7,-17.349351572897472,306.0,17.0,456.0,24.0,3.0,4.1
7,max_to_sunset,SC10,7,-17.46424919657298,306.0,17.0,456.0,24.0,3.0,4.1
7,first_to_first,SC10,8,-10.954451150103322,120.0,13.0,387.0,24.0,4.0,4.3
7,last_to_last,SC10,8,-10.723805294763608,115.0,13.0,387.0,24.0,5.0,5.5
7,mid_to_mid,SC10,8,-6.928203230275509,48.0,13.0,387.0,24.0,5.0,5.5
7,max_to_max,SC10,8,-27.748873851023216,770.0,13.0,387.0,24.0,5.0,4.3
7,max_to_sunset,SC10,8,-27.748873851023216,770.0,13.0,387.0,24.0,5.0,5.5
7,first_to_first,SC10,9,-10.44030650891055,109.0,19.0,1122.0,24.0,5.0,7.0
7,last_to_last,SC10,9,-17.944358444926362,322.0,19.0,1122.0,24.0,6.0,7.0
7,mid_to_mid,SC10,9,-8.888194417315589,79.0,19.0,1122.0,24.0,6.0,7.0
7,max_to_max,SC10,9,-22.293496809607955,497.0,19.0,1122.0,24.0,6.0,7.0
7,max_to_sunset,SC10,9,-22.293496809607955,497.0,19.0,1122.0,24.0,6.0,7.0
7,first_to_first,SC10,10,-22.338307903688676,499.0,10.0,0.0,24.0,6.0,7.0
7,last_to_last,SC10,10,-20.8806130178211,436.0,10.0,0.0,24.0,6.0,7.0
7,mid_to_mid,SC10,10,-20.396078054371138,416.0,10.0,0.0,24.0,6.0,7.0
7,max_to_max,SC10,10,-22.360679774997898,500.0,10.0,0.0,24.0,6.0,7.0
7,max_to_sunset,SC10,10,-22.360679774997898,500.0,10.0,0.0,24.0,6.0,7.0
7,first_to_first,SC10,11,-11.61895003862225,135.0,9.0,373.0,24.0,6.0,7.2
7,last_to_last,SC10,11,-7.0,52.0,9.0,373.0,24.0,6.0,7.2
7,mid_to_mid,SC10,11,-2.0,7.0,9.0,373.0,24.0,6.0,7.2
7,max_to_max,SC10,11,-19.82422760159901,397.0,9.0,373.0,24.0,6.0,7.2
7,max_to_sunset,SC10,11,-19.849433241279208,397.0,9.0,373.0,24.0,6.0,7.2
7,first_to_first,SC10,12,-8.306623862918075,69.0,8.0,145.0,24.0,6.0,7.2
7,last_to_last,SC10,12,14.142135623730951,14.0,8.0,145.0,24.0,6.0,7.2
7,mid_to_mid,SC10,12,3.605551275463989,4.0,8.0,145.0,24.0,6.0,7.2
7,max_to_max,SC10,12,16.673332000533065,79.0,8.0,145.0,24.0,6.0,7.2
7,max_to_sunset,SC10,12,11.61895003862225,79.0,8.0,145.0,24.0,6.0,7.2
7,first_to_first,SC10,13,16.0312195418814,3.0,12.0,2.0,24.0,6.0,7.2
7,last_to_last,SC10,13,16.46207763315433,2.0,12.0,2.0,23.0,6.0,7.2
7,mid_to_mid,SC10,13,16.703293088490067,0.0,12.0,2.0,24.0,6.0,7.2
7,max_to_max,SC10,13,17.435595774162696,5.0,12.0,2.0,23.0,6.0,7.2
7,max_to_sunset,SC10,13,16.3707055437449,5.0,12.0,2.0,23.0,6.0,7.2
7,first_to_first,SC10,14,13.527749258468683,4.0,9.0,14.0,23.0,7.0,7.2
7,last_to_last,SC10,14,11.40175425099138,1.0,9.0,14.0,23.0,8.0,7.2
7,mid_to_mid,SC10,14,4.795831523312719,0.0,9.0,14.0,23.0,8.0,7.2
7,max_to_max,SC10,14,16.278820596099706,5.0,9.0,14.0,23.0,8.0,7.2
7,max_to_sunset,SC10,14,11.224972160321824,5.0,9.0,14.0,23.0,8.0,7.2
7,first_to_first,SC10,15,9.848857801796104,0.0,11.0,0.0,23.0,6.0,7.2
7,last_to_last,SC10,15,2.6457513110645907,0.0,11.0,0.0,24.0,6.0,7.2
7,mid_to_mid,SC10,15,4.47213595499958,0.0,11.0,0.0,23.0,6.0,7.2
7,max_to_max,SC10,15,11.704699910719626,0.0,11.0,0.0,23.0,6.0,7.2
7,max_to_sunset,SC10,15,2.6457513110645907,0.0,11.0,0.0,24.0,6.0,7.2
7,first_to_first,SC10,16,0.0,0.0,12.0,0.0,24.0,6.0,7.2
7,last_to_last,SC10,16,0.0,0.0,12.0,0.0,28.0,6.0,7.2
7,mid_to_mid,SC10,16,0.0,0.0,12.0,0.0,25.0,6.0,7.2
7,max_to_max,SC10,16,0.0,0.0,12.0,0.0,24.0,6.0,7.2
7,max_to_sunset,SC10,16,0.0,0.0,12.0,0.0,28.0,6.0,7.2
7,first_to_first,SC10,17,0.0,0.0,13.0,0.0,28.0,6.0,7.2
7,last_to_last,SC10,17,2.8284271247461903,0.0,13.0,0.0,34.0,6.0,7.2
7,mid_to_mid,SC10,17,0.0,0.0,13.0,0.0,31.0,6.0,7.2
7,max_to_max,SC10,17,2.8284271247461903,0.0,13.0,0.0,34.0,6.0,7.2
7,max_to_sunset,SC10,17,2.8284271247461903,0.0,13.0,0.0,34.0,6.0,7.2
7,first_to_first,SC10,18,2.6457513110645907,0.0,14.0,0.0,34.0,6.0,4.1
7,last_to_last,SC10,18,0.0,3.0,14.0,0.0,34.0,6.0,3.8
7,mid_to_mid,SC10,18,-1.7320508075688772,3.0,14.0,0.0,34.0,6.0,3.8
7,max_to_max,SC10,18,4.358898943540674,4.0,14.0,0.0,34.0,6.0,3.8
7,max_to_sunset,SC10,18,-1.0,4.0,14.0,0.0,34.0,6.0,3.8
7,first_to_first,SC10,19,1.4142135623730951,0.0,14.0,265.0,34.0,6.0,3.8
7,last_to_last,SC10,19,-14.317821063276353,214.0,14.0,265.0,34.0,6.0,3.8
7,mid_to_mid,SC10,19,-3.7416573867739413,17.0,14.0,265.0,34.0,6.0,3.8
7,max_to_max,SC10,19,-18.627936010197157,357.0,14.0,265.0,34.0,6.0,3.8
7,max_to_sunset,SC10,19,-18.65475810617763,357.0,14.0,265.0,34.0,6.0,3.8
7,first_to_first,SC10,20,-15.968719422671311,260.0,14.0,0.0,34.0,6.0,3.2
7,last_to_last,SC10,20,-16.522711641858304,273.0,14.0,0.0,34.0,6.0,3.2
7,mid_to_mid,SC10,20,-16.703293088490067,279.0,14.0,0.0,34.0,6.0,3.2
7,max_to_max,SC10,20,-17.320508075688775,309.0,14.0,0.0,34.0,6.0,3.2
7,max_to_sunset,SC10,20,-17.578395831246947,309.0,14.0,0.0,34.0,6.0,3.2
7,first_to_first,SC12,1,2.0,13.0,17.0,0.0,29.0,5.0,12.8
7,last_to_last,SC12,1,-4.898979485566356,39.0,17.0,0.0,29.0,5.0,12.8
7,mid_to_mid,SC12,1,2.23606797749979,13.0,17.0,0.0,29.0,5.0,12.8
7,max_to_max,SC12,1,-4.795831523312719,49.0,17.0,0.0,29.0,5.0,12.8
7,max_to_sunset,SC12,1,-5.830951894845301,49.0,17.0,0.0,29.0,5.0,12.8
7,first_to_first,SC12,2,-4.47213595499958,28.0,15.0,49.0,29.0,5.0,12.8
7,last_to_last,SC12,2,-4.795831523312719,23.0,15.0,49.0,21.0,5.0,12.8
7,mid_to_mid,SC12,2,0.0,0.0,15.0,49.0,29.0,5.0,12.8
7,max_to_max,SC12,2,-4.47213595499958,37.0,15.0,49.0,29.0,5.0,12.8
7,max_to_sunset,SC12,2,-6.082762530298219,37.0,15.0,49.0,29.0,5.0,12.8
7,first_to_first,SC4,1,-20.445048300260872,436.0,16.0,0.0,30.0,4.0,4.3
7,last_to_last,SC4,1,-18.35755975068582,352.0,16.0,0.0,30.0,4.0,4.3
7,mid_to_mid,SC4,1,-20.8806130178211,436.0,16.0,0.0,30.0,4.0,4.3
7,max_to_max,SC4,1,-22.93468988235943,554.0,16.0,0.0,30.0,4.0,4.3
7,max_to_sunset,SC4,1,-23.2163735324878,554.0,16.0,0.0,30.0,4.0,4.3
7,first_to_first,SC4,2,-17.406895185529212,318.0,19.0,377.0,30.0,4.0,4.3
7,last_to_last,SC4,2,-12.649110640673518,197.0,19.0,377.0,30.0,4.0,4.3
7,mid_to_mid,SC4,2,-12.489995996796797,157.0,19.0,377.0,30.0,4.0,4.3
7,max_to_max,SC4,2,-23.065125189341593,569.0,19.0,377.0,30.0,4.0,4.3
7,max_to_sunset,SC4,2,-23.065125189341593,569.0,19.0,377.0,30.0,4.0,4.3
7,first_to_first,SC4,3,-12.165525060596439,193.0,13.0,104.0,30.0,4.0,4.3
7,last_to_last,SC4,3,1.7320508075688772,0.0,13.0,104.0,26.0,4.0,4.3
7,mid_to_mid,SC4,3,-1.7320508075688772,3.0,13.0,104.0,30.0,4.0,4.3
7,max_to_max,SC4,3,-11.789826122551595,193.0,13.0,104.0,30.0,4.0,4.3
7,max_to_sunset,SC4,3,-13.784048752090222,193.0,13.0,104.0,30.0,4.0,4.3
7,first_to_first,SC4,4,2.449489742783178,0.0,18.0,0.0,26.0,4.0,4.3
7,last_to_last,SC4,4,2.0,2.0,18.0,0.0,26.0,4.0,4.3
7,mid_to_mid,SC4,4,0.0,0.0,18.0,0.0,26.0,4.0,4.3
7,max_to_max,SC4,4,3.4641016151377544,6.0,18.0,0.0,26.0,4.0,4.3
7,max_to_sunset,SC4,4,0.0,6.0,18.0,0.0,26.0,4.0,4.3
7,first_to_first,SC4,5,2.23606797749979,0.0,14.0,80.0,26.0,4.0,4.3
7,last_to_last,SC4,5,-12.96148139681572,168.0,14.0,80.0,28.0,4.0,4.1
7,mid_to_mid,SC4,5,-3.0,9.0,14.0,80.0,28.0,4.0,4.3
7,max_to_max,SC4,5,-13.379088160259652,184.0,14.0,80.0,26.0,4.0,4.1
7,max_to_sunset,SC4,5,-13.564659966250536,184.0,14.0,80.0,28.0,4.0,4.1
7,first_to_first,SC4,6,-12.36931687685298,153.0,19.0,547.0,28.0,4.0,4.1
7,last_to_last,SC4,6,-15.362291495737216,236.0,19.0,547.0,32.0,4.0,4.1
7,mid_to_mid,SC4,6,-9.695359714832659,94.0,19.0,547.0,32.0,4.0,4.1
7,max_to_max,SC4,6,-18.35755975068582,337.0,19.0,547.0,28.0,4.0,4.1
7,max_to_sunset,SC4,6,-18.35755975068582,337.0,19.0,547.0,32.0,4.0,4.1
7,first_to_first,SC4,7,-15.132745950421556,229.0,8.0,199.0,32.0,4.0,4.1
7,last_to_last,SC4,7,10.14889156509222,26.0,8.0,199.0,32.0,4.0,4.1
7,mid_to_mid,SC4,7,-4.898979485566356,24.0,8.0,199.0,32.0,4.0,4.1
7,max_to_max,SC4,7,-10.344080432788601,257.0,8.0,199.0,32.0,4.0,4.1
7,max_to_sunset,SC4,7,-11.313708498984761,257.0,8.0,199.0,32.0,4.0,4.1
7,first_to_first,SC4,8,10.392304845413264,18.0,20.0,19.0,32.0,4.0,4.1
7,last_to_last,SC4,8,-3.4641016151377544,15.0,20.0,19.0,32.0,4.0,4.1
7,mid_to_mid,SC4,8,4.242640687119285,0.0,20.0,19.0,32.0,4.0,4.1
7,max_to_max,SC4,8,10.344080432788601,28.0,20.0,19.0,32.0,4.0,4.1
7,max_to_sunset,SC4,8,-5.0,28.0,20.0,19.0,32.0,4.0,4.1
7,first_to_first,SC4,9,-2.8284271247461903,15.0,13.0,16.0,32.0,4.0,4.1
7,last_to_last,SC4,9,-6.082762530298219,37.0,13.0,16.0,32.0,4.0,4.5
7,mid_to_mid,SC4,9,-1.0,1.0,13.0,16.0,32.0,4.0,4.1
7,max_to_max,SC4,9,-5.385164807134504,37.0,13.0,16.0,32.0,4.0,4.1
7,max_to_sunset,SC4,9,-6.082762530298219,37.0,13.0,16.0,32.0,4.0,4.5
7,first_to_first,SC4,10,-6.708203932499369,45.0,8.0,82.0,32.0,4.0,7.4
7,last_to_last,SC4,10,-1.7320508075688772,3.0,8.0,82.0,32.0,4.0,7.4
7,mid_to_mid,SC4,10,0.0,0.0,8.0,82.0,32.0,4.0,7.4
7,max_to_max,SC4,10,-7.3484692283495345,54.0,8.0,82.0,32.0,4.0,7.4
7,max_to_sunset,SC4,10,-7.3484692283495345,54.0,8.0,82.0,32.0,4.0,7.4
7,first_to_first,SC4,11,-2.449489742783178,6.0,19.0,9.0,32.0,4.0,7.4
7,last_to_last,SC4,11,-2.449489742783178,6.0,19.0,9.0,32.0,6.0,7.4
7,mid_to_mid,SC4,11,0.0,0.0,19.0,9.0,32.0,6.0,7.4
7,max_to_max,SC4,11,-4.242640687119285,18.0,19.0,9.0,32.0,6.0,7.4
7,max_to_sunset,SC4,11,-4.242640687119285,18.0,19.0,9.0,32.0,6.0,7.4
7,first_to_first,SC4,12,-2.23606797749979,5.0,7.0,2.0,32.0,6.0,7.4
7,last_to_last,SC4,12,0.0,0.0,7.0,2.0,32.0,6.0,7.4
7,mid_to_mid,SC4,12,1.0,0.0,7.0,2.0,32.0,6.0,7.4
7,max_to_max,SC4,12,-1.0,5.0,7.0,2.0,32.0,6.0,7.4
7,max_to_sunset,SC4,12,-2.23606797749979,5.0,7.0,2.0,32.0,6.0,7.4
7,first_to_first,SC4,13,0.0,0.0,8.0,0.0,32.0,7.0,7.4
7,last_to_last,SC4,13,5.916079783099616,0.0,8.0,0.0,30.0,7.0,7.4
7,mid_to_mid,SC4,13,2.8284271247461903,0.0,8.0,0.0,32.0,7.0,7.4
7,max_to_max,SC4,13,11.445523142259598,0.0,8.0,0.0,32.0,7.0,7.4
7,max_to_sunset,SC4,13,5.916079783099616,0.0,8.0,0.0,32.0,7.0,7.4
7,first_to_first,SC4,14,9.591663046625438,0.0,17.0,2.0,30.0,10.0,7.4
7,last_to_last,SC4,14,-7.3484692283495345,129.0,17.0,2.0,30.0,10.0,7.4
7,mid_to_mid,SC4,14,9.9498743710662,0.0,17.0,2.0,30.0,10.0,7.4
7,max_to_max,SC4,14,7.615773105863909,150.0,17.0,2.0,30.0,10.0,7.4
7,max_to_sunset,SC4,14,-8.660254037844387,150.0,17.0,2.0,30.0,10.0,7.4
7,first_to_first,SC4,15,-6.6332495807108,126.0,14.0,48.0,30.0,7.0,7.4
7,last_to_last,SC4,15,16.1245154965971,3.0,14.0,48.0,23.0,7.0,7.4
7,mid_to_mid,SC4,15,-3.7416573867739413,18.0,14.0,48.0,30.0,7.0,7.4
7,max_to_max,SC4,15,13.674794331177344,135.0,14.0,48.0,30.0,7.0,7.4
7,max_to_sunset,SC4,15,11.313708498984761,135.0,14.0,48.0,30.0,7.0,7.4
7,first_to_first,SC4,16,15.066519173319364,7.0,17.0,0.0,23.0,6.0,7.4
7,last_to_last,SC4,16,11.357816691600547,0.0,17.0,0.0,23.0,6.0,7.4
7,mid_to_mid,SC4,16,3.872983346207417,0.0,17.0,0.0,23.0,6.0,7.4
7,max_to_max,SC4,16,15.033296378372908,8.0,17.0,0.0,23.0,6.0,7.4
7,max_to_sunset,SC4,16,11.0,8.0,17.0,0.0,23.0,6.0,7.4
7,first_to_first,SC4,17,12.884098726725126,0.0,14.0,0.0,23.0,6.0,6.2
7,last_to_last,SC4,17,9.486832980505138,0.0,14.0,0.0,23.0,6.0,6.2
7,mid_to_mid,SC4,17,10.295630140987,0.0,14.0,0.0,23.0,6.0,6.2
7,max_to_max,SC4,17,12.884098726725126,0.0,14.0,0.0,23.0,6.0,6.2
7,max_to_sunset,SC4,17,9.486832980505138,0.0,14.0,0.0,23.0,6.0,6.2
7,first_to_first,SC4,18,10.862780491200215,0.0,13.0,0.0,23.0,6.0,6.2
7,last_to_last,SC4,18,0.0,0.0,13.0,0.0,23.0,6.0,6.2
7,mid_to_mid,SC4,18,1.4142135623730951,0.0,13.0,0.0,23.0,6.0,6.2
7,max_to_max,SC4,18,10.862780491200215,0.0,13.0,0.0,23.0,6.0,6.2
7,max_to_sunset,SC4,18,0.0,0.0,13.0,0.0,23.0,6.0,6.2
7,first_to_first,SC4,19,0.0,0.0,17.0,3.0,23.0,6.0,6.2
7,last_to_last,SC4,19,1.0,0.0,17.0,3.0,24.0,6.0,6.2
7,mid_to_mid,SC4,19,-1.0,1.0,17.0,3.0,23.0,6.0,6.2
7,max_to_max,SC4,19,1.4142135623730951,4.0,17.0,3.0,23.0,6.0,6.2
7,max_to_sunset,SC4,19,-1.7320508075688772,4.0,17.0,3.0,24.0,6.0,6.2
7,first_to_first,SC4,20,1.0,0.0,16.0,80.0,24.0,6.0,3.2
7,last_to_last,SC4,20,-5.916079783099616,35.0,16.0,80.0,24.0,6.0,4.7
7,mid_to_mid,SC4,20,-2.8284271247461903,8.0,16.0,80.0,24.0,6.0,3.8
7,max_to_max,SC4,20,-11.40175425099138,131.0,16.0,80.0,24.0,6.0,3.2
7,max_to_sunset,SC4,20,-11.445523142259598,131.0,16.0,80.0,24.0,6.0,4.7
7,first_to_first,SC4,21,-9.591663046625438,92.0,15.0,0.0,24.0,6.0,5.1
7,last_to_last,SC4,21,3.1622776601683795,75.0,15.0,0.0,24.0,6.0,5.1
7,mid_to_mid,SC4,21,-9.643650760992955,99.0,15.0,0.0,24.0,6.0,5.1
7,max_to_max,SC4,21,-10.954451150103322,208.0,15.0,0.0,24.0,6.0,5.1
7,max_to_sunset,SC4,21,-11.090536506409418,208.0,15.0,0.0,24.0,6.0,5.1
7,first_to_first,SC4,22,3.7416573867739413,82.0,14.0,48.0,24.0,6.0,5.1
7,last_to_last,SC4,22,-16.186414056238647,263.0,14.0,48.0,24.0,6.0,5.1
7,mid_to_mid,SC4,22,11.704699910719626,4.0,14.0,48.0,24.0,6.0,5.1
7,max_to_max,SC4,22,-13.45362404707371,322.0,14.0,48.0,24.0,6.0,5.1
7,max_to_sunset,SC4,22,-17.916472867168917,322.0,14.0,48.0,24.0,6.0,5.1
7,first_to_first,SC4,23,-15.297058540778355,234.0,6.0,40.0,24.0,6.0,5.1
7,last_to_last,SC4,23,-11.135528725660043,129.0,6.0,40.0,24.0,7.0,5.1
7,mid_to_mid,SC4,23,-3.3166247903554,15.0,6.0,40.0,24.0,7.0,5.1
7,max_to_max,SC4,23,-14.89966442575134,234.0,6.0,40.0,24.0,6.0,5.1
7,max_to_sunset,SC4,23,-15.132745950421556,234.0,6.0,40.0,24.0,6.0,5.1
7,first_to_first,SC4,24,-12.649110640673518,166.0,7.0,61.0,24.0,5.0,5.1
7,last_to_last,SC4,24,-9.486832980505138,90.0,7.0,61.0,24.0,5.0,5.1
7,mid_to_mid,SC4,24,-10.099504938362077,106.0,7.0,61.0,24.0,5.0,5.1
7,max_to_max,SC4,24,-12.649110640673518,166.0,7.0,61.0,24.0,5.0,5.1
7,max_to_sunset,SC4,24,-12.884098726725126,166.0,7.0,61.0,24.0,5.0,5.1
7,first_to_first,SC4,25,-10.862780491200215,118.0,11.0,47.0,24.0,5.0,5.5
7,last_to_last,SC4,25,10.44030650891055,0.0,11.0,47.0,24.0,5.0,5.5
7,mid_to_mid,SC4,25,2.23606797749979,2.0,11.0,47.0,24.0,5.0,5.5
7,max_to_max,SC4,25,1.4142135623730951,118.0,11.0,47.0,24.0,5.0,5.5
7,max_to_sunset,SC4,25,-3.0,118.0,11.0,47.0,24.0,5.0,5.5
7,first_to_first,SC4,26,11.61895003862225,0.0,22.0,3.0,24.0,5.0,5.5
7,last_to_last,SC4,26,9.486832980505138,1.0,22.0,3.0,24.0,5.0,5.5
7,mid_to_mid,SC4,26,4.123105625617661,0.0,22.0,3.0,24.0,5.0,5.5
7,max_to_max,SC4,26,12.12435565298214,6.0,22.0,3.0,24.0,5.0,5.5
7,max_to_sunset,SC4,26,9.219544457292887,6.0,22.0,3.0,24.0,5.0,5.5
7,first_to_first,SC4,27,11.224972160321824,1.0,12.0,0.0,24.0,5.0,5.5
7,last_to_last,SC4,27,1.7320508075688772,0.0,12.0,0.0,24.0,5.0,5.5
7,mid_to_mid,SC4,27,3.1622776601683795,0.0,12.0,0.0,24.0,5.0,5.5
7,max_to_max,SC4,27,11.224972160321824,1.0,12.0,0.0,24.0,5.0,5.5
7,max_to_sunset,SC4,27,1.4142135623730951,1.0,12.0,0.0,24.0,5.0,5.5
7,first_to_first,SC6,1,2.0,0.0,21.0,1.0,25.0,9.0,7.8
7,last_to_last,SC6,1,7.810249675906654,1.0,21.0,1.0,25.0,9.0,7.8
7,mid_to_mid,SC6,1,1.0,0.0,21.0,1.0,25.0,9.0,7.8
7,max_to_max,SC6,1,11.532562594670797,2.0,21.0,1.0,25.0,9.0,7.8
7,max_to_sunset,SC6,1,7.745966692414834,2.0,21.0,1.0,25.0,9.0,7.8
7,first_to_first,SC6,2,5.916079783099616,0.0,18.0,14.0,25.0,11.0,7.8
7,last_to_last,SC6,2,-13.114877048604,196.0,18.0,14.0,25.0,11.0,7.8
7,mid_to_mid,SC6,2,6.6332495807108,1.0,18.0,14.0,25.0,11.0,7.8
7,max_to_max,SC6,2,-15.0996688705415,284.0,18.0,14.0,25.0,11.0,7.8
7,max_to_sunset,SC6,2,-16.1245154965971,284.0,18.0,14.0,25.0,11.0,7.8
7,first_to_first,SC6,3,-9.0,106.0,14.0,36.0,25.0,8.0,7.8
7,last_to_last,SC6,3,-1.7320508075688772,65.0,14.0,36.0,22.0,8.0,7.8
7,mid_to_mid,SC6,3,-5.916079783099616,61.0,14.0,36.0,25.0,8.0,7.8
7,max_to_max,SC6,3,-6.708203932499369,120.0,14.0,36.0,25.0,8.0,7.8
7,max_to_sunset,SC6,3,-7.615773105863909,120.0,14.0,36.0,25.0,8.0,7.8
7,first_to_first,SC6,4,-2.23606797749979,46.0,17.0,3.0,19.0,8.0,7.8
7,last_to_last,SC6,4,8.06225774829855,19.0,17.0,3.0,18.0,7.0,7.8
7,mid_to_mid,SC6,4,2.449489742783178,26.0,17.0,3.0,19.0,7.0,7.8
7,max_to_max,SC6,4,2.6457513110645907,77.0,17.0,3.0,19.0,7.0,7.8
7,max_to_sunset,SC6,4,2.6457513110645907,77.0,17.0,3.0,19.0,7.0,7.8
7,first_to_first,SC6,5,6.928203230275509,15.0,15.0,12.0,18.0,7.0,7.8
7,last_to_last,SC6,5,7.0,14.0,15.0,12.0,18.0,7.0,7.8
7,mid_to_mid,SC6,5,5.5677643628300215,18.0,15.0,12.0,18.0,7.0,7.8
7,max_to_max,SC6,5,7.810249675906654,18.0,15.0,12.0,18.0,7.0,7.8
7,max_to_sunset,SC6,5,6.708203932499369,18.0,15.0,12.0,18.0,7.0,7.8
7,first_to_first,SC6,6,6.324555320336759,15.0,14.0,0.0,18.0,7.0,7.8
7,last_to_last,SC6,6,8.18535277187245,5.0,14.0,0.0,18.0,7.0,7.8
7,mid_to_mid,SC6,6,5.477225575051661,6.0,14.0,0.0,18.0,7.0,7.8
7,max_to_max,SC6,6,9.539392014169456,17.0,14.0,0.0,18.0,7.0,7.8
7,max_to_sunset,SC6,6,7.416198487095663,17.0,14.0,0.0,18.0,7.0,7.8
7,first_to_first,SC6,7,7.3484692283495345,7.0,13.0,0.0,18.0,7.0,7.8
7,last_to_last,SC6,7,8.426149773176359,5.0,13.0,0.0,19.0,7.0,7.8
7,mid_to_mid,SC6,7,6.782329983125268,6.0,13.0,0.0,18.0,7.0,7.8
7,max_to_max,SC6,7,8.246211251235321,15.0,13.0,0.0,19.0,7.0,7.8
7,max_to_sunset,SC6,7,7.810249675906654,15.0,13.0,0.0,19.0,7.0,7.8
7,first_to_first,SC6,8,6.164414002968976,4.0,16.0,52.0,19.0,7.0,4.1
7,last_to_last,SC6,8,-5.656854249492381,62.0,16.0,52.0,19.0,7.0,4.1
7,mid_to_mid,SC6,8,5.916079783099616,1.0,16.0,52.0,19.0,7.0,4.1
7,max_to_max,SC6,8,-7.615773105863909,135.0,16.0,52.0,19.0,7.0,4.1
7,max_to_sunset,SC6,8,-10.246950765959598,135.0,16.0,52.0,19.0,7.0,4.1
7,first_to_first,SC6,9,-1.7320508075688772,35.0,14.0,0.0,19.0,7.0,4.7
7,last_to_last,SC6,9,3.1622776601683795,24.0,14.0,0.0,19.0,7.0,4.7
7,mid_to_mid,SC6,9,-2.0,45.0,14.0,0.0,19.0,7.0,4.7
7,max_to_max,SC6,9,3.7416573867739413,56.0,14.0,0.0,19.0,7.0,4.7
7,max_to_sunset,SC6,9,-4.69041575982343,56.0,14.0,0.0,19.0,7.0,4.7
7,first_to_first,SC6,10,-2.449489742783178,25.0,14.0,120.0,19.0,7.0,4.7
7,last_to_last,SC6,10,-6.48074069840786,62.0,14.0,120.0,19.0,7.0,4.7
7,mid_to_mid,SC6,10,0.0,26.0,14.0,120.0,19.0,7.0,4.7
7,max_to_max,SC6,10,-7.0,75.0,14.0,120.0,19.0,7.0,4.7
7,max_to_sunset,SC6,10,-7.416198487095663,75.0,14.0,120.0,19.0,7.0,4.7
7,first_to_first,SC6,11,-3.7416573867739413,41.0,14.0,122.0,19.0,7.0,4.7
7,last_to_last,SC6,11,9.0,84.0,14.0,122.0,19.0,8.0,4.7
7,mid_to_mid,SC6,11,-4.47213595499958,32.0,14.0,122.0,19.0,8.0,4.7
7,max_to_max,SC6,11,9.0,84.0,14.0,122.0,19.0,8.0,4.7
7,max_to_sunset,SC6,11,9.0,84.0,14.0,122.0,19.0,8.0,4.7
7,first_to_first,SC6,12,9.0,63.0,13.0,32.0,19.0,6.0,4.7
7,last_to_last,SC6,12,-2.8284271247461903,63.0,13.0,32.0,19.0,6.0,4.7
7,mid_to_mid,SC6,12,1.4142135623730951,49.0,13.0,32.0,19.0,6.0,4.7
7,max_to_max,SC6,12,8.06225774829855,79.0,13.0,32.0,19.0,6.0,4.7
7,max_to_sunset,SC6,12,-4.898979485566356,79.0,13.0,32.0,19.0,6.0,4.7
7,first_to_first,SC6,13,-3.1622776601683795,55.0,15.0,73.0,19.0,6.0,5.9
7,last_to_last,SC6,13,-7.14142842854285,72.0,15.0,73.0,19.0,6.0,5.9
7,mid_to_mid,SC6,13,1.7320508075688772,36.0,15.0,73.0,19.0,6.0,5.9
7,max_to_max,SC6,13,-5.385164807134504,108.0,15.0,73.0,19.0,6.0,5.9
7,max_to_sunset,SC6,13,-9.327379053088816,108.0,15.0,73.0,19.0,6.0,5.9
7,first_to_first,SC6,14,-6.164414002968976,61.0,16.0,233.0,19.0,6.0,5.9
7,last_to_last,SC6,14,-6.6332495807108,76.0,16.0,233.0,18.0,6.0,5.9
7,mid_to_mid,SC6,14,-5.291502622129181,52.0,16.0,233.0,19.0,6.0,5.9
7,max_to_max,SC6,14,-6.48074069840786,83.0,16.0,233.0,18.0,6.0,5.9
7,max_to_sunset,SC6,14,-7.14142842854285,83.0,16.0,233.0,18.0,6.0,5.9
7,first_to_first,SC6,15,-4.58257569495584,42.0,13.0,2.0,18.0,6.0,5.9
7,last_to_last,SC6,15,-3.7416573867739413,30.0,13.0,2.0,18.0,6.0,5.9
7,mid_to_mid,SC6,15,-5.0,36.0,13.0,2.0,18.0,6.0,5.9
7,max_to_max,SC6,15,-6.782329983125268,77.0,13.0,2.0,18.0,6.0,5.9
7,max_to_sunset,SC6,15,-7.810249675906654,77.0,13.0,2.0,18.0,6.0,5.9
7,first_to_first,SC8,1,-5.744562646538029,238.0,16.0,0.0,20.0,4.0,8.7
7,last_to_last,SC8,1,-6.48074069840786,254.0,16.0,0.0,17.0,4.0,8.7
7,mid_to_mid,SC8,1,-6.082762530298219,238.0,16.0,0.0,20.0,4.0,8.7
7,max_to_max,SC8,1,-6.557438524302,255.0,16.0,0.0,17.0,4.0,8.7
7,max_to_sunset,SC8,1,-6.557438524302,255.0,16.0,0.0,17.0,4.0,8.7
7,first_to_first,SC8,2,-6.164414002968976,264.0,6.0,1.0,17.0,4.0,8.7
7,last_to_last,SC8,2,-6.244997998398398,243.0,6.0,1.0,17.0,4.0,8.7
7,mid_to_mid,SC8,2,-7.14142842854285,247.0,6.0,1.0,17.0,4.0,8.7
7,max_to_max,SC8,2,-6.082762530298219,264.0,6.0,1.0,17.0,4.0,8.7
7,max_to_sunset,SC8,2,-7.745966692414834,264.0,6.0,1.0,17.0,4.0,8.7
7,first_to_first,SC8,3,-5.477225575051661,243.0,6.0,9.0,17.0,4.0,8.4
7,last_to_last,SC8,3,-3.7416573867739413,225.0,6.0,9.0,17.0,4.0,8.4
7,mid_to_mid,SC8,3,-3.7416573867739413,228.0,6.0,9.0,17.0,4.0,8.4
7,max_to_max,SC8,3,-5.385164807134504,243.0,6.0,9.0,17.0,4.0,8.4
7,max_to_sunset,SC8,3,-5.656854249492381,243.0,6.0,9.0,17.0,4.0,8.4
7,first_to_first,SC8,4,-2.6457513110645907,238.0,12.0,32.0,17.0,4.0,8.4
7,last_to_last,SC8,4,5.385164807134504,242.0,12.0,32.0,17.0,5.0,8.4
7,mid_to_mid,SC8,4,-5.291502622129181,231.0,12.0,32.0,17.0,5.0,8.4
7,max_to_max,SC8,4,5.385164807134504,242.0,12.0,32.0,17.0,5.0,8.4
7,max_to_sunset,SC8,4,5.385164807134504,242.0,12.0,32.0,17.0,5.0,8.4
7,first_to_first,SC8,5,5.744562646538029,243.0,9.0,26.0,17.0,5.0,8.4
7,last_to_last,SC8,5,5.5677643628300215,253.0,9.0,26.0,17.0,5.0,8.4
7,mid_to_mid,SC8,5,-1.0,249.0,9.0,26.0,17.0,5.0,8.4
7,max_to_max,SC8,5,5.385164807134504,255.0,9.0,26.0,17.0,5.0,8.4
7,max_to_sunset,SC8,5,5.385164807134504,255.0,9.0,26.0,17.0,5.0,8.4
7,first_to_first,SC8,6,6.4031242374328485,252.0,8.0,9.0,17.0,5.0,8.4
7,last_to_last,SC8,6,-13.638181696985855,236.0,8.0,9.0,17.0,5.0,8.4
7,mid_to_mid,SC8,6,-14.491376746189438,232.0,8.0,9.0,17.0,5.0,8.4
7,max_to_max,SC8,6,6.324555320336759,253.0,8.0,9.0,17.0,5.0,8.4
7,max_to_sunset,SC8,6,-14.247806848775006,253.0,8.0,9.0,17.0,5.0,8.4
7,first_to_first,SC8,7,-14.212670403551895,245.0,7.0,4.0,17.0,5.0,4.3
7,last_to_last,SC8,7,-14.071247279470288,210.0,7.0,4.0,17.0,5.0,4.9
7,mid_to_mid,SC8,7,-13.674794331177344,204.0,7.0,4.0,17.0,5.0,4.3
7,max_to_max,SC8,7,-13.564659966250536,245.0,7.0,4.0,17.0,5.0,4.3
7,max_to_sunset,SC8,7,-15.264337522473747,245.0,7.0,4.0,17.0,5.0,4.9
7,first_to_first,SC8,8,-13.856406460551018,205.0,13.0,10.0,17.0,6.0,4.9
7,last_to_last,SC8,8,-14.45683229480096,212.0,13.0,10.0,18.0,6.0,7.0
7,mid_to_mid,SC8,8,-13.74772708486752,201.0,13.0,10.0,17.0,6.0,7.0
7,max_to_max,SC8,8,-13.711309200802088,212.0,13.0,10.0,17.0,6.0,6.3
7,max_to_sunset,SC8,8,-14.45683229480096,212.0,13.0,10.0,18.0,6.0,7.0
7,first_to_first,SC8,9,-14.966629547095765,226.0,7.0,2.0,18.0,6.0,7.0
7,last_to_last,SC8,9,-14.212670403551895,204.0,7.0,2.0,18.0,6.0,7.0
7,mid_to_mid,SC8,9,-13.92838827718412,196.0,7.0,2.0,18.0,6.0,7.0
7,max_to_max,SC8,9,-14.933184523068078,227.0,7.0,2.0,18.0,6.0,7.0
7,max_to_sunset,SC8,9,-15.0,227.0,7.0,2.0,18.0,6.0,7.0
7,first_to_first,SC8,10,-14.45683229480096,213.0,14.0,0.0,18.0,6.0,7.0
7,last_to_last,SC8,10,-14.422205101855956,211.0,14.0,0.0,18.0,6.0,7.0
7,mid_to_mid,SC8,10,-14.491376746189438,214.0,14.0,0.0,18.0,6.0,7.0
7,max_to_max,SC8,10,-14.38749456993816,214.0,14.0,0.0,18.0,6.0,7.0
7,max_to_sunset,SC8,10,-14.52583904633395,214.0,14.0,0.0,18.0,6.0,7.0
7,first_to_first,SC8,11,-15.033296378372908,231.0,14.0,2.0,18.0,6.0,8.2
7,last_to_last,SC8,11,-16.34013463836819,271.0,14.0,2.0,18.0,6.0,8.2
7,mid_to_mid,SC8,11,-14.035668847618199,203.0,14.0,2.0,18.0,6.0,8.2
7,max_to_max,SC8,11,-15.748015748023622,271.0,14.0,2.0,18.0,6.0,8.2
7,max_to_sunset,SC8,11,-16.34013463836819,271.0,14.0,2.0,18.0,6.0,8.2
7,first_to_first,SC8,12,-16.431676725154983,276.0,13.0,12.0,18.0,6.0,8.2
7,last_to_last,SC8,12,-16.61324772583615,284.0,13.0,12.0,18.0,6.0,8.2
7,mid_to_mid,SC8,12,-15.556349186104045,248.0,13.0,12.0,18.0,6.0,8.2
7,max_to_max,SC8,12,-16.61324772583615,284.0,13.0,12.0,18.0,6.0,8.2
7,max_to_sunset,SC8,12,-16.61324772583615,284.0,13.0,12.0,18.0,6.0,8.2
7,first_to_first,SC8,13,-16.881943016134134,293.0,12.0,5.0,18.0,6.0,8.2
7,last_to_last,SC8,13,-6.4031242374328485,50.0,12.0,5.0,18.0,6.0,8.2
7,mid_to_mid,SC8,13,-3.7416573867739413,22.0,12.0,5.0,18.0,6.0,8.2
7,max_to_max,SC8,13,-16.852299546352718,293.0,12.0,5.0,18.0,6.0,8.2
7,max_to_sunset,SC8,13,-16.852299546352718,293.0,12.0,5.0,18.0,6.0,8.2
7,first_to_first,SC8,14,-5.196152422706632,43.0,11.0,22.0,18.0,8.0,8.2
7,last_to_last,SC8,14,3.3166247903554,12.0,11.0,22.0,18.0,9.0,8.2
7,mid_to_mid,SC8,14,2.6457513110645907,17.0,11.0,22.0,18.0,9.0,8.2
7,max_to_max,SC8,14,-4.898979485566356,61.0,11.0,22.0,18.0,9.0,8.2
7,max_to_sunset,SC8,14,-6.164414002968976,61.0,11.0,22.0,18.0,9.0,8.2
7,first_to_first,SC8,15,3.3166247903554,13.0,12.0,0.0,18.0,7.0,8.2
7,last_to_last,SC8,15,6.164414002968976,3.0,12.0,0.0,21.0,7.0,8.2
7,mid_to_mid,SC8,15,-1.4142135623730951,12.0,12.0,0.0,18.0,7.0,8.2
7,max_to_max,SC8,15,4.123105625617661,24.0,12.0,0.0,18.0,7.0,8.2
7,max_to_sunset,SC8,15,4.123105625617661,24.0,12.0,0.0,21.0,7.0,8.2
7,first_to_first,SC8,16,2.8284271247461903,2.0,13.0,0.0,21.0,7.0,8.2
7,last_to_last,SC8,16,1.0,2.0,13.0,0.0,21.0,7.0,8.2
7,mid_to_mid,SC8,16,1.0,2.0,13.0,0.0,21.0,7.0,8.2
7,max_to_max,SC8,16,4.242640687119285,4.0,13.0,0.0,21.0,7.0,8.2
7,max_to_sunset,SC8,16,-1.0,4.0,13.0,0.0,21.0,7.0,8.2
8,first_to_first,SC1,1,-10.392304845413264,108.0,16.0,0.0,22.0,7.0,6.3
8,last_to_last,SC1,1,-7.14142842854285,51.0,16.0,0.0,22.0,6.0,6.3
8,mid_to_mid,SC1,1,-8.48528137423857,72.0,16.0,0.0,22.0,6.0,6.3
8,max_to_max,SC1,1,-11.0,121.0,16.0,0.0,22.0,7.0,6.3
8,max_to_sunset,SC1,1,-11.0,121.0,16.0,0.0,22.0,6.0,6.3
8,first_to_first,SC1,2,-7.483314773547883,56.0,16.0,0.0,22.0,6.0,6.3
8,last_to_last,SC1,2,-4.795831523312719,23.0,16.0,0.0,22.0,6.0,6.3
8,mid_to_mid,SC1,2,-6.6332495807108,44.0,16.0,0.0,22.0,6.0,6.3
8,max_to_max,SC1,2,-7.483314773547883,56.0,16.0,0.0,22.0,6.0,6.3
8,max_to_sunset,SC1,2,-7.483314773547883,56.0,16.0,0.0,22.0,6.0,6.3
8,first_to_first,SC1,3,-3.3166247903554,11.0,11.0,5.0,22.0,6.0,6.3
8,last_to_last,SC1,3,-1.4142135623730951,2.0,11.0,5.0,22.0,6.0,6.3
8,mid_to_mid,SC1,3,-2.449489742783178,6.0,11.0,5.0,22.0,6.0,6.3
8,max_to_max,SC1,3,-4.58257569495584,21.0,11.0,5.0,22.0,6.0,6.3
8,max_to_sunset,SC1,3,-4.58257569495584,21.0,11.0,5.0,22.0,6.0,6.3
8,first_to_first,SC1,4,-2.23606797749979,5.0,9.0,3.0,22.0,6.0,6.3
8,last_to_last,SC1,4,0.0,0.0,9.0,3.0,22.0,6.0,6.3
8,mid_to_mid,SC1,4,-1.4142135623730951,2.0,9.0,3.0,22.0,6.0,6.3
8,max_to_max,SC1,4,-2.23606797749979,5.0,9.0,3.0,22.0,6.0,6.3
8,max_to_sunset,SC1,4,-2.23606797749979,5.0,9.0,3.0,22.0,6.0,6.3
8,first_to_first,SC1,5,0.0,0.0,13.0,0.0,22.0,6.0,6.3
8,last_to_last,SC1,5,0.0,0.0,13.0,0.0,22.0,6.0,6.3
8,mid_to_mid,SC1,5,0.0,0.0,13.0,0.0,22.0,6.0,6.3
8,max_to_max,SC1,5,0.0,0.0,13.0,0.0,22.0,6.0,6.3
8,max_to_sunset,SC1,5,0.0,0.0,13.0,0.0,22.0,6.0,6.3
8,first_to_first,SC1,6,0.0,0.0,14.0,0.0,22.0,6.0,6.3
8,last_to_last,SC1,6,0.0,0.0,14.0,0.0,20.0,6.0,6.3
8,mid_to_mid,SC1,6,0.0,0.0,14.0,0.0,22.0,6.0,6.3
8,max_to_max,SC1,6,0.0,0.0,14.0,0.0,22.0,6.0,6.3
8,max_to_sunset,SC1,6,0.0,0.0,14.0,0.0,22.0,6.0,6.3
8,first_to_first,SC1,7,0.0,0.0,12.0,0.0,20.0,6.0,6.3
8,last_to_last,SC1,7,0.0,0.0,12.0,0.0,20.0,6.0,6.3
8,mid_to_mid,SC1,7,0.0,0.0,12.0,0.0,20.0,6.0,6.3
8,max_to_max,SC1,7,0.0,0.0,12.0,0.0,20.0,6.0,6.3
8,max_to_sunset,SC1,7,0.0,0.0,12.0,0.0,20.0,6.0,6.3
8,first_to_first,SC1,8,0.0,0.0,11.0,0.0,20.0,6.0,6.3
8,last_to_last,SC1,8,0.0,0.0,11.0,0.0,20.0,6.0,6.3
8,mid_to_mid,SC1,8,0.0,0.0,11.0,0.0,20.0,6.0,6.3
8,max_to_max,SC1,8,0.0,0.0,11.0,0.0,20.0,6.0,6.3
8,max_to_sunset,SC1,8,0.0,0.0,11.0,0.0,20.0,6.0,6.3
8,first_to_first,SC1,9,0.0,0.0,7.0,0.0,20.0,6.0,6.3
8,last_to_last,SC1,9,0.0,0.0,7.0,0.0,20.0,8.0,6.2
8,mid_to_mid,SC1,9,0.0,0.0,7.0,0.0,20.0,8.0,6.3
8,max_to_max,SC1,9,0.0,0.0,7.0,0.0,20.0,6.0,6.3
8,max_to_sunset,SC1,9,0.0,0.0,7.0,0.0,20.0,6.0,6.3
8,first_to_first,SC1,10,0.0,0.0,11.0,0.0,20.0,8.0,6.2
8,last_to_last,SC1,10,0.0,0.0,11.0,0.0,20.0,8.0,6.2
8,mid_to_mid,SC1,10,0.0,0.0,11.0,0.0,20.0,8.0,6.2
8,max_to_max,SC1,10,0.0,0.0,11.0,0.0,20.0,8.0,6.2
8,max_to_sunset,SC1,10,0.0,0.0,11.0,0.0,20.0,8.0,6.2
8,first_to_first,SC1,11,0.0,0.0,10.0,0.0,20.0,8.0,6.2
8,last_to_last,SC1,11,0.0,0.0,10.0,0.0,22.0,8.0,6.2
8,mid_to_mid,SC1,11,0.0,0.0,10.0,0.0,21.0,8.0,6.2
8,max_to_max,SC1,11,0.0,0.0,10.0,0.0,20.0,8.0,6.2
8,max_to_sunset,SC1,11,0.0,0.0,10.0,0.0,22.0,8.0,6.2
8,first_to_first,SC1,12,0.0,0.0,12.0,0.0,22.0,8.0,6.2
8,last_to_last,SC1,12,0.0,0.0,12.0,0.0,22.0,8.0,6.2
8,mid_to_mid,SC1,12,0.0,0.0,12.0,0.0,22.0,8.0,6.2
8,max_to_max,SC1,12,0.0,0.0,12.0,0.0,22.0,8.0,6.2
8,max_to_sunset,SC1,12,0.0,0.0,12.0,0.0,22.0,8.0,6.2
8,first_to_first,SC1,13,0.0,0.0,9.0,0.0,22.0,9.0,6.2
8,last_to_last,SC1,13,0.0,0.0,9.0,0.0,22.0,9.0,6.2
8,mid_to_mid,SC1,13,0.0,0.0,9.0,0.0,22.0,9.0,6.2
8,max_to_max,SC1,13,0.0,0.0,9.0,0.0,22.0,9.0,6.2
8,max_to_sunset,SC1,13,0.0,0.0,9.0,0.0,22.0,9.0,6.2
8,first_to_first,SC1,14,0.0,0.0,12.0,0.0,22.0,9.0,6.2
8,last_to_last,SC1,14,0.0,0.0,12.0,0.0,22.0,8.0,6.2
8,mid_to_mid,SC1,14,0.0,0.0,12.0,0.0,22.0,9.0,6.2
8,max_to_max,SC1,14,0.0,0.0,12.0,0.0,22.0,9.0,6.2
8,max_to_sunset,SC1,14,0.0,0.0,12.0,0.0,22.0,8.0,6.2
8,first_to_first,SC1,15,0.0,0.0,13.0,0.0,22.0,8.0,6.2
8,last_to_last,SC1,15,0.0,0.0,13.0,0.0,22.0,6.0,5.7
8,mid_to_mid,SC1,15,0.0,0.0,13.0,0.0,22.0,6.0,6.2
8,max_to_max,SC1,15,0.0,0.0,13.0,0.0,22.0,8.0,6.2
8,max_to_sunset,SC1,15,0.0,0.0,13.0,0.0,22.0,6.0,6.2
8,first_to_first,SC1,16,0.0,0.0,10.0,0.0,22.0,6.0,5.7
8,last_to_last,SC1,16,0.0,0.0,10.0,0.0,22.0,6.0,5.7
8,mid_to_mid,SC1,16,0.0,0.0,10.0,0.0,22.0,6.0,5.7
8,max_to_max,SC1,16,0.0,0.0,10.0,0.0,22.0,6.0,5.7
8,max_to_sunset,SC1,16,0.0,0.0,10.0,0.0,22.0,6.0,5.7
8,first_to_first,SC1,17,0.0,0.0,12.0,0.0,22.0,6.0,5.7
8,last_to_last,SC1,17,0.0,0.0,12.0,0.0,22.0,6.0,5.7
8,mid_to_mid,SC1,17,0.0,0.0,12.0,0.0,22.0,6.0,5.7
8,max_to_max,SC1,17,0.0,0.0,12.0,0.0,22.0,6.0,5.7
8,max_to_sunset,SC1,17,0.0,0.0,12.0,0.0,22.0,6.0,5.7
8,first_to_first,SC1,18,0.0,0.0,12.0,0.0,22.0,6.0,5.7
8,last_to_last,SC1,18,0.0,0.0,12.0,0.0,22.0,6.0,5.7
8,mid_to_mid,SC1,18,0.0,0.0,12.0,0.0,22.0,6.0,5.7
8,max_to_max,SC1,18,0.0,0.0,12.0,0.0,22.0,6.0,5.7
8,max_to_sunset,SC1,18,0.0,0.0,12.0,0.0,22.0,6.0,5.7
8,first_to_first,SC1,19,0.0,0.0,16.0,0.0,22.0,6.0,5.7
8,last_to_last,SC1,19,0.0,0.0,16.0,0.0,17.0,6.0,5.7
8,mid_to_mid,SC1,19,0.0,0.0,16.0,0.0,22.0,6.0,5.7
8,max_to_max,SC1,19,0.0,0.0,16.0,0.0,22.0,6.0,5.7
8,max_to_sunset,SC1,19,0.0,0.0,16.0,0.0,22.0,6.0,5.7
8,first_to_first,SC1,20,0.0,0.0,14.0,0.0,17.0,6.0,5.7
8,last_to_last,SC1,20,0.0,0.0,14.0,0.0,21.0,6.0,5.7
8,mid_to_mid,SC1,20,0.0,0.0,14.0,0.0,19.0,6.0,5.7
8,max_to_max,SC1,20,0.0,0.0,14.0,0.0,17.0,6.0,5.7
8,max_to_sunset,SC1,20,0.0,0.0,14.0,0.0,21.0,6.0,5.7
8,first_to_first,SC1,21,0.0,0.0,12.0,0.0,21.0,6.0,5.7
8,last_to_last,SC1,21,0.0,0.0,12.0,0.0,21.0,6.0,4.3
8,mid_to_mid,SC1,21,0.0,0.0,12.0,0.0,21.0,6.0,5.7
8,max_to_max,SC1,21,0.0,0.0,12.0,0.0,21.0,6.0,5.7
8,max_to_sunset,SC1,21,0.0,0.0,12.0,0.0,21.0,6.0,5.7
8,first_to_first,SC10,1,10.44030650891055,0.0,21.0,0.0,21.0,3.0,7.4
8,last_to_last,SC10,1,17.944358444926362,0.0,21.0,0.0,21.0,3.0,7.4
8,mid_to_mid,SC10,1,8.888194417315589,0.0,21.0,0.0,21.0,3.0,7.4
8,max_to_max,SC10,1,22.293496809607955,0.0,21.0,0.0,21.0,3.0,7.4
8,max_to_sunset,SC10,1,17.944358444926362,0.0,21.0,0.0,21.0,3.0,7.4
8,first_to_first,SC10,2,22.338307903688676,0.0,13.0,8.0,21.0,3.0,7.4
8,last_to_last,SC10,2,20.8806130178211,0.0,13.0,8.0,21.0,3.0,7.4
8,mid_to_mid,SC10,2,20.29778313018444,4.0,13.0,8.0,21.0,3.0,7.4
8,max_to_max,SC10,2,21.470910553583888,39.0,13.0,8.0,21.0,3.0,7.4
8,max_to_sunset,SC10,2,19.924858845171276,39.0,13.0,8.0,21.0,3.0,7.4
8,first_to_first,SC10,3,11.180339887498949,10.0,15.0,104.0,21.0,3.0,7.4
8,last_to_last,SC10,3,-2.449489742783178,58.0,15.0,104.0,21.0,3.0,7.4
8,mid_to_mid,SC10,3,-1.0,8.0,15.0,104.0,21.0,3.0,7.4
8,max_to_max,SC10,3,17.86057109949175,78.0,15.0,104.0,21.0,3.0,7.4
8,max_to_sunset,SC10,3,-5.0990195135927845,78.0,15.0,104.0,21.0,3.0,7.4
8,first_to_first,SC10,4,3.0,60.0,18.0,176.0,21.0,3.0,7.4
8,last_to_last,SC10,4,-9.797958971132712,110.0,18.0,176.0,21.0,3.0,7.4
8,mid_to_mid,SC10,4,-2.23606797749979,9.0,18.0,176.0,21.0,3.0,7.4
8,max_to_max,SC10,4,-7.14142842854285,130.0,18.0,176.0,21.0,3.0,7.4
8,max_to_sunset,SC10,4,-10.770329614269007,130.0,18.0,176.0,21.0,3.0,7.4
8,first_to_first,SC10,5,-10.295630140987,109.0,13.0,416.0,21.0,3.0,7.4
8,last_to_last,SC10,5,-11.40175425099138,132.0,13.0,416.0,24.0,3.0,7.4
8,mid_to_mid,SC10,5,-5.196152422706632,27.0,13.0,416.0,22.0,3.0,7.4
8,max_to_max,SC10,5,-11.958260743101398,148.0,13.0,416.0,24.0,3.0,7.4
8,max_to_sunset,SC10,5,-12.083045973594572,148.0,13.0,416.0,24.0,3.0,7.4
8,first_to_first,SC10,6,-10.770329614269007,120.0,8.0,385.0,24.0,3.0,7.4
8,last_to_last,SC10,6,-9.38083151964686,89.0,8.0,385.0,24.0,3.0,7.4
8,mid_to_mid,SC10,6,-6.928203230275509,48.0,8.0,385.0,24.0,3.0,7.4
8,max_to_max,SC10,6,-16.64331697709324,282.0,8.0,385.0,24.0,3.0,7.4
8,max_to_sunset,SC10,6,-16.76305461424021,282.0,8.0,385.0,24.0,3.0,7.4
8,first_to_first,SC10,7,-10.44030650891055,109.0,17.0,456.0,24.0,3.0,4.3
8,last_to_last,SC10,7,-11.704699910719626,137.0,17.0,456.0,24.0,3.0,5.5
8,mid_to_mid,SC10,7,-7.810249675906654,61.0,17.0,456.0,24.0,3.0,5.5
8,max_to_max,SC10,7,-17.4928556845359,306.0,17.0,456.0,24.0,3.0,4.3
8,max_to_sunset,SC10,7,-17.4928556845359,306.0,17.0,456.0,24.0,3.0,5.5
8,first_to_first,SC10,8,-10.954451150103322,120.0,13.0,387.0,24.0,4.0,7.0
8,last_to_last,SC10,8,-10.723805294763608,115.0,13.0,387.0,24.0,5.0,7.0
8,mid_to_mid,SC10,8,-6.928203230275509,48.0,13.0,387.0,24.0,5.0,7.0
8,max_to_max,SC10,8,-27.748873851023216,770.0,13.0,387.0,24.0,5.0,7.0
8,max_to_sunset,SC10,8,-27.748873851023216,770.0,13.0,387.0,24.0,5.0,7.0
8,first_to_first,SC10,9,-10.44030650891055,109.0,19.0,1122.0,24.0,5.0,7.0
8,last_to_last,SC10,9,-17.944358444926362,322.0,19.0,1122.0,24.0,6.0,7.0
8,mid_to_mid,SC10,9,-8.888194417315589,79.0,19.0,1122.0,24.0,6.0,7.0
8,max_to_max,SC10,9,-22.293496809607955,497.0,19.0,1122.0,24.0,6.0,7.0
8,max_to_sunset,SC10,9,-22.293496809607955,497.0,19.0,1122.0,24.0,6.0,7.0
8,first_to_first,SC10,10,-22.338307903688676,499.0,10.0,0.0,24.0,6.0,7.2
8,last_to_last,SC10,10,-20.808652046684813,436.0,10.0,0.0,24.0,6.0,7.2
8,mid_to_mid,SC10,10,-20.322401432901575,416.0,10.0,0.0,24.0,6.0,7.2
8,max_to_max,SC10,10,-22.271057451320086,500.0,10.0,0.0,24.0,6.0,7.2
8,max_to_sunset,SC10,10,-22.293496809607955,500.0,10.0,0.0,24.0,6.0,7.2
8,first_to_first,SC10,11,-11.61895003862225,135.0,9.0,373.0,24.0,6.0,7.2
8,last_to_last,SC10,11,12.727922061357855,52.0,9.0,373.0,24.0,6.0,7.2
8,mid_to_mid,SC10,11,3.1622776601683795,7.0,9.0,373.0,24.0,6.0,7.2
8,max_to_max,SC10,11,-6.324555320336759,397.0,9.0,373.0,24.0,6.0,7.2
8,max_to_sunset,SC10,11,-13.527749258468683,397.0,9.0,373.0,24.0,6.0,7.2
8,first_to_first,SC10,12,13.820274961085254,69.0,8.0,145.0,24.0,6.0,7.2
8,last_to_last,SC10,12,16.09347693943108,14.0,8.0,145.0,24.0,6.0,7.2
8,mid_to_mid,SC10,12,16.583123951777,4.0,8.0,145.0,24.0,6.0,7.2
8,max_to_max,SC10,12,15.165750888103101,79.0,8.0,145.0,24.0,6.0,7.2
8,max_to_sunset,SC10,12,13.92838827718412,79.0,8.0,145.0,24.0,6.0,7.2
8,first_to_first,SC10,13,13.564659966250536,3.0,12.0,2.0,24.0,6.0,7.2
8,last_to_last,SC10,13,11.357816691600547,2.0,12.0,2.0,23.0,6.0,7.2
8,mid_to_mid,SC10,13,4.795831523312719,0.0,12.0,2.0,24.0,6.0,7.2
8,max_to_max,SC10,13,16.278820596099706,5.0,12.0,2.0,23.0,6.0,7.2
8,max_to_sunset,SC10,13,11.224972160321824,5.0,12.0,2.0,23.0,6.0,7.2
8,first_to_first,SC10,14,9.643650760992955,4.0,9.0,14.0,23.0,6.0,7.2
8,last_to_last,SC10,14,2.449489742783178,1.0,9.0,14.0,24.0,6.0,7.2
8,mid_to_mid,SC10,14,4.47213595499958,0.0,9.0,14.0,23.0,6.0,7.2
8,max_to_max,SC10,14,11.489125293076057,5.0,9.0,14.0,23.0,6.0,7.2
8,max_to_sunset,SC10,14,1.4142135623730951,5.0,9.0,14.0,24.0,6.0,7.2
8,first_to_first,SC10,15,0.0,0.0,11.0,0.0,24.0,6.0,7.2
8,last_to_last,SC10,15,0.0,0.0,11.0,0.0,28.0,6.0,7.2
8,mid_to_mid,SC10,15,0.0,0.0,11.0,0.0,25.0,6.0,7.2
8,max_to_max,SC10,15,0.0,0.0,11.0,0.0,24.0,6.0,7.2
8,max_to_sunset,SC10,15,0.0,0.0,11.0,0.0,28.0,6.0,7.2
8,first_to_first,SC10,16,0.0,0.0,12.0,0.0,28.0,6.0,7.2
8,last_to_last,SC10,16,2.8284271247461903,0.0,12.0,0.0,34.0,6.0,7.2
8,mid_to_mid,SC10,16,0.0,0.0,12.0,0.0,31.0,6.0,7.2
8,max_to_max,SC10,16,2.8284271247461903,0.0,12.0,0.0,34.0,6.0,7.2
8,max_to_sunset,SC10,16,2.8284271247461903,0.0,12.0,0.0,34.0,6.0,7.2
8,first_to_first,SC10,17,2.6457513110645907,0.0,13.0,0.0,34.0,6.0,7.2
8,last_to_last,SC10,17,1.7320508075688772,0.0,13.0,0.0,34.0,6.0,7.2
8,mid_to_mid,SC10,17,0.0,0.0,13.0,0.0,34.0,6.0,7.2
8,max_to_max,SC10,17,4.795831523312719,0.0,13.0,0.0,34.0,6.0,7.2
8,max_to_sunset,SC10,17,1.7320508075688772,0.0,13.0,0.0,34.0,6.0,7.2
8,first_to_first,SC10,18,1.4142135623730951,0.0,14.0,0.0,34.0,6.0,4.1
8,last_to_last,SC10,18,2.449489742783178,3.0,14.0,0.0,34.0,6.0,3.8
8,mid_to_mid,SC10,18,0.0,3.0,14.0,0.0,34.0,6.0,3.8
8,max_to_max,SC10,18,2.449489742783178,4.0,14.0,0.0,34.0,6.0,3.8
8,max_to_sunset,SC10,18,2.23606797749979,4.0,14.0,0.0,34.0,6.0,3.8
8,first_to_first,SC10,19,2.23606797749979,0.0,14.0,265.0,34.0,6.0,3.8
8,last_to_last,SC10,19,-14.628738838327793,214.0,14.0,265.0,34.0,6.0,3.8
8,mid_to_mid,SC10,19,-4.123105625617661,17.0,14.0,265.0,34.0,6.0,3.8
8,max_to_max,SC10,19,-18.65475810617763,357.0,14.0,265.0,34.0,6.0,3.8
8,max_to_sunset,SC10,19,-18.894443627691185,357.0,14.0,265.0,34.0,6.0,3.8
8,first_to_first,SC12,1,-2.23606797749979,13.0,17.0,0.0,29.0,5.0,12.8
8,last_to_last,SC12,1,-6.244997998398398,39.0,17.0,0.0,29.0,5.0,12.8
8,mid_to_mid,SC12,1,-3.605551275463989,13.0,17.0,0.0,29.0,5.0,12.8
8,max_to_max,SC12,1,-5.656854249492381,49.0,17.0,0.0,29.0,5.0,12.8
8,max_to_sunset,SC12,1,-7.0,49.0,17.0,0.0,29.0,5.0,12.8
8,first_to_first,SC4,1,-20.518284528683193,436.0,16.0,0.0,30.0,4.0,4.3
8,last_to_last,SC4,1,-17.74823934929885,352.0,16.0,0.0,30.0,4.0,4.3
8,mid_to_mid,SC4,1,-20.85665361461421,436.0,16.0,0.0,30.0,4.0,4.3
8,max_to_max,SC4,1,-22.737634001804146,554.0,16.0,0.0,30.0,4.0,4.3
8,max_to_sunset,SC4,1,-22.737634001804146,554.0,16.0,0.0,30.0,4.0,4.3
8,first_to_first,SC4,2,-16.522711641858304,318.0,19.0,377.0,30.0,4.0,4.3
8,last_to_last,SC4,2,-13.92838827718412,197.0,19.0,377.0,30.0,4.0,4.3
8,mid_to_mid,SC4,2,-12.529964086141668,157.0,19.0,377.0,30.0,4.0,4.3
8,max_to_max,SC4,2,-22.693611435820433,569.0,19.0,377.0,30.0,4.0,4.3
8,max_to_sunset,SC4,2,-23.790754506740637,569.0,19.0,377.0,30.0,4.0,4.3
8,first_to_first,SC4,3,-13.674794331177344,193.0,13.0,104.0,30.0,4.0,4.3
8,last_to_last,SC4,3,2.449489742783178,0.0,13.0,104.0,26.0,4.0,4.3
8,mid_to_mid,SC4,3,-1.7320508075688772,3.0,13.0,104.0,30.0,4.0,4.3
8,max_to_max,SC4,3,-13.228756555322953,193.0,13.0,104.0,30.0,4.0,4.3
8,max_to_sunset,SC4,3,-13.674794331177344,193.0,13.0,104.0,30.0,4.0,4.3
8,first_to_first,SC4,4,2.23606797749979,0.0,18.0,0.0,26.0,4.0,4.3
8,last_to_last,SC4,4,-1.4142135623730951,2.0,18.0,0.0,28.0,4.0,4.3
8,mid_to_mid,SC4,4,0.0,0.0,18.0,0.0,28.0,4.0,4.3
8,max_to_max,SC4,4,-1.0,6.0,18.0,0.0,26.0,4.0,4.3
8,max_to_sunset,SC4,4,-2.449489742783178,6.0,18.0,0.0,28.0,4.0,4.3
8,first_to_first,SC4,5,0.0,0.0,14.0,80.0,28.0,4.0,4.3
8,last_to_last,SC4,5,-12.96148139681572,168.0,14.0,80.0,32.0,4.0,4.1
8,mid_to_mid,SC4,5,-3.0,9.0,14.0,80.0,32.0,4.0,4.3
8,max_to_max,SC4,5,-13.564659966250536,184.0,14.0,80.0,28.0,4.0,4.1
8,max_to_sunset,SC4,5,-13.564659966250536,184.0,14.0,80.0,32.0,4.0,4.1
8,first_to_first,SC4,6,-12.36931687685298,153.0,19.0,547.0,32.0,4.0,4.1
8,last_to_last,SC4,6,-10.344080432788601,236.0,19.0,547.0,32.0,4.0,4.1
8,mid_to_mid,SC4,6,-9.695359714832659,94.0,19.0,547.0,32.0,4.0,4.1
8,max_to_max,SC4,6,-13.674794331177344,337.0,19.0,547.0,32.0,4.0,4.1
8,max_to_sunset,SC4,6,-14.422205101855956,337.0,19.0,547.0,32.0,4.0,4.1
8,first_to_first,SC4,7,-10.14889156509222,229.0,8.0,199.0,32.0,4.0,4.1
8,last_to_last,SC4,7,-4.795831523312719,26.0,8.0,199.0,32.0,4.0,4.1
8,mid_to_mid,SC4,7,-2.449489742783178,24.0,8.0,199.0,32.0,4.0,4.1
8,max_to_max,SC4,7,-11.045361017187261,257.0,8.0,199.0,32.0,4.0,4.1
8,max_to_sunset,SC4,7,-15.937377450509228,257.0,8.0,199.0,32.0,4.0,4.1
8,first_to_first,SC4,8,-3.3166247903554,18.0,20.0,19.0,32.0,4.0,4.1
8,last_to_last,SC4,8,-3.872983346207417,15.0,20.0,19.0,32.0,4.0,4.5
8,mid_to_mid,SC4,8,0.0,0.0,20.0,19.0,32.0,4.0,4.1
8,max_to_max,SC4,8,-4.47213595499958,28.0,20.0,19.0,32.0,4.0,4.1
8,max_to_sunset,SC4,8,-5.291502622129181,28.0,20.0,19.0,32.0,4.0,4.5
8,first_to_first,SC4,9,-3.872983346207417,15.0,13.0,16.0,32.0,4.0,7.4
8,last_to_last,SC4,9,-6.082762530298219,37.0,13.0,16.0,32.0,4.0,7.4
8,mid_to_mid,SC4,9,-1.0,1.0,13.0,16.0,32.0,4.0,7.4
8,max_to_max,SC4,9,-6.082762530298219,37.0,13.0,16.0,32.0,4.0,7.4
8,max_to_sunset,SC4,9,-6.082762530298219,37.0,13.0,16.0,32.0,4.0,7.4
8,first_to_first,SC4,10,-6.708203932499369,45.0,8.0,82.0,32.0,4.0,7.4
8,last_to_last,SC4,10,-1.7320508075688772,3.0,8.0,82.0,32.0,4.0,7.4
8,mid_to_mid,SC4,10,0.0,0.0,8.0,82.0,32.0,4.0,7.4
8,max_to_max,SC4,10,-7.3484692283495345,54.0,8.0,82.0,32.0,4.0,7.4
8,max_to_sunset,SC4,10,-7.3484692283495345,54.0,8.0,82.0,32.0,4.0,7.4
8,first_to_first,SC4,11,-2.449489742783178,6.0,19.0,9.0,32.0,4.0,7.4
8,last_to_last,SC4,11,-2.449489742783178,6.0,19.0,9.0,32.0,6.0,7.4
8,mid_to_mid,SC4,11,1.0,0.0,19.0,9.0,32.0,6.0,7.4
8,max_to_max,SC4,11,-3.7416573867739413,18.0,19.0,9.0,32.0,6.0,7.4
8,max_to_sunset,SC4,11,-4.242640687119285,18.0,19.0,9.0,32.0,6.0,7.4
8,first_to_first,SC4,12,-2.23606797749979,5.0,7.0,2.0,32.0,6.0,7.4
8,last_to_last,SC4,12,5.916079783099616,0.0,7.0,2.0,32.0,6.0,7.4
8,mid_to_mid,SC4,12,2.8284271247461903,0.0,7.0,2.0,32.0,6.0,7.4
8,max_to_max,SC4,12,11.224972160321824,5.0,7.0,2.0,32.0,6.0,7.4
8,max_to_sunset,SC4,12,5.477225575051661,5.0,7.0,2.0,32.0,6.0,7.4
8,first_to_first,SC4,13,9.591663046625438,0.0,8.0,0.0,32.0,7.0,7.4
8,last_to_last,SC4,13,8.660254037844387,0.0,8.0,0.0,30.0,7.0,7.4
8,mid_to_mid,SC4,13,9.9498743710662,0.0,8.0,0.0,32.0,7.0,7.4
8,max_to_max,SC4,13,14.422205101855956,0.0,8.0,0.0,32.0,7.0,7.4
8,max_to_sunset,SC4,13,8.660254037844387,0.0,8.0,0.0,32.0,7.0,7.4
8,first_to_first,SC4,14,9.055385138137417,0.0,17.0,2.0,30.0,7.0,7.4
8,last_to_last,SC4,14,11.575836902790225,129.0,17.0,2.0,30.0,7.0,7.4
8,mid_to_mid,SC4,14,2.0,0.0,17.0,2.0,30.0,7.0,7.4
8,max_to_max,SC4,14,13.114877048604,150.0,17.0,2.0,30.0,7.0,7.4
8,max_to_sunset,SC4,14,10.63014581273465,150.0,17.0,2.0,30.0,7.0,7.4
8,first_to_first,SC4,15,10.392304845413264,126.0,14.0,48.0,30.0,6.0,7.4
8,last_to_last,SC4,15,11.224972160321824,3.0,14.0,48.0,23.0,6.0,7.4
8,mid_to_mid,SC4,15,-1.7320508075688772,18.0,14.0,48.0,30.0,6.0,7.4
8,max_to_max,SC4,15,9.9498743710662,135.0,14.0,48.0,30.0,6.0,7.4
8,max_to_sunset,SC4,15,-2.449489742783178,135.0,14.0,48.0,30.0,6.0,7.4
8,first_to_first,SC4,16,12.609520212918492,7.0,17.0,0.0,23.0,6.0,7.4
8,last_to_last,SC4,16,9.486832980505138,0.0,17.0,0.0,23.0,6.0,7.4
8,mid_to_mid,SC4,16,10.295630140987,0.0,17.0,0.0,23.0,6.0,7.4
8,max_to_max,SC4,16,12.569805089976535,8.0,17.0,0.0,23.0,6.0,7.4
8,max_to_sunset,SC4,16,9.055385138137417,8.0,17.0,0.0,23.0,6.0,7.4
8,first_to_first,SC4,17,10.862780491200215,0.0,14.0,0.0,23.0,6.0,6.2
8,last_to_last,SC4,17,0.0,0.0,14.0,0.0,23.0,6.0,6.2
8,mid_to_mid,SC4,17,1.4142135623730951,0.0,14.0,0.0,23.0,6.0,6.2
8,max_to_max,SC4,17,10.862780491200215,0.0,14.0,0.0,23.0,6.0,6.2
8,max_to_sunset,SC4,17,0.0,0.0,14.0,0.0,23.0,6.0,6.2
8,first_to_first,SC4,18,0.0,0.0,13.0,0.0,23.0,6.0,6.2
8,last_to_last,SC4,18,1.0,0.0,13.0,0.0,24.0,6.0,6.2
8,mid_to_mid,SC4,18,0.0,0.0,13.0,0.0,23.0,6.0,6.2
8,max_to_max,SC4,18,2.449489742783178,0.0,13.0,0.0,23.0,6.0,6.2
8,max_to_sunset,SC4,18,1.0,0.0,13.0,0.0,24.0,6.0,6.2
8,first_to_first,SC4,19,1.0,0.0,17.0,3.0,24.0,6.0,6.2
8,last_to_last,SC4,19,0.0,0.0,17.0,3.0,24.0,6.0,6.2
8,mid_to_mid,SC4,19,-1.0,1.0,17.0,3.0,24.0,6.0,6.2
8,max_to_max,SC4,19,-1.7320508075688772,4.0,17.0,3.0,24.0,6.0,6.2
8,max_to_sunset,SC4,19,-2.0,4.0,17.0,3.0,24.0,6.0,6.2
8,first_to_first,SC4,20,0.0,0.0,16.0,80.0,24.0,6.0,5.1
8,last_to_last,SC4,20,7.0710678118654755,35.0,16.0,80.0,24.0,6.0,5.1
8,mid_to_mid,SC4,20,-1.4142135623730951,8.0,16.0,80.0,24.0,6.0,5.1
8,max_to_max,SC4,20,-6.557438524302,131.0,16.0,80.0,24.0,6.0,5.1
8,max_to_sunset,SC4,20,-6.782329983125268,131.0,16.0,80.0,24.0,6.0,5.1
8,first_to_first,SC4,21,2.0,92.0,15.0,0.0,24.0,6.0,5.1
8,last_to_last,SC4,21,-8.602325267042627,75.0,15.0,0.0,24.0,6.0,5.1
8,mid_to_mid,SC4,21,6.48074069840786,99.0,15.0,0.0,24.0,6.0,5.1
8,max_to_max,SC4,21,-8.18535277187245,208.0,15.0,0.0,24.0,6.0,5.1
8,max_to_sunset,SC4,21,-14.38749456993816,208.0,15.0,0.0,24.0,6.0,5.1
8,first_to_first,SC4,22,-9.055385138137417,82.0,14.0,48.0,24.0,6.0,5.1
8,last_to_last,SC4,22,-16.06237840420901,263.0,14.0,48.0,24.0,6.0,5.1
8,mid_to_mid,SC4,22,0.0,4.0,14.0,48.0,24.0,6.0,5.1
8,max_to_max,SC4,22,-17.60681686165901,322.0,14.0,48.0,24.0,6.0,5.1
8,max_to_sunset,SC4,22,-17.804493814764857,322.0,14.0,48.0,24.0,6.0,5.1
8,first_to_first,SC4,23,-15.0996688705415,234.0,6.0,40.0,24.0,5.0,5.1
8,last_to_last,SC4,23,-11.357816691600547,129.0,6.0,40.0,24.0,5.0,5.1
8,mid_to_mid,SC4,23,-3.3166247903554,15.0,6.0,40.0,24.0,5.0,5.1
8,max_to_max,SC4,23,-15.0996688705415,234.0,6.0,40.0,24.0,5.0,5.1
8,max_to_sunset,SC4,23,-15.297058540778355,234.0,6.0,40.0,24.0,5.0,5.1
8,first_to_first,SC4,24,-12.884098726725126,166.0,7.0,61.0,24.0,5.0,5.5
8,last_to_last,SC4,24,4.358898943540674,90.0,7.0,61.0,24.0,5.0,5.5
8,mid_to_mid,SC4,24,-9.9498743710662,106.0,7.0,61.0,24.0,5.0,5.5
8,max_to_max,SC4,24,-6.782329983125268,166.0,7.0,61.0,24.0,5.0,5.5
8,max_to_sunset,SC4,24,-7.54983443527075,166.0,7.0,61.0,24.0,5.0,5.5
8,first_to_first,SC4,25,4.123105625617661,118.0,11.0,47.0,24.0,5.0,5.5
8,last_to_last,SC4,25,9.539392014169456,0.0,11.0,47.0,24.0,5.0,5.5
8,mid_to_mid,SC4,25,3.872983346207417,2.0,11.0,47.0,24.0,5.0,5.5
8,max_to_max,SC4,25,5.916079783099616,118.0,11.0,47.0,24.0,5.0,5.5
8,max_to_sunset,SC4,25,-5.196152422706632,118.0,11.0,47.0,24.0,5.0,5.5
8,first_to_first,SC4,26,11.269427669584644,0.0,22.0,3.0,24.0,5.0,5.5
8,last_to_last,SC4,26,1.4142135623730951,1.0,22.0,3.0,24.0,5.0,5.5
8,mid_to_mid,SC4,26,3.1622776601683795,0.0,22.0,3.0,24.0,5.0,5.5
8,max_to_max,SC4,26,11.0,6.0,22.0,3.0,24.0,5.0,5.5
8,max_to_sunset,SC4,26,-1.7320508075688772,6.0,22.0,3.0,24.0,5.0,5.5
8,first_to_first,SC6,1,5.916079783099616,0.0,21.0,1.0,25.0,9.0,7.8
8,last_to_last,SC6,1,4.795831523312719,1.0,21.0,1.0,25.0,9.0,7.8
8,mid_to_mid,SC6,1,6.708203932499369,0.0,21.0,1.0,25.0,9.0,7.8
8,max_to_max,SC6,1,7.3484692283495345,2.0,21.0,1.0,25.0,9.0,7.8
8,max_to_sunset,SC6,1,4.69041575982343,2.0,21.0,1.0,25.0,9.0,7.8
8,first_to_first,SC6,2,5.0,0.0,18.0,14.0,25.0,8.0,7.8
8,last_to_last,SC6,2,-11.575836902790225,196.0,18.0,14.0,25.0,8.0,7.8
8,mid_to_mid,SC6,2,5.0,1.0,18.0,14.0,25.0,8.0,7.8
8,max_to_max,SC6,2,-14.45683229480096,284.0,18.0,14.0,25.0,8.0,7.8
8,max_to_sunset,SC6,2,-14.89966442575134,284.0,18.0,14.0,25.0,8.0,7.8
8,first_to_first,SC6,3,-8.06225774829855,106.0,14.0,36.0,25.0,8.0,7.8
8,last_to_last,SC6,3,4.358898943540674,65.0,14.0,36.0,22.0,7.0,7.8
8,mid_to_mid,SC6,3,-5.385164807134504,61.0,14.0,36.0,25.0,7.0,7.8
8,max_to_max,SC6,3,-6.0,120.0,14.0,36.0,25.0,7.0,7.8
8,max_to_sunset,SC6,3,-6.0,120.0,14.0,36.0,25.0,7.0,7.8
8,first_to_first,SC6,4,4.123105625617661,46.0,17.0,3.0,19.0,7.0,7.8
8,last_to_last,SC6,4,6.6332495807108,19.0,17.0,3.0,18.0,7.0,7.8
8,mid_to_mid,SC6,4,4.795831523312719,26.0,17.0,3.0,19.0,7.0,7.8
8,max_to_max,SC6,4,1.4142135623730951,77.0,17.0,3.0,19.0,7.0,7.8
8,max_to_sunset,SC6,4,-3.7416573867739413,77.0,17.0,3.0,19.0,7.0,7.8
8,first_to_first,SC6,5,6.324555320336759,15.0,15.0,12.0,18.0,7.0,7.8
8,last_to_last,SC6,5,7.615773105863909,14.0,15.0,12.0,18.0,7.0,7.8
8,mid_to_mid,SC6,5,4.242640687119285,18.0,15.0,12.0,18.0,7.0,7.8
8,max_to_max,SC6,5,9.486832980505138,18.0,15.0,12.0,18.0,7.0,7.8
8,max_to_sunset,SC6,5,7.3484692283495345,18.0,15.0,12.0,18.0,7.0,7.8
8,first_to_first,SC6,6,6.782329983125268,15.0,14.0,0.0,18.0,7.0,7.8
8,last_to_last,SC6,6,8.426149773176359,5.0,14.0,0.0,19.0,7.0,7.8
8,mid_to_mid,SC6,6,6.782329983125268,6.0,14.0,0.0,18.0,7.0,7.8
8,max_to_max,SC6,6,8.12403840463596,17.0,14.0,0.0,19.0,7.0,7.8
8,max_to_sunset,SC6,6,7.681145747868608,17.0,14.0,0.0,19.0,7.0,7.8
8,first_to_first,SC6,7,5.916079783099616,7.0,13.0,0.0,19.0,7.0,7.8
8,last_to_last,SC6,7,5.0,5.0,13.0,0.0,19.0,7.0,7.8
8,mid_to_mid,SC6,7,5.477225575051661,6.0,13.0,0.0,19.0,7.0,7.8
8,max_to_max,SC6,7,7.874007874011811,15.0,13.0,0.0,19.0,7.0,7.8
8,max_to_sunset,SC6,7,3.872983346207417,15.0,13.0,0.0,19.0,7.0,7.8
8,first_to_first,SC6,8,5.291502622129181,4.0,16.0,52.0,19.0,7.0,4.7
8,last_to_last,SC6,8,-5.291502622129181,62.0,16.0,52.0,19.0,7.0,4.7
8,mid_to_mid,SC6,8,6.324555320336759,1.0,16.0,52.0,19.0,7.0,4.7
8,max_to_max,SC6,8,-8.06225774829855,135.0,16.0,52.0,19.0,7.0,4.7
8,max_to_sunset,SC6,8,-10.04987562112089,135.0,16.0,52.0,19.0,7.0,4.7
8,first_to_first,SC6,9,-4.0,35.0,14.0,0.0,19.0,7.0,4.7
8,last_to_last,SC6,9,-2.0,24.0,14.0,0.0,19.0,7.0,4.7
8,mid_to_mid,SC6,9,-4.358898943540674,45.0,14.0,0.0,19.0,7.0,4.7
8,max_to_max,SC6,9,-5.477225575051661,56.0,14.0,0.0,19.0,7.0,4.7
8,max_to_sunset,SC6,9,-6.0,56.0,14.0,0.0,19.0,7.0,4.7
8,first_to_first,SC6,10,1.4142135623730951,25.0,14.0,120.0,19.0,7.0,4.7
8,last_to_last,SC6,10,10.14889156509222,62.0,14.0,120.0,19.0,7.0,4.7
8,mid_to_mid,SC6,10,-3.7416573867739413,26.0,14.0,120.0,19.0,7.0,4.7
8,max_to_max,SC6,10,9.486832980505138,75.0,14.0,120.0,19.0,7.0,4.7
8,max_to_sunset,SC6,10,9.486832980505138,75.0,14.0,120.0,19.0,7.0,4.7
8,first_to_first,SC6,11,10.14889156509222,41.0,14.0,122.0,19.0,6.0,4.7
8,last_to_last,SC6,11,-5.385164807134504,84.0,14.0,122.0,19.0,6.0,4.7
8,mid_to_mid,SC6,11,4.358898943540674,32.0,14.0,122.0,19.0,6.0,4.7
8,max_to_max,SC6,11,7.745966692414834,84.0,14.0,122.0,19.0,6.0,4.7
8,max_to_sunset,SC6,11,-5.385164807134504,84.0,14.0,122.0,19.0,6.0,4.7
8,first_to_first,SC6,12,-4.242640687119285,63.0,13.0,32.0,19.0,6.0,5.9
8,last_to_last,SC6,12,-6.48074069840786,63.0,13.0,32.0,19.0,6.0,5.9
8,mid_to_mid,SC6,12,-3.1622776601683795,49.0,13.0,32.0,19.0,6.0,5.9
8,max_to_max,SC6,12,0.0,79.0,13.0,32.0,19.0,6.0,5.9
8,max_to_sunset,SC6,12,-7.615773105863909,79.0,13.0,32.0,19.0,6.0,5.9
8,first_to_first,SC6,13,-5.656854249492381,55.0,15.0,73.0,19.0,6.0,5.9
8,last_to_last,SC6,13,-6.324555320336759,72.0,15.0,73.0,19.0,6.0,5.9
8,mid_to_mid,SC6,13,-3.4641016151377544,36.0,15.0,73.0,19.0,6.0,5.9
8,max_to_max,SC6,13,-8.18535277187245,108.0,15.0,73.0,19.0,6.0,5.9
8,max_to_sunset,SC6,13,-8.717797887081348,108.0,15.0,73.0,19.0,6.0,5.9
8,first_to_first,SC6,14,-6.324555320336759,61.0,16.0,233.0,19.0,6.0,5.9
8,last_to_last,SC6,14,-7.745966692414834,76.0,16.0,233.0,18.0,6.0,5.9
8,mid_to_mid,SC6,14,-6.4031242374328485,52.0,16.0,233.0,19.0,6.0,5.9
8,max_to_max,SC6,14,-7.211102550927978,83.0,16.0,233.0,18.0,6.0,5.9
8,max_to_sunset,SC6,14,-8.18535277187245,83.0,16.0,233.0,18.0,6.0,5.9
8,first_to_first,SC8,1,-3.4641016151377544,238.0,16.0,0.0,20.0,4.0,8.7
8,last_to_last,SC8,1,-7.0710678118654755,254.0,16.0,0.0,17.0,4.0,8.7
8,mid_to_mid,SC8,1,-6.48074069840786,238.0,16.0,0.0,20.0,4.0,8.7
8,max_to_max,SC8,1,-5.291502622129181,255.0,16.0,0.0,17.0,4.0,8.7
8,max_to_sunset,SC8,1,-7.14142842854285,255.0,16.0,0.0,17.0,4.0,8.7
8,first_to_first,SC8,2,-7.14142842854285,264.0,6.0,1.0,17.0,4.0,8.7
8,last_to_last,SC8,2,-5.656854249492381,243.0,6.0,1.0,17.0,4.0,8.7
8,mid_to_mid,SC8,2,-5.744562646538029,247.0,6.0,1.0,17.0,4.0,8.7
8,max_to_max,SC8,2,-7.0710678118654755,264.0,6.0,1.0,17.0,4.0,8.7
8,max_to_sunset,SC8,2,-7.280109889280518,264.0,6.0,1.0,17.0,4.0,8.7
8,first_to_first,SC8,3,-3.4641016151377544,243.0,6.0,9.0,17.0,4.0,8.4
8,last_to_last,SC8,3,6.782329983125268,225.0,6.0,9.0,17.0,4.0,8.4
8,mid_to_mid,SC8,3,-5.0,228.0,6.0,9.0,17.0,4.0,8.4
8,max_to_max,SC8,3,5.291502622129181,243.0,6.0,9.0,17.0,4.0,8.4
8,max_to_sunset,SC8,3,5.291502622129181,243.0,6.0,9.0,17.0,4.0,8.4
8,first_to_first,SC8,4,6.164414002968976,238.0,12.0,32.0,17.0,4.0,8.4
8,last_to_last,SC8,4,6.48074069840786,242.0,12.0,32.0,17.0,5.0,8.4
8,mid_to_mid,SC8,4,4.123105625617661,231.0,12.0,32.0,17.0,5.0,8.4
8,max_to_max,SC8,4,6.48074069840786,242.0,12.0,32.0,17.0,5.0,8.4
8,max_to_sunset,SC8,4,6.48074069840786,242.0,12.0,32.0,17.0,5.0,8.4
8,first_to_first,SC8,5,7.0710678118654755,243.0,9.0,26.0,17.0,5.0,8.4
8,last_to_last,SC8,5,-14.247806848775006,253.0,9.0,26.0,17.0,5.0,8.4
8,mid_to_mid,SC8,5,-15.066519173319364,249.0,9.0,26.0,17.0,5.0,8.4
8,max_to_max,SC8,5,6.164414002968976,255.0,9.0,26.0,17.0,5.0,8.4
8,max_to_sunset,SC8,5,-14.317821063276353,255.0,9.0,26.0,17.0,5.0,8.4
8,first_to_first,SC8,6,-14.45683229480096,252.0,8.0,9.0,17.0,5.0,8.4
8,last_to_last,SC8,6,-14.966629547095765,236.0,8.0,9.0,17.0,5.0,8.4
8,mid_to_mid,SC8,6,-14.66287829861518,232.0,8.0,9.0,17.0,5.0,8.4
8,max_to_max,SC8,6,-13.856406460551018,253.0,8.0,9.0,17.0,5.0,8.4
8,max_to_sunset,SC8,6,-15.524174696260024,253.0,8.0,9.0,17.0,5.0,8.4
8,first_to_first,SC8,7,-15.231546211727817,245.0,7.0,4.0,17.0,5.0,4.9
8,last_to_last,SC8,7,-14.38749456993816,210.0,7.0,4.0,18.0,5.0,7.0
8,mid_to_mid,SC8,7,-13.856406460551018,204.0,7.0,4.0,17.0,5.0,7.0
8,max_to_max,SC8,7,-14.866068747318506,245.0,7.0,4.0,17.0,5.0,6.3
8,max_to_sunset,SC8,7,-15.556349186104045,245.0,7.0,4.0,18.0,5.0,7.0
8,first_to_first,SC8,8,-14.247806848775006,205.0,13.0,10.0,18.0,6.0,7.0
8,last_to_last,SC8,8,-14.491376746189438,212.0,13.0,10.0,18.0,6.0,7.0
8,mid_to_mid,SC8,8,-14.106735979665885,201.0,13.0,10.0,18.0,6.0,7.0
8,max_to_max,SC8,8,-14.422205101855956,212.0,13.0,10.0,18.0,6.0,7.0
8,max_to_sunset,SC8,8,-14.491376746189438,212.0,13.0,10.0,18.0,6.0,7.0
8,first_to_first,SC8,9,-14.89966442575134,226.0,7.0,2.0,18.0,6.0,7.0
8,last_to_last,SC8,9,-14.177446878757825,204.0,7.0,2.0,18.0,6.0,7.0
8,mid_to_mid,SC8,9,-13.856406460551018,196.0,7.0,2.0,18.0,6.0,7.0
8,max_to_max,SC8,9,-14.832396974191326,227.0,7.0,2.0,18.0,6.0,7.0
8,max_to_sunset,SC8,9,-14.966629547095765,227.0,7.0,2.0,18.0,6.0,7.0
8,first_to_first,SC8,10,-14.422205101855956,213.0,14.0,0.0,18.0,6.0,8.2
8,last_to_last,SC8,10,-14.38749456993816,211.0,14.0,0.0,18.0,6.0,8.2
8,mid_to_mid,SC8,10,-14.422205101855956,214.0,14.0,0.0,18.0,6.0,8.2
8,max_to_max,SC8,10,-13.820274961085254,214.0,14.0,0.0,18.0,6.0,8.2
8,max_to_sunset,SC8,10,-14.491376746189438,214.0,14.0,0.0,18.0,6.0,8.2
8,first_to_first,SC8,11,-15.0,231.0,14.0,2.0,18.0,6.0,8.2
8,last_to_last,SC8,11,-16.217274740226856,271.0,14.0,2.0,18.0,6.0,8.2
8,mid_to_mid,SC8,11,-14.035668847618199,203.0,14.0,2.0,18.0,6.0,8.2
8,max_to_max,SC8,11,-16.217274740226856,271.0,14.0,2.0,18.0,6.0,8.2
8,max_to_sunset,SC8,11,-16.217274740226856,271.0,14.0,2.0,18.0,6.0,8.2
8,first_to_first,SC8,12,-16.3707055437449,276.0,13.0,12.0,18.0,6.0,8.2
8,last_to_last,SC8,12,-16.583123951777,284.0,13.0,12.0,18.0,6.0,8.2
8,mid_to_mid,SC8,12,-15.491933384829668,248.0,13.0,12.0,18.0,6.0,8.2
8,max_to_max,SC8,12,-16.583123951777,284.0,13.0,12.0,18.0,6.0,8.2
8,max_to_sunset,SC8,12,-16.583123951777,284.0,13.0,12.0,18.0,6.0,8.2
8,first_to_first,SC8,13,-16.64331697709324,293.0,12.0,5.0,18.0,6.0,8.2
8,last_to_last,SC8,13,-5.196152422706632,50.0,12.0,5.0,18.0,6.0,8.2
8,mid_to_mid,SC8,13,1.4142135623730951,22.0,12.0,5.0,18.0,6.0,8.2
8,max_to_max,SC8,13,-16.0,293.0,12.0,5.0,18.0,6.0,8.2
8,max_to_sunset,SC8,13,-16.431676725154983,293.0,12.0,5.0,18.0,6.0,8.2
8,first_to_first,SC8,14,-4.358898943540674,43.0,11.0,22.0,18.0,7.0,8.2
8,last_to_last,SC8,14,5.385164807134504,12.0,11.0,22.0,21.0,7.0,8.2
8,mid_to_mid,SC8,14,-2.6457513110645907,17.0,11.0,22.0,18.0,7.0,8.2
8,max_to_max,SC8,14,-4.47213595499958,61.0,11.0,22.0,18.0,7.0,8.2
8,max_to_sunset,SC8,14,-4.47213595499958,61.0,11.0,22.0,21.0,7.0,8.2
8,first_to_first,SC8,15,-1.7320508075688772,13.0,12.0,0.0,21.0,7.0,8.2
8,last_to_last,SC8,15,0.0,3.0,12.0,0.0,21.0,7.0,8.2
8,mid_to_mid,SC8,15,-3.0,12.0,12.0,0.0,21.0,7.0,8.2
8,max_to_max,SC8,15,-1.4142135623730951,24.0,12.0,0.0,21.0,7.0,8.2
8,max_to_sunset,SC8,15,-4.58257569495584,24.0,12.0,0.0,21.0,7.0,8.2
9,first_to_first,SC1,1,-10.392304845413264,108.0,16.0,0.0,22.0,6.0,6.3
9,last_to_last,SC1,1,-7.14142842854285,51.0,16.0,0.0,22.0,6.0,6.3
9,mid_to_mid,SC1,1,-8.48528137423857,72.0,16.0,0.0,22.0,6.0,6.3
9,max_to_max,SC1,1,-11.0,121.0,16.0,0.0,22.0,6.0,6.3
9,max_to_sunset,SC1,1,-11.0,121.0,16.0,0.0,22.0,6.0,6.3
9,first_to_first,SC1,2,-7.483314773547883,56.0,16.0,0.0,22.0,6.0,6.3
9,last_to_last,SC1,2,-4.795831523312719,23.0,16.0,0.0,22.0,6.0,6.3
9,mid_to_mid,SC1,2,-6.6332495807108,44.0,16.0,0.0,22.0,6.0,6.3
9,max_to_max,SC1,2,-7.483314773547883,56.0,16.0,0.0,22.0,6.0,6.3
9,max_to_sunset,SC1,2,-7.483314773547883,56.0,16.0,0.0,22.0,6.0,6.3
9,first_to_first,SC1,3,-3.3166247903554,11.0,11.0,5.0,22.0,6.0,6.3
9,last_to_last,SC1,3,-1.4142135623730951,2.0,11.0,5.0,22.0,6.0,6.3
9,mid_to_mid,SC1,3,-2.449489742783178,6.0,11.0,5.0,22.0,6.0,6.3
9,max_to_max,SC1,3,-4.58257569495584,21.0,11.0,5.0,22.0,6.0,6.3
9,max_to_sunset,SC1,3,-4.58257569495584,21.0,11.0,5.0,22.0,6.0,6.3
9,first_to_first,SC1,4,-2.23606797749979,5.0,9.0,3.0,22.0,6.0,6.3
9,last_to_last,SC1,4,0.0,0.0,9.0,3.0,22.0,6.0,6.3
9,mid_to_mid,SC1,4,-1.4142135623730951,2.0,9.0,3.0,22.0,6.0,6.3
9,max_to_max,SC1,4,-2.23606797749979,5.0,9.0,3.0,22.0,6.0,6.3
9,max_to_sunset,SC1,4,-2.23606797749979,5.0,9.0,3.0,22.0,6.0,6.3
9,first_to_first,SC1,5,0.0,0.0,13.0,0.0,22.0,6.0,6.3
9,last_to_last,SC1,5,0.0,0.0,13.0,0.0,22.0,6.0,6.3
9,mid_to_mid,SC1,5,0.0,0.0,13.0,0.0,22.0,6.0,6.3
9,max_to_max,SC1,5,0.0,0.0,13.0,0.0,22.0,6.0,6.3
9,max_to_sunset,SC1,5,0.0,0.0,13.0,0.0,22.0,6.0,6.3
9,first_to_first,SC1,6,0.0,0.0,14.0,0.0,22.0,6.0,6.3
9,last_to_last,SC1,6,0.0,0.0,14.0,0.0,20.0,6.0,6.3
9,mid_to_mid,SC1,6,0.0,0.0,14.0,0.0,22.0,6.0,6.3
9,max_to_max,SC1,6,0.0,0.0,14.0,0.0,22.0,6.0,6.3
9,max_to_sunset,SC1,6,0.0,0.0,14.0,0.0,22.0,6.0,6.3
9,first_to_first,SC1,7,0.0,0.0,12.0,0.0,20.0,6.0,6.3
9,last_to_last,SC1,7,0.0,0.0,12.0,0.0,20.0,6.0,6.3
9,mid_to_mid,SC1,7,0.0,0.0,12.0,0.0,20.0,6.0,6.3
9,max_to_max,SC1,7,0.0,0.0,12.0,0.0,20.0,6.0,6.3
9,max_to_sunset,SC1,7,0.0,0.0,12.0,0.0,20.0,6.0,6.3
9,first_to_first,SC1,8,0.0,0.0,11.0,0.0,20.0,6.0,6.3
9,last_to_last,SC1,8,0.0,0.0,11.0,0.0,20.0,6.0,6.3
9,mid_to_mid,SC1,8,0.0,0.0,11.0,0.0,20.0,6.0,6.3
9,max_to_max,SC1,8,0.0,0.0,11.0,0.0,20.0,6.0,6.3
9,max_to_sunset,SC1,8,0.0,0.0,11.0,0.0,20.0,6.0,6.3
9,first_to_first,SC1,9,0.0,0.0,7.0,0.0,20.0,6.0,6.3
9,last_to_last,SC1,9,0.0,0.0,7.0,0.0,20.0,8.0,6.2
9,mid_to_mid,SC1,9,0.0,0.0,7.0,0.0,20.0,8.0,6.3
9,max_to_max,SC1,9,0.0,0.0,7.0,0.0,20.0,6.0,6.3
9,max_to_sunset,SC1,9,0.0,0.0,7.0,0.0,20.0,6.0,6.3
9,first_to_first,SC1,10,0.0,0.0,11.0,0.0,20.0,8.0,6.2
9,last_to_last,SC1,10,0.0,0.0,11.0,0.0,22.0,8.0,6.2
9,mid_to_mid,SC1,10,0.0,0.0,11.0,0.0,21.0,8.0,6.2
9,max_to_max,SC1,10,0.0,0.0,11.0,0.0,20.0,8.0,6.2
9,max_to_sunset,SC1,10,0.0,0.0,11.0,0.0,22.0,8.0,6.2
9,first_to_first,SC1,11,0.0,0.0,10.0,0.0,22.0,8.0,6.2
9,last_to_last,SC1,11,0.0,0.0,10.0,0.0,22.0,8.0,6.2
9,mid_to_mid,SC1,11,0.0,0.0,10.0,0.0,22.0,8.0,6.2
9,max_to_max,SC1,11,0.0,0.0,10.0,0.0,22.0,8.0,6.2
9,max_to_sunset,SC1,11,0.0,0.0,10.0,0.0,22.0,8.0,6.2
9,first_to_first,SC1,12,0.0,0.0,12.0,0.0,22.0,8.0,6.2
9,last_to_last,SC1,12,0.0,0.0,12.0,0.0,22.0,8.0,6.2
9,mid_to_mid,SC1,12,0.0,0.0,12.0,0.0,22.0,8.0,6.2
9,max_to_max,SC1,12,0.0,0.0,12.0,0.0,22.0,8.0,6.2
9,max_to_sunset,SC1,12,0.0,0.0,12.0,0.0,22.0,8.0,6.2
9,first_to_first,SC1,13,0.0,0.0,9.0,0.0,22.0,9.0,6.2
9,last_to_last,SC1,13,0.0,0.0,9.0,0.0,22.0,8.0,6.2
9,mid_to_mid,SC1,13,0.0,0.0,9.0,0.0,22.0,9.0,6.2
9,max_to_max,SC1,13,0.0,0.0,9.0,0.0,22.0,9.0,6.2
9,max_to_sunset,SC1,13,0.0,0.0,9.0,0.0,22.0,8.0,6.2
9,first_to_first,SC1,14,0.0,0.0,12.0,0.0,22.0,8.0,6.2
9,last_to_last,SC1,14,0.0,0.0,12.0,0.0,22.0,6.0,6.2
9,mid_to_mid,SC1,14,0.0,0.0,12.0,0.0,22.0,6.0,6.2
9,max_to_max,SC1,14,0.0,0.0,12.0,0.0,22.0,8.0,6.2
9,max_to_sunset,SC1,14,0.0,0.0,12.0,0.0,22.0,6.0,6.2
9,first_to_first,SC1,15,0.0,0.0,13.0,0.0,22.0,6.0,6.2
9,last_to_last,SC1,15,0.0,0.0,13.0,0.0,22.0,6.0,5.7
9,mid_to_mid,SC1,15,0.0,0.0,13.0,0.0,22.0,6.0,6.2
9,max_to_max,SC1,15,0.0,0.0,13.0,0.0,22.0,6.0,6.2
9,max_to_sunset,SC1,15,0.0,0.0,13.0,0.0,22.0,6.0,6.2
9,first_to_first,SC1,16,0.0,0.0,10.0,0.0,22.0,6.0,5.7
9,last_to_last,SC1,16,0.0,0.0,10.0,0.0,22.0,6.0,5.7
9,mid_to_mid,SC1,16,0.0,0.0,10.0,0.0,22.0,6.0,5.7
9,max_to_max,SC1,16,0.0,0.0,10.0,0.0,22.0,6.0,5.7
9,max_to_sunset,SC1,16,0.0,0.0,10.0,0.0,22.0,6.0,5.7
9,first_to_first,SC1,17,0.0,0.0,12.0,0.0,22.0,6.0,5.7
9,last_to_last,SC1,17,0.0,0.0,12.0,0.0,22.0,6.0,5.7
9,mid_to_mid,SC1,17,0.0,0.0,12.0,0.0,22.0,6.0,5.7
9,max_to_max,SC1,17,0.0,0.0,12.0,0.0,22.0,6.0,5.7
9,max_to_sunset,SC1,17,0.0,0.0,12.0,0.0,22.0,6.0,5.7
9,first_to_first,SC1,18,0.0,0.0,12.0,0.0,22.0,6.0,5.7
9,last_to_last,SC1,18,0.0,0.0,12.0,0.0,22.0,6.0,5.7
9,mid_to_mid,SC1,18,0.0,0.0,12.0,0.0,22.0,6.0,5.7
9,max_to_max,SC1,18,0.0,0.0,12.0,0.0,22.0,6.0,5.7
9,max_to_sunset,SC1,18,0.0,0.0,12.0,0.0,22.0,6.0,5.7
9,first_to_first,SC1,19,0.0,0.0,16.0,0.0,22.0,6.0,5.7
9,last_to_last,SC1,19,0.0,0.0,16.0,0.0,21.0,6.0,5.7
9,mid_to_mid,SC1,19,0.0,0.0,16.0,0.0,22.0,6.0,5.7
9,max_to_max,SC1,19,0.0,0.0,16.0,0.0,22.0,6.0,5.7
9,max_to_sunset,SC1,19,0.0,0.0,16.0,0.0,22.0,6.0,5.7
9,first_to_first,SC1,20,0.0,0.0,14.0,0.0,21.0,6.0,5.7
9,last_to_last,SC1,20,0.0,0.0,14.0,0.0,21.0,6.0,5.7
9,mid_to_mid,SC1,20,0.0,0.0,14.0,0.0,21.0,6.0,5.7
9,max_to_max,SC1,20,0.0,0.0,14.0,0.0,21.0,6.0,5.7
9,max_to_sunset,SC1,20,0.0,0.0,14.0,0.0,21.0,6.0,5.7
9,first_to_first,SC10,1,22.338307903688676,0.0,21.0,0.0,21.0,3.0,7.4
9,last_to_last,SC10,1,20.8806130178211,0.0,21.0,0.0,21.0,3.0,7.4
9,mid_to_mid,SC10,1,20.396078054371138,0.0,21.0,0.0,21.0,3.0,7.4
9,max_to_max,SC10,1,22.360679774997898,0.0,21.0,0.0,21.0,3.0,7.4
9,max_to_sunset,SC10,1,20.8806130178211,0.0,21.0,0.0,21.0,3.0,7.4
9,first_to_first,SC10,2,11.61895003862225,0.0,13.0,8.0,21.0,3.0,7.4
9,last_to_last,SC10,2,7.211102550927978,0.0,13.0,8.0,21.0,3.0,7.4
9,mid_to_mid,SC10,2,1.7320508075688772,4.0,13.0,8.0,21.0,3.0,7.4
9,max_to_max,SC10,2,18.920887928424502,39.0,13.0,8.0,21.0,3.0,7.4
9,max_to_sunset,SC10,2,3.605551275463989,39.0,13.0,8.0,21.0,3.0,7.4
9,first_to_first,SC10,3,7.681145747868608,10.0,15.0,104.0,21.0,3.0,7.4
9,last_to_last,SC10,3,-6.6332495807108,58.0,15.0,104.0,21.0,3.0,7.4
9,mid_to_mid,SC10,3,-2.0,8.0,15.0,104.0,21.0,3.0,7.4
9,max_to_max,SC10,3,1.0,78.0,15.0,104.0,21.0,3.0,7.4
9,max_to_sunset,SC10,3,-8.0,78.0,15.0,104.0,21.0,3.0,7.4
9,first_to_first,SC10,4,-7.54983443527075,60.0,18.0,176.0,21.0,3.0,7.4
9,last_to_last,SC10,4,-10.392304845413264,110.0,18.0,176.0,24.0,3.0,7.4
9,mid_to_mid,SC10,4,-3.0,9.0,18.0,176.0,22.0,3.0,7.4
9,max_to_max,SC10,4,-11.180339887498949,130.0,18.0,176.0,24.0,3.0,7.4
9,max_to_sunset,SC10,4,-11.313708498984761,130.0,18.0,176.0,24.0,3.0,7.4
9,first_to_first,SC10,5,-10.246950765959598,109.0,13.0,416.0,24.0,3.0,7.4
9,last_to_last,SC10,5,-11.445523142259598,132.0,13.0,416.0,24.0,3.0,7.4
9,mid_to_mid,SC10,5,-5.196152422706632,27.0,13.0,416.0,24.0,3.0,7.4
9,max_to_max,SC10,5,-11.958260743101398,148.0,13.0,416.0,24.0,3.0,7.4
9,max_to_sunset,SC10,5,-12.12435565298214,148.0,13.0,416.0,24.0,3.0,7.4
9,first_to_first,SC10,6,-10.954451150103322,120.0,8.0,385.0,24.0,3.0,7.4
9,last_to_last,SC10,6,-9.433981132056603,89.0,8.0,385.0,24.0,3.0,7.4
9,mid_to_mid,SC10,6,-6.928203230275509,48.0,8.0,385.0,24.0,3.0,7.4
9,max_to_max,SC10,6,-16.792855623746664,282.0,8.0,385.0,24.0,3.0,7.4
9,max_to_sunset,SC10,6,-16.792855623746664,282.0,8.0,385.0,24.0,3.0,7.4
9,first_to_first,SC10,7,-10.44030650891055,109.0,17.0,456.0,24.0,3.0,7.0
9,last_to_last,SC10,7,-11.704699910719626,137.0,17.0,456.0,24.0,3.0,7.0
9,mid_to_mid,SC10,7,-7.810249675906654,61.0,17.0,456.0,24.0,3.0,7.0
9,max_to_max,SC10,7,-17.4928556845359,306.0,17.0,456.0,24.0,3.0,7.0
9,max_to_sunset,SC10,7,-17.4928556845359,306.0,17.0,456.0,24.0,3.0,7.0
9,first_to_first,SC10,8,-10.954451150103322,120.0,13.0,387.0,24.0,4.0,7.0
9,last_to_last,SC10,8,-10.723805294763608,115.0,13.0,387.0,24.0,5.0,7.0
9,mid_to_mid,SC10,8,-6.928203230275509,48.0,13.0,387.0,24.0,5.0,7.0
9,max_to_max,SC10,8,-27.748873851023216,770.0,13.0,387.0,24.0,5.0,7.0
9,max_to_sunset,SC10,8,-27.748873851023216,770.0,13.0,387.0,24.0,5.0,7.0
9,first_to_first,SC10,9,-10.44030650891055,109.0,19.0,1122.0,24.0,5.0,7.2
9,last_to_last,SC10,9,-17.86057109949175,322.0,19.0,1122.0,24.0,6.0,7.2
9,mid_to_mid,SC10,9,-8.717797887081348,79.0,19.0,1122.0,24.0,6.0,7.2
9,max_to_max,SC10,9,-22.20360331117452,497.0,19.0,1122.0,24.0,6.0,7.2
9,max_to_sunset,SC10,9,-22.22611077089287,497.0,19.0,1122.0,24.0,6.0,7.2
9,first_to_first,SC10,10,-22.338307903688676,499.0,10.0,0.0,24.0,6.0,7.2
9,last_to_last,SC10,10,-14.89966442575134,436.0,10.0,0.0,24.0,6.0,7.2
9,mid_to_mid,SC10,10,-19.974984355438178,416.0,10.0,0.0,24.0,6.0,7.2
9,max_to_max,SC10,10,-11.958260743101398,500.0,10.0,0.0,24.0,6.0,7.2
9,max_to_sunset,SC10,10,-16.911534525287763,500.0,10.0,0.0,24.0,6.0,7.2
9,first_to_first,SC10,11,11.180339887498949,135.0,9.0,373.0,24.0,6.0,7.2
9,last_to_last,SC10,11,14.866068747318506,52.0,9.0,373.0,24.0,6.0,7.2
9,mid_to_mid,SC10,11,16.492422502470642,7.0,9.0,373.0,24.0,6.0,7.2
9,max_to_max,SC10,11,-9.38083151964686,397.0,9.0,373.0,24.0,6.0,7.2
9,max_to_sunset,SC10,11,-11.135528725660043,397.0,9.0,373.0,24.0,6.0,7.2
9,first_to_first,SC10,12,10.862780491200215,69.0,8.0,145.0,24.0,6.0,7.2
9,last_to_last,SC10,12,10.816653826391969,14.0,8.0,145.0,24.0,6.0,7.2
9,mid_to_mid,SC10,12,4.358898943540674,4.0,8.0,145.0,24.0,6.0,7.2
9,max_to_max,SC10,12,13.820274961085254,79.0,8.0,145.0,24.0,6.0,7.2
9,max_to_sunset,SC10,12,7.211102550927978,79.0,8.0,145.0,24.0,6.0,7.2
9,first_to_first,SC10,13,9.695359714832659,3.0,12.0,2.0,24.0,6.0,7.2
9,last_to_last,SC10,13,2.23606797749979,2.0,12.0,2.0,24.0,6.0,7.2
9,mid_to_mid,SC10,13,4.47213595499958,0.0,12.0,2.0,24.0,6.0,7.2
9,max_to_max,SC10,13,11.489125293076057,5.0,12.0,2.0,23.0,6.0,7.2
9,max_to_sunset,SC10,13,1.4142135623730951,5.0,12.0,2.0,24.0,6.0,7.2
9,first_to_first,SC10,14,-2.0,4.0,9.0,14.0,24.0,6.0,7.2
9,last_to_last,SC10,14,-1.0,1.0,9.0,14.0,28.0,6.0,7.2
9,mid_to_mid,SC10,14,0.0,0.0,9.0,14.0,25.0,6.0,7.2
9,max_to_max,SC10,14,-2.23606797749979,5.0,9.0,14.0,24.0,6.0,7.2
9,max_to_sunset,SC10,14,-2.23606797749979,5.0,9.0,14.0,28.0,6.0,7.2
9,first_to_first,SC10,15,0.0,0.0,11.0,0.0,28.0,6.0,7.2
9,last_to_last,SC10,15,2.8284271247461903,0.0,11.0,0.0,34.0,6.0,7.2
9,mid_to_mid,SC10,15,0.0,0.0,11.0,0.0,31.0,6.0,7.2
9,max_to_max,SC10,15,2.8284271247461903,0.0,11.0,0.0,34.0,6.0,7.2
9,max_to_sunset,SC10,15,2.8284271247461903,0.0,11.0,0.0,34.0,6.0,7.2
9,first_to_first,SC10,16,2.6457513110645907,0.0,12.0,0.0,34.0,6.0,7.2
9,last_to_last,SC10,16,1.7320508075688772,0.0,12.0,0.0,34.0,6.0,7.2
9,mid_to_mid,SC10,16,0.0,0.0,12.0,0.0,34.0,6.0,7.2
9,max_to_max,SC10,16,4.795831523312719,0.0,12.0,0.0,34.0,6.0,7.2
9,max_to_sunset,SC10,16,1.7320508075688772,0.0,12.0,0.0,34.0,6.0,7.2
9,first_to_first,SC10,17,1.4142135623730951,0.0,13.0,0.0,34.0,6.0,7.2
9,last_to_last,SC10,17,3.0,0.0,13.0,0.0,34.0,6.0,7.2
9,mid_to_mid,SC10,17,1.7320508075688772,0.0,13.0,0.0,34.0,6.0,7.2
9,max_to_max,SC10,17,3.1622776601683795,0.0,13.0,0.0,34.0,6.0,7.2
9,max_to_sunset,SC10,17,3.0,0.0,13.0,0.0,34.0,6.0,7.2
9,first_to_first,SC10,18,2.23606797749979,0.0,14.0,0.0,34.0,6.0,4.1
9,last_to_last,SC10,18,-1.7320508075688772,3.0,14.0,0.0,34.0,6.0,3.8
9,mid_to_mid,SC10,18,-1.7320508075688772,3.0,14.0,0.0,34.0,6.0,3.8
9,max_to_max,SC10,18,2.23606797749979,4.0,14.0,0.0,34.0,6.0,3.8
9,max_to_sunset,SC10,18,-2.0,4.0,14.0,0.0,34.0,6.0,3.8
9,first_to_first,SC4,1,-19.77371993328519,436.0,16.0,0.0,30.0,4.0,4.3
9,last_to_last,SC4,1,-18.681541692269406,352.0,16.0,0.0,30.0,4.0,4.3
9,mid_to_mid,SC4,1,-20.8806130178211,436.0,16.0,0.0,30.0,4.0,4.3
9,max_to_max,SC4,1,-22.360679774997898,554.0,16.0,0.0,30.0,4.0,4.3
9,max_to_sunset,SC4,1,-23.473389188611005,554.0,16.0,0.0,30.0,4.0,4.3
9,first_to_first,SC4,2,-17.663521732655695,318.0,19.0,377.0,30.0,4.0,4.3
9,last_to_last,SC4,2,-13.820274961085254,197.0,19.0,377.0,30.0,4.0,4.3
9,mid_to_mid,SC4,2,-12.529964086141668,157.0,19.0,377.0,30.0,4.0,4.3
9,max_to_max,SC4,2,-23.473389188611005,569.0,19.0,377.0,30.0,4.0,4.3
9,max_to_sunset,SC4,2,-23.727621035409346,569.0,19.0,377.0,30.0,4.0,4.3
9,first_to_first,SC4,3,-13.711309200802088,193.0,13.0,104.0,30.0,4.0,4.3
9,last_to_last,SC4,3,0.0,0.0,13.0,104.0,28.0,4.0,4.3
9,mid_to_mid,SC4,3,-1.7320508075688772,3.0,13.0,104.0,30.0,4.0,4.3
9,max_to_max,SC4,3,-13.711309200802088,193.0,13.0,104.0,30.0,4.0,4.3
9,max_to_sunset,SC4,3,-13.892443989449804,193.0,13.0,104.0,30.0,4.0,4.3
9,first_to_first,SC4,4,0.0,0.0,18.0,0.0,28.0,4.0,4.3
9,last_to_last,SC4,4,-1.4142135623730951,2.0,18.0,0.0,32.0,4.0,4.3
9,mid_to_mid,SC4,4,0.0,0.0,18.0,0.0,32.0,4.0,4.3
9,max_to_max,SC4,4,-2.449489742783178,6.0,18.0,0.0,28.0,4.0,4.3
9,max_to_sunset,SC4,4,-2.449489742783178,6.0,18.0,0.0,32.0,4.0,4.3
9,first_to_first,SC4,5,0.0,0.0,14.0,80.0,32.0,4.0,4.3
9,last_to_last,SC4,5,-6.244997998398398,168.0,14.0,80.0,32.0,4.0,4.1
9,mid_to_mid,SC4,5,-3.0,9.0,14.0,80.0,32.0,4.0,4.3
9,max_to_max,SC4,5,-5.830951894845301,184.0,14.0,80.0,32.0,4.0,4.1
9,max_to_sunset,SC4,5,-7.416198487095663,184.0,14.0,80.0,32.0,4.0,4.1
9,first_to_first,SC4,6,-5.196152422706632,153.0,19.0,547.0,32.0,4.0,4.1
9,last_to_last,SC4,6,-15.264337522473747,236.0,19.0,547.0,32.0,4.0,4.1
9,mid_to_mid,SC4,6,-8.717797887081348,94.0,19.0,547.0,32.0,4.0,4.1
9,max_to_max,SC4,6,-14.212670403551895,337.0,19.0,547.0,32.0,4.0,4.1
9,max_to_sunset,SC4,6,-18.275666882497067,337.0,19.0,547.0,32.0,4.0,4.1
9,first_to_first,SC4,7,-14.89966442575134,229.0,8.0,199.0,32.0,4.0,4.1
9,last_to_last,SC4,7,-5.0990195135927845,26.0,8.0,199.0,32.0,4.0,4.5
9,mid_to_mid,SC4,7,-4.898979485566356,24.0,8.0,199.0,32.0,4.0,4.1
9,max_to_max,SC4,7,-15.7797338380595,257.0,8.0,199.0,32.0,4.0,4.1
9,max_to_sunset,SC4,7,-16.0312195418814,257.0,8.0,199.0,32.0,4.0,4.5
9,first_to_first,SC4,8,-4.242640687119285,18.0,20.0,19.0,32.0,4.0,7.4
9,last_to_last,SC4,8,-3.872983346207417,15.0,20.0,19.0,32.0,4.0,7.4
9,mid_to_mid,SC4,8,0.0,0.0,20.0,19.0,32.0,4.0,7.4
9,max_to_max,SC4,8,-5.291502622129181,28.0,20.0,19.0,32.0,4.0,7.4
9,max_to_sunset,SC4,8,-5.291502622129181,28.0,20.0,19.0,32.0,4.0,7.4
9,first_to_first,SC4,9,-3.872983346207417,15.0,13.0,16.0,32.0,4.0,7.4
9,last_to_last,SC4,9,-6.082762530298219,37.0,13.0,16.0,32.0,4.0,7.4
9,mid_to_mid,SC4,9,-1.0,1.0,13.0,16.0,32.0,4.0,7.4
9,max_to_max,SC4,9,-6.082762530298219,37.0,13.0,16.0,32.0,4.0,7.4
9,max_to_sunset,SC4,9,-6.082762530298219,37.0,13.0,16.0,32.0,4.0,7.4
9,first_to_first,SC4,10,-6.708203932499369,45.0,8.0,82.0,32.0,4.0,7.4
9,last_to_last,SC4,10,-1.7320508075688772,3.0,8.0,82.0,32.0,4.0,7.4
9,mid_to_mid,SC4,10,1.0,0.0,8.0,82.0,32.0,4.0,7.4
9,max_to_max,SC4,10,-7.0710678118654755,54.0,8.0,82.0,32.0,4.0,7.4
9,max_to_sunset,SC4,10,-7.3484692283495345,54.0,8.0,82.0,32.0,4.0,7.4
9,first_to_first,SC4,11,-2.449489742783178,6.0,19.0,9.0,32.0,4.0,7.4
9,last_to_last,SC4,11,5.385164807134504,6.0,19.0,9.0,32.0,6.0,7.4
9,mid_to_mid,SC4,11,2.8284271247461903,0.0,19.0,9.0,32.0,6.0,7.4
9,max_to_max,SC4,11,10.63014581273465,18.0,19.0,9.0,32.0,6.0,7.4
9,max_to_sunset,SC4,11,4.123105625617661,18.0,19.0,9.0,32.0,6.0,7.4
9,first_to_first,SC4,12,9.327379053088816,5.0,7.0,2.0,32.0,6.0,7.4
9,last_to_last,SC4,12,8.660254037844387,0.0,7.0,2.0,32.0,6.0,7.4
9,mid_to_mid,SC4,12,9.9498743710662,0.0,7.0,2.0,32.0,6.0,7.4
9,max_to_max,SC4,12,14.247806848775006,5.0,7.0,2.0,32.0,6.0,7.4
9,max_to_sunset,SC4,12,8.366600265340756,5.0,7.0,2.0,32.0,6.0,7.4
9,first_to_first,SC4,13,9.055385138137417,0.0,8.0,0.0,32.0,7.0,7.4
9,last_to_last,SC4,13,16.217274740226856,0.0,8.0,0.0,30.0,7.0,7.4
9,mid_to_mid,SC4,13,2.0,0.0,8.0,0.0,32.0,7.0,7.4
9,max_to_max,SC4,13,17.944358444926362,0.0,8.0,0.0,32.0,7.0,7.4
9,max_to_sunset,SC4,13,16.217274740226856,0.0,8.0,0.0,32.0,7.0,7.4
9,first_to_first,SC4,14,15.297058540778355,0.0,17.0,2.0,30.0,6.0,7.4
9,last_to_last,SC4,14,0.0,129.0,17.0,2.0,30.0,6.0,7.4
9,mid_to_mid,SC4,14,3.872983346207417,0.0,17.0,2.0,30.0,6.0,7.4
9,max_to_max,SC4,14,9.16515138991168,150.0,17.0,2.0,30.0,6.0,7.4
9,max_to_sunset,SC4,14,-4.58257569495584,150.0,17.0,2.0,30.0,6.0,7.4
9,first_to_first,SC4,15,6.324555320336759,126.0,14.0,48.0,30.0,6.0,7.4
9,last_to_last,SC4,15,9.327379053088816,3.0,14.0,48.0,23.0,6.0,7.4
9,mid_to_mid,SC4,15,9.38083151964686,18.0,14.0,48.0,30.0,6.0,7.4
9,max_to_max,SC4,15,5.5677643628300215,135.0,14.0,48.0,30.0,6.0,7.4
9,max_to_sunset,SC4,15,-6.708203932499369,135.0,14.0,48.0,30.0,6.0,7.4
9,first_to_first,SC4,16,10.535653752852738,7.0,17.0,0.0,23.0,6.0,7.4
9,last_to_last,SC4,16,0.0,0.0,17.0,0.0,23.0,6.0,7.4
9,mid_to_mid,SC4,16,1.4142135623730951,0.0,17.0,0.0,23.0,6.0,7.4
9,max_to_max,SC4,16,10.488088481701515,8.0,17.0,0.0,23.0,6.0,7.4
9,max_to_sunset,SC4,16,-2.8284271247461903,8.0,17.0,0.0,23.0,6.0,7.4
9,first_to_first,SC4,17,0.0,0.0,14.0,0.0,23.0,6.0,6.2
9,last_to_last,SC4,17,1.0,0.0,14.0,0.0,24.0,6.0,6.2
9,mid_to_mid,SC4,17,0.0,0.0,14.0,0.0,23.0,6.0,6.2
9,max_to_max,SC4,17,2.449489742783178,0.0,14.0,0.0,23.0,6.0,6.2
9,max_to_sunset,SC4,17,1.0,0.0,14.0,0.0,24.0,6.0,6.2
9,first_to_first,SC4,18,1.0,0.0,13.0,0.0,24.0,6.0,6.2
9,last_to_last,SC4,18,0.0,0.0,13.0,0.0,24.0,6.0,6.2
9,mid_to_mid,SC4,18,0.0,0.0,13.0,0.0,24.0,6.0,6.2
9,max_to_max,SC4,18,1.0,0.0,13.0,0.0,24.0,6.0,6.2
9,max_to_sunset,SC4,18,0.0,0.0,13.0,0.0,24.0,6.0,6.2
9,first_to_first,SC4,19,0.0,0.0,17.0,3.0,24.0,6.0,6.2
9,last_to_last,SC4,19,9.219544457292887,0.0,17.0,3.0,24.0,6.0,6.2
9,mid_to_mid,SC4,19,2.23606797749979,1.0,17.0,3.0,24.0,6.0,6.2
9,max_to_max,SC4,19,9.16515138991168,4.0,17.0,3.0,24.0,6.0,6.2
9,max_to_sunset,SC4,19,9.0,4.0,17.0,3.0,24.0,6.0,6.2
9,first_to_first,SC4,20,9.797958971132712,0.0,16.0,80.0,24.0,6.0,5.1
9,last_to_last,SC4,20,-5.830951894845301,35.0,16.0,80.0,24.0,6.0,5.1
9,mid_to_mid,SC4,20,11.532562594670797,8.0,16.0,80.0,24.0,6.0,5.1
9,max_to_max,SC4,20,3.1622776601683795,131.0,16.0,80.0,24.0,6.0,5.1
9,max_to_sunset,SC4,20,-11.40175425099138,131.0,16.0,80.0,24.0,6.0,5.1
9,first_to_first,SC4,21,-9.591663046625438,92.0,15.0,0.0,24.0,6.0,5.1
9,last_to_last,SC4,21,-8.366600265340756,75.0,15.0,0.0,24.0,6.0,5.1
9,mid_to_mid,SC4,21,-9.746794344808963,99.0,15.0,0.0,24.0,6.0,5.1
9,max_to_max,SC4,21,-14.0,208.0,15.0,0.0,24.0,6.0,5.1
9,max_to_sunset,SC4,21,-14.247806848775006,208.0,15.0,0.0,24.0,6.0,5.1
9,first_to_first,SC4,22,-8.717797887081348,82.0,14.0,48.0,24.0,5.0,5.1
9,last_to_last,SC4,22,-16.217274740226856,263.0,14.0,48.0,24.0,5.0,5.1
9,mid_to_mid,SC4,22,0.0,4.0,14.0,48.0,24.0,5.0,5.1
9,max_to_max,SC4,22,-17.776388834631177,322.0,14.0,48.0,24.0,5.0,5.1
9,max_to_sunset,SC4,22,-17.944358444926362,322.0,14.0,48.0,24.0,5.0,5.1
9,first_to_first,SC4,23,-15.297058540778355,234.0,6.0,40.0,24.0,5.0,5.5
9,last_to_last,SC4,23,-4.47213595499958,129.0,6.0,40.0,24.0,5.0,5.5
9,mid_to_mid,SC4,23,-2.8284271247461903,15.0,6.0,40.0,24.0,5.0,5.5
9,max_to_max,SC4,23,-10.677078252031311,234.0,6.0,40.0,24.0,5.0,5.5
9,max_to_sunset,SC4,23,-11.180339887498949,234.0,6.0,40.0,24.0,5.0,5.5
9,first_to_first,SC4,24,-5.5677643628300215,166.0,7.0,61.0,24.0,5.0,5.5
9,last_to_last,SC4,24,1.0,90.0,7.0,61.0,24.0,5.0,5.5
9,mid_to_mid,SC4,24,-9.433981132056603,106.0,7.0,61.0,24.0,5.0,5.5
9,max_to_max,SC4,24,-3.605551275463989,166.0,7.0,61.0,24.0,5.0,5.5
9,max_to_sunset,SC4,24,-8.660254037844387,166.0,7.0,61.0,24.0,5.0,5.5
9,first_to_first,SC4,25,3.0,118.0,11.0,47.0,24.0,5.0,5.5
9,last_to_last,SC4,25,1.7320508075688772,0.0,11.0,47.0,24.0,5.0,5.5
9,mid_to_mid,SC4,25,2.8284271247461903,2.0,11.0,47.0,24.0,5.0,5.5
9,max_to_max,SC4,25,3.0,118.0,11.0,47.0,24.0,5.0,5.5
9,max_to_sunset,SC4,25,-10.723805294763608,118.0,11.0,47.0,24.0,5.0,5.5
9,first_to_first,SC6,1,5.0,0.0,21.0,1.0,25.0,8.0,7.8
9,last_to_last,SC6,1,7.810249675906654,1.0,21.0,1.0,25.0,8.0,7.8
9,mid_to_mid,SC6,1,5.0990195135927845,0.0,21.0,1.0,25.0,8.0,7.8
9,max_to_max,SC6,1,8.54400374531753,2.0,21.0,1.0,25.0,8.0,7.8
9,max_to_sunset,SC6,1,7.745966692414834,2.0,21.0,1.0,25.0,8.0,7.8
9,first_to_first,SC6,2,6.4031242374328485,0.0,18.0,14.0,25.0,8.0,7.8
9,last_to_last,SC6,2,-10.583005244258363,196.0,18.0,14.0,25.0,7.0,7.8
9,mid_to_mid,SC6,2,5.5677643628300215,1.0,18.0,14.0,25.0,7.0,7.8
9,max_to_max,SC6,2,-14.142135623730951,284.0,18.0,14.0,25.0,7.0,7.8
9,max_to_sunset,SC6,2,-14.142135623730951,284.0,18.0,14.0,25.0,7.0,7.8
9,first_to_first,SC6,3,-6.557438524302,106.0,14.0,36.0,25.0,7.0,7.8
9,last_to_last,SC6,3,-1.4142135623730951,65.0,14.0,36.0,22.0,7.0,7.8
9,mid_to_mid,SC6,3,-3.4641016151377544,61.0,14.0,36.0,25.0,7.0,7.8
9,max_to_max,SC6,3,-6.4031242374328485,120.0,14.0,36.0,25.0,7.0,7.8
9,max_to_sunset,SC6,3,-7.54983443527075,120.0,14.0,36.0,25.0,7.0,7.8
9,first_to_first,SC6,4,3.0,46.0,17.0,3.0,19.0,7.0,7.8
9,last_to_last,SC6,4,7.280109889280518,19.0,17.0,3.0,18.0,7.0,7.8
9,mid_to_mid,SC6,4,3.1622776601683795,26.0,17.0,3.0,19.0,7.0,7.8
9,max_to_max,SC6,4,5.5677643628300215,77.0,17.0,3.0,19.0,7.0,7.8
9,max_to_sunset,SC6,4,-2.23606797749979,77.0,17.0,3.0,19.0,7.0,7.8
9,first_to_first,SC6,5,6.782329983125268,15.0,15.0,12.0,18.0,7.0,7.8
9,last_to_last,SC6,5,7.874007874011811,14.0,15.0,12.0,19.0,7.0,7.8
9,mid_to_mid,SC6,5,5.830951894845301,18.0,15.0,12.0,18.0,7.0,7.8
9,max_to_max,SC6,5,8.06225774829855,18.0,15.0,12.0,19.0,7.0,7.8
9,max_to_sunset,SC6,5,7.615773105863909,18.0,15.0,12.0,19.0,7.0,7.8
9,first_to_first,SC6,6,5.196152422706632,15.0,14.0,0.0,19.0,7.0,7.8
9,last_to_last,SC6,6,5.0,5.0,14.0,0.0,19.0,7.0,7.8
9,mid_to_mid,SC6,6,5.477225575051661,6.0,14.0,0.0,19.0,7.0,7.8
9,max_to_max,SC6,6,7.745966692414834,17.0,14.0,0.0,19.0,7.0,7.8
9,max_to_sunset,SC6,6,3.605551275463989,17.0,14.0,0.0,19.0,7.0,7.8
9,first_to_first,SC6,7,5.0,7.0,13.0,0.0,19.0,7.0,7.8
9,last_to_last,SC6,7,5.385164807134504,5.0,13.0,0.0,19.0,7.0,7.8
9,mid_to_mid,SC6,7,5.916079783099616,6.0,13.0,0.0,19.0,7.0,7.8
9,max_to_max,SC6,7,7.416198487095663,15.0,13.0,0.0,19.0,7.0,7.8
9,max_to_sunset,SC6,7,4.358898943540674,15.0,13.0,0.0,19.0,7.0,7.8
9,first_to_first,SC6,8,3.872983346207417,4.0,16.0,52.0,19.0,7.0,4.7
9,last_to_last,SC6,8,-6.48074069840786,62.0,16.0,52.0,19.0,7.0,4.7
9,mid_to_mid,SC6,8,5.0,1.0,16.0,52.0,19.0,7.0,4.7
9,max_to_max,SC6,8,-10.44030650891055,135.0,16.0,52.0,19.0,7.0,4.7
9,max_to_sunset,SC6,8,-10.723805294763608,135.0,16.0,52.0,19.0,7.0,4.7
9,first_to_first,SC6,9,-2.8284271247461903,35.0,14.0,0.0,19.0,7.0,4.7
9,last_to_last,SC6,9,11.874342087037917,24.0,14.0,0.0,19.0,7.0,4.7
9,mid_to_mid,SC6,9,-5.744562646538029,45.0,14.0,0.0,19.0,7.0,4.7
9,max_to_max,SC6,9,10.44030650891055,56.0,14.0,0.0,19.0,7.0,4.7
9,max_to_sunset,SC6,9,10.44030650891055,56.0,14.0,0.0,19.0,7.0,4.7
9,first_to_first,SC6,10,10.908712114635714,25.0,14.0,120.0,19.0,6.0,4.7
9,last_to_last,SC6,10,-2.6457513110645907,62.0,14.0,120.0,19.0,6.0,4.7
9,mid_to_mid,SC6,10,5.0,26.0,14.0,120.0,19.0,6.0,4.7
9,max_to_max,SC6,10,8.306623862918075,75.0,14.0,120.0,19.0,6.0,4.7
9,max_to_sunset,SC6,10,-4.47213595499958,75.0,14.0,120.0,19.0,6.0,4.7
9,first_to_first,SC6,11,2.0,41.0,14.0,122.0,19.0,6.0,5.9
9,last_to_last,SC6,11,-7.937253933193772,84.0,14.0,122.0,19.0,6.0,5.9
9,mid_to_mid,SC6,11,2.6457513110645907,32.0,14.0,122.0,19.0,6.0,5.9
9,max_to_max,SC6,11,-2.23606797749979,84.0,14.0,122.0,19.0,6.0,5.9
9,max_to_sunset,SC6,11,-7.937253933193772,84.0,14.0,122.0,19.0,6.0,5.9
9,first_to_first,SC6,12,-6.324555320336759,63.0,13.0,32.0,19.0,6.0,5.9
9,last_to_last,SC6,12,-5.5677643628300215,63.0,13.0,32.0,19.0,6.0,5.9
9,mid_to_mid,SC6,12,-5.0,49.0,13.0,32.0,19.0,6.0,5.9
9,max_to_max,SC6,12,-6.164414002968976,79.0,13.0,32.0,19.0,6.0,5.9
9,max_to_sunset,SC6,12,-6.855654600401044,79.0,13.0,32.0,19.0,6.0,5.9
9,first_to_first,SC6,13,-5.830951894845301,55.0,15.0,73.0,19.0,6.0,5.9
9,last_to_last,SC6,13,-7.483314773547883,72.0,15.0,73.0,19.0,6.0,5.9
9,mid_to_mid,SC6,13,-5.0,36.0,15.0,73.0,19.0,6.0,5.9
9,max_to_max,SC6,13,-8.774964387392123,108.0,15.0,73.0,19.0,6.0,5.9
9,max_to_sunset,SC6,13,-9.591663046625438,108.0,15.0,73.0,19.0,6.0,5.9
9,first_to_first,SC8,1,-5.0,238.0,16.0,0.0,20.0,4.0,8.7
9,last_to_last,SC8,1,-6.557438524302,254.0,16.0,0.0,17.0,4.0,8.7
9,mid_to_mid,SC8,1,-4.898979485566356,238.0,16.0,0.0,20.0,4.0,8.7
9,max_to_max,SC8,1,-6.4031242374328485,255.0,16.0,0.0,17.0,4.0,8.7
9,max_to_sunset,SC8,1,-6.6332495807108,255.0,16.0,0.0,17.0,4.0,8.7
9,first_to_first,SC8,2,-5.744562646538029,264.0,6.0,1.0,17.0,4.0,8.7
9,last_to_last,SC8,2,5.291502622129181,243.0,6.0,1.0,17.0,4.0,8.7
9,mid_to_mid,SC8,2,-6.6332495807108,247.0,6.0,1.0,17.0,4.0,8.7
9,max_to_max,SC8,2,2.6457513110645907,264.0,6.0,1.0,17.0,4.0,8.7
9,max_to_sunset,SC8,2,2.6457513110645907,264.0,6.0,1.0,17.0,4.0,8.7
9,first_to_first,SC8,3,5.744562646538029,243.0,6.0,9.0,17.0,4.0,8.4
9,last_to_last,SC8,3,7.681145747868608,225.0,6.0,9.0,17.0,4.0,8.4
9,mid_to_mid,SC8,3,4.47213595499958,228.0,6.0,9.0,17.0,4.0,8.4
9,max_to_max,SC8,3,6.4031242374328485,243.0,6.0,9.0,17.0,4.0,8.4
9,max_to_sunset,SC8,3,6.4031242374328485,243.0,6.0,9.0,17.0,4.0,8.4
9,first_to_first,SC8,4,7.416198487095663,238.0,12.0,32.0,17.0,4.0,8.4
9,last_to_last,SC8,4,-13.856406460551018,242.0,12.0,32.0,17.0,5.0,8.4
9,mid_to_mid,SC8,4,-14.45683229480096,231.0,12.0,32.0,17.0,5.0,8.4
9,max_to_max,SC8,4,7.14142842854285,242.0,12.0,32.0,17.0,5.0,8.4
9,max_to_sunset,SC8,4,-13.856406460551018,242.0,12.0,32.0,17.0,5.0,8.4
9,first_to_first,SC8,5,-14.142135623730951,243.0,9.0,26.0,17.0,5.0,8.4
9,last_to_last,SC8,5,-15.524174696260024,253.0,9.0,26.0,17.0,5.0,8.4
9,mid_to_mid,SC8,5,-15.231546211727817,249.0,9.0,26.0,17.0,5.0,8.4
9,max_to_max,SC8,5,-13.92838827718412,255.0,9.0,26.0,17.0,5.0,8.4
9,max_to_sunset,SC8,5,-15.588457268119896,255.0,9.0,26.0,17.0,5.0,8.4
9,first_to_first,SC8,6,-15.459624833740307,252.0,8.0,9.0,17.0,5.0,8.4
9,last_to_last,SC8,6,-15.264337522473747,236.0,8.0,9.0,18.0,5.0,8.4
9,mid_to_mid,SC8,6,-14.832396974191326,232.0,8.0,9.0,17.0,5.0,8.4
9,max_to_max,SC8,6,-15.132745950421556,253.0,8.0,9.0,17.0,5.0,8.4
9,max_to_sunset,SC8,6,-15.811388300841896,253.0,8.0,9.0,18.0,5.0,8.4
9,first_to_first,SC8,7,-15.588457268119896,245.0,7.0,4.0,18.0,5.0,7.0
9,last_to_last,SC8,7,-14.422205101855956,210.0,7.0,4.0,18.0,5.0,7.0
9,mid_to_mid,SC8,7,-14.212670403551895,204.0,7.0,4.0,18.0,5.0,7.0
9,max_to_max,SC8,7,-15.524174696260024,245.0,7.0,4.0,18.0,5.0,7.0
9,max_to_sunset,SC8,7,-15.588457268119896,245.0,7.0,4.0,18.0,5.0,7.0
9,first_to_first,SC8,8,-14.177446878757825,205.0,13.0,10.0,18.0,6.0,7.0
9,last_to_last,SC8,8,-14.45683229480096,212.0,13.0,10.0,18.0,6.0,7.0
9,mid_to_mid,SC8,8,-14.035668847618199,201.0,13.0,10.0,18.0,6.0,7.0
9,max_to_max,SC8,8,-14.317821063276353,212.0,13.0,10.0,18.0,6.0,7.0
9,max_to_sunset,SC8,8,-14.45683229480096,212.0,13.0,10.0,18.0,6.0,7.0
9,first_to_first,SC8,9,-14.866068747318506,226.0,7.0,2.0,18.0,6.0,8.2
9,last_to_last,SC8,9,-14.142135623730951,204.0,7.0,2.0,18.0,6.0,8.2
9,mid_to_mid,SC8,9,-13.784048752090222,196.0,7.0,2.0,18.0,6.0,8.2
9,max_to_max,SC8,9,-14.2828568570857,227.0,7.0,2.0,18.0,6.0,8.2
9,max_to_sunset,SC8,9,-14.933184523068078,227.0,7.0,2.0,18.0,6.0,8.2
9,first_to_first,SC8,10,-14.38749456993816,213.0,14.0,0.0,18.0,6.0,8.2
9,last_to_last,SC8,10,-14.247806848775006,211.0,14.0,0.0,18.0,6.0,8.2
9,mid_to_mid,SC8,10,-14.422205101855956,214.0,14.0,0.0,18.0,6.0,8.2
9,max_to_max,SC8,10,-14.352700094407323,214.0,14.0,0.0,18.0,6.0,8.2
9,max_to_sunset,SC8,10,-14.352700094407323,214.0,14.0,0.0,18.0,6.0,8.2
9,first_to_first,SC8,11,-14.933184523068078,231.0,14.0,2.0,18.0,6.0,8.2
9,last_to_last,SC8,11,-16.186414056238647,271.0,14.0,2.0,18.0,6.0,8.2
9,mid_to_mid,SC8,11,-13.96424004376894,203.0,14.0,2.0,18.0,6.0,8.2
9,max_to_max,SC8,11,-16.186414056238647,271.0,14.0,2.0,18.0,6.0,8.2
9,max_to_sunset,SC8,11,-16.186414056238647,271.0,14.0,2.0,18.0,6.0,8.2
9,first_to_first,SC8,12,-16.1245154965971,276.0,13.0,12.0,18.0,6.0,8.2
9,last_to_last,SC8,12,-16.15549442140351,284.0,13.0,12.0,18.0,6.0,8.2
9,mid_to_mid,SC8,12,-14.966629547095765,248.0,13.0,12.0,18.0,6.0,8.2
9,max_to_max,SC8,12,-15.716233645501712,284.0,13.0,12.0,18.0,6.0,8.2
9,max_to_sunset,SC8,12,-16.15549442140351,284.0,13.0,12.0,18.0,6.0,8.2
9,first_to_first,SC8,13,-16.401219466856727,293.0,12.0,5.0,18.0,6.0,8.2
9,last_to_last,SC8,13,-3.0,50.0,12.0,5.0,21.0,6.0,8.2
9,mid_to_mid,SC8,13,-3.4641016151377544,22.0,12.0,5.0,18.0,6.0,8.2
9,max_to_max,SC8,13,-15.874507866387544,293.0,12.0,5.0,18.0,6.0,8.2
9,max_to_sunset,SC8,13,-15.874507866387544,293.0,12.0,5.0,21.0,6.0,8.2
9,first_to_first,SC8,14,-5.744562646538029,43.0,11.0,22.0,21.0,7.0,8.2
9,last_to_last,SC8,14,-3.0,12.0,11.0,22.0,21.0,7.0,8.2
9,mid_to_mid,SC8,14,-3.7416573867739413,17.0,11.0,22.0,21.0,7.0,8.2
9,max_to_max,SC8,14,-6.244997998398398,61.0,11.0,22.0,21.0,7.0,8.2
9,max_to_sunset,SC8,14,-7.615773105863909,61.0,11.0,22.0,21.0,7.0,8.2
10,first_to_first,SC1,1,-10.392304845413264,108.0,16.0,0.0,22.0,6.0,6.3
10,last_to_last,SC1,1,-7.14142842854285,51.0,16.0,0.0,22.0,6.0,6.3
10,mid_to_mid,SC1,1,-8.48528137423857,72.0,16.0,0.0,22.0,6.0,6.3
10,max_to_max,SC1,1,-11.0,121.0,16.0,0.0,22.0,6.0,6.3
10,max_to_sunset,SC1,1,-11.0,121.0,16.0,0.0,22.0,6.0,6.3
10,first_to_first,SC1,2,-7.483314773547883,56.0,16.0,0.0,22.0,6.0,6.3
10,last_to_last,SC1,2,-4.795831523312719,23.0,16.0,0.0,22.0,6.0,6.3
10,mid_to_mid,SC1,2,-6.6332495807108,44.0,16.0,0.0,22.0,6.0,6.3
10,max_to_max,SC1,2,-7.483314773547883,56.0,16.0,0.0,22.0,6.0,6.3
10,max_to_sunset,SC1,2,-7.483314773547883,56.0,16.0,0.0,22.0,6.0,6.3
10,first_to_first,SC1,3,-3.3166247903554,11.0,11.0,5.0,22.0,6.0,6.3
10,last_to_last,SC1,3,-1.4142135623730951,2.0,11.0,5.0,22.0,6.0,6.3
10,mid_to_mid,SC1,3,-2.449489742783178,6.0,11.0,5.0,22.0,6.0,6.3
10,max_to_max,SC1,3,-4.58257569495584,21.0,11.0,5.0,22.0,6.0,6.3
10,max_to_sunset,SC1,3,-4.58257569495584,21.0,11.0,5.0,22.0,6.0,6.3
10,first_to_first,SC1,4,-2.23606797749979,5.0,9.0,3.0,22.0,6.0,6.3
10,last_to_last,SC1,4,0.0,0.0,9.0,3.0,22.0,6.0,6.3
10,mid_to_mid,SC1,4,-1.4142135623730951,2.0,9.0,3.0,22.0,6.0,6.3
10,max_to_max,SC1,4,-2.23606797749979,5.0,9.0,3.0,22.0,6.0,6.3
10,max_to_sunset,SC1,4,-2.23606797749979,5.0,9.0,3.0,22.0,6.0,6.3
10,first_to_first,SC1,5,0.0,0.0,13.0,0.0,22.0,6.0,6.3
10,last_to_last,SC1,5,0.0,0.0,13.0,0.0,22.0,6.0,6.3
10,mid_to_mid,SC1,5,0.0,0.0,13.0,0.0,22.0,6.0,6.3
10,max_to_max,SC1,5,0.0,0.0,13.0,0.0,22.0,6.0,6.3
10,max_to_sunset,SC1,5,0.0,0.0,13.0,0.0,22.0,6.0,6.3
10,first_to_first,SC1,6,0.0,0.0,14.0,0.0,22.0,6.0,6.3
10,last_to_last,SC1,6,0.0,0.0,14.0,0.0,20.0,6.0,6.3
10,mid_to_mid,SC1,6,0.0,0.0,14.0,0.0,22.0,6.0,6.3
10,max_to_max,SC1,6,0.0,0.0,14.0,0.0,22.0,6.0,6.3
10,max_to_sunset,SC1,6,0.0,0.0,14.0,0.0,22.0,6.0,6.3
10,first_to_first,SC1,7,0.0,0.0,12.0,0.0,20.0,6.0,6.3
10,last_to_last,SC1,7,0.0,0.0,12.0,0.0,20.0,6.0,6.3
10,mid_to_mid,SC1,7,0.0,0.0,12.0,0.0,20.0,6.0,6.3
10,max_to_max,SC1,7,0.0,0.0,12.0,0.0,20.0,6.0,6.3
10,max_to_sunset,SC1,7,0.0,0.0,12.0,0.0,20.0,6.0,6.3
10,first_to_first,SC1,8,0.0,0.0,11.0,0.0,20.0,6.0,6.3
10,last_to_last,SC1,8,0.0,0.0,11.0,0.0,20.0,6.0,6.3
10,mid_to_mid,SC1,8,0.0,0.0,11.0,0.0,20.0,6.0,6.3
10,max_to_max,SC1,8,0.0,0.0,11.0,0.0,20.0,6.0,6.3
10,max_to_sunset,SC1,8,0.0,0.0,11.0,0.0,20.0,6.0,6.3
10,first_to_first,SC1,9,0.0,0.0,7.0,0.0,20.0,6.0,6.3
10,last_to_last,SC1,9,0.0,0.0,7.0,0.0,22.0,8.0,6.2
10,mid_to_mid,SC1,9,0.0,0.0,7.0,0.0,21.0,8.0,6.3
10,max_to_max,SC1,9,0.0,0.0,7.0,0.0,20.0,6.0,6.3
10,max_to_sunset,SC1,9,0.0,0.0,7.0,0.0,22.0,6.0,6.3
10,first_to_first,SC1,10,0.0,0.0,11.0,0.0,22.0,8.0,6.2
10,last_to_last,SC1,10,0.0,0.0,11.0,0.0,22.0,8.0,6.2
10,mid_to_mid,SC1,10,0.0,0.0,11.0,0.0,22.0,8.0,6.2
10,max_to_max,SC1,10,0.0,0.0,11.0,0.0,22.0,8.0,6.2
10,max_to_sunset,SC1,10,0.0,0.0,11.0,0.0,22.0,8.0,6.2
10,first_to_first,SC1,11,0.0,0.0,10.0,0.0,22.0,8.0,6.2
10,last_to_last,SC1,11,0.0,0.0,10.0,0.0,22.0,8.0,6.2
10,mid_to_mid,SC1,11,0.0,0.0,10.0,0.0,22.0,8.0,6.2
10,max_to_max,SC1,11,0.0,0.0,10.0,0.0,22.0,8.0,6.2
10,max_to_sunset,SC1,11,0.0,0.0,10.0,0.0,22.0,8.0,6.2
10,first_to_first,SC1,12,0.0,0.0,12.0,0.0,22.0,8.0,6.2
10,last_to_last,SC1,12,0.0,0.0,12.0,0.0,22.0,8.0,6.2
10,mid_to_mid,SC1,12,0.0,0.0,12.0,0.0,22.0,8.0,6.2
10,max_to_max,SC1,12,0.0,0.0,12.0,0.0,22.0,8.0,6.2
10,max_to_sunset,SC1,12,0.0,0.0,12.0,0.0,22.0,8.0,6.2
10,first_to_first,SC1,13,0.0,0.0,9.0,0.0,22.0,8.0,6.2
10,last_to_last,SC1,13,0.0,0.0,9.0,0.0,22.0,6.0,6.2
10,mid_to_mid,SC1,13,0.0,0.0,9.0,0.0,22.0,6.0,6.2
10,max_to_max,SC1,13,0.0,0.0,9.0,0.0,22.0,8.0,6.2
10,max_to_sunset,SC1,13,0.0,0.0,9.0,0.0,22.0,6.0,6.2
10,first_to_first,SC1,14,0.0,0.0,12.0,0.0,22.0,6.0,6.2
10,last_to_last,SC1,14,0.0,0.0,12.0,0.0,22.0,6.0,6.2
10,mid_to_mid,SC1,14,0.0,0.0,12.0,0.0,22.0,6.0,6.2
10,max_to_max,SC1,14,0.0,0.0,12.0,0.0,22.0,6.0,6.2
10,max_to_sunset,SC1,14,0.0,0.0,12.0,0.0,22.0,6.0,6.2
10,first_to_first,SC1,15,0.0,0.0,13.0,0.0,22.0,6.0,6.2
10,last_to_last,SC1,15,0.0,0.0,13.0,0.0,22.0,6.0,5.7
10,mid_to_mid,SC1,15,0.0,0.0,13.0,0.0,22.0,6.0,6.2
10,max_to_max,SC1,15,0.0,0.0,13.0,0.0,22.0,6.0,6.2
10,max_to_sunset,SC1,15,0.0,0.0,13.0,0.0,22.0,6.0,6.2
10,first_to_first,SC1,16,0.0,0.0,10.0,0.0,22.0,6.0,5.7
10,last_to_last,SC1,16,0.0,0.0,10.0,0.0,22.0,6.0,5.7
10,mid_to_mid,SC1,16,0.0,0.0,10.0,0.0,22.0,6.0,5.7
10,max_to_max,SC1,16,0.0,0.0,10.0,0.0,22.0,6.0,5.7
10,max_to_sunset,SC1,16,0.0,0.0,10.0,0.0,22.0,6.0,5.7
10,first_to_first,SC1,17,0.0,0.0,12.0,0.0,22.0,6.0,5.7
10,last_to_last,SC1,17,0.0,0.0,12.0,0.0,22.0,6.0,5.7
10,mid_to_mid,SC1,17,0.0,0.0,12.0,0.0,22.0,6.0,5.7
10,max_to_max,SC1,17,0.0,0.0,12.0,0.0,22.0,6.0,5.7
10,max_to_sunset,SC1,17,0.0,0.0,12.0,0.0,22.0,6.0,5.7
10,first_to_first,SC1,18,0.0,0.0,12.0,0.0,22.0,6.0,5.7
10,last_to_last,SC1,18,0.0,0.0,12.0,0.0,22.0,6.0,5.7
10,mid_to_mid,SC1,18,0.0,0.0,12.0,0.0,22.0,6.0,5.7
10,max_to_max,SC1,18,0.0,0.0,12.0,0.0,22.0,6.0,5.7
10,max_to_sunset,SC1,18,0.0,0.0,12.0,0.0,22.0,6.0,5.7
10,first_to_first,SC1,19,0.0,0.0,16.0,0.0,22.0,6.0,5.7
10,last_to_last,SC1,19,0.0,0.0,16.0,0.0,21.0,6.0,5.7
10,mid_to_mid,SC1,19,0.0,0.0,16.0,0.0,22.0,6.0,5.7
10,max_to_max,SC1,19,0.0,0.0,16.0,0.0,22.0,6.0,5.7
10,max_to_sunset,SC1,19,0.0,0.0,16.0,0.0,22.0,6.0,5.7
10,first_to_first,SC10,1,11.61895003862225,0.0,21.0,0.0,21.0,3.0,7.4
10,last_to_last,SC10,1,7.211102550927978,0.0,21.0,0.0,21.0,3.0,7.4
10,mid_to_mid,SC10,1,2.6457513110645907,0.0,21.0,0.0,21.0,3.0,7.4
10,max_to_max,SC10,1,19.924858845171276,0.0,21.0,0.0,21.0,3.0,7.4
10,max_to_sunset,SC10,1,7.211102550927978,0.0,21.0,0.0,21.0,3.0,7.4
10,first_to_first,SC10,2,8.306623862918075,0.0,13.0,8.0,21.0,3.0,7.4
10,last_to_last,SC10,2,3.7416573867739413,0.0,13.0,8.0,21.0,3.0,7.4
10,mid_to_mid,SC10,2,0.0,4.0,13.0,8.0,21.0,3.0,7.4
10,max_to_max,SC10,2,6.324555320336759,39.0,13.0,8.0,21.0,3.0,7.4
10,max_to_sunset,SC10,2,-5.0,39.0,13.0,8.0,21.0,3.0,7.4
10,first_to_first,SC10,3,-2.6457513110645907,10.0,15.0,104.0,21.0,3.0,7.4
10,last_to_last,SC10,3,-7.483314773547883,58.0,15.0,104.0,24.0,3.0,7.4
10,mid_to_mid,SC10,3,-2.8284271247461903,8.0,15.0,104.0,22.0,3.0,7.4
10,max_to_max,SC10,3,-8.54400374531753,78.0,15.0,104.0,24.0,3.0,7.4
10,max_to_sunset,SC10,3,-8.717797887081348,78.0,15.0,104.0,24.0,3.0,7.4
10,first_to_first,SC10,4,-7.483314773547883,60.0,18.0,176.0,24.0,3.0,7.4
10,last_to_last,SC10,4,-10.44030650891055,110.0,18.0,176.0,24.0,3.0,7.4
10,mid_to_mid,SC10,4,-3.0,9.0,18.0,176.0,24.0,3.0,7.4
10,max_to_max,SC10,4,-11.180339887498949,130.0,18.0,176.0,24.0,3.0,7.4
10,max_to_sunset,SC10,4,-11.357816691600547,130.0,18.0,176.0,24.0,3.0,7.4
10,first_to_first,SC10,5,-10.44030650891055,109.0,13.0,416.0,24.0,3.0,7.4
10,last_to_last,SC10,5,-11.489125293076057,132.0,13.0,416.0,24.0,3.0,7.4
10,mid_to_mid,SC10,5,-5.196152422706632,27.0,13.0,416.0,24.0,3.0,7.4
10,max_to_max,SC10,5,-12.165525060596439,148.0,13.0,416.0,24.0,3.0,7.4
10,max_to_sunset,SC10,5,-12.165525060596439,148.0,13.0,416.0,24.0,3.0,7.4
10,first_to_first,SC10,6,-10.954451150103322,120.0,8.0,385.0,24.0,3.0,7.4
10,last_to_last,SC10,6,-9.433981132056603,89.0,8.0,385.0,24.0,3.0,7.4
10,mid_to_mid,SC10,6,-6.928203230275509,48.0,8.0,385.0,24.0,3.0,7.4
10,max_to_max,SC10,6,-16.792855623746664,282.0,8.0,385.0,24.0,3.0,7.4
10,max_to_sunset,SC10,6,-16.792855623746664,282.0,8.0,385.0,24.0,3.0,7.4
10,first_to_first,SC10,7,-10.44030650891055,109.0,17.0,456.0,24.0,3.0,7.0
10,last_to_last,SC10,7,-11.704699910719626,137.0,17.0,456.0,24.0,3.0,7.0
10,mid_to_mid,SC10,7,-7.810249675906654,61.0,17.0,456.0,24.0,3.0,7.0
10,max_to_max,SC10,7,-17.4928556845359,306.0,17.0,456.0,24.0,3.0,7.0
10,max_to_sunset,SC10,7,-17.4928556845359,306.0,17.0,456.0,24.0,3.0,7.0
10,first_to_first,SC10,8,-10.954451150103322,120.0,13.0,387.0,24.0,4.0,7.2
10,last_to_last,SC10,8,-10.583005244258363,115.0,13.0,387.0,24.0,5.0,7.2
10,mid_to_mid,SC10,8,-6.708203932499369,48.0,13.0,387.0,24.0,5.0,7.2
10,max_to_max,SC10,8,-27.676705006196094,770.0,13.0,387.0,24.0,5.0,7.2
10,max_to_sunset,SC10,8,-27.694764848252458,770.0,13.0,387.0,24.0,5.0,7.2
10,first_to_first,SC10,9,-10.44030650891055,109.0,19.0,1122.0,24.0,5.0,7.2
10,last_to_last,SC10,9,-10.392304845413264,322.0,19.0,1122.0,24.0,6.0,7.2
10,mid_to_mid,SC10,9,-7.874007874011811,79.0,19.0,1122.0,24.0,6.0,7.2
10,max_to_max,SC10,9,-11.832159566199232,497.0,19.0,1122.0,24.0,6.0,7.2
10,max_to_sunset,SC10,9,-16.822603841260722,497.0,19.0,1122.0,24.0,6.0,7.2
10,first_to_first,SC10,10,-15.459624833740307,499.0,10.0,0.0,24.0,6.0,7.2
10,last_to_last,SC10,10,-12.767145334803704,436.0,10.0,0.0,24.0,6.0,7.2
10,mid_to_mid,SC10,10,-11.704699910719626,416.0,10.0,0.0,24.0,6.0,7.2
10,max_to_max,SC10,10,-13.820274961085254,500.0,10.0,0.0,24.0,6.0,7.2
10,max_to_sunset,SC10,10,-15.066519173319364,500.0,10.0,0.0,24.0,6.0,7.2
10,first_to_first,SC10,11,7.211102550927978,135.0,9.0,373.0,24.0,6.0,7.2
10,last_to_last,SC10,11,8.888194417315589,52.0,9.0,373.0,24.0,6.0,7.2
10,mid_to_mid,SC10,11,4.0,7.0,9.0,373.0,24.0,6.0,7.2
10,max_to_max,SC10,11,-11.269427669584644,397.0,9.0,373.0,24.0,6.0,7.2
10,max_to_sunset,SC10,11,-16.30950643030009,397.0,9.0,373.0,24.0,6.0,7.2
10,first_to_first,SC10,12,5.291502622129181,69.0,8.0,145.0,24.0,6.0,7.2
10,last_to_last,SC10,12,-2.6457513110645907,14.0,8.0,145.0,24.0,6.0,7.2
10,mid_to_mid,SC10,12,4.0,4.0,8.0,145.0,24.0,6.0,7.2
10,max_to_max,SC10,12,7.615773105863909,79.0,8.0,145.0,24.0,6.0,7.2
10,max_to_sunset,SC10,12,-8.48528137423857,79.0,8.0,145.0,24.0,6.0,7.2
10,first_to_first,SC10,13,-1.7320508075688772,3.0,12.0,2.0,24.0,6.0,7.2
10,last_to_last,SC10,13,-1.4142135623730951,2.0,12.0,2.0,28.0,6.0,7.2
10,mid_to_mid,SC10,13,0.0,0.0,12.0,2.0,25.0,6.0,7.2
10,max_to_max,SC10,13,-2.23606797749979,5.0,12.0,2.0,24.0,6.0,7.2
10,max_to_sunset,SC10,13,-2.23606797749979,5.0,12.0,2.0,28.0,6.0,7.2
10,first_to_first,SC10,14,-2.0,4.0,9.0,14.0,28.0,6.0,7.2
10,last_to_last,SC10,14,2.6457513110645907,1.0,9.0,14.0,34.0,6.0,7.2
10,mid_to_mid,SC10,14,0.0,0.0,9.0,14.0,31.0,6.0,7.2
10,max_to_max,SC10,14,1.7320508075688772,5.0,9.0,14.0,34.0,6.0,7.2
10,max_to_sunset,SC10,14,1.7320508075688772,5.0,9.0,14.0,34.0,6.0,7.2
10,first_to_first,SC10,15,2.6457513110645907,0.0,11.0,0.0,34.0,6.0,7.2
10,last_to_last,SC10,15,1.7320508075688772,0.0,11.0,0.0,34.0,6.0,7.2
10,mid_to_mid,SC10,15,0.0,0.0,11.0,0.0,34.0,6.0,7.2
10,max_to_max,SC10,15,4.795831523312719,0.0,11.0,0.0,34.0,6.0,7.2
10,max_to_sunset,SC10,15,1.7320508075688772,0.0,11.0,0.0,34.0,6.0,7.2
10,first_to_first,SC10,16,1.4142135623730951,0.0,12.0,0.0,34.0,6.0,7.2
10,last_to_last,SC10,16,3.0,0.0,12.0,0.0,34.0,6.0,7.2
10,mid_to_mid,SC10,16,1.7320508075688772,0.0,12.0,0.0,34.0,6.0,7.2
10,max_to_max,SC10,16,3.1622776601683795,0.0,12.0,0.0,34.0,6.0,7.2
10,max_to_sunset,SC10,16,3.0,0.0,12.0,0.0,34.0,6.0,7.2
10,first_to_first,SC10,17,2.23606797749979,0.0,13.0,0.0,34.0,6.0,7.2
10,last_to_last,SC10,17,0.0,0.0,13.0,0.0,34.0,6.0,7.2
10,mid_to_mid,SC10,17,0.0,0.0,13.0,0.0,34.0,6.0,7.2
10,max_to_max,SC10,17,3.0,0.0,13.0,0.0,34.0,6.0,7.2
10,max_to_sunset,SC10,17,0.0,0.0,13.0,0.0,34.0,6.0,7.2
10,first_to_first,SC4,1,-20.73644135332772,436.0,16.0,0.0,30.0,4.0,4.3
10,last_to_last,SC4,1,-18.601075237738275,352.0,16.0,0.0,30.0,4.0,4.3
10,mid_to_mid,SC4,1,-20.8806130178211,436.0,16.0,0.0,30.0,4.0,4.3
10,max_to_max,SC4,1,-23.15167380558045,554.0,16.0,0.0,30.0,4.0,4.3
10,max_to_sunset,SC4,1,-23.40939982143925,554.0,16.0,0.0,30.0,4.0,4.3
10,first_to_first,SC4,2,-17.69180601295413,318.0,19.0,377.0,30.0,4.0,4.3
10,last_to_last,SC4,2,-14.035668847618199,197.0,19.0,377.0,30.0,4.0,4.3
10,mid_to_mid,SC4,2,-12.529964086141668,157.0,19.0,377.0,30.0,4.0,4.3
10,max_to_max,SC4,2,-23.748684174075834,569.0,19.0,377.0,30.0,4.0,4.3
10,max_to_sunset,SC4,2,-23.853720883753127,569.0,19.0,377.0,30.0,4.0,4.3
10,first_to_first,SC4,3,-13.892443989449804,193.0,13.0,104.0,30.0,4.0,4.3
10,last_to_last,SC4,3,0.0,0.0,13.0,104.0,32.0,4.0,4.3
10,mid_to_mid,SC4,3,-1.7320508075688772,3.0,13.0,104.0,32.0,4.0,4.3
10,max_to_max,SC4,3,-13.892443989449804,193.0,13.0,104.0,30.0,4.0,4.3
10,max_to_sunset,SC4,3,-13.892443989449804,193.0,13.0,104.0,32.0,4.0,4.3
10,first_to_first,SC4,4,0.0,0.0,18.0,0.0,32.0,4.0,4.3
10,last_to_last,SC4,4,11.269427669584644,2.0,18.0,0.0,32.0,4.0,4.3
10,mid_to_mid,SC4,4,0.0,0.0,18.0,0.0,32.0,4.0,4.3
10,max_to_max,SC4,4,12.0,6.0,18.0,0.0,32.0,4.0,4.3
10,max_to_sunset,SC4,4,11.090536506409418,6.0,18.0,0.0,32.0,4.0,4.3
10,first_to_first,SC4,5,11.224972160321824,0.0,14.0,80.0,32.0,4.0,4.3
10,last_to_last,SC4,5,-12.84523257866513,168.0,14.0,80.0,32.0,4.0,4.1
10,mid_to_mid,SC4,5,3.0,9.0,14.0,80.0,32.0,4.0,4.3
10,max_to_max,SC4,5,-7.0,184.0,14.0,80.0,32.0,4.0,4.1
10,max_to_sunset,SC4,5,-13.45362404707371,184.0,14.0,80.0,32.0,4.0,4.1
10,first_to_first,SC4,6,-12.083045973594572,153.0,19.0,547.0,32.0,4.0,4.1
10,last_to_last,SC4,6,-15.362291495737216,236.0,19.0,547.0,32.0,4.0,4.5
10,mid_to_mid,SC4,6,-9.695359714832659,94.0,19.0,547.0,32.0,4.0,4.1
10,max_to_max,SC4,6,-18.138357147217054,337.0,19.0,547.0,32.0,4.0,4.1
10,max_to_sunset,SC4,6,-18.35755975068582,337.0,19.0,547.0,32.0,4.0,4.5
10,first_to_first,SC4,7,-15.132745950421556,229.0,8.0,199.0,32.0,4.0,7.4
10,last_to_last,SC4,7,-5.0990195135927845,26.0,8.0,199.0,32.0,4.0,7.4
10,mid_to_mid,SC4,7,-4.898979485566356,24.0,8.0,199.0,32.0,4.0,7.4
10,max_to_max,SC4,7,-16.0312195418814,257.0,8.0,199.0,32.0,4.0,7.4
10,max_to_sunset,SC4,7,-16.0312195418814,257.0,8.0,199.0,32.0,4.0,7.4
10,first_to_first,SC4,8,-4.242640687119285,18.0,20.0,19.0,32.0,4.0,7.4
10,last_to_last,SC4,8,-3.872983346207417,15.0,20.0,19.0,32.0,4.0,7.4
10,mid_to_mid,SC4,8,0.0,0.0,20.0,19.0,32.0,4.0,7.4
10,max_to_max,SC4,8,-5.291502622129181,28.0,20.0,19.0,32.0,4.0,7.4
10,max_to_sunset,SC4,8,-5.291502622129181,28.0,20.0,19.0,32.0,4.0,7.4
10,first_to_first,SC4,9,-3.872983346207417,15.0,13.0,16.0,32.0,4.0,7.4
10,last_to_last,SC4,9,-6.082762530298219,37.0,13.0,16.0,32.0,4.0,7.4
10,mid_to_mid,SC4,9,0.0,1.0,13.0,16.0,32.0,4.0,7.4
10,max_to_max,SC4,9,-5.744562646538029,37.0,13.0,16.0,32.0,4.0,7.4
10,max_to_sunset,SC4,9,-6.082762530298219,37.0,13.0,16.0,32.0,4.0,7.4
10,first_to_first,SC4,10,-6.708203932499369,45.0,8.0,82.0,32.0,4.0,7.4
10,last_to_last,SC4,10,5.656854249492381,3.0,8.0,82.0,32.0,4.0,7.4
10,mid_to_mid,SC4,10,2.8284271247461903,0.0,8.0,82.0,32.0,4.0,7.4
10,max_to_max,SC4,10,8.774964387392123,54.0,8.0,82.0,32.0,4.0,7.4
10,max_to_sunset,SC4,10,-4.358898943540674,54.0,8.0,82.0,32.0,4.0,7.4
10,first_to_first,SC4,11,9.273618495495704,6.0,19.0,9.0,32.0,4.0,7.4
10,last_to_last,SC4,11,8.306623862918075,6.0,19.0,9.0,32.0,6.0,7.4
10,mid_to_mid,SC4,11,9.9498743710662,0.0,19.0,9.0,32.0,6.0,7.4
10,max_to_max,SC4,11,13.784048752090222,18.0,19.0,9.0,32.0,6.0,7.4
10,max_to_sunset,SC4,11,7.54983443527075,18.0,19.0,9.0,32.0,6.0,7.4
10,first_to_first,SC4,12,8.774964387392123,5.0,7.0,2.0,32.0,6.0,7.4
10,last_to_last,SC4,12,16.217274740226856,0.0,7.0,2.0,32.0,6.0,7.4
10,mid_to_mid,SC4,12,2.0,0.0,7.0,2.0,32.0,6.0,7.4
10,max_to_max,SC4,12,17.804493814764857,5.0,7.0,2.0,32.0,6.0,7.4
10,max_to_sunset,SC4,12,16.06237840420901,5.0,7.0,2.0,32.0,6.0,7.4
10,first_to_first,SC4,13,15.297058540778355,0.0,8.0,0.0,32.0,6.0,7.4
10,last_to_last,SC4,13,11.357816691600547,0.0,8.0,0.0,30.0,6.0,7.4
10,mid_to_mid,SC4,13,3.872983346207417,0.0,8.0,0.0,32.0,6.0,7.4
10,max_to_max,SC4,13,15.297058540778355,0.0,8.0,0.0,32.0,6.0,7.4
10,max_to_sunset,SC4,13,11.357816691600547,0.0,8.0,0.0,32.0,6.0,7.4
10,first_to_first,SC4,14,12.884098726725126,0.0,17.0,2.0,30.0,6.0,7.4
10,last_to_last,SC4,14,-6.244997998398398,129.0,17.0,2.0,30.0,6.0,7.4
10,mid_to_mid,SC4,14,10.295630140987,0.0,17.0,2.0,30.0,6.0,7.4
10,max_to_max,SC4,14,4.0,150.0,17.0,2.0,30.0,6.0,7.4
10,max_to_sunset,SC4,14,-7.745966692414834,150.0,17.0,2.0,30.0,6.0,7.4
10,first_to_first,SC4,15,-2.8284271247461903,126.0,14.0,48.0,30.0,6.0,7.4
10,last_to_last,SC4,15,-1.7320508075688772,3.0,14.0,48.0,23.0,6.0,7.4
10,mid_to_mid,SC4,15,-4.0,18.0,14.0,48.0,30.0,6.0,7.4
10,max_to_max,SC4,15,-4.123105625617661,135.0,14.0,48.0,30.0,6.0,7.4
10,max_to_sunset,SC4,15,-11.61895003862225,135.0,14.0,48.0,30.0,6.0,7.4
10,first_to_first,SC4,16,-2.6457513110645907,7.0,17.0,0.0,23.0,6.0,7.4
10,last_to_last,SC4,16,1.0,0.0,17.0,0.0,24.0,6.0,7.4
10,mid_to_mid,SC4,16,0.0,0.0,17.0,0.0,23.0,6.0,7.4
10,max_to_max,SC4,16,-1.4142135623730951,8.0,17.0,0.0,23.0,6.0,7.4
10,max_to_sunset,SC4,16,-2.6457513110645907,8.0,17.0,0.0,24.0,6.0,7.4
10,first_to_first,SC4,17,1.0,0.0,14.0,0.0,24.0,6.0,6.2
10,last_to_last,SC4,17,0.0,0.0,14.0,0.0,24.0,6.0,6.2
10,mid_to_mid,SC4,17,0.0,0.0,14.0,0.0,24.0,6.0,6.2
10,max_to_max,SC4,17,1.0,0.0,14.0,0.0,24.0,6.0,6.2
10,max_to_sunset,SC4,17,0.0,0.0,14.0,0.0,24.0,6.0,6.2
10,first_to_first,SC4,18,0.0,0.0,13.0,0.0,24.0,6.0,6.2
10,last_to_last,SC4,18,9.219544457292887,0.0,13.0,0.0,24.0,6.0,6.2
10,mid_to_mid,SC4,18,2.449489742783178,0.0,13.0,0.0,24.0,6.0,6.2
10,max_to_max,SC4,18,9.38083151964686,0.0,13.0,0.0,24.0,6.0,6.2
10,max_to_sunset,SC4,18,9.219544457292887,0.0,13.0,0.0,24.0,6.0,6.2
10,first_to_first,SC4,19,9.797958971132712,0.0,17.0,3.0,24.0,6.0,6.2
10,last_to_last,SC4,19,1.0,0.0,17.0,3.0,24.0,6.0,6.2
10,mid_to_mid,SC4,19,11.832159566199232,1.0,17.0,3.0,24.0,6.0,6.2
10,max_to_max,SC4,19,11.704699910719626,4.0,17.0,3.0,24.0,6.0,6.2
10,max_to_sunset,SC4,19,-1.7320508075688772,4.0,17.0,3.0,24.0,6.0,6.2
10,first_to_first,SC4,20,0.0,0.0,16.0,80.0,24.0,6.0,5.1
10,last_to_last,SC4,20,-5.477225575051661,35.0,16.0,80.0,24.0,6.0,5.1
10,mid_to_mid,SC4,20,-2.0,8.0,16.0,80.0,24.0,6.0,5.1
10,max_to_max,SC4,20,-10.908712114635714,131.0,16.0,80.0,24.0,6.0,5.1
10,max_to_sunset,SC4,20,-11.224972160321824,131.0,16.0,80.0,24.0,6.0,5.1
10,first_to_first,SC4,21,-9.273618495495704,92.0,15.0,0.0,24.0,5.0,5.1
10,last_to_last,SC4,21,-8.660254037844387,75.0,15.0,0.0,24.0,5.0,5.1
10,mid_to_mid,SC4,21,-9.746794344808963,99.0,15.0,0.0,24.0,5.0,5.1
10,max_to_max,SC4,21,-14.212670403551895,208.0,15.0,0.0,24.0,5.0,5.1
10,max_to_sunset,SC4,21,-14.422205101855956,208.0,15.0,0.0,24.0,5.0,5.1
10,first_to_first,SC4,22,-9.055385138137417,82.0,14.0,48.0,24.0,5.0,5.5
10,last_to_last,SC4,22,-12.409673645990857,263.0,14.0,48.0,24.0,5.0,5.5
10,mid_to_mid,SC4,22,1.7320508075688772,4.0,14.0,48.0,24.0,5.0,5.5
10,max_to_max,SC4,22,-14.212670403551895,322.0,14.0,48.0,24.0,5.0,5.5
10,max_to_sunset,SC4,22,-14.594519519326424,322.0,14.0,48.0,24.0,5.0,5.5
10,first_to_first,SC4,23,-9.9498743710662,234.0,6.0,40.0,24.0,5.0,5.5
10,last_to_last,SC4,23,-6.164414002968976,129.0,6.0,40.0,24.0,5.0,5.5
10,mid_to_mid,SC4,23,1.4142135623730951,15.0,6.0,40.0,24.0,5.0,5.5
10,max_to_max,SC4,23,-9.0,234.0,6.0,40.0,24.0,5.0,5.5
10,max_to_sunset,SC4,23,-11.958260743101398,234.0,6.0,40.0,24.0,5.0,5.5
10,first_to_first,SC4,24,-6.244997998398398,166.0,7.0,61.0,24.0,5.0,5.5
10,last_to_last,SC4,24,-9.327379053088816,90.0,7.0,61.0,24.0,5.0,5.5
10,mid_to_mid,SC4,24,-9.797958971132712,106.0,7.0,61.0,24.0,5.0,5.5
10,max_to_max,SC4,24,-6.244997998398398,166.0,7.0,61.0,24.0,5.0,5.5
10,max_to_sunset,SC4,24,-12.767145334803704,166.0,7.0,61.0,24.0,5.0,5.5
10,first_to_first,SC6,1,6.4031242374328485,0.0,21.0,1.0,25.0,8.0,7.8
10,last_to_last,SC6,1,9.1104335791443,1.0,21.0,1.0,25.0,7.0,7.8
10,mid_to_mid,SC6,1,5.656854249492381,0.0,21.0,1.0,25.0,7.0,7.8
10,max_to_max,SC6,1,9.055385138137417,2.0,21.0,1.0,25.0,7.0,7.8
10,max_to_sunset,SC6,1,9.055385138137417,2.0,21.0,1.0,25.0,7.0,7.8
10,first_to_first,SC6,2,7.937253933193772,0.0,18.0,14.0,25.0,7.0,7.8
10,last_to_last,SC6,2,-11.532562594670797,196.0,18.0,14.0,25.0,7.0,7.8
10,mid_to_mid,SC6,2,6.928203230275509,1.0,18.0,14.0,25.0,7.0,7.8
10,max_to_max,SC6,2,-14.317821063276353,284.0,18.0,14.0,25.0,7.0,7.8
10,max_to_sunset,SC6,2,-14.866068747318506,284.0,18.0,14.0,25.0,7.0,7.8
10,first_to_first,SC6,3,-7.14142842854285,106.0,14.0,36.0,25.0,7.0,7.8
10,last_to_last,SC6,3,2.6457513110645907,65.0,14.0,36.0,22.0,7.0,7.8
10,mid_to_mid,SC6,3,-5.0,61.0,14.0,36.0,25.0,7.0,7.8
10,max_to_max,SC6,3,-3.4641016151377544,120.0,14.0,36.0,25.0,7.0,7.8
10,max_to_sunset,SC6,3,-6.928203230275509,120.0,14.0,36.0,25.0,7.0,7.8
10,first_to_first,SC6,4,3.872983346207417,46.0,17.0,3.0,19.0,7.0,7.8
10,last_to_last,SC6,4,7.54983443527075,19.0,17.0,3.0,19.0,7.0,7.8
10,mid_to_mid,SC6,4,5.0990195135927845,26.0,17.0,3.0,19.0,7.0,7.8
10,max_to_max,SC6,4,2.449489742783178,77.0,17.0,3.0,19.0,7.0,7.8
10,max_to_sunset,SC6,4,-1.0,77.0,17.0,3.0,19.0,7.0,7.8
10,first_to_first,SC6,5,5.196152422706632,15.0,15.0,12.0,19.0,7.0,7.8
10,last_to_last,SC6,5,4.0,14.0,15.0,12.0,19.0,7.0,7.8
10,mid_to_mid,SC6,5,4.242640687119285,18.0,15.0,12.0,19.0,7.0,7.8
10,max_to_max,SC6,5,7.681145747868608,18.0,15.0,12.0,19.0,7.0,7.8
10,max_to_sunset,SC6,5,3.4641016151377544,18.0,15.0,12.0,19.0,7.0,7.8
10,first_to_first,SC6,6,4.123105625617661,15.0,14.0,0.0,19.0,7.0,7.8
10,last_to_last,SC6,6,5.385164807134504,5.0,14.0,0.0,19.0,7.0,7.8
10,mid_to_mid,SC6,6,5.916079783099616,6.0,14.0,0.0,19.0,7.0,7.8
10,max_to_max,SC6,6,7.280109889280518,17.0,14.0,0.0,19.0,7.0,7.8
10,max_to_sunset,SC6,6,4.123105625617661,17.0,14.0,0.0,19.0,7.0,7.8
10,first_to_first,SC6,7,3.4641016151377544,7.0,13.0,0.0,19.0,7.0,7.8
10,last_to_last,SC6,7,3.872983346207417,5.0,13.0,0.0,19.0,7.0,7.8
10,mid_to_mid,SC6,7,4.47213595499958,6.0,13.0,0.0,19.0,7.0,7.8
10,max_to_max,SC6,7,3.3166247903554,15.0,13.0,0.0,19.0,7.0,7.8
10,max_to_sunset,SC6,7,2.23606797749979,15.0,13.0,0.0,19.0,7.0,7.8
10,first_to_first,SC6,8,4.795831523312719,4.0,16.0,52.0,19.0,7.0,4.7
10,last_to_last,SC6,8,10.14889156509222,62.0,16.0,52.0,19.0,7.0,4.7
10,mid_to_mid,SC6,8,3.3166247903554,1.0,16.0,52.0,19.0,7.0,4.7
10,max_to_max,SC6,8,5.477225575051661,135.0,16.0,52.0,19.0,7.0,4.7
10,max_to_sunset,SC6,8,5.477225575051661,135.0,16.0,52.0,19.0,7.0,4.7
10,first_to_first,SC6,9,10.44030650891055,35.0,14.0,0.0,19.0,6.0,4.7
10,last_to_last,SC6,9,5.5677643628300215,24.0,14.0,0.0,19.0,6.0,4.7
10,mid_to_mid,SC6,9,2.449489742783178,45.0,14.0,0.0,19.0,6.0,4.7
10,max_to_max,SC6,9,9.38083151964686,56.0,14.0,0.0,19.0,6.0,4.7
10,max_to_sunset,SC6,9,-1.0,56.0,14.0,0.0,19.0,6.0,4.7
10,first_to_first,SC6,10,4.47213595499958,25.0,14.0,120.0,19.0,6.0,5.9
10,last_to_last,SC6,10,-6.4031242374328485,62.0,14.0,120.0,19.0,6.0,5.9
10,mid_to_mid,SC6,10,3.605551275463989,26.0,14.0,120.0,19.0,6.0,5.9
10,max_to_max,SC6,10,2.0,75.0,14.0,120.0,19.0,6.0,5.9
10,max_to_sunset,SC6,10,-7.3484692283495345,75.0,14.0,120.0,19.0,6.0,5.9
10,first_to_first,SC6,11,-4.242640687119285,41.0,14.0,122.0,19.0,6.0,5.9
10,last_to_last,SC6,11,-7.211102550927978,84.0,14.0,122.0,19.0,6.0,5.9
10,mid_to_mid,SC6,11,-2.8284271247461903,32.0,14.0,122.0,19.0,6.0,5.9
10,max_to_max,SC6,11,-6.557438524302,84.0,14.0,122.0,19.0,6.0,5.9
10,max_to_sunset,SC6,11,-7.211102550927978,84.0,14.0,122.0,19.0,6.0,5.9
10,first_to_first,SC6,12,-6.48074069840786,63.0,13.0,32.0,19.0,6.0,5.9
10,last_to_last,SC6,12,-6.855654600401044,63.0,13.0,32.0,19.0,6.0,5.9
10,mid_to_mid,SC6,12,-6.164414002968976,49.0,13.0,32.0,19.0,6.0,5.9
10,max_to_max,SC6,12,-6.928203230275509,79.0,13.0,32.0,19.0,6.0,5.9
10,max_to_sunset,SC6,12,-7.937253933193772,79.0,13.0,32.0,19.0,6.0,5.9
10,first_to_first,SC8,1,-2.6457513110645907,238.0,16.0,0.0,20.0,4.0,8.7
10,last_to_last,SC8,1,4.123105625617661,254.0,16.0,0.0,17.0,4.0,8.7
10,mid_to_mid,SC8,1,-5.916079783099616,238.0,16.0,0.0,20.0,4.0,8.7
10,max_to_max,SC8,1,4.0,255.0,16.0,0.0,17.0,4.0,8.7
10,max_to_sunset,SC8,1,4.0,255.0,16.0,0.0,17.0,4.0,8.7
10,first_to_first,SC8,2,3.4641016151377544,264.0,6.0,1.0,17.0,4.0,8.7
10,last_to_last,SC8,2,6.4031242374328485,243.0,6.0,1.0,17.0,4.0,8.7
10,mid_to_mid,SC8,2,1.0,247.0,6.0,1.0,17.0,4.0,8.7
10,max_to_max,SC8,2,4.47213595499958,264.0,6.0,1.0,17.0,4.0,8.7
10,max_to_sunset,SC8,2,4.47213595499958,264.0,6.0,1.0,17.0,4.0,8.7
10,first_to_first,SC8,3,7.0710678118654755,243.0,6.0,9.0,17.0,4.0,8.4
10,last_to_last,SC8,3,-13.228756555322953,225.0,6.0,9.0,17.0,4.0,8.4
10,mid_to_mid,SC8,3,-14.352700094407323,228.0,6.0,9.0,17.0,4.0,8.4
10,max_to_max,SC8,3,7.0710678118654755,243.0,6.0,9.0,17.0,4.0,8.4
10,max_to_sunset,SC8,3,-13.892443989449804,243.0,6.0,9.0,17.0,4.0,8.4
10,first_to_first,SC8,4,-13.96424004376894,238.0,12.0,32.0,17.0,4.0,8.4
10,last_to_last,SC8,4,-15.165750888103101,242.0,12.0,32.0,17.0,5.0,8.4
10,mid_to_mid,SC8,4,-14.628738838327793,231.0,12.0,32.0,17.0,5.0,8.4
10,max_to_max,SC8,4,-13.45362404707371,242.0,12.0,32.0,17.0,5.0,8.4
10,max_to_sunset,SC8,4,-15.165750888103101,242.0,12.0,32.0,17.0,5.0,8.4
10,first_to_first,SC8,5,-15.165750888103101,243.0,9.0,26.0,17.0,5.0,8.4
10,last_to_last,SC8,5,-15.811388300841896,253.0,9.0,26.0,18.0,5.0,8.4
10,mid_to_mid,SC8,5,-15.394804318340652,249.0,9.0,26.0,17.0,5.0,8.4
10,max_to_max,SC8,5,-15.198684153570664,255.0,9.0,26.0,17.0,5.0,8.4
10,max_to_sunset,SC8,5,-15.874507866387544,255.0,9.0,26.0,18.0,5.0,8.4
10,first_to_first,SC8,6,-15.811388300841896,252.0,8.0,9.0,18.0,5.0,8.4
10,last_to_last,SC8,6,-15.297058540778355,236.0,8.0,9.0,18.0,5.0,8.4
10,mid_to_mid,SC8,6,-15.165750888103101,232.0,8.0,9.0,18.0,5.0,8.4
10,max_to_max,SC8,6,-15.7797338380595,253.0,8.0,9.0,18.0,5.0,8.4
10,max_to_sunset,SC8,6,-15.84297951775486,253.0,8.0,9.0,18.0,5.0,8.4
10,first_to_first,SC8,7,-15.524174696260024,245.0,7.0,4.0,18.0,5.0,7.0
10,last_to_last,SC8,7,-14.38749456993816,210.0,7.0,4.0,18.0,5.0,7.0
10,mid_to_mid,SC8,7,-14.142135623730951,204.0,7.0,4.0,18.0,5.0,7.0
10,max_to_max,SC8,7,-15.427248620541512,245.0,7.0,4.0,18.0,5.0,7.0
10,max_to_sunset,SC8,7,-15.556349186104045,245.0,7.0,4.0,18.0,5.0,7.0
10,first_to_first,SC8,8,-14.142135623730951,205.0,13.0,10.0,18.0,6.0,8.2
10,last_to_last,SC8,8,-14.422205101855956,212.0,13.0,10.0,18.0,6.0,8.2
10,mid_to_mid,SC8,8,-13.96424004376894,201.0,13.0,10.0,18.0,6.0,8.2
10,max_to_max,SC8,8,-13.74772708486752,212.0,13.0,10.0,18.0,6.0,8.2
10,max_to_sunset,SC8,8,-14.422205101855956,212.0,13.0,10.0,18.0,6.0,8.2
10,first_to_first,SC8,9,-14.832396974191326,226.0,7.0,2.0,18.0,6.0,8.2
10,last_to_last,SC8,9,-14.0,204.0,7.0,2.0,18.0,6.0,8.2
10,mid_to_mid,SC8,9,-13.784048752090222,196.0,7.0,2.0,18.0,6.0,8.2
10,max_to_max,SC8,9,-14.798648586948742,227.0,7.0,2.0,18.0,6.0,8.2
10,max_to_sunset,SC8,9,-14.798648586948742,227.0,7.0,2.0,18.0,6.0,8.2
10,first_to_first,SC8,10,-14.317821063276353,213.0,14.0,0.0,18.0,6.0,8.2
10,last_to_last,SC8,10,-14.212670403551895,211.0,14.0,0.0,18.0,6.0,8.2
10,mid_to_mid,SC8,10,-14.352700094407323,214.0,14.0,0.0,18.0,6.0,8.2
10,max_to_max,SC8,10,-14.317821063276353,214.0,14.0,0.0,18.0,6.0,8.2
10,max_to_sunset,SC8,10,-14.317821063276353,214.0,14.0,0.0,18.0,6.0,8.2
10,first_to_first,SC8,11,-14.66287829861518,231.0,14.0,2.0,18.0,6.0,8.2
10,last_to_last,SC8,11,-15.748015748023622,271.0,14.0,2.0,18.0,6.0,8.2
10,mid_to_mid,SC8,11,-13.379088160259652,203.0,14.0,2.0,18.0,6.0,8.2
10,max_to_max,SC8,11,-15.297058540778355,271.0,14.0,2.0,18.0,6.0,8.2
10,max_to_sunset,SC8,11,-15.748015748023622,271.0,14.0,2.0,18.0,6.0,8.2
10,first_to_first,SC8,12,-15.874507866387544,276.0,13.0,12.0,18.0,6.0,8.2
10,last_to_last,SC8,12,-15.588457268119896,284.0,13.0,12.0,21.0,6.0,8.2
10,mid_to_mid,SC8,12,-15.427248620541512,248.0,13.0,12.0,18.0,6.0,8.2
10,max_to_max,SC8,12,-15.588457268119896,284.0,13.0,12.0,18.0,6.0,8.2
10,max_to_sunset,SC8,12,-15.588457268119896,284.0,13.0,12.0,21.0,6.0,8.2
10,first_to_first,SC8,13,-16.822603841260722,293.0,12.0,5.0,21.0,6.0,8.2
10,last_to_last,SC8,13,-6.855654600401044,50.0,12.0,5.0,21.0,6.0,8.2
10,mid_to_mid,SC8,13,-4.358898943540674,22.0,12.0,5.0,21.0,6.0,8.2
10,max_to_max,SC8,13,-16.46207763315433,293.0,12.0,5.0,21.0,6.0,8.2
10,max_to_sunset,SC8,13,-17.029386365926403,293.0,12.0,5.0,21.0,6.0,8.2
11,first_to_first,SC1,1,-10.392304845413264,108.0,16.0,0.0,22.0,6.0,6.3
11,last_to_last,SC1,1,-7.14142842854285,51.0,16.0,0.0,22.0,6.0,6.3
11,mid_to_mid,SC1,1,-8.48528137423857,72.0,16.0,0.0,22.0,6.0,6.3
11,max_to_max,SC1,1,-11.0,121.0,16.0,0.0,22.0,6.0,6.3
11,max_to_sunset,SC1,1,-11.0,121.0,16.0,0.0,22.0,6.0,6.3
11,first_to_first,SC1,2,-7.483314773547883,56.0,16.0,0.0,22.0,6.0,6.3
11,last_to_last,SC1,2,-4.795831523312719,23.0,16.0,0.0,22.0,6.0,6.3
11,mid_to_mid,SC1,2,-6.6332495807108,44.0,16.0,0.0,22.0,6.0,6.3
11,max_to_max,SC1,2,-7.483314773547883,56.0,16.0,0.0,22.0,6.0,6.3
11,max_to_sunset,SC1,2,-7.483314773547883,56.0,16.0,0.0,22.0,6.0,6.3
11,first_to_first,SC1,3,-3.3166247903554,11.0,11.0,5.0,22.0,6.0,6.3
11,last_to_last,SC1,3,-1.4142135623730951,2.0,11.0,5.0,22.0,6.0,6.3
11,mid_to_mid,SC1,3,-2.449489742783178,6.0,11.0,5.0,22.0,6.0,6.3
11,max_to_max,SC1,3,-4.58257569495584,21.0,11.0,5.0,22.0,6.0,6.3
11,max_to_sunset,SC1,3,-4.58257569495584,21.0,11.0,5.0,22.0,6.0,6.3
11,first_to_first,SC1,4,-2.23606797749979,5.0,9.0,3.0,22.0,6.0,6.3
11,last_to_last,SC1,4,0.0,0.0,9.0,3.0,22.0,6.0,6.3
11,mid_to_mid,SC1,4,-1.4142135623730951,2.0,9.0,3.0,22.0,6.0,6.3
11,max_to_max,SC1,4,-2.23606797749979,5.0,9.0,3.0,22.0,6.0,6.3
11,max_to_sunset,SC1,4,-2.23606797749979,5.0,9.0,3.0,22.0,6.0,6.3
11,first_to_first,SC1,5,0.0,0.0,13.0,0.0,22.0,6.0,6.3
11,last_to_last,SC1,5,0.0,0.0,13.0,0.0,22.0,6.0,6.3
11,mid_to_mid,SC1,5,0.0,0.0,13.0,0.0,22.0,6.0,6.3
11,max_to_max,SC1,5,0.0,0.0,13.0,0.0,22.0,6.0,6.3
11,max_to_sunset,SC1,5,0.0,0.0,13.0,0.0,22.0,6.0,6.3
11,first_to_first,SC1,6,0.0,0.0,14.0,0.0,22.0,6.0,6.3
11,last_to_last,SC1,6,0.0,0.0,14.0,0.0,20.0,6.0,6.3
11,mid_to_mid,SC1,6,0.0,0.0,14.0,0.0,22.0,6.0,6.3
11,max_to_max,SC1,6,0.0,0.0,14.0,0.0,22.0,6.0,6.3
11,max_to_sunset,SC1,6,0.0,0.0,14.0,0.0,22.0,6.0,6.3
11,first_to_first,SC1,7,0.0,0.0,12.0,0.0,20.0,6.0,6.3
11,last_to_last,SC1,7,0.0,0.0,12.0,0.0,20.0,6.0,6.3
11,mid_to_mid,SC1,7,0.0,0.0,12.0,0.0,20.0,6.0,6.3
11,max_to_max,SC1,7,0.0,0.0,12.0,0.0,20.0,6.0,6.3
11,max_to_sunset,SC1,7,0.0,0.0,12.0,0.0,20.0,6.0,6.3
11,first_to_first,SC1,8,0.0,0.0,11.0,0.0,20.0,6.0,6.3
11,last_to_last,SC1,8,0.0,0.0,11.0,0.0,22.0,6.0,6.3
11,mid_to_mid,SC1,8,0.0,0.0,11.0,0.0,21.0,6.0,6.3
11,max_to_max,SC1,8,0.0,0.0,11.0,0.0,20.0,6.0,6.3
11,max_to_sunset,SC1,8,0.0,0.0,11.0,0.0,22.0,6.0,6.3
11,first_to_first,SC1,9,0.0,0.0,7.0,0.0,22.0,6.0,6.3
11,last_to_last,SC1,9,0.0,0.0,7.0,0.0,22.0,8.0,6.2
11,mid_to_mid,SC1,9,0.0,0.0,7.0,0.0,22.0,8.0,6.3
11,max_to_max,SC1,9,0.0,0.0,7.0,0.0,22.0,6.0,6.3
11,max_to_sunset,SC1,9,0.0,0.0,7.0,0.0,22.0,6.0,6.3
11,first_to_first,SC1,10,0.0,0.0,11.0,0.0,22.0,8.0,6.2
11,last_to_last,SC1,10,0.0,0.0,11.0,0.0,22.0,8.0,6.2
11,mid_to_mid,SC1,10,0.0,0.0,11.0,0.0,22.0,8.0,6.2
11,max_to_max,SC1,10,0.0,0.0,11.0,0.0,22.0,8.0,6.2
11,max_to_sunset,SC1,10,0.0,0.0,11.0,0.0,22.0,8.0,6.2
11,first_to_first,SC1,11,0.0,0.0,10.0,0.0,22.0,8.0,6.2
11,last_to_last,SC1,11,0.0,0.0,10.0,0.0,22.0,8.0,6.2
11,mid_to_mid,SC1,11,0.0,0.0,10.0,0.0,22.0,8.0,6.2
11,max_to_max,SC1,11,0.0,0.0,10.0,0.0,22.0,8.0,6.2
11,max_to_sunset,SC1,11,0.0,0.0,10.0,0.0,22.0,8.0,6.2
11,first_to_first,SC1,12,0.0,0.0,12.0,0.0,22.0,8.0,6.2
11,last_to_last,SC1,12,0.0,0.0,12.0,0.0,22.0,6.0,6.2
11,mid_to_mid,SC1,12,0.0,0.0,12.0,0.0,22.0,6.0,6.2
11,max_to_max,SC1,12,0.0,0.0,12.0,0.0,22.0,8.0,6.2
11,max_to_sunset,SC1,12,0.0,0.0,12.0,0.0,22.0,6.0,6.2
11,first_to_first,SC1,13,0.0,0.0,9.0,0.0,22.0,6.0,6.2
11,last_to_last,SC1,13,0.0,0.0,9.0,0.0,22.0,6.0,6.2
11,mid_to_mid,SC1,13,0.0,0.0,9.0,0.0,22.0,6.0,6.2
11,max_to_max,SC1,13,0.0,0.0,9.0,0.0,22.0,6.0,6.2
11,max_to_sunset,SC1,13,0.0,0.0,9.0,0.0,22.0,6.0,6.2
11,first_to_first,SC1,14,0.0,0.0,12.0,0.0,22.0,6.0,6.2
11,last_to_last,SC1,14,0.0,0.0,12.0,0.0,22.0,6.0,6.2
11,mid_to_mid,SC1,14,0.0,0.0,12.0,0.0,22.0,6.0,6.2
11,max_to_max,SC1,14,0.0,0.0,12.0,0.0,22.0,6.0,6.2
11,max_to_sunset,SC1,14,0.0,0.0,12.0,0.0,22.0,6.0,6.2
11,first_to_first,SC1,15,0.0,0.0,13.0,0.0,22.0,6.0,6.2
11,last_to_last,SC1,15,0.0,0.0,13.0,0.0,22.0,6.0,5.7
11,mid_to_mid,SC1,15,0.0,0.0,13.0,0.0,22.0,6.0,6.2
11,max_to_max,SC1,15,0.0,0.0,13.0,0.0,22.0,6.0,6.2
11,max_to_sunset,SC1,15,0.0,0.0,13.0,0.0,22.0,6.0,6.2
11,first_to_first,SC1,16,0.0,0.0,10.0,0.0,22.0,6.0,5.7
11,last_to_last,SC1,16,0.0,0.0,10.0,0.0,22.0,6.0,5.7
11,mid_to_mid,SC1,16,0.0,0.0,10.0,0.0,22.0,6.0,5.7
11,max_to_max,SC1,16,0.0,0.0,10.0,0.0,22.0,6.0,5.7
11,max_to_sunset,SC1,16,0.0,0.0,10.0,0.0,22.0,6.0,5.7
11,first_to_first,SC1,17,0.0,0.0,12.0,0.0,22.0,6.0,5.7
11,last_to_last,SC1,17,0.0,0.0,12.0,0.0,22.0,6.0,5.7
11,mid_to_mid,SC1,17,0.0,0.0,12.0,0.0,22.0,6.0,5.7
11,max_to_max,SC1,17,0.0,0.0,12.0,0.0,22.0,6.0,5.7
11,max_to_sunset,SC1,17,0.0,0.0,12.0,0.0,22.0,6.0,5.7
11,first_to_first,SC1,18,0.0,0.0,12.0,0.0,22.0,6.0,5.7
11,last_to_last,SC1,18,0.0,0.0,12.0,0.0,22.0,6.0,5.7
11,mid_to_mid,SC1,18,0.0,0.0,12.0,0.0,22.0,6.0,5.7
11,max_to_max,SC1,18,0.0,0.0,12.0,0.0,22.0,6.0,5.7
11,max_to_sunset,SC1,18,0.0,0.0,12.0,0.0,22.0,6.0,5.7
11,first_to_first,SC10,1,8.306623862918075,0.0,21.0,0.0,21.0,3.0,7.4
11,last_to_last,SC10,1,3.7416573867739413,0.0,21.0,0.0,21.0,3.0,7.4
11,mid_to_mid,SC10,1,2.0,0.0,21.0,0.0,21.0,3.0,7.4
11,max_to_max,SC10,1,8.888194417315589,0.0,21.0,0.0,21.0,3.0,7.4
11,max_to_sunset,SC10,1,3.7416573867739413,0.0,21.0,0.0,21.0,3.0,7.4
11,first_to_first,SC10,2,1.7320508075688772,0.0,13.0,8.0,21.0,3.0,7.4
11,last_to_last,SC10,2,1.4142135623730951,0.0,13.0,8.0,24.0,3.0,7.4
11,mid_to_mid,SC10,2,-2.0,4.0,13.0,8.0,22.0,3.0,7.4
11,max_to_max,SC10,2,-5.830951894845301,39.0,13.0,8.0,24.0,3.0,7.4
11,max_to_sunset,SC10,2,-6.082762530298219,39.0,13.0,8.0,24.0,3.0,7.4
11,first_to_first,SC10,3,-2.449489742783178,10.0,15.0,104.0,24.0,3.0,7.4
11,last_to_last,SC10,3,-7.54983443527075,58.0,15.0,104.0,24.0,3.0,7.4
11,mid_to_mid,SC10,3,-2.8284271247461903,8.0,15.0,104.0,24.0,3.0,7.4
11,max_to_max,SC10,3,-8.54400374531753,78.0,15.0,104.0,24.0,3.0,7.4
11,max_to_sunset,SC10,3,-8.774964387392123,78.0,15.0,104.0,24.0,3.0,7.4
11,first_to_first,SC10,4,-7.745966692414834,60.0,18.0,176.0,24.0,3.0,7.4
11,last_to_last,SC10,4,-10.488088481701515,110.0,18.0,176.0,24.0,3.0,7.4
11,mid_to_mid,SC10,4,-3.0,9.0,18.0,176.0,24.0,3.0,7.4
11,max_to_max,SC10,4,-11.40175425099138,130.0,18.0,176.0,24.0,3.0,7.4
11,max_to_sunset,SC10,4,-11.40175425099138,130.0,18.0,176.0,24.0,3.0,7.4
11,first_to_first,SC10,5,-10.44030650891055,109.0,13.0,416.0,24.0,3.0,7.4
11,last_to_last,SC10,5,-11.489125293076057,132.0,13.0,416.0,24.0,3.0,7.4
11,mid_to_mid,SC10,5,-5.196152422706632,27.0,13.0,416.0,24.0,3.0,7.4
11,max_to_max,SC10,5,-12.165525060596439,148.0,13.0,416.0,24.0,3.0,7.4
11,max_to_sunset,SC10,5,-12.165525060596439,148.0,13.0,416.0,24.0,3.0,7.4
11,first_to_first,SC10,6,-10.954451150103322,120.0,8.0,385.0,24.0,3.0,7.4
11,last_to_last,SC10,6,-9.433981132056603,89.0,8.0,385.0,24.0,3.0,7.4
11,mid_to_mid,SC10,6,-6.928203230275509,48.0,8.0,385.0,24.0,3.0,7.4
11,max_to_max,SC10,6,-16.792855623746664,282.0,8.0,385.0,24.0,3.0,7.4
11,max_to_sunset,SC10,6,-16.792855623746664,282.0,8.0,385.0,24.0,3.0,7.4
11,first_to_first,SC10,7,-10.44030650891055,109.0,17.0,456.0,24.0,3.0,7.2
11,last_to_last,SC10,7,-11.575836902790225,137.0,17.0,456.0,24.0,3.0,7.2
11,mid_to_mid,SC10,7,-7.615773105863909,61.0,17.0,456.0,24.0,3.0,7.2
11,max_to_max,SC10,7,-17.378147196982766,306.0,17.0,456.0,24.0,3.0,7.2
11,max_to_sunset,SC10,7,-17.406895185529212,306.0,17.0,456.0,24.0,3.0,7.2
11,first_to_first,SC10,8,-10.954451150103322,120.0,13.0,387.0,24.0,4.0,7.2
11,last_to_last,SC10,8,9.9498743710662,115.0,13.0,387.0,24.0,5.0,7.2
11,mid_to_mid,SC10,8,-5.5677643628300215,48.0,13.0,387.0,24.0,5.0,7.2
11,max_to_max,SC10,8,-20.322401432901575,770.0,13.0,387.0,24.0,5.0,7.2
11,max_to_sunset,SC10,8,-23.57965224510319,770.0,13.0,387.0,24.0,5.0,7.2
11,first_to_first,SC10,9,12.288205727444508,109.0,19.0,1122.0,24.0,5.0,7.2
11,last_to_last,SC10,9,-7.0,322.0,19.0,1122.0,24.0,6.0,7.2
11,mid_to_mid,SC10,9,14.142135623730951,79.0,19.0,1122.0,24.0,6.0,7.2
11,max_to_max,SC10,9,-13.711309200802088,497.0,19.0,1122.0,24.0,6.0,7.2
11,max_to_sunset,SC10,9,-14.966629547095765,497.0,19.0,1122.0,24.0,6.0,7.2
11,first_to_first,SC10,10,-17.663521732655695,499.0,10.0,0.0,24.0,6.0,7.2
11,last_to_last,SC10,10,-17.46424919657298,436.0,10.0,0.0,24.0,6.0,7.2
11,mid_to_mid,SC10,10,-19.82422760159901,416.0,10.0,0.0,24.0,6.0,7.2
11,max_to_max,SC10,10,-15.165750888103101,500.0,10.0,0.0,24.0,6.0,7.2
11,max_to_sunset,SC10,10,-19.209372712298546,500.0,10.0,0.0,24.0,6.0,7.2
11,first_to_first,SC10,11,-6.164414002968976,135.0,9.0,373.0,24.0,6.0,7.2
11,last_to_last,SC10,11,-6.708203932499369,52.0,9.0,373.0,24.0,6.0,7.2
11,mid_to_mid,SC10,11,3.605551275463989,7.0,9.0,373.0,24.0,6.0,7.2
11,max_to_max,SC10,11,-16.1245154965971,397.0,9.0,373.0,24.0,6.0,7.2
11,max_to_sunset,SC10,11,-19.748417658131498,397.0,9.0,373.0,24.0,6.0,7.2
11,first_to_first,SC10,12,-8.306623862918075,69.0,8.0,145.0,24.0,6.0,7.2
11,last_to_last,SC10,12,-3.7416573867739413,14.0,8.0,145.0,28.0,6.0,7.2
11,mid_to_mid,SC10,12,-2.0,4.0,8.0,145.0,25.0,6.0,7.2
11,max_to_max,SC10,12,-8.888194417315589,79.0,8.0,145.0,24.0,6.0,7.2
11,max_to_sunset,SC10,12,-8.888194417315589,79.0,8.0,145.0,28.0,6.0,7.2
11,first_to_first,SC10,13,-1.7320508075688772,3.0,12.0,2.0,28.0,6.0,7.2
11,last_to_last,SC10,13,2.449489742783178,2.0,12.0,2.0,34.0,6.0,7.2
11,mid_to_mid,SC10,13,0.0,0.0,12.0,2.0,31.0,6.0,7.2
11,max_to_max,SC10,13,1.7320508075688772,5.0,12.0,2.0,34.0,6.0,7.2
11,max_to_sunset,SC10,13,1.7320508075688772,5.0,12.0,2.0,34.0,6.0,7.2
11,first_to_first,SC10,14,1.7320508075688772,4.0,9.0,14.0,34.0,6.0,7.2
11,last_to_last,SC10,14,1.4142135623730951,1.0,9.0,14.0,34.0,6.0,7.2
11,mid_to_mid,SC10,14,0.0,0.0,9.0,14.0,34.0,6.0,7.2
11,max_to_max,SC10,14,4.242640687119285,5.0,9.0,14.0,34.0,6.0,7.2
11,max_to_sunset,SC10,14,-1.4142135623730951,5.0,9.0,14.0,34.0,6.0,7.2
11,first_to_first,SC10,15,1.4142135623730951,0.0,11.0,0.0,34.0,6.0,7.2
11,last_to_last,SC10,15,3.0,0.0,11.0,0.0,34.0,6.0,7.2
11,mid_to_mid,SC10,15,1.7320508075688772,0.0,11.0,0.0,34.0,6.0,7.2
11,max_to_max,SC10,15,3.1622776601683795,0.0,11.0,0.0,34.0,6.0,7.2
11,max_to_sunset,SC10,15,3.0,0.0,11.0,0.0,34.0,6.0,7.2
11,first_to_first,SC10,16,2.23606797749979,0.0,12.0,0.0,34.0,6.0,7.2
11,last_to_last,SC10,16,0.0,0.0,12.0,0.0,34.0,6.0,7.2
11,mid_to_mid,SC10,16,0.0,0.0,12.0,0.0,34.0,6.0,7.2
11,max_to_max,SC10,16,3.0,0.0,12.0,0.0,34.0,6.0,7.2
11,max_to_sunset,SC10,16,0.0,0.0,12.0,0.0,34.0,6.0,7.2
11,first_to_first,SC4,1,-20.760539492026695,436.0,16.0,0.0,30.0,4.0,4.3
11,last_to_last,SC4,1,-18.76166303929372,352.0,16.0,0.0,30.0,4.0,4.3
11,mid_to_mid,SC4,1,-20.8806130178211,436.0,16.0,0.0,30.0,4.0,4.3
11,max_to_max,SC4,1,-23.430749027719962,554.0,16.0,0.0,30.0,4.0,4.3
11,max_to_sunset,SC4,1,-23.53720459187964,554.0,16.0,0.0,30.0,4.0,4.3
11,first_to_first,SC4,2,-17.832554500127006,318.0,19.0,377.0,30.0,4.0,4.3
11,last_to_last,SC4,2,-14.035668847618199,197.0,19.0,377.0,32.0,4.0,4.3
11,mid_to_mid,SC4,2,-12.529964086141668,157.0,19.0,377.0,32.0,4.0,4.3
11,max_to_max,SC4,2,-23.853720883753127,569.0,19.0,377.0,30.0,4.0,4.3
11,max_to_sunset,SC4,2,-23.853720883753127,569.0,19.0,377.0,32.0,4.0,4.3
11,first_to_first,SC4,3,-13.892443989449804,193.0,13.0,104.0,32.0,4.0,4.3
11,last_to_last,SC4,3,11.357816691600547,0.0,13.0,104.0,32.0,4.0,4.3
11,mid_to_mid,SC4,3,-1.7320508075688772,3.0,13.0,104.0,32.0,4.0,4.3
11,max_to_max,SC4,3,-6.557438524302,193.0,13.0,104.0,32.0,4.0,4.3
11,max_to_sunset,SC4,3,-8.0,193.0,13.0,104.0,32.0,4.0,4.3
11,first_to_first,SC4,4,11.224972160321824,0.0,18.0,0.0,32.0,4.0,4.3
11,last_to_last,SC4,4,1.0,2.0,18.0,0.0,32.0,4.0,4.3
11,mid_to_mid,SC4,4,4.242640687119285,0.0,18.0,0.0,32.0,4.0,4.3
11,max_to_max,SC4,4,11.357816691600547,6.0,18.0,0.0,32.0,4.0,4.3
11,max_to_sunset,SC4,4,-1.7320508075688772,6.0,18.0,0.0,32.0,4.0,4.3
11,first_to_first,SC4,5,2.6457513110645907,0.0,14.0,80.0,32.0,4.0,4.3
11,last_to_last,SC4,5,-12.96148139681572,168.0,14.0,80.0,32.0,4.0,4.5
11,mid_to_mid,SC4,5,-3.0,9.0,14.0,80.0,32.0,4.0,4.3
11,max_to_max,SC4,5,-13.2664991614216,184.0,14.0,80.0,32.0,4.0,4.1
11,max_to_sunset,SC4,5,-13.564659966250536,184.0,14.0,80.0,32.0,4.0,4.5
11,first_to_first,SC4,6,-12.36931687685298,153.0,19.0,547.0,32.0,4.0,7.4
11,last_to_last,SC4,6,-15.362291495737216,236.0,19.0,547.0,32.0,4.0,7.4
11,mid_to_mid,SC4,6,-9.695359714832659,94.0,19.0,547.0,32.0,4.0,7.4
11,max_to_max,SC4,6,-18.35755975068582,337.0,19.0,547.0,32.0,4.0,7.4
11,max_to_sunset,SC4,6,-18.35755975068582,337.0,19.0,547.0,32.0,4.0,7.4
11,first_to_first,SC4,7,-15.132745950421556,229.0,8.0,199.0,32.0,4.0,7.4
11,last_to_last,SC4,7,-5.0990195135927845,26.0,8.0,199.0,32.0,4.0,7.4
11,mid_to_mid,SC4,7,-4.898979485566356,24.0,8.0,199.0,32.0,4.0,7.4
11,max_to_max,SC4,7,-16.0312195418814,257.0,8.0,199.0,32.0,4.0,7.4
11,max_to_sunset,SC4,7,-16.0312195418814,257.0,8.0,199.0,32.0,4.0,7.4
11,first_to_first,SC4,8,-4.242640687119285,18.0,20.0,19.0,32.0,4.0,7.4
11,last_to_last,SC4,8,-3.872983346207417,15.0,20.0,19.0,32.0,4.0,7.4
11,mid_to_mid,SC4,8,1.0,0.0,20.0,19.0,32.0,4.0,7.4
11,max_to_max,SC4,8,-4.898979485566356,28.0,20.0,19.0,32.0,4.0,7.4
11,max_to_sunset,SC4,8,-5.291502622129181,28.0,20.0,19.0,32.0,4.0,7.4
11,first_to_first,SC4,9,-3.872983346207417,15.0,13.0,16.0,32.0,4.0,7.4
11,last_to_last,SC4,9,-1.4142135623730951,37.0,13.0,16.0,32.0,4.0,7.4
11,mid_to_mid,SC4,9,2.6457513110645907,1.0,13.0,16.0,32.0,4.0,7.4
11,max_to_max,SC4,9,9.695359714832659,37.0,13.0,16.0,32.0,4.0,7.4
11,max_to_sunset,SC4,9,-1.4142135623730951,37.0,13.0,16.0,32.0,4.0,7.4
11,first_to_first,SC4,10,6.855654600401044,45.0,8.0,82.0,32.0,4.0,7.4
11,last_to_last,SC4,10,8.48528137423857,3.0,8.0,82.0,32.0,4.0,7.4
11,mid_to_mid,SC4,10,9.9498743710662,0.0,8.0,82.0,32.0,4.0,7.4
11,max_to_max,SC4,10,12.409673645990857,54.0,8.0,82.0,32.0,4.0,7.4
11,max_to_sunset,SC4,10,4.58257569495584,54.0,8.0,82.0,32.0,4.0,7.4
11,first_to_first,SC4,11,8.717797887081348,6.0,19.0,9.0,32.0,4.0,7.4
11,last_to_last,SC4,11,16.0312195418814,6.0,19.0,9.0,32.0,6.0,7.4
11,mid_to_mid,SC4,11,2.0,0.0,19.0,9.0,32.0,6.0,7.4
11,max_to_max,SC4,11,17.435595774162696,18.0,19.0,9.0,32.0,6.0,7.4
11,max_to_sunset,SC4,11,15.652475842498529,18.0,19.0,9.0,32.0,6.0,7.4
11,first_to_first,SC4,12,15.132745950421556,5.0,7.0,2.0,32.0,6.0,7.4
11,last_to_last,SC4,12,11.357816691600547,0.0,7.0,2.0,32.0,6.0,7.4
11,mid_to_mid,SC4,12,3.872983346207417,0.0,7.0,2.0,32.0,6.0,7.4
11,max_to_max,SC4,12,15.132745950421556,5.0,7.0,2.0,32.0,6.0,7.4
11,max_to_sunset,SC4,12,11.135528725660043,5.0,7.0,2.0,32.0,6.0,7.4
11,first_to_first,SC4,13,12.884098726725126,0.0,8.0,0.0,32.0,6.0,7.4
11,last_to_last,SC4,13,9.486832980505138,0.0,8.0,0.0,30.0,6.0,7.4
11,mid_to_mid,SC4,13,10.295630140987,0.0,8.0,0.0,32.0,6.0,7.4
11,max_to_max,SC4,13,12.884098726725126,0.0,8.0,0.0,32.0,6.0,7.4
11,max_to_sunset,SC4,13,9.486832980505138,0.0,8.0,0.0,32.0,6.0,7.4
11,first_to_first,SC4,14,10.862780491200215,0.0,17.0,2.0,30.0,6.0,7.4
11,last_to_last,SC4,14,-11.357816691600547,129.0,17.0,2.0,30.0,6.0,7.4
11,mid_to_mid,SC4,14,1.4142135623730951,0.0,17.0,2.0,30.0,6.0,7.4
11,max_to_max,SC4,14,-5.656854249492381,150.0,17.0,2.0,30.0,6.0,7.4
11,max_to_sunset,SC4,14,-12.24744871391589,150.0,17.0,2.0,30.0,6.0,7.4
11,first_to_first,SC4,15,-11.224972160321824,126.0,14.0,48.0,30.0,6.0,7.4
11,last_to_last,SC4,15,-1.4142135623730951,3.0,14.0,48.0,24.0,6.0,7.4
11,mid_to_mid,SC4,15,-4.242640687119285,18.0,14.0,48.0,30.0,6.0,7.4
11,max_to_max,SC4,15,-11.357816691600547,135.0,14.0,48.0,30.0,6.0,7.4
11,max_to_sunset,SC4,15,-11.575836902790225,135.0,14.0,48.0,30.0,6.0,7.4
11,first_to_first,SC4,16,-2.449489742783178,7.0,17.0,0.0,24.0,6.0,7.4
11,last_to_last,SC4,16,0.0,0.0,17.0,0.0,24.0,6.0,7.4
11,mid_to_mid,SC4,16,0.0,0.0,17.0,0.0,24.0,6.0,7.4
11,max_to_max,SC4,16,-2.6457513110645907,8.0,17.0,0.0,24.0,6.0,7.4
11,max_to_sunset,SC4,16,-2.8284271247461903,8.0,17.0,0.0,24.0,6.0,7.4
11,first_to_first,SC4,17,0.0,0.0,14.0,0.0,24.0,6.0,6.2
11,last_to_last,SC4,17,9.219544457292887,0.0,14.0,0.0,24.0,6.0,6.2
11,mid_to_mid,SC4,17,2.449489742783178,0.0,14.0,0.0,24.0,6.0,6.2
11,max_to_max,SC4,17,9.38083151964686,0.0,14.0,0.0,24.0,6.0,6.2
11,max_to_sunset,SC4,17,9.219544457292887,0.0,14.0,0.0,24.0,6.0,6.2
11,first_to_first,SC4,18,9.797958971132712,0.0,13.0,0.0,24.0,6.0,6.2
11,last_to_last,SC4,18,1.0,0.0,13.0,0.0,24.0,6.0,6.2
11,mid_to_mid,SC4,18,11.874342087037917,0.0,13.0,0.0,24.0,6.0,6.2
11,max_to_max,SC4,18,11.874342087037917,0.0,13.0,0.0,24.0,6.0,6.2
11,max_to_sunset,SC4,18,1.0,0.0,13.0,0.0,24.0,6.0,6.2
11,first_to_first,SC4,19,0.0,0.0,17.0,3.0,24.0,6.0,6.2
11,last_to_last,SC4,19,2.23606797749979,0.0,17.0,3.0,24.0,6.0,6.2
11,mid_to_mid,SC4,19,1.7320508075688772,1.0,17.0,3.0,24.0,6.0,6.2
11,max_to_max,SC4,19,2.8284271247461903,4.0,17.0,3.0,24.0,6.0,6.2
11,max_to_sunset,SC4,19,1.0,4.0,17.0,3.0,24.0,6.0,6.2
11,first_to_first,SC4,20,2.449489742783178,0.0,16.0,80.0,24.0,5.0,5.1
11,last_to_last,SC4,20,-5.916079783099616,35.0,16.0,80.0,24.0,5.0,5.1
11,mid_to_mid,SC4,20,-2.0,8.0,16.0,80.0,24.0,5.0,5.1
11,max_to_max,SC4,20,-11.180339887498949,131.0,16.0,80.0,24.0,5.0,5.1
11,max_to_sunset,SC4,20,-11.445523142259598,131.0,16.0,80.0,24.0,5.0,5.1
11,first_to_first,SC4,21,-9.591663046625438,92.0,15.0,0.0,24.0,5.0,5.5
11,last_to_last,SC4,21,5.830951894845301,75.0,15.0,0.0,24.0,5.0,5.5
11,mid_to_mid,SC4,21,-9.591663046625438,99.0,15.0,0.0,24.0,5.0,5.5
11,max_to_max,SC4,21,-9.38083151964686,208.0,15.0,0.0,24.0,5.0,5.5
11,max_to_sunset,SC4,21,-9.9498743710662,208.0,15.0,0.0,24.0,5.0,5.5
11,first_to_first,SC4,22,7.280109889280518,82.0,14.0,48.0,24.0,5.0,5.5
11,last_to_last,SC4,22,-13.114877048604,263.0,14.0,48.0,24.0,5.0,5.5
11,mid_to_mid,SC4,22,3.605551275463989,4.0,14.0,48.0,24.0,5.0,5.5
11,max_to_max,SC4,22,-13.0,322.0,14.0,48.0,24.0,5.0,5.5
11,max_to_sunset,SC4,22,-15.198684153570664,322.0,14.0,48.0,24.0,5.0,5.5
11,first_to_first,SC4,23,-10.344080432788601,234.0,6.0,40.0,24.0,5.0,5.5
11,last_to_last,SC4,23,-11.224972160321824,129.0,6.0,40.0,24.0,5.0,5.5
11,mid_to_mid,SC4,23,-2.23606797749979,15.0,6.0,40.0,24.0,5.0,5.5
11,max_to_max,SC4,23,-10.344080432788601,234.0,6.0,40.0,24.0,5.0,5.5
11,max_to_sunset,SC4,23,-15.198684153570664,234.0,6.0,40.0,24.0,5.0,5.5
11,first_to_first,SC6,1,7.937253933193772,0.0,21.0,1.0,25.0,7.0,7.8
11,last_to_last,SC6,1,7.874007874011811,1.0,21.0,1.0,25.0,7.0,7.8
11,mid_to_mid,SC6,1,7.0,0.0,21.0,1.0,25.0,7.0,7.8
11,max_to_max,SC6,1,8.774964387392123,2.0,21.0,1.0,25.0,7.0,7.8
11,max_to_sunset,SC6,1,7.810249675906654,2.0,21.0,1.0,25.0,7.0,7.8
11,first_to_first,SC6,2,7.416198487095663,0.0,18.0,14.0,25.0,7.0,7.8
11,last_to_last,SC6,2,-11.135528725660043,196.0,18.0,14.0,25.0,7.0,7.8
11,mid_to_mid,SC6,2,5.916079783099616,1.0,18.0,14.0,25.0,7.0,7.8
11,max_to_max,SC6,2,-13.2664991614216,284.0,18.0,14.0,25.0,7.0,7.8
11,max_to_sunset,SC6,2,-14.560219778561036,284.0,18.0,14.0,25.0,7.0,7.8
11,first_to_first,SC6,3,-6.708203932499369,106.0,14.0,36.0,25.0,7.0,7.8
11,last_to_last,SC6,3,3.3166247903554,65.0,14.0,36.0,22.0,7.0,7.8
11,mid_to_mid,SC6,3,-3.0,61.0,14.0,36.0,25.0,7.0,7.8
11,max_to_max,SC6,3,-6.082762530298219,120.0,14.0,36.0,25.0,7.0,7.8
11,max_to_sunset,SC6,3,-6.6332495807108,120.0,14.0,36.0,25.0,7.0,7.8
11,first_to_first,SC6,4,-2.0,46.0,17.0,3.0,19.0,7.0,7.8
11,last_to_last,SC6,4,3.3166247903554,19.0,17.0,3.0,19.0,7.0,7.8
11,mid_to_mid,SC6,4,3.1622776601683795,26.0,17.0,3.0,19.0,7.0,7.8
11,max_to_max,SC6,4,0.0,77.0,17.0,3.0,19.0,7.0,7.8
11,max_to_sunset,SC6,4,-6.855654600401044,77.0,17.0,3.0,19.0,7.0,7.8
11,first_to_first,SC6,5,4.123105625617661,15.0,15.0,12.0,19.0,7.0,7.8
11,last_to_last,SC6,5,4.47213595499958,14.0,15.0,12.0,19.0,7.0,7.8
11,mid_to_mid,SC6,5,4.795831523312719,18.0,15.0,12.0,19.0,7.0,7.8
11,max_to_max,SC6,5,7.211102550927978,18.0,15.0,12.0,19.0,7.0,7.8
11,max_to_sunset,SC6,5,4.0,18.0,15.0,12.0,19.0,7.0,7.8
11,first_to_first,SC6,6,2.0,15.0,14.0,0.0,19.0,7.0,7.8
11,last_to_last,SC6,6,3.872983346207417,5.0,14.0,0.0,19.0,7.0,7.8
11,mid_to_mid,SC6,6,4.47213595499958,6.0,14.0,0.0,19.0,7.0,7.8
11,max_to_max,SC6,6,3.0,17.0,14.0,0.0,19.0,7.0,7.8
11,max_to_sunset,SC6,6,1.7320508075688772,17.0,14.0,0.0,19.0,7.0,7.8
11,first_to_first,SC6,7,4.47213595499958,7.0,13.0,0.0,19.0,7.0,7.8
11,last_to_last,SC6,7,12.649110640673518,5.0,13.0,0.0,19.0,7.0,7.8
11,mid_to_mid,SC6,7,2.449489742783178,6.0,13.0,0.0,19.0,7.0,7.8
11,max_to_max,SC6,7,12.24744871391589,15.0,13.0,0.0,19.0,7.0,7.8
11,max_to_sunset,SC6,7,12.24744871391589,15.0,13.0,0.0,19.0,7.0,7.8
11,first_to_first,SC6,8,11.832159566199232,4.0,16.0,52.0,19.0,6.0,4.7
11,last_to_last,SC6,8,-2.6457513110645907,62.0,16.0,52.0,19.0,6.0,4.7
11,mid_to_mid,SC6,8,7.0710678118654755,1.0,16.0,52.0,19.0,6.0,4.7
11,max_to_max,SC6,8,3.0,135.0,16.0,52.0,19.0,6.0,4.7
11,max_to_sunset,SC6,8,-8.94427190999916,135.0,16.0,52.0,19.0,6.0,4.7
11,first_to_first,SC6,9,3.1622776601683795,35.0,14.0,0.0,19.0,6.0,5.9
11,last_to_last,SC6,9,-1.7320508075688772,24.0,14.0,0.0,19.0,6.0,5.9
11,mid_to_mid,SC6,9,-2.449489742783178,45.0,14.0,0.0,19.0,6.0,5.9
11,max_to_max,SC6,9,4.795831523312719,56.0,14.0,0.0,19.0,6.0,5.9
11,max_to_sunset,SC6,9,-5.916079783099616,56.0,14.0,0.0,19.0,6.0,5.9
11,first_to_first,SC6,10,-1.4142135623730951,25.0,14.0,120.0,19.0,6.0,5.9
11,last_to_last,SC6,10,-5.477225575051661,62.0,14.0,120.0,19.0,6.0,5.9
11,mid_to_mid,SC6,10,-1.4142135623730951,26.0,14.0,120.0,19.0,6.0,5.9
11,max_to_max,SC6,10,-5.830951894845301,75.0,14.0,120.0,19.0,6.0,5.9
11,max_to_sunset,SC6,10,-6.557438524302,75.0,14.0,120.0,19.0,6.0,5.9
11,first_to_first,SC6,11,-4.47213595499958,41.0,14.0,122.0,19.0,6.0,5.9
11,last_to_last,SC6,11,-8.246211251235321,84.0,14.0,122.0,19.0,6.0,5.9
11,mid_to_mid,SC6,11,-4.58257569495584,32.0,14.0,122.0,19.0,6.0,5.9
11,max_to_max,SC6,11,-7.280109889280518,84.0,14.0,122.0,19.0,6.0,5.9
11,max_to_sunset,SC6,11,-8.246211251235321,84.0,14.0,122.0,19.0,6.0,5.9
11,first_to_first,SC8,1,6.164414002968976,238.0,16.0,0.0,20.0,4.0,8.7
11,last_to_last,SC8,1,5.477225575051661,254.0,16.0,0.0,17.0,4.0,8.7
11,mid_to_mid,SC8,1,3.1622776601683795,238.0,16.0,0.0,20.0,4.0,8.7
11,max_to_max,SC8,1,5.385164807134504,255.0,16.0,0.0,17.0,4.0,8.7
11,max_to_sunset,SC8,1,5.385164807134504,255.0,16.0,0.0,17.0,4.0,8.7
11,first_to_first,SC8,2,5.385164807134504,264.0,6.0,1.0,17.0,4.0,8.7
11,last_to_last,SC8,2,-13.892443989449804,243.0,6.0,1.0,17.0,4.0,8.7
11,mid_to_mid,SC8,2,-15.0,247.0,6.0,1.0,17.0,4.0,8.7
11,max_to_max,SC8,2,5.385164807134504,264.0,6.0,1.0,17.0,4.0,8.7
11,max_to_sunset,SC8,2,-14.628738838327793,264.0,6.0,1.0,17.0,4.0,8.7
11,first_to_first,SC8,3,-14.142135623730951,243.0,6.0,9.0,17.0,4.0,8.4
11,last_to_last,SC8,3,-14.594519519326424,225.0,6.0,9.0,17.0,4.0,8.4
11,mid_to_mid,SC8,3,-14.52583904633395,228.0,6.0,9.0,17.0,4.0,8.4
11,max_to_max,SC8,3,-13.490737563232042,243.0,6.0,9.0,17.0,4.0,8.4
11,max_to_sunset,SC8,3,-15.198684153570664,243.0,6.0,9.0,17.0,4.0,8.4
11,first_to_first,SC8,4,-15.0,238.0,12.0,32.0,17.0,4.0,8.4
11,last_to_last,SC8,4,-15.459624833740307,242.0,12.0,32.0,18.0,5.0,8.4
11,mid_to_mid,SC8,4,-14.798648586948742,231.0,12.0,32.0,17.0,5.0,8.4
11,max_to_max,SC8,4,-14.7648230602334,242.0,12.0,32.0,17.0,5.0,8.4
11,max_to_sunset,SC8,4,-15.459624833740307,242.0,12.0,32.0,18.0,5.0,8.4
11,first_to_first,SC8,5,-15.524174696260024,243.0,9.0,26.0,18.0,5.0,8.4
11,last_to_last,SC8,5,-15.84297951775486,253.0,9.0,26.0,18.0,5.0,8.4
11,mid_to_mid,SC8,5,-15.716233645501712,249.0,9.0,26.0,18.0,5.0,8.4
11,max_to_max,SC8,5,-15.84297951775486,255.0,9.0,26.0,18.0,5.0,8.4
11,max_to_sunset,SC8,5,-15.905973720586866,255.0,9.0,26.0,18.0,5.0,8.4
11,first_to_first,SC8,6,-15.748015748023622,252.0,8.0,9.0,18.0,5.0,8.4
11,last_to_last,SC8,6,-15.264337522473747,236.0,8.0,9.0,18.0,5.0,8.4
11,mid_to_mid,SC8,6,-15.0996688705415,232.0,8.0,9.0,18.0,5.0,8.4
11,max_to_max,SC8,6,-15.684387141358123,253.0,8.0,9.0,18.0,5.0,8.4
11,max_to_sunset,SC8,6,-15.811388300841896,253.0,8.0,9.0,18.0,5.0,8.4
11,first_to_first,SC8,7,-15.491933384829668,245.0,7.0,4.0,18.0,5.0,8.2
11,last_to_last,SC8,7,-14.352700094407323,210.0,7.0,4.0,18.0,5.0,8.2
11,mid_to_mid,SC8,7,-14.071247279470288,204.0,7.0,4.0,18.0,5.0,8.2
11,max_to_max,SC8,7,-14.89966442575134,245.0,7.0,4.0,18.0,5.0,8.2
11,max_to_sunset,SC8,7,-15.524174696260024,245.0,7.0,4.0,18.0,5.0,8.2
11,first_to_first,SC8,8,-14.106735979665885,205.0,13.0,10.0,18.0,6.0,8.2
11,last_to_last,SC8,8,-14.2828568570857,212.0,13.0,10.0,18.0,6.0,8.2
11,mid_to_mid,SC8,8,-13.96424004376894,201.0,13.0,10.0,18.0,6.0,8.2
11,max_to_max,SC8,8,-14.2828568570857,212.0,13.0,10.0,18.0,6.0,8.2
11,max_to_sunset,SC8,8,-14.2828568570857,212.0,13.0,10.0,18.0,6.0,8.2
11,first_to_first,SC8,9,-14.7648230602334,226.0,7.0,2.0,18.0,6.0,8.2
11,last_to_last,SC8,9,-13.96424004376894,204.0,7.0,2.0,18.0,6.0,8.2
11,mid_to_mid,SC8,9,-13.711309200802088,196.0,7.0,2.0,18.0,6.0,8.2
11,max_to_max,SC8,9,-14.7648230602334,227.0,7.0,2.0,18.0,6.0,8.2
11,max_to_sunset,SC8,9,-14.7648230602334,227.0,7.0,2.0,18.0,6.0,8.2
11,first_to_first,SC8,10,-14.035668847618199,213.0,14.0,0.0,18.0,6.0,8.2
11,last_to_last,SC8,10,-13.711309200802088,211.0,14.0,0.0,18.0,6.0,8.2
11,mid_to_mid,SC8,10,-13.784048752090222,214.0,14.0,0.0,18.0,6.0,8.2
11,max_to_max,SC8,10,-13.30413469565007,214.0,14.0,0.0,18.0,6.0,8.2
11,max_to_sunset,SC8,10,-13.820274961085254,214.0,14.0,0.0,18.0,6.0,8.2
11,first_to_first,SC8,11,-14.38749456993816,231.0,14.0,2.0,18.0,6.0,8.2
11,last_to_last,SC8,11,-15.165750888103101,271.0,14.0,2.0,21.0,6.0,8.2
11,mid_to_mid,SC8,11,-13.892443989449804,203.0,14.0,2.0,18.0,6.0,8.2
11,max_to_max,SC8,11,-15.165750888103101,271.0,14.0,2.0,18.0,6.0,8.2
11,max_to_sunset,SC8,11,-15.165750888103101,271.0,14.0,2.0,21.0,6.0,8.2
11,first_to_first,SC8,12,-16.30950643030009,276.0,13.0,12.0,21.0,6.0,8.2
11,last_to_last,SC8,12,-16.76305461424021,284.0,13.0,12.0,21.0,6.0,8.2
11,mid_to_mid,SC8,12,-15.652475842498529,248.0,13.0,12.0,21.0,6.0,8.2
11,max_to_max,SC8,12,-16.186414056238647,284.0,13.0,12.0,21.0,6.0,8.2
11,max_to_sunset,SC8,12,-16.76305461424021,284.0,13.0,12.0,21.0,6.0,8.2
12,first_to_first,SC1,1,-10.392304845413264,108.0,16.0,0.0,22.0,6.0,6.3
12,last_to_last,SC1,1,-7.14142842854285,51.0,16.0,0.0,22.0,6.0,6.3
12,mid_to_mid,SC1,1,-8.48528137423857,72.0,16.0,0.0,22.0,6.0,6.3
12,max_to_max,SC1,1,-11.0,121.0,16.0,0.0,22.0,6.0,6.3
12,max_to_sunset,SC1,1,-11.0,121.0,16.0,0.0,22.0,6.0,6.3
12,first_to_first,SC1,2,-7.483314773547883,56.0,16.0,0.0,22.0,6.0,6.3
12,last_to_last,SC1,2,-4.795831523312719,23.0,16.0,0.0,22.0,6.0,6.3
12,mid_to_mid,SC1,2,-6.6332495807108,44.0,16.0,0.0,22.0,6.0,6.3
12,max_to_max,SC1,2,-7.483314773547883,56.0,16.0,0.0,22.0,6.0,6.3
12,max_to_sunset,SC1,2,-7.483314773547883,56.0,16.0,0.0,22.0,6.0,6.3
12,first_to_first,SC1,3,-3.3166247903554,11.0,11.0,5.0,22.0,6.0,6.3
12,last_to_last,SC1,3,-1.4142135623730951,2.0,11.0,5.0,22.0,6.0,6.3
12,mid_to_mid,SC1,3,-2.449489742783178,6.0,11.0,5.0,22.0,6.0,6.3
12,max_to_max,SC1,3,-4.58257569495584,21.0,11.0,5.0,22.0,6.0,6.3
12,max_to_sunset,SC1,3,-4.58257569495584,21.0,11.0,5.0,22.0,6.0,6.3
12,first_to_first,SC1,4,-2.23606797749979,5.0,9.0,3.0,22.0,6.0,6.3
12,last_to_last,SC1,4,0.0,0.0,9.0,3.0,22.0,6.0,6.3
12,mid_to_mid,SC1,4,-1.4142135623730951,2.0,9.0,3.0,22.0,6.0,6.3
12,max_to_max,SC1,4,-2.23606797749979,5.0,9.0,3.0,22.0,6.0,6.3
12,max_to_sunset,SC1,4,-2.23606797749979,5.0,9.0,3.0,22.0,6.0,6.3
12,first_to_first,SC1,5,0.0,0.0,13.0,0.0,22.0,6.0,6.3
12,last_to_last,SC1,5,0.0,0.0,13.0,0.0,22.0,6.0,6.3
12,mid_to_mid,SC1,5,0.0,0.0,13.0,0.0,22.0,6.0,6.3
12,max_to_max,SC1,5,0.0,0.0,13.0,0.0,22.0,6.0,6.3
12,max_to_sunset,SC1,5,0.0,0.0,13.0,0.0,22.0,6.0,6.3
12,first_to_first,SC1,6,0.0,0.0,14.0,0.0,22.0,6.0,6.3
12,last_to_last,SC1,6,0.0,0.0,14.0,0.0,20.0,6.0,6.3
12,mid_to_mid,SC1,6,0.0,0.0,14.0,0.0,22.0,6.0,6.3
12,max_to_max,SC1,6,0.0,0.0,14.0,0.0,22.0,6.0,6.3
12,max_to_sunset,SC1,6,0.0,0.0,14.0,0.0,22.0,6.0,6.3
12,first_to_first,SC1,7,0.0,0.0,12.0,0.0,20.0,6.0,6.3
12,last_to_last,SC1,7,0.0,0.0,12.0,0.0,22.0,6.0,6.3
12,mid_to_mid,SC1,7,0.0,0.0,12.0,0.0,21.0,6.0,6.3
12,max_to_max,SC1,7,0.0,0.0,12.0,0.0,20.0,6.0,6.3
12,max_to_sunset,SC1,7,0.0,0.0,12.0,0.0,22.0,6.0,6.3
12,first_to_first,SC1,8,0.0,0.0,11.0,0.0,22.0,6.0,6.3
12,last_to_last,SC1,8,0.0,0.0,11.0,0.0,22.0,6.0,6.3
12,mid_to_mid,SC1,8,0.0,0.0,11.0,0.0,22.0,6.0,6.3
12,max_to_max,SC1,8,0.0,0.0,11.0,0.0,22.0,6.0,6.3
12,max_to_sunset,SC1,8,0.0,0.0,11.0,0.0,22.0,6.0,6.3
12,first_to_first,SC1,9,0.0,0.0,7.0,0.0,22.0,6.0,6.3
12,last_to_last,SC1,9,0.0,0.0,7.0,0.0,22.0,8.0,6.2
12,mid_to_mid,SC1,9,0.0,0.0,7.0,0.0,22.0,8.0,6.3
12,max_to_max,SC1,9,0.0,0.0,7.0,0.0,22.0,6.0,6.3
12,max_to_sunset,SC1,9,0.0,0.0,7.0,0.0,22.0,6.0,6.3
12,first_to_first,SC1,10,0.0,0.0,11.0,0.0,22.0,8.0,6.2
12,last_to_last,SC1,10,0.0,0.0,11.0,0.0,22.0,8.0,6.2
12,mid_to_mid,SC1,10,0.0,0.0,11.0,0.0,22.0,8.0,6.2
12,max_to_max,SC1,10,0.0,0.0,11.0,0.0,22.0,8.0,6.2
12,max_to_sunset,SC1,10,0.0,0.0,11.0,0.0,22.0,8.0,6.2
12,first_to_first,SC1,11,0.0,0.0,10.0,0.0,22.0,8.0,6.2
12,last_to_last,SC1,11,0.0,0.0,10.0,0.0,22.0,6.0,6.2
12,mid_to_mid,SC1,11,0.0,0.0,10.0,0.0,22.0,6.0,6.2
12,max_to_max,SC1,11,0.0,0.0,10.0,0.0,22.0,8.0,6.2
12,max_to_sunset,SC1,11,0.0,0.0,10.0,0.0,22.0,6.0,6.2
12,first_to_first,SC1,12,0.0,0.0,12.0,0.0,22.0,6.0,6.2
12,last_to_last,SC1,12,0.0,0.0,12.0,0.0,22.0,6.0,6.2
12,mid_to_mid,SC1,12,0.0,0.0,12.0,0.0,22.0,6.0,6.2
12,max_to_max,SC1,12,0.0,0.0,12.0,0.0,22.0,6.0,6.2
12,max_to_sunset,SC1,12,0.0,0.0,12.0,0.0,22.0,6.0,6.2
12,first_to_first,SC1,13,0.0,0.0,9.0,0.0,22.0,6.0,6.2
12,last_to_last,SC1,13,0.0,0.0,9.0,0.0,22.0,6.0,6.2
12,mid_to_mid,SC1,13,0.0,0.0,9.0,0.0,22.0,6.0,6.2
12,max_to_max,SC1,13,0.0,0.0,9.0,0.0,22.0,6.0,6.2
12,max_to_sunset,SC1,13,0.0,0.0,9.0,0.0,22.0,6.0,6.2
12,first_to_first,SC1,14,0.0,0.0,12.0,0.0,22.0,6.0,6.2
12,last_to_last,SC1,14,0.0,0.0,12.0,0.0,22.0,6.0,6.2
12,mid_to_mid,SC1,14,0.0,0.0,12.0,0.0,22.0,6.0,6.2
12,max_to_max,SC1,14,0.0,0.0,12.0,0.0,22.0,6.0,6.2
12,max_to_sunset,SC1,14,0.0,0.0,12.0,0.0,22.0,6.0,6.2
12,first_to_first,SC1,15,0.0,0.0,13.0,0.0,22.0,6.0,6.2
12,last_to_last,SC1,15,0.0,0.0,13.0,0.0,22.0,6.0,5.7
12,mid_to_mid,SC1,15,0.0,0.0,13.0,0.0,22.0,6.0,6.2
12,max_to_max,SC1,15,0.0,0.0,13.0,0.0,22.0,6.0,6.2
12,max_to_sunset,SC1,15,0.0,0.0,13.0,0.0,22.0,6.0,6.2
12,first_to_first,SC1,16,0.0,0.0,10.0,0.0,22.0,6.0,5.7
12,last_to_last,SC1,16,0.0,0.0,10.0,0.0,22.0,6.0,5.7
12,mid_to_mid,SC1,16,0.0,0.0,10.0,0.0,22.0,6.0,5.7
12,max_to_max,SC1,16,0.0,0.0,10.0,0.0,22.0,6.0,5.7
12,max_to_sunset,SC1,16,0.0,0.0,10.0,0.0,22.0,6.0,5.7
12,first_to_first,SC1,17,0.0,0.0,12.0,0.0,22.0,6.0,5.7
12,last_to_last,SC1,17,0.0,0.0,12.0,0.0,22.0,6.0,5.7
12,mid_to_mid,SC1,17,0.0,0.0,12.0,0.0,22.0,6.0,5.7
12,max_to_max,SC1,17,0.0,0.0,12.0,0.0,22.0,6.0,5.7
12,max_to_sunset,SC1,17,0.0,0.0,12.0,0.0,22.0,6.0,5.7
12,first_to_first,SC10,1,1.7320508075688772,0.0,21.0,0.0,21.0,3.0,7.4
12,last_to_last,SC10,1,1.4142135623730951,0.0,21.0,0.0,24.0,3.0,7.4
12,mid_to_mid,SC10,1,0.0,0.0,21.0,0.0,22.0,3.0,7.4
12,max_to_max,SC10,1,2.23606797749979,0.0,21.0,0.0,24.0,3.0,7.4
12,max_to_sunset,SC10,1,1.4142135623730951,0.0,21.0,0.0,24.0,3.0,7.4
12,first_to_first,SC10,2,2.0,0.0,13.0,8.0,24.0,3.0,7.4
12,last_to_last,SC10,2,1.0,0.0,13.0,8.0,24.0,3.0,7.4
12,mid_to_mid,SC10,2,-2.0,4.0,13.0,8.0,24.0,3.0,7.4
12,max_to_max,SC10,2,-5.830951894845301,39.0,13.0,8.0,24.0,3.0,7.4
12,max_to_sunset,SC10,2,-6.164414002968976,39.0,13.0,8.0,24.0,3.0,7.4
12,first_to_first,SC10,3,-3.1622776601683795,10.0,15.0,104.0,24.0,3.0,7.4
12,last_to_last,SC10,3,-7.615773105863909,58.0,15.0,104.0,24.0,3.0,7.4
12,mid_to_mid,SC10,3,-2.8284271247461903,8.0,15.0,104.0,24.0,3.0,7.4
12,max_to_max,SC10,3,-8.831760866327848,78.0,15.0,104.0,24.0,3.0,7.4
12,max_to_sunset,SC10,3,-8.831760866327848,78.0,15.0,104.0,24.0,3.0,7.4
12,first_to_first,SC10,4,-7.745966692414834,60.0,18.0,176.0,24.0,3.0,7.4
12,last_to_last,SC10,4,-10.488088481701515,110.0,18.0,176.0,24.0,3.0,7.4
12,mid_to_mid,SC10,4,-3.0,9.0,18.0,176.0,24.0,3.0,7.4
12,max_to_max,SC10,4,-11.40175425099138,130.0,18.0,176.0,24.0,3.0,7.4
12,max_to_sunset,SC10,4,-11.40175425099138,130.0,18.0,176.0,24.0,3.0,7.4
12,first_to_first,SC10,5,-10.44030650891055,109.0,13.0,416.0,24.0,3.0,7.4
12,last_to_last,SC10,5,-11.489125293076057,132.0,13.0,416.0,24.0,3.0,7.4
12,mid_to_mid,SC10,5,-5.196152422706632,27.0,13.0,416.0,24.0,3.0,7.4
12,max_to_max,SC10,5,-12.165525060596439,148.0,13.0,416.0,24.0,3.0,7.4
12,max_to_sunset,SC10,5,-12.165525060596439,148.0,13.0,416.0,24.0,3.0,7.4
12,first_to_first,SC10,6,-10.954451150103322,120.0,8.0,385.0,24.0,3.0,7.4
12,last_to_last,SC10,6,-9.273618495495704,89.0,8.0,385.0,24.0,3.0,7.4
12,mid_to_mid,SC10,6,-6.708203932499369,48.0,8.0,385.0,24.0,3.0,7.4
12,max_to_max,SC10,6,-16.673332000533065,282.0,8.0,385.0,24.0,3.0,7.4
12,max_to_sunset,SC10,6,-16.703293088490067,282.0,8.0,385.0,24.0,3.0,7.4
12,first_to_first,SC10,7,-10.44030650891055,109.0,17.0,456.0,24.0,3.0,7.2
12,last_to_last,SC10,7,8.774964387392123,137.0,17.0,456.0,24.0,3.0,7.2
12,mid_to_mid,SC10,7,-6.6332495807108,61.0,17.0,456.0,24.0,3.0,7.2
12,max_to_max,SC10,7,7.14142842854285,306.0,17.0,456.0,24.0,3.0,7.2
12,max_to_sunset,SC10,7,-9.591663046625438,306.0,17.0,456.0,24.0,3.0,7.2
12,first_to_first,SC10,8,11.832159566199232,120.0,13.0,387.0,24.0,4.0,7.2
12,last_to_last,SC10,8,12.569805089976535,115.0,13.0,387.0,24.0,5.0,7.2
12,mid_to_mid,SC10,8,15.198684153570664,48.0,13.0,387.0,24.0,5.0,7.2
12,max_to_max,SC10,8,-21.470910553583888,770.0,13.0,387.0,24.0,5.0,7.2
12,max_to_sunset,SC10,8,-22.293496809607955,770.0,13.0,387.0,24.0,5.0,7.2
12,first_to_first,SC10,9,8.831760866327848,109.0,19.0,1122.0,24.0,5.0,7.2
12,last_to_last,SC10,9,-13.820274961085254,322.0,19.0,1122.0,24.0,6.0,7.2
12,mid_to_mid,SC10,9,-7.483314773547883,79.0,19.0,1122.0,24.0,6.0,7.2
12,max_to_max,SC10,9,-15.066519173319364,497.0,19.0,1122.0,24.0,6.0,7.2
12,max_to_sunset,SC10,9,-19.131126469708992,497.0,19.0,1122.0,24.0,6.0,7.2
12,first_to_first,SC10,10,-20.049937655763422,499.0,10.0,0.0,24.0,6.0,7.2
12,last_to_last,SC10,10,-20.71231517720798,436.0,10.0,0.0,24.0,6.0,7.2
12,mid_to_mid,SC10,10,-19.8997487421324,416.0,10.0,0.0,24.0,6.0,7.2
12,max_to_max,SC10,10,-19.05255888325765,500.0,10.0,0.0,24.0,6.0,7.2
12,max_to_sunset,SC10,10,-22.20360331117452,500.0,10.0,0.0,24.0,6.0,7.2
12,first_to_first,SC10,11,-11.61895003862225,135.0,9.0,373.0,24.0,6.0,7.2
12,last_to_last,SC10,11,-7.211102550927978,52.0,9.0,373.0,28.0,6.0,7.2
12,mid_to_mid,SC10,11,-2.6457513110645907,7.0,9.0,373.0,25.0,6.0,7.2
12,max_to_max,SC10,11,-19.924858845171276,397.0,9.0,373.0,24.0,6.0,7.2
12,max_to_sunset,SC10,11,-19.924858845171276,397.0,9.0,373.0,28.0,6.0,7.2
12,first_to_first,SC10,12,-8.306623862918075,69.0,8.0,145.0,28.0,6.0,7.2
12,last_to_last,SC10,12,-2.449489742783178,14.0,8.0,145.0,34.0,6.0,7.2
12,mid_to_mid,SC10,12,-2.0,4.0,8.0,145.0,31.0,6.0,7.2
12,max_to_max,SC10,12,-8.426149773176359,79.0,8.0,145.0,34.0,6.0,7.2
12,max_to_sunset,SC10,12,-8.426149773176359,79.0,8.0,145.0,34.0,6.0,7.2
12,first_to_first,SC10,13,2.0,3.0,12.0,2.0,34.0,6.0,7.2
12,last_to_last,SC10,13,1.0,2.0,12.0,2.0,34.0,6.0,7.2
12,mid_to_mid,SC10,13,0.0,0.0,12.0,2.0,34.0,6.0,7.2
12,max_to_max,SC10,13,4.242640687119285,5.0,12.0,2.0,34.0,6.0,7.2
12,max_to_sunset,SC10,13,-1.4142135623730951,5.0,12.0,2.0,34.0,6.0,7.2
12,first_to_first,SC10,14,-1.4142135623730951,4.0,9.0,14.0,34.0,6.0,7.2
12,last_to_last,SC10,14,2.8284271247461903,1.0,9.0,14.0,34.0,6.0,7.2
12,mid_to_mid,SC10,14,1.7320508075688772,0.0,9.0,14.0,34.0,6.0,7.2
12,max_to_max,SC10,14,2.23606797749979,5.0,9.0,14.0,34.0,6.0,7.2
12,max_to_sunset,SC10,14,2.0,5.0,9.0,14.0,34.0,6.0,7.2
12,first_to_first,SC10,15,2.23606797749979,0.0,11.0,0.0,34.0,6.0,7.2
12,last_to_last,SC10,15,0.0,0.0,11.0,0.0,34.0,6.0,7.2
12,mid_to_mid,SC10,15,0.0,0.0,11.0,0.0,34.0,6.0,7.2
12,max_to_max,SC10,15,3.0,0.0,11.0,0.0,34.0,6.0,7.2
12,max_to_sunset,SC10,15,0.0,0.0,11.0,0.0,34.0,6.0,7.2
12,first_to_first,SC4,1,-20.8806130178211,436.0,16.0,0.0,30.0,4.0,4.3
12,last_to_last,SC4,1,-18.76166303929372,352.0,16.0,0.0,32.0,4.0,4.3
12,mid_to_mid,SC4,1,-20.8806130178211,436.0,16.0,0.0,32.0,4.0,4.3
12,max_to_max,SC4,1,-23.53720459187964,554.0,16.0,0.0,30.0,4.0,4.3
12,max_to_sunset,SC4,1,-23.53720459187964,554.0,16.0,0.0,32.0,4.0,4.3
12,first_to_first,SC4,2,-17.832554500127006,318.0,19.0,377.0,32.0,4.0,4.3
12,last_to_last,SC4,2,-8.246211251235321,197.0,19.0,377.0,32.0,4.0,4.3
12,mid_to_mid,SC4,2,-12.529964086141668,157.0,19.0,377.0,32.0,4.0,4.3
12,max_to_max,SC4,2,-20.46948949045872,569.0,19.0,377.0,32.0,4.0,4.3
12,max_to_sunset,SC4,2,-20.97617696340303,569.0,19.0,377.0,32.0,4.0,4.3
12,first_to_first,SC4,3,-8.18535277187245,193.0,13.0,104.0,32.0,4.0,4.3
12,last_to_last,SC4,3,1.7320508075688772,0.0,13.0,104.0,32.0,4.0,4.3
12,mid_to_mid,SC4,3,3.872983346207417,3.0,13.0,104.0,32.0,4.0,4.3
12,max_to_max,SC4,3,-7.615773105863909,193.0,13.0,104.0,32.0,4.0,4.3
12,max_to_sunset,SC4,3,-13.784048752090222,193.0,13.0,104.0,32.0,4.0,4.3
12,first_to_first,SC4,4,2.6457513110645907,0.0,18.0,0.0,32.0,4.0,4.3
12,last_to_last,SC4,4,-1.4142135623730951,2.0,18.0,0.0,32.0,4.0,4.5
12,mid_to_mid,SC4,4,0.0,0.0,18.0,0.0,32.0,4.0,4.3
12,max_to_max,SC4,4,1.4142135623730951,6.0,18.0,0.0,32.0,4.0,4.3
12,max_to_sunset,SC4,4,-2.449489742783178,6.0,18.0,0.0,32.0,4.0,4.5
12,first_to_first,SC4,5,0.0,0.0,14.0,80.0,32.0,4.0,7.4
12,last_to_last,SC4,5,-12.96148139681572,168.0,14.0,80.0,32.0,4.0,7.4
12,mid_to_mid,SC4,5,-3.0,9.0,14.0,80.0,32.0,4.0,7.4
12,max_to_max,SC4,5,-13.564659966250536,184.0,14.0,80.0,32.0,4.0,7.4
12,max_to_sunset,SC4,5,-13.564659966250536,184.0,14.0,80.0,32.0,4.0,7.4
12,first_to_first,SC4,6,-12.36931687685298,153.0,19.0,547.0,32.0,4.0,7.4
12,last_to_last,SC4,6,-15.362291495737216,236.0,19.0,547.0,32.0,4.0,7.4
12,mid_to_mid,SC4,6,-9.695359714832659,94.0,19.0,547.0,32.0,4.0,7.4
12,max_to_max,SC4,6,-18.35755975068582,337.0,19.0,547.0,32.0,4.0,7.4
12,max_to_sunset,SC4,6,-18.35755975068582,337.0,19.0,547.0,32.0,4.0,7.4
12,first_to_first,SC4,7,-15.132745950421556,229.0,8.0,199.0,32.0,4.0,7.4
12,last_to_last,SC4,7,-5.0990195135927845,26.0,8.0,199.0,32.0,4.0,7.4
12,mid_to_mid,SC4,7,-4.795831523312719,24.0,8.0,199.0,32.0,4.0,7.4
12,max_to_max,SC4,7,-15.905973720586866,257.0,8.0,199.0,32.0,4.0,7.4
12,max_to_sunset,SC4,7,-16.0312195418814,257.0,8.0,199.0,32.0,4.0,7.4
12,first_to_first,SC4,8,-4.242640687119285,18.0,20.0,19.0,32.0,4.0,7.4
12,last_to_last,SC4,8,4.47213595499958,15.0,20.0,19.0,32.0,4.0,7.4
12,mid_to_mid,SC4,8,2.8284271247461903,0.0,20.0,19.0,32.0,4.0,7.4
12,max_to_max,SC4,8,10.14889156509222,28.0,20.0,19.0,32.0,4.0,7.4
12,max_to_sunset,SC4,8,2.6457513110645907,28.0,20.0,19.0,32.0,4.0,7.4
12,first_to_first,SC4,9,8.774964387392123,15.0,13.0,16.0,32.0,4.0,7.4
12,last_to_last,SC4,9,6.164414002968976,37.0,13.0,16.0,32.0,4.0,7.4
12,mid_to_mid,SC4,9,9.899494936611665,1.0,13.0,16.0,32.0,4.0,7.4
12,max_to_max,SC4,9,13.076696830622021,37.0,13.0,16.0,32.0,4.0,7.4
12,max_to_sunset,SC4,9,6.164414002968976,37.0,13.0,16.0,32.0,4.0,7.4
12,first_to_first,SC4,10,6.082762530298219,45.0,8.0,82.0,32.0,4.0,7.4
12,last_to_last,SC4,10,16.1245154965971,3.0,8.0,82.0,32.0,4.0,7.4
12,mid_to_mid,SC4,10,2.0,0.0,8.0,82.0,32.0,4.0,7.4
12,max_to_max,SC4,10,16.3707055437449,54.0,8.0,82.0,32.0,4.0,7.4
12,max_to_sunset,SC4,10,14.45683229480096,54.0,8.0,82.0,32.0,4.0,7.4
12,first_to_first,SC4,11,15.0996688705415,6.0,19.0,9.0,32.0,4.0,7.4
12,last_to_last,SC4,11,11.090536506409418,6.0,19.0,9.0,32.0,6.0,7.4
12,mid_to_mid,SC4,11,3.872983346207417,0.0,19.0,9.0,32.0,6.0,7.4
12,max_to_max,SC4,11,14.696938456699069,18.0,19.0,9.0,32.0,6.0,7.4
12,max_to_sunset,SC4,11,10.535653752852738,18.0,19.0,9.0,32.0,6.0,7.4
12,first_to_first,SC4,12,12.68857754044952,5.0,7.0,2.0,32.0,6.0,7.4
12,last_to_last,SC4,12,9.486832980505138,0.0,7.0,2.0,32.0,6.0,7.4
12,mid_to_mid,SC4,12,10.295630140987,0.0,7.0,2.0,32.0,6.0,7.4
12,max_to_max,SC4,12,12.68857754044952,5.0,7.0,2.0,32.0,6.0,7.4
12,max_to_sunset,SC4,12,9.219544457292887,5.0,7.0,2.0,32.0,6.0,7.4
12,first_to_first,SC4,13,10.862780491200215,0.0,8.0,0.0,32.0,6.0,7.4
12,last_to_last,SC4,13,0.0,0.0,8.0,0.0,30.0,6.0,7.4
12,mid_to_mid,SC4,13,1.4142135623730951,0.0,8.0,0.0,32.0,6.0,7.4
12,max_to_max,SC4,13,10.862780491200215,0.0,8.0,0.0,32.0,6.0,7.4
12,max_to_sunset,SC4,13,0.0,0.0,8.0,0.0,32.0,6.0,7.4
12,first_to_first,SC4,14,0.0,0.0,17.0,2.0,30.0,6.0,7.4
12,last_to_last,SC4,14,-11.313708498984761,129.0,17.0,2.0,30.0,6.0,7.4
12,mid_to_mid,SC4,14,0.0,0.0,17.0,2.0,30.0,6.0,7.4
12,max_to_max,SC4,14,-12.0,150.0,17.0,2.0,30.0,6.0,7.4
12,max_to_sunset,SC4,14,-12.206555615733702,150.0,17.0,2.0,30.0,6.0,7.4
12,first_to_first,SC4,15,-11.180339887498949,126.0,14.0,48.0,30.0,6.0,7.4
12,last_to_last,SC4,15,-1.7320508075688772,3.0,14.0,48.0,24.0,6.0,7.4
12,mid_to_mid,SC4,15,-4.242640687119285,18.0,14.0,48.0,30.0,6.0,7.4
12,max_to_max,SC4,15,-11.575836902790225,135.0,14.0,48.0,30.0,6.0,7.4
12,max_to_sunset,SC4,15,-11.61895003862225,135.0,14.0,48.0,30.0,6.0,7.4
12,first_to_first,SC4,16,-2.6457513110645907,7.0,17.0,0.0,24.0,6.0,7.4
12,last_to_last,SC4,16,9.219544457292887,0.0,17.0,0.0,24.0,6.0,7.4
12,mid_to_mid,SC4,16,2.449489742783178,0.0,17.0,0.0,24.0,6.0,7.4
12,max_to_max,SC4,16,8.94427190999916,8.0,17.0,0.0,24.0,6.0,7.4
12,max_to_sunset,SC4,16,8.774964387392123,8.0,17.0,0.0,24.0,6.0,7.4
12,first_to_first,SC4,17,9.797958971132712,0.0,14.0,0.0,24.0,6.0,6.2
12,last_to_last,SC4,17,1.0,0.0,14.0,0.0,24.0,6.0,6.2
12,mid_to_mid,SC4,17,11.874342087037917,0.0,14.0,0.0,24.0,6.0,6.2
12,max_to_max,SC4,17,11.874342087037917,0.0,14.0,0.0,24.0,6.0,6.2
12,max_to_sunset,SC4,17,1.0,0.0,14.0,0.0,24.0,6.0,6.2
12,first_to_first,SC4,18,0.0,0.0,13.0,0.0,24.0,6.0,6.2
12,last_to_last,SC4,18,2.23606797749979,0.0,13.0,0.0,24.0,6.0,6.2
12,mid_to_mid,SC4,18,2.0,0.0,13.0,0.0,24.0,6.0,6.2
12,max_to_max,SC4,18,3.4641016151377544,0.0,13.0,0.0,24.0,6.0,6.2
12,max_to_sunset,SC4,18,2.23606797749979,0.0,13.0,0.0,24.0,6.0,6.2
12,first_to_first,SC4,19,2.449489742783178,0.0,17.0,3.0,24.0,5.0,6.2
12,last_to_last,SC4,19,0.0,0.0,17.0,3.0,24.0,5.0,6.2
12,mid_to_mid,SC4,19,1.7320508075688772,1.0,17.0,3.0,24.0,5.0,6.2
12,max_to_max,SC4,19,1.4142135623730951,4.0,17.0,3.0,24.0,5.0,6.2
12,max_to_sunset,SC4,19,-2.0,4.0,17.0,3.0,24.0,5.0,6.2
12,first_to_first,SC4,20,0.0,0.0,16.0,80.0,24.0,5.0,5.5
12,last_to_last,SC4,20,8.602325267042627,35.0,16.0,80.0,24.0,5.0,5.5
12,mid_to_mid,SC4,20,-1.0,8.0,16.0,80.0,24.0,5.0,5.5
12,max_to_max,SC4,20,-3.3166247903554,131.0,16.0,80.0,24.0,5.0,5.5
12,max_to_sunset,SC4,20,-4.69041575982343,131.0,16.0,80.0,24.0,5.0,5.5
12,first_to_first,SC4,21,6.557438524302,92.0,15.0,0.0,24.0,5.0,5.5
12,last_to_last,SC4,21,4.0,75.0,15.0,0.0,24.0,5.0,5.5
12,mid_to_mid,SC4,21,-9.055385138137417,99.0,15.0,0.0,24.0,5.0,5.5
12,max_to_max,SC4,21,-7.416198487095663,208.0,15.0,0.0,24.0,5.0,5.5
12,max_to_sunset,SC4,21,-10.816653826391969,208.0,15.0,0.0,24.0,5.0,5.5
12,first_to_first,SC4,22,6.708203932499369,82.0,14.0,48.0,24.0,5.0,5.5
12,last_to_last,SC4,22,-16.1245154965971,263.0,14.0,48.0,24.0,5.0,5.5
12,mid_to_mid,SC4,22,2.449489742783178,4.0,14.0,48.0,24.0,5.0,5.5
12,max_to_max,SC4,22,-13.96424004376894,322.0,14.0,48.0,24.0,5.0,5.5
12,max_to_sunset,SC4,22,-17.86057109949175,322.0,14.0,48.0,24.0,5.0,5.5
12,first_to_first,SC6,1,7.416198487095663,0.0,21.0,1.0,25.0,7.0,7.8
12,last_to_last,SC6,1,8.426149773176359,1.0,21.0,1.0,25.0,7.0,7.8
12,mid_to_mid,SC6,1,6.0,0.0,21.0,1.0,25.0,7.0,7.8
12,max_to_max,SC6,1,10.295630140987,2.0,21.0,1.0,25.0,7.0,7.8
12,max_to_sunset,SC6,1,8.366600265340756,2.0,21.0,1.0,25.0,7.0,7.8
12,first_to_first,SC6,2,7.810249675906654,0.0,18.0,14.0,25.0,7.0,7.8
12,last_to_last,SC6,2,-10.954451150103322,196.0,18.0,14.0,25.0,7.0,7.8
12,mid_to_mid,SC6,2,7.14142842854285,1.0,18.0,14.0,25.0,7.0,7.8
12,max_to_max,SC6,2,-14.177446878757825,284.0,18.0,14.0,25.0,7.0,7.8
12,max_to_sunset,SC6,2,-14.422205101855956,284.0,18.0,14.0,25.0,7.0,7.8
12,first_to_first,SC6,3,-8.0,106.0,14.0,36.0,25.0,7.0,7.8
12,last_to_last,SC6,3,-5.916079783099616,65.0,14.0,36.0,22.0,7.0,7.8
12,mid_to_mid,SC6,3,-5.0,61.0,14.0,36.0,25.0,7.0,7.8
12,max_to_max,SC6,3,-6.557438524302,120.0,14.0,36.0,25.0,7.0,7.8
12,max_to_sunset,SC6,3,-9.486832980505138,120.0,14.0,36.0,25.0,7.0,7.8
12,first_to_first,SC6,4,-3.7416573867739413,46.0,17.0,3.0,19.0,7.0,7.8
12,last_to_last,SC6,4,3.872983346207417,19.0,17.0,3.0,19.0,7.0,7.8
12,mid_to_mid,SC6,4,3.872983346207417,26.0,17.0,3.0,19.0,7.0,7.8
12,max_to_max,SC6,4,-2.6457513110645907,77.0,17.0,3.0,19.0,7.0,7.8
12,max_to_sunset,SC6,4,-6.557438524302,77.0,17.0,3.0,19.0,7.0,7.8
12,first_to_first,SC6,5,2.0,15.0,15.0,12.0,19.0,7.0,7.8
12,last_to_last,SC6,5,2.449489742783178,14.0,15.0,12.0,19.0,7.0,7.8
12,mid_to_mid,SC6,5,2.8284271247461903,18.0,15.0,12.0,19.0,7.0,7.8
12,max_to_max,SC6,5,2.8284271247461903,18.0,15.0,12.0,19.0,7.0,7.8
12,max_to_sunset,SC6,5,1.4142135623730951,18.0,15.0,12.0,19.0,7.0,7.8
12,first_to_first,SC6,6,3.4641016151377544,15.0,14.0,0.0,19.0,7.0,7.8
12,last_to_last,SC6,6,12.649110640673518,5.0,14.0,0.0,19.0,7.0,7.8
12,mid_to_mid,SC6,6,2.449489742783178,6.0,14.0,0.0,19.0,7.0,7.8
12,max_to_max,SC6,6,12.165525060596439,17.0,14.0,0.0,19.0,7.0,7.8
12,max_to_sunset,SC6,6,12.165525060596439,17.0,14.0,0.0,19.0,7.0,7.8
12,first_to_first,SC6,7,11.704699910719626,7.0,13.0,0.0,19.0,6.0,7.8
12,last_to_last,SC6,7,7.0710678118654755,5.0,13.0,0.0,19.0,6.0,7.8
12,mid_to_mid,SC6,7,6.708203932499369,6.0,13.0,0.0,19.0,6.0,7.8
12,max_to_max,SC6,7,11.357816691600547,15.0,13.0,0.0,19.0,6.0,7.8
12,max_to_sunset,SC6,7,6.324555320336759,15.0,13.0,0.0,19.0,6.0,7.8
12,first_to_first,SC6,8,6.4031242374328485,4.0,16.0,52.0,19.0,6.0,5.9
12,last_to_last,SC6,8,-6.4031242374328485,62.0,16.0,52.0,19.0,6.0,5.9
12,mid_to_mid,SC6,8,6.164414002968976,1.0,16.0,52.0,19.0,6.0,5.9
12,max_to_max,SC6,8,-7.483314773547883,135.0,16.0,52.0,19.0,6.0,5.9
12,max_to_sunset,SC6,8,-10.677078252031311,135.0,16.0,52.0,19.0,6.0,5.9
12,first_to_first,SC6,9,-3.4641016151377544,35.0,14.0,0.0,19.0,6.0,5.9
12,last_to_last,SC6,9,2.8284271247461903,24.0,14.0,0.0,19.0,6.0,5.9
12,mid_to_mid,SC6,9,-4.58257569495584,45.0,14.0,0.0,19.0,6.0,5.9
12,max_to_max,SC6,9,-3.872983346207417,56.0,14.0,0.0,19.0,6.0,5.9
12,max_to_sunset,SC6,9,-4.898979485566356,56.0,14.0,0.0,19.0,6.0,5.9
12,first_to_first,SC6,10,-2.0,25.0,14.0,120.0,19.0,6.0,5.9
12,last_to_last,SC6,10,-6.782329983125268,62.0,14.0,120.0,19.0,6.0,5.9
12,mid_to_mid,SC6,10,-3.872983346207417,26.0,14.0,120.0,19.0,6.0,5.9
12,max_to_max,SC6,10,-6.6332495807108,75.0,14.0,120.0,19.0,6.0,5.9
12,max_to_sunset,SC6,10,-7.681145747868608,75.0,14.0,120.0,19.0,6.0,5.9
12,first_to_first,SC8,1,7.416198487095663,238.0,16.0,0.0,20.0,4.0,8.7
12,last_to_last,SC8,1,-14.2828568570857,254.0,16.0,0.0,17.0,4.0,8.7
12,mid_to_mid,SC8,1,-14.696938456699069,238.0,16.0,0.0,20.0,4.0,8.7
12,max_to_max,SC8,1,6.164414002968976,255.0,16.0,0.0,17.0,4.0,8.7
12,max_to_sunset,SC8,1,-14.317821063276353,255.0,16.0,0.0,17.0,4.0,8.7
12,first_to_first,SC8,2,-14.866068747318506,264.0,6.0,1.0,17.0,4.0,8.7
12,last_to_last,SC8,2,-15.198684153570664,243.0,6.0,1.0,17.0,4.0,8.7
12,mid_to_mid,SC8,2,-15.165750888103101,247.0,6.0,1.0,17.0,4.0,8.7
12,max_to_max,SC8,2,-14.247806848775006,264.0,6.0,1.0,17.0,4.0,8.7
12,max_to_sunset,SC8,2,-15.874507866387544,264.0,6.0,1.0,17.0,4.0,8.7
12,first_to_first,SC8,3,-15.165750888103101,243.0,6.0,9.0,17.0,4.0,8.4
12,last_to_last,SC8,3,-14.89966442575134,225.0,6.0,9.0,18.0,4.0,8.4
12,mid_to_mid,SC8,3,-14.696938456699069,228.0,6.0,9.0,17.0,4.0,8.4
12,max_to_max,SC8,3,-14.798648586948742,243.0,6.0,9.0,17.0,4.0,8.4
12,max_to_sunset,SC8,3,-15.491933384829668,243.0,6.0,9.0,18.0,4.0,8.4
12,first_to_first,SC8,4,-15.362291495737216,238.0,12.0,32.0,18.0,4.0,8.4
12,last_to_last,SC8,4,-15.491933384829668,242.0,12.0,32.0,18.0,5.0,8.4
12,mid_to_mid,SC8,4,-15.132745950421556,231.0,12.0,32.0,18.0,5.0,8.4
12,max_to_max,SC8,4,-15.427248620541512,242.0,12.0,32.0,18.0,5.0,8.4
12,max_to_sunset,SC8,4,-15.491933384829668,242.0,12.0,32.0,18.0,5.0,8.4
12,first_to_first,SC8,5,-15.459624833740307,243.0,9.0,26.0,18.0,5.0,8.4
12,last_to_last,SC8,5,-15.811388300841896,253.0,9.0,26.0,18.0,5.0,8.4
12,mid_to_mid,SC8,5,-15.652475842498529,249.0,9.0,26.0,18.0,5.0,8.4
12,max_to_max,SC8,5,-15.748015748023622,255.0,9.0,26.0,18.0,5.0,8.4
12,max_to_sunset,SC8,5,-15.874507866387544,255.0,9.0,26.0,18.0,5.0,8.4
12,first_to_first,SC8,6,-15.716233645501712,252.0,8.0,9.0,18.0,5.0,8.4
12,last_to_last,SC8,6,-15.231546211727817,236.0,8.0,9.0,18.0,5.0,8.4
12,mid_to_mid,SC8,6,-15.033296378372908,232.0,8.0,9.0,18.0,5.0,8.4
12,max_to_max,SC8,6,-15.165750888103101,253.0,8.0,9.0,18.0,5.0,8.4
12,max_to_sunset,SC8,6,-15.7797338380595,253.0,8.0,9.0,18.0,5.0,8.4
12,first_to_first,SC8,7,-15.459624833740307,245.0,7.0,4.0,18.0,5.0,8.2
12,last_to_last,SC8,7,-14.212670403551895,210.0,7.0,4.0,18.0,5.0,8.2
12,mid_to_mid,SC8,7,-14.071247279470288,204.0,7.0,4.0,18.0,5.0,8.2
12,max_to_max,SC8,7,-15.394804318340652,245.0,7.0,4.0,18.0,5.0,8.2
12,max_to_sunset,SC8,7,-15.394804318340652,245.0,7.0,4.0,18.0,5.0,8.2
12,first_to_first,SC8,8,-14.035668847618199,205.0,13.0,10.0,18.0,6.0,8.2
12,last_to_last,SC8,8,-14.247806848775006,212.0,13.0,10.0,18.0,6.0,8.2
12,mid_to_mid,SC8,8,-13.892443989449804,201.0,13.0,10.0,18.0,6.0,8.2
12,max_to_max,SC8,8,-14.247806848775006,212.0,13.0,10.0,18.0,6.0,8.2
12,max_to_sunset,SC8,8,-14.247806848775006,212.0,13.0,10.0,18.0,6.0,8.2
12,first_to_first,SC8,9,-14.491376746189438,226.0,7.0,2.0,18.0,6.0,8.2
12,last_to_last,SC8,9,-13.45362404707371,204.0,7.0,2.0,18.0,6.0,8.2
12,mid_to_mid,SC8,9,-13.114877048604,196.0,7.0,2.0,18.0,6.0,8.2
12,max_to_max,SC8,9,-13.784048752090222,227.0,7.0,2.0,18.0,6.0,8.2
12,max_to_sunset,SC8,9,-14.2828568570857,227.0,7.0,2.0,18.0,6.0,8.2
12,first_to_first,SC8,10,-13.74772708486752,213.0,14.0,0.0,18.0,6.0,8.2
12,last_to_last,SC8,10,-13.038404810405298,211.0,14.0,0.0,21.0,6.0,8.2
12,mid_to_mid,SC8,10,-14.2828568570857,214.0,14.0,0.0,18.0,6.0,8.2
12,max_to_max,SC8,10,-13.152946437965905,214.0,14.0,0.0,18.0,6.0,8.2
12,max_to_sunset,SC8,10,-13.152946437965905,214.0,14.0,0.0,21.0,6.0,8.2
12,first_to_first,SC8,11,-14.866068747318506,231.0,14.0,2.0,21.0,6.0,8.2
12,last_to_last,SC8,11,-16.3707055437449,271.0,14.0,2.0,21.0,6.0,8.2
12,mid_to_mid,SC8,11,-14.142135623730951,203.0,14.0,2.0,21.0,6.0,8.2
12,max_to_max,SC8,11,-15.7797338380595,271.0,14.0,2.0,21.0,6.0,8.2
12,max_to_sunset,SC8,11,-16.3707055437449,271.0,14.0,2.0,21.0,6.0,8.2
13,first_to_first,SC1,1,-10.392304845413264,108.0,16.0,0.0,22.0,6.0,6.3
13,last_to_last,SC1,1,-7.14142842854285,51.0,16.0,0.0,22.0,6.0,6.3
13,mid_to_mid,SC1,1,-8.48528137423857,72.0,16.0,0.0,22.0,6.0,6.3
13,max_to_max,SC1,1,-11.0,121.0,16.0,0.0,22.0,6.0,6.3
13,max_to_sunset,SC1,1,-11.0,121.0,16.0,0.0,22.0,6.0,6.3
13,first_to_first,SC1,2,-7.483314773547883,56.0,16.0,0.0,22.0,6.0,6.3
13,last_to_last,SC1,2,-4.795831523312719,23.0,16.0,0.0,22.0,6.0,6.3
13,mid_to_mid,SC1,2,-6.6332495807108,44.0,16.0,0.0,22.0,6.0,6.3
13,max_to_max,SC1,2,-7.483314773547883,56.0,16.0,0.0,22.0,6.0,6.3
13,max_to_sunset,SC1,2,-7.483314773547883,56.0,16.0,0.0,22.0,6.0,6.3
13,first_to_first,SC1,3,-3.3166247903554,11.0,11.0,5.0,22.0,6.0,6.3
13,last_to_last,SC1,3,-1.4142135623730951,2.0,11.0,5.0,22.0,6.0,6.3
13,mid_to_mid,SC1,3,-2.449489742783178,6.0,11.0,5.0,22.0,6.0,6.3
13,max_to_max,SC1,3,-4.58257569495584,21.0,11.0,5.0,22.0,6.0,6.3
13,max_to_sunset,SC1,3,-4.58257569495584,21.0,11.0,5.0,22.0,6.0,6.3
13,first_to_first,SC1,4,-2.23606797749979,5.0,9.0,3.0,22.0,6.0,6.3
13,last_to_last,SC1,4,0.0,0.0,9.0,3.0,22.0,6.0,6.3
13,mid_to_mid,SC1,4,-1.4142135623730951,2.0,9.0,3.0,22.0,6.0,6.3
13,max_to_max,SC1,4,-2.23606797749979,5.0,9.0,3.0,22.0,6.0,6.3
13,max_to_sunset,SC1,4,-2.23606797749979,5.0,9.0,3.0,22.0,6.0,6.3
13,first_to_first,SC1,5,0.0,0.0,13.0,0.0,22.0,6.0,6.3
13,last_to_last,SC1,5,0.0,0.0,13.0,0.0,22.0,6.0,6.3
13,mid_to_mid,SC1,5,0.0,0.0,13.0,0.0,22.0,6.0,6.3
13,max_to_max,SC1,5,0.0,0.0,13.0,0.0,22.0,6.0,6.3
13,max_to_sunset,SC1,5,0.0,0.0,13.0,0.0,22.0,6.0,6.3
13,first_to_first,SC1,6,0.0,0.0,14.0,0.0,22.0,6.0,6.3
13,last_to_last,SC1,6,0.0,0.0,14.0,0.0,22.0,6.0,6.3
13,mid_to_mid,SC1,6,0.0,0.0,14.0,0.0,22.0,6.0,6.3
13,max_to_max,SC1,6,0.0,0.0,14.0,0.0,22.0,6.0,6.3
13,max_to_sunset,SC1,6,0.0,0.0,14.0,0.0,22.0,6.0,6.3
13,first_to_first,SC1,7,0.0,0.0,12.0,0.0,22.0,6.0,6.3
13,last_to_last,SC1,7,0.0,0.0,12.0,0.0,22.0,6.0,6.3
13,mid_to_mid,SC1,7,0.0,0.0,12.0,0.0,22.0,6.0,6.3
13,max_to_max,SC1,7,0.0,0.0,12.0,0.0,22.0,6.0,6.3
13,max_to_sunset,SC1,7,0.0,0.0,12.0,0.0,22.0,6.0,6.3
13,first_to_first,SC1,8,0.0,0.0,11.0,0.0,22.0,6.0,6.3
13,last_to_last,SC1,8,0.0,0.0,11.0,0.0,22.0,6.0,6.3
13,mid_to_mid,SC1,8,0.0,0.0,11.0,0.0,22.0,6.0,6.3
13,max_to_max,SC1,8,0.0,0.0,11.0,0.0,22.0,6.0,6.3
13,max_to_sunset,SC1,8,0.0,0.0,11.0,0.0,22.0,6.0,6.3
13,first_to_first,SC1,9,0.0,0.0,7.0,0.0,22.0,6.0,6.3
13,last_to_last,SC1,9,0.0,0.0,7.0,0.0,22.0,8.0,6.2
13,mid_to_mid,SC1,9,0.0,0.0,7.0,0.0,22.0,8.0,6.3
13,max_to_max,SC1,9,0.0,0.0,7.0,0.0,22.0,6.0,6.3
13,max_to_sunset,SC1,9,0.0,0.0,7.0,0.0,22.0,6.0,6.3
13,first_to_first,SC1,10,0.0,0.0,11.0,0.0,22.0,8.0,6.2
13,last_to_last,SC1,10,0.0,0.0,11.0,0.0,22.0,6.0,6.2
13,mid_to_mid,SC1,10,0.0,0.0,11.0,0.0,22.0,6.0,6.2
13,max_to_max,SC1,10,0.0,0.0,11.0,0.0,22.0,8.0,6.2
13,max_to_sunset,SC1,10,0.0,0.0,11.0,0.0,22.0,6.0,6.2
13,first_to_first,SC1,11,0.0,0.0,10.0,0.0,22.0,6.0,6.2
13,last_to_last,SC1,11,0.0,0.0,10.0,0.0,22.0,6.0,6.2
13,mid_to_mid,SC1,11,0.0,0.0,10.0,0.0,22.0,6.0,6.2
13,max_to_max,SC1,11,0.0,0.0,10.0,0.0,22.0,6.0,6.2
13,max_to_sunset,SC1,11,0.0,0.0,10.0,0.0,22.0,6.0,6.2
13,first_to_first,SC1,12,0.0,0.0,12.0,0.0,22.0,6.0,6.2
13,last_to_last,SC1,12,0.0,0.0,12.0,0.0,22.0,6.0,6.2
13,mid_to_mid,SC1,12,0.0,0.0,12.0,0.0,22.0,6.0,6.2
13,max_to_max,SC1,12,0.0,0.0,12.0,0.0,22.0,6.0,6.2
13,max_to_sunset,SC1,12,0.0,0.0,12.0,0.0,22.0,6.0,6.2
13,first_to_first,SC1,13,0.0,0.0,9.0,0.0,22.0,6.0,6.2
13,last_to_last,SC1,13,0.0,0.0,9.0,0.0,22.0,6.0,6.2
13,mid_to_mid,SC1,13,0.0,0.0,9.0,0.0,22.0,6.0,6.2
13,max_to_max,SC1,13,0.0,0.0,9.0,0.0,22.0,6.0,6.2
13,max_to_sunset,SC1,13,0.0,0.0,9.0,0.0,22.0,6.0,6.2
13,first_to_first,SC1,14,0.0,0.0,12.0,0.0,22.0,6.0,6.2
13,last_to_last,SC1,14,0.0,0.0,12.0,0.0,22.0,6.0,6.2
13,mid_to_mid,SC1,14,0.0,0.0,12.0,0.0,22.0,6.0,6.2
13,max_to_max,SC1,14,0.0,0.0,12.0,0.0,22.0,6.0,6.2
13,max_to_sunset,SC1,14,0.0,0.0,12.0,0.0,22.0,6.0,6.2
13,first_to_first,SC1,15,0.0,0.0,13.0,0.0,22.0,6.0,6.2
13,last_to_last,SC1,15,0.0,0.0,13.0,0.0,22.0,6.0,5.7
13,mid_to_mid,SC1,15,0.0,0.0,13.0,0.0,22.0,6.0,6.2
13,max_to_max,SC1,15,0.0,0.0,13.0,0.0,22.0,6.0,6.2
13,max_to_sunset,SC1,15,0.0,0.0,13.0,0.0,22.0,6.0,6.2
13,first_to_first,SC1,16,0.0,0.0,10.0,0.0,22.0,6.0,5.7
13,last_to_last,SC1,16,0.0,0.0,10.0,0.0,22.0,6.0,5.7
13,mid_to_mid,SC1,16,0.0,0.0,10.0,0.0,22.0,6.0,5.7
13,max_to_max,SC1,16,0.0,0.0,10.0,0.0,22.0,6.0,5.7
13,max_to_sunset,SC1,16,0.0,0.0,10.0,0.0,22.0,6.0,5.7
13,first_to_first,SC10,1,2.0,0.0,21.0,0.0,24.0,3.0,7.4
13,last_to_last,SC10,1,1.0,0.0,21.0,0.0,24.0,3.0,7.4
13,mid_to_mid,SC10,1,0.0,0.0,21.0,0.0,24.0,3.0,7.4
13,max_to_max,SC10,1,2.23606797749979,0.0,21.0,0.0,24.0,3.0,7.4
13,max_to_sunset,SC10,1,1.0,0.0,21.0,0.0,24.0,3.0,7.4
13,first_to_first,SC10,2,0.0,0.0,13.0,8.0,24.0,3.0,7.4
13,last_to_last,SC10,2,0.0,0.0,13.0,8.0,24.0,3.0,7.4
13,mid_to_mid,SC10,2,-2.0,4.0,13.0,8.0,24.0,3.0,7.4
13,max_to_max,SC10,2,-6.244997998398398,39.0,13.0,8.0,24.0,3.0,7.4
13,max_to_sunset,SC10,2,-6.244997998398398,39.0,13.0,8.0,24.0,3.0,7.4
13,first_to_first,SC10,3,-3.1622776601683795,10.0,15.0,104.0,24.0,3.0,7.4
13,last_to_last,SC10,3,-7.615773105863909,58.0,15.0,104.0,24.0,3.0,7.4
13,mid_to_mid,SC10,3,-2.8284271247461903,8.0,15.0,104.0,24.0,3.0,7.4
13,max_to_max,SC10,3,-8.831760866327848,78.0,15.0,104.0,24.0,3.0,7.4
13,max_to_sunset,SC10,3,-8.831760866327848,78.0,15.0,104.0,24.0,3.0,7.4
13,first_to_first,SC10,4,-7.745966692414834,60.0,18.0,176.0,24.0,3.0,7.4
13,last_to_last,SC10,4,-10.488088481701515,110.0,18.0,176.0,24.0,3.0,7.4
13,mid_to_mid,SC10,4,-3.0,9.0,18.0,176.0,24.0,3.0,7.4
13,max_to_max,SC10,4,-11.40175425099138,130.0,18.0,176.0,24.0,3.0,7.4
13,max_to_sunset,SC10,4,-11.40175425099138,130.0,18.0,176.0,24.0,3.0,7.4
13,first_to_first,SC10,5,-10.44030650891055,109.0,13.0,416.0,24.0,3.0,7.4
13,last_to_last,SC10,5,-11.357816691600547,132.0,13.0,416.0,24.0,3.0,7.4
13,mid_to_mid,SC10,5,-4.898979485566356,27.0,13.0,416.0,24.0,3.0,7.4
13,max_to_max,SC10,5,-12.0,148.0,13.0,416.0,24.0,3.0,7.4
13,max_to_sunset,SC10,5,-12.041594578792296,148.0,13.0,416.0,24.0,3.0,7.4
13,first_to_first,SC10,6,-10.954451150103322,120.0,8.0,385.0,24.0,3.0,7.4
13,last_to_last,SC10,6,11.180339887498949,89.0,8.0,385.0,24.0,3.0,7.4
13,mid_to_mid,SC10,6,-5.5677643628300215,48.0,8.0,385.0,24.0,3.0,7.4
13,max_to_max,SC10,6,8.660254037844387,282.0,8.0,385.0,24.0,3.0,7.4
13,max_to_sunset,SC10,6,-8.246211251235321,282.0,8.0,385.0,24.0,3.0,7.4
13,first_to_first,SC10,7,12.288205727444508,109.0,17.0,456.0,24.0,3.0,7.2
13,last_to_last,SC10,7,11.661903789690601,137.0,17.0,456.0,24.0,3.0,7.2
13,mid_to_mid,SC10,7,14.7648230602334,61.0,17.0,456.0,24.0,3.0,7.2
13,max_to_max,SC10,7,1.7320508075688772,306.0,17.0,456.0,24.0,3.0,7.2
13,max_to_sunset,SC10,7,-5.744562646538029,306.0,17.0,456.0,24.0,3.0,7.2
13,first_to_first,SC10,8,8.18535277187245,120.0,13.0,387.0,24.0,4.0,7.2
13,last_to_last,SC10,8,4.0,115.0,13.0,387.0,24.0,5.0,7.2
13,mid_to_mid,SC10,8,-5.0,48.0,13.0,387.0,24.0,5.0,7.2
13,max_to_max,SC10,8,-22.360679774997898,770.0,13.0,387.0,24.0,5.0,7.2
13,max_to_sunset,SC10,8,-25.278449319529077,770.0,13.0,387.0,24.0,5.0,7.2
13,first_to_first,SC10,9,-3.4641016151377544,109.0,19.0,1122.0,24.0,5.0,7.2
13,last_to_last,SC10,9,-17.74823934929885,322.0,19.0,1122.0,24.0,6.0,7.2
13,mid_to_mid,SC10,9,-7.681145747868608,79.0,19.0,1122.0,24.0,6.0,7.2
13,max_to_max,SC10,9,-18.973665961010276,497.0,19.0,1122.0,24.0,6.0,7.2
13,max_to_sunset,SC10,9,-22.135943621178654,497.0,19.0,1122.0,24.0,6.0,7.2
13,first_to_first,SC10,10,-22.338307903688676,499.0,10.0,0.0,24.0,6.0,7.2
13,last_to_last,SC10,10,-20.8806130178211,436.0,10.0,0.0,28.0,6.0,7.2
13,mid_to_mid,SC10,10,-20.396078054371138,416.0,10.0,0.0,25.0,6.0,7.2
13,max_to_max,SC10,10,-22.360679774997898,500.0,10.0,0.0,24.0,6.0,7.2
13,max_to_sunset,SC10,10,-22.360679774997898,500.0,10.0,0.0,28.0,6.0,7.2
13,first_to_first,SC10,11,-11.61895003862225,135.0,9.0,373.0,28.0,6.0,7.2
13,last_to_last,SC10,11,-6.6332495807108,52.0,9.0,373.0,34.0,6.0,7.2
13,mid_to_mid,SC10,11,-2.6457513110645907,7.0,9.0,373.0,31.0,6.0,7.2
13,max_to_max,SC10,11,-19.72308292331602,397.0,9.0,373.0,34.0,6.0,7.2
13,max_to_sunset,SC10,11,-19.72308292331602,397.0,9.0,373.0,34.0,6.0,7.2
13,first_to_first,SC10,12,-7.874007874011811,69.0,8.0,145.0,34.0,6.0,7.2
13,last_to_last,SC10,12,-3.3166247903554,14.0,8.0,145.0,34.0,6.0,7.2
13,mid_to_mid,SC10,12,-2.0,4.0,8.0,145.0,34.0,6.0,7.2
13,max_to_max,SC10,12,-7.483314773547883,79.0,8.0,145.0,34.0,6.0,7.2
13,max_to_sunset,SC10,12,-8.717797887081348,79.0,8.0,145.0,34.0,6.0,7.2
13,first_to_first,SC10,13,-1.0,3.0,12.0,2.0,34.0,6.0,7.2
13,last_to_last,SC10,13,2.6457513110645907,2.0,12.0,2.0,34.0,6.0,7.2
13,mid_to_mid,SC10,13,1.7320508075688772,0.0,12.0,2.0,34.0,6.0,7.2
13,max_to_max,SC10,13,2.23606797749979,5.0,12.0,2.0,34.0,6.0,7.2
13,max_to_sunset,SC10,13,2.0,5.0,12.0,2.0,34.0,6.0,7.2
13,first_to_first,SC10,14,1.0,4.0,9.0,14.0,34.0,6.0,7.2
13,last_to_last,SC10,14,-1.0,1.0,9.0,14.0,34.0,6.0,7.2
13,mid_to_mid,SC10,14,0.0,0.0,9.0,14.0,34.0,6.0,7.2
13,max_to_max,SC10,14,2.0,5.0,9.0,14.0,34.0,6.0,7.2
13,max_to_sunset,SC10,14,-2.23606797749979,5.0,9.0,14.0,34.0,6.0,7.2
13,first_to_first,SC4,1,-20.8806130178211,436.0,16.0,0.0,32.0,4.0,4.3
13,last_to_last,SC4,1,-14.933184523068078,352.0,16.0,0.0,32.0,4.0,4.3
13,mid_to_mid,SC4,1,-20.8806130178211,436.0,16.0,0.0,32.0,4.0,4.3
13,max_to_max,SC4,1,-20.09975124224178,554.0,16.0,0.0,32.0,4.0,4.3
13,max_to_sunset,SC4,1,-20.615528128088304,554.0,16.0,0.0,32.0,4.0,4.3
13,first_to_first,SC4,2,-13.856406460551018,318.0,19.0,377.0,32.0,4.0,4.3
13,last_to_last,SC4,2,-13.92838827718412,197.0,19.0,377.0,32.0,4.0,4.3
13,mid_to_mid,SC4,2,-11.789826122551595,157.0,19.0,377.0,32.0,4.0,4.3
13,max_to_max,SC4,2,-20.83266665599966,569.0,19.0,377.0,32.0,4.0,4.3
13,max_to_sunset,SC4,2,-23.790754506740637,569.0,19.0,377.0,32.0,4.0,4.3
13,first_to_first,SC4,3,-13.638181696985855,193.0,13.0,104.0,32.0,4.0,4.3
13,last_to_last,SC4,3,0.0,0.0,13.0,104.0,32.0,4.0,4.5
13,mid_to_mid,SC4,3,-1.7320508075688772,3.0,13.0,104.0,32.0,4.0,4.3
13,max_to_max,SC4,3,-13.601470508735444,193.0,13.0,104.0,32.0,4.0,4.3
13,max_to_sunset,SC4,3,-13.892443989449804,193.0,13.0,104.0,32.0,4.0,4.5
13,first_to_first,SC4,4,0.0,0.0,18.0,0.0,32.0,4.0,7.4
13,last_to_last,SC4,4,-1.4142135623730951,2.0,18.0,0.0,32.0,4.0,7.4
13,mid_to_mid,SC4,4,0.0,0.0,18.0,0.0,32.0,4.0,7.4
13,max_to_max,SC4,4,-2.449489742783178,6.0,18.0,0.0,32.0,4.0,7.4
13,max_to_sunset,SC4,4,-2.449489742783178,6.0,18.0,0.0,32.0,4.0,7.4
13,first_to_first,SC4,5,0.0,0.0,14.0,80.0,32.0,4.0,7.4
13,last_to_last,SC4,5,-12.96148139681572,168.0,14.0,80.0,32.0,4.0,7.4
13,mid_to_mid,SC4,5,-3.0,9.0,14.0,80.0,32.0,4.0,7.4
13,max_to_max,SC4,5,-13.564659966250536,184.0,14.0,80.0,32.0,4.0,7.4
13,max_to_sunset,SC4,5,-13.564659966250536,184.0,14.0,80.0,32.0,4.0,7.4
13,first_to_first,SC4,6,-12.36931687685298,153.0,19.0,547.0,32.0,4.0,7.4
13,last_to_last,SC4,6,-15.362291495737216,236.0,19.0,547.0,32.0,4.0,7.4
13,mid_to_mid,SC4,6,-9.643650760992955,94.0,19.0,547.0,32.0,4.0,7.4
13,max_to_max,SC4,6,-18.24828759089466,337.0,19.0,547.0,32.0,4.0,7.4
13,max_to_sunset,SC4,6,-18.35755975068582,337.0,19.0,547.0,32.0,4.0,7.4
13,first_to_first,SC4,7,-15.132745950421556,229.0,8.0,199.0,32.0,4.0,7.4
13,last_to_last,SC4,7,3.0,26.0,8.0,199.0,32.0,4.0,7.4
13,mid_to_mid,SC4,7,-4.0,24.0,8.0,199.0,32.0,4.0,7.4
13,max_to_max,SC4,7,-11.224972160321824,257.0,8.0,199.0,32.0,4.0,7.4
13,max_to_sunset,SC4,7,-14.89966442575134,257.0,8.0,199.0,32.0,4.0,7.4
13,first_to_first,SC4,8,8.602325267042627,18.0,20.0,19.0,32.0,4.0,7.4
13,last_to_last,SC4,8,7.745966692414834,15.0,20.0,19.0,32.0,4.0,7.4
13,mid_to_mid,SC4,8,9.9498743710662,0.0,20.0,19.0,32.0,4.0,7.4
13,max_to_max,SC4,8,13.416407864998739,28.0,20.0,19.0,32.0,4.0,7.4
13,max_to_sunset,SC4,8,6.855654600401044,28.0,20.0,19.0,32.0,4.0,7.4
13,first_to_first,SC4,9,8.18535277187245,15.0,13.0,16.0,32.0,4.0,7.4
13,last_to_last,SC4,9,15.033296378372908,37.0,13.0,16.0,32.0,4.0,7.4
13,mid_to_mid,SC4,9,1.7320508075688772,1.0,13.0,16.0,32.0,4.0,7.4
13,max_to_max,SC4,9,16.881943016134134,37.0,13.0,16.0,32.0,4.0,7.4
13,max_to_sunset,SC4,9,15.033296378372908,37.0,13.0,16.0,32.0,4.0,7.4
13,first_to_first,SC4,10,13.74772708486752,45.0,8.0,82.0,32.0,4.0,7.4
13,last_to_last,SC4,10,11.224972160321824,3.0,8.0,82.0,32.0,4.0,7.4
13,mid_to_mid,SC4,10,3.872983346207417,0.0,8.0,82.0,32.0,4.0,7.4
13,max_to_max,SC4,10,13.416407864998739,54.0,8.0,82.0,32.0,4.0,7.4
13,max_to_sunset,SC4,10,8.660254037844387,54.0,8.0,82.0,32.0,4.0,7.4
13,first_to_first,SC4,11,12.649110640673518,6.0,19.0,9.0,32.0,4.0,7.4
13,last_to_last,SC4,11,9.16515138991168,6.0,19.0,9.0,32.0,6.0,7.4
13,mid_to_mid,SC4,11,10.295630140987,0.0,19.0,9.0,32.0,6.0,7.4
13,max_to_max,SC4,11,12.165525060596439,18.0,19.0,9.0,32.0,6.0,7.4
13,max_to_sunset,SC4,11,8.48528137423857,18.0,19.0,9.0,32.0,6.0,7.4
13,first_to_first,SC4,12,10.63014581273465,5.0,7.0,2.0,32.0,6.0,7.4
13,last_to_last,SC4,12,0.0,0.0,7.0,2.0,32.0,6.0,7.4
13,mid_to_mid,SC4,12,1.4142135623730951,0.0,7.0,2.0,32.0,6.0,7.4
13,max_to_max,SC4,12,10.63014581273465,5.0,7.0,2.0,32.0,6.0,7.4
13,max_to_sunset,SC4,12,-2.23606797749979,5.0,7.0,2.0,32.0,6.0,7.4
13,first_to_first,SC4,13,0.0,0.0,8.0,0.0,32.0,6.0,7.4
13,last_to_last,SC4,13,1.0,0.0,8.0,0.0,30.0,6.0,7.4
13,mid_to_mid,SC4,13,0.0,0.0,8.0,0.0,32.0,6.0,7.4
13,max_to_max,SC4,13,2.449489742783178,0.0,8.0,0.0,32.0,6.0,7.4
13,max_to_sunset,SC4,13,1.0,0.0,8.0,0.0,32.0,6.0,7.4
13,first_to_first,SC4,14,1.0,0.0,17.0,2.0,30.0,6.0,7.4
13,last_to_last,SC4,14,-11.357816691600547,129.0,17.0,2.0,30.0,6.0,7.4
13,mid_to_mid,SC4,14,0.0,0.0,17.0,2.0,30.0,6.0,7.4
13,max_to_max,SC4,14,-12.206555615733702,150.0,17.0,2.0,30.0,6.0,7.4
13,max_to_sunset,SC4,14,-12.24744871391589,150.0,17.0,2.0,30.0,6.0,7.4
13,first_to_first,SC4,15,-11.224972160321824,126.0,14.0,48.0,30.0,6.0,7.4
13,last_to_last,SC4,15,9.055385138137417,3.0,14.0,48.0,24.0,6.0,7.4
13,mid_to_mid,SC4,15,-3.4641016151377544,18.0,14.0,48.0,30.0,6.0,7.4
13,max_to_max,SC4,15,-6.855654600401044,135.0,14.0,48.0,30.0,6.0,7.4
13,max_to_sunset,SC4,15,-7.0710678118654755,135.0,14.0,48.0,30.0,6.0,7.4
13,first_to_first,SC4,16,9.433981132056603,7.0,17.0,0.0,24.0,6.0,7.4
13,last_to_last,SC4,16,1.0,0.0,17.0,0.0,24.0,6.0,7.4
13,mid_to_mid,SC4,16,11.874342087037917,0.0,17.0,0.0,24.0,6.0,7.4
13,max_to_max,SC4,16,11.532562594670797,8.0,17.0,0.0,24.0,6.0,7.4
13,max_to_sunset,SC4,16,-2.6457513110645907,8.0,17.0,0.0,24.0,6.0,7.4
13,first_to_first,SC4,17,0.0,0.0,14.0,0.0,24.0,6.0,6.2
13,last_to_last,SC4,17,2.23606797749979,0.0,14.0,0.0,24.0,6.0,6.2
13,mid_to_mid,SC4,17,2.0,0.0,14.0,0.0,24.0,6.0,6.2
13,max_to_max,SC4,17,3.4641016151377544,0.0,14.0,0.0,24.0,6.0,6.2
13,max_to_sunset,SC4,17,2.23606797749979,0.0,14.0,0.0,24.0,6.0,6.2
13,first_to_first,SC4,18,2.449489742783178,0.0,13.0,0.0,24.0,5.0,6.2
13,last_to_last,SC4,18,0.0,0.0,13.0,0.0,24.0,5.0,6.2
13,mid_to_mid,SC4,18,2.0,0.0,13.0,0.0,24.0,5.0,6.2
13,max_to_max,SC4,18,2.449489742783178,0.0,13.0,0.0,24.0,5.0,6.2
13,max_to_sunset,SC4,18,0.0,0.0,13.0,0.0,24.0,5.0,6.2
13,first_to_first,SC4,19,0.0,0.0,17.0,3.0,24.0,5.0,6.2
13,last_to_last,SC4,19,10.44030650891055,0.0,17.0,3.0,24.0,5.0,6.2
13,mid_to_mid,SC4,19,2.449489742783178,1.0,17.0,3.0,24.0,5.0,6.2
13,max_to_max,SC4,19,10.770329614269007,4.0,17.0,3.0,24.0,5.0,6.2
13,max_to_sunset,SC4,19,10.246950765959598,4.0,17.0,3.0,24.0,5.0,6.2
13,first_to_first,SC4,20,11.61895003862225,0.0,16.0,80.0,24.0,5.0,5.5
13,last_to_last,SC4,20,7.483314773547883,35.0,16.0,80.0,24.0,5.0,5.5
13,mid_to_mid,SC4,20,3.0,8.0,16.0,80.0,24.0,5.0,5.5
13,max_to_max,SC4,20,4.69041575982343,131.0,16.0,80.0,24.0,5.0,5.5
13,max_to_sunset,SC4,20,-6.324555320336759,131.0,16.0,80.0,24.0,5.0,5.5
13,first_to_first,SC4,21,5.916079783099616,92.0,15.0,0.0,24.0,5.0,5.5
13,last_to_last,SC4,21,-8.48528137423857,75.0,15.0,0.0,24.0,5.0,5.5
13,mid_to_mid,SC4,21,-9.433981132056603,99.0,15.0,0.0,24.0,5.0,5.5
13,max_to_max,SC4,21,-9.0,208.0,15.0,0.0,24.0,5.0,5.5
13,max_to_sunset,SC4,21,-14.317821063276353,208.0,15.0,0.0,24.0,5.0,5.5
13,first_to_first,SC6,1,7.810249675906654,0.0,21.0,1.0,25.0,7.0,7.8
13,last_to_last,SC6,1,8.660254037844387,1.0,21.0,1.0,25.0,7.0,7.8
13,mid_to_mid,SC6,1,7.211102550927978,0.0,21.0,1.0,25.0,7.0,7.8
13,max_to_max,SC6,1,9.0,2.0,21.0,1.0,25.0,7.0,7.8
13,max_to_sunset,SC6,1,8.602325267042627,2.0,21.0,1.0,25.0,7.0,7.8
13,first_to_first,SC6,2,6.48074069840786,0.0,18.0,14.0,25.0,7.0,7.8
13,last_to_last,SC6,2,-12.884098726725126,196.0,18.0,14.0,25.0,7.0,7.8
13,mid_to_mid,SC6,2,5.916079783099616,1.0,18.0,14.0,25.0,7.0,7.8
13,max_to_max,SC6,2,-14.38749456993816,284.0,18.0,14.0,25.0,7.0,7.8
13,max_to_sunset,SC6,2,-15.937377450509228,284.0,18.0,14.0,25.0,7.0,7.8
13,first_to_first,SC6,3,-8.602325267042627,106.0,14.0,36.0,25.0,7.0,7.8
13,last_to_last,SC6,3,-5.5677643628300215,65.0,14.0,36.0,22.0,7.0,7.8
13,mid_to_mid,SC6,3,-4.47213595499958,61.0,14.0,36.0,25.0,7.0,7.8
13,max_to_max,SC6,3,-7.0710678118654755,120.0,14.0,36.0,25.0,7.0,7.8
13,max_to_sunset,SC6,3,-9.273618495495704,120.0,14.0,36.0,25.0,7.0,7.8
13,first_to_first,SC6,4,-5.196152422706632,46.0,17.0,3.0,19.0,7.0,7.8
13,last_to_last,SC6,4,1.0,19.0,17.0,3.0,19.0,7.0,7.8
13,mid_to_mid,SC6,4,0.0,26.0,17.0,3.0,19.0,7.0,7.8
13,max_to_max,SC6,4,-7.14142842854285,77.0,17.0,3.0,19.0,7.0,7.8
13,max_to_sunset,SC6,4,-7.54983443527075,77.0,17.0,3.0,19.0,7.0,7.8
13,first_to_first,SC6,5,3.4641016151377544,15.0,15.0,12.0,19.0,7.0,7.8
13,last_to_last,SC6,5,12.288205727444508,14.0,15.0,12.0,19.0,7.0,7.8
13,mid_to_mid,SC6,5,-2.449489742783178,18.0,15.0,12.0,19.0,7.0,7.8
13,max_to_max,SC6,5,12.12435565298214,18.0,15.0,12.0,19.0,7.0,7.8
13,max_to_sunset,SC6,5,12.12435565298214,18.0,15.0,12.0,19.0,7.0,7.8
13,first_to_first,SC6,6,11.357816691600547,15.0,14.0,0.0,19.0,6.0,7.8
13,last_to_last,SC6,6,7.0710678118654755,5.0,14.0,0.0,19.0,6.0,7.8
13,mid_to_mid,SC6,6,6.708203932499369,6.0,14.0,0.0,19.0,6.0,7.8
13,max_to_max,SC6,6,11.269427669584644,17.0,14.0,0.0,19.0,6.0,7.8
13,max_to_sunset,SC6,6,6.164414002968976,17.0,14.0,0.0,19.0,6.0,7.8
13,first_to_first,SC6,7,6.164414002968976,7.0,13.0,0.0,19.0,6.0,7.8
13,last_to_last,SC6,7,4.0,5.0,13.0,0.0,19.0,6.0,7.8
13,mid_to_mid,SC6,7,5.744562646538029,6.0,13.0,0.0,19.0,6.0,7.8
13,max_to_max,SC6,7,8.0,15.0,13.0,0.0,19.0,6.0,7.8
13,max_to_sunset,SC6,7,2.449489742783178,15.0,13.0,0.0,19.0,6.0,7.8
13,first_to_first,SC6,8,4.358898943540674,4.0,16.0,52.0,19.0,6.0,5.9
13,last_to_last,SC6,8,-5.477225575051661,62.0,16.0,52.0,19.0,6.0,5.9
13,mid_to_mid,SC6,8,4.795831523312719,1.0,16.0,52.0,19.0,6.0,5.9
13,max_to_max,SC6,8,-9.695359714832659,135.0,16.0,52.0,19.0,6.0,5.9
13,max_to_sunset,SC6,8,-10.14889156509222,135.0,16.0,52.0,19.0,6.0,5.9
13,first_to_first,SC6,9,-3.7416573867739413,35.0,14.0,0.0,19.0,6.0,5.9
13,last_to_last,SC6,9,-2.8284271247461903,24.0,14.0,0.0,19.0,6.0,5.9
13,mid_to_mid,SC6,9,-5.830951894845301,45.0,14.0,0.0,19.0,6.0,5.9
13,max_to_max,SC6,9,-5.0,56.0,14.0,0.0,19.0,6.0,5.9
13,max_to_sunset,SC6,9,-6.324555320336759,56.0,14.0,0.0,19.0,6.0,5.9
13,first_to_first,SC8,1,-13.96424004376894,238.0,16.0,0.0,20.0,4.0,8.7
13,last_to_last,SC8,1,-15.556349186104045,254.0,16.0,0.0,17.0,4.0,8.7
13,mid_to_mid,SC8,1,-14.866068747318506,238.0,16.0,0.0,20.0,4.0,8.7
13,max_to_max,SC8,1,-13.92838827718412,255.0,16.0,0.0,17.0,4.0,8.7
13,max_to_sunset,SC8,1,-15.588457268119896,255.0,16.0,0.0,17.0,4.0,8.7
13,first_to_first,SC8,2,-15.84297951775486,264.0,6.0,1.0,17.0,4.0,8.7
13,last_to_last,SC8,2,-15.491933384829668,243.0,6.0,1.0,18.0,4.0,8.7
13,mid_to_mid,SC8,2,-15.329709716755891,247.0,6.0,1.0,17.0,4.0,8.7
13,max_to_max,SC8,2,-15.491933384829668,264.0,6.0,1.0,17.0,4.0,8.7
13,max_to_sunset,SC8,2,-16.15549442140351,264.0,6.0,1.0,18.0,4.0,8.7
13,first_to_first,SC8,3,-15.524174696260024,243.0,6.0,9.0,18.0,4.0,8.4
13,last_to_last,SC8,3,-14.933184523068078,225.0,6.0,9.0,18.0,4.0,8.4
13,mid_to_mid,SC8,3,-15.033296378372908,228.0,6.0,9.0,18.0,4.0,8.4
13,max_to_max,SC8,3,-15.459624833740307,243.0,6.0,9.0,18.0,4.0,8.4
13,max_to_sunset,SC8,3,-15.524174696260024,243.0,6.0,9.0,18.0,4.0,8.4
13,first_to_first,SC8,4,-15.297058540778355,238.0,12.0,32.0,18.0,4.0,8.4
13,last_to_last,SC8,4,-15.459624833740307,242.0,12.0,32.0,18.0,5.0,8.4
13,mid_to_mid,SC8,4,-15.066519173319364,231.0,12.0,32.0,18.0,5.0,8.4
13,max_to_max,SC8,4,-15.329709716755891,242.0,12.0,32.0,18.0,5.0,8.4
13,max_to_sunset,SC8,4,-15.459624833740307,242.0,12.0,32.0,18.0,5.0,8.4
13,first_to_first,SC8,5,-15.427248620541512,243.0,9.0,26.0,18.0,5.0,8.4
13,last_to_last,SC8,5,-15.7797338380595,253.0,9.0,26.0,18.0,5.0,8.4
13,mid_to_mid,SC8,5,-15.588457268119896,249.0,9.0,26.0,18.0,5.0,8.4
13,max_to_max,SC8,5,-15.231546211727817,255.0,9.0,26.0,18.0,5.0,8.4
13,max_to_sunset,SC8,5,-15.84297951775486,255.0,9.0,26.0,18.0,5.0,8.4
13,first_to_first,SC8,6,-15.684387141358123,252.0,8.0,9.0,18.0,5.0,8.4
13,last_to_last,SC8,6,-15.0996688705415,236.0,8.0,9.0,18.0,5.0,8.4
13,mid_to_mid,SC8,6,-15.033296378372908,232.0,8.0,9.0,18.0,5.0,8.4
13,max_to_max,SC8,6,-15.652475842498529,253.0,8.0,9.0,18.0,5.0,8.4
13,max_to_sunset,SC8,6,-15.652475842498529,253.0,8.0,9.0,18.0,5.0,8.4
13,first_to_first,SC8,7,-15.394804318340652,245.0,7.0,4.0,18.0,5.0,8.2
13,last_to_last,SC8,7,-14.177446878757825,210.0,7.0,4.0,18.0,5.0,8.2
13,mid_to_mid,SC8,7,-14.0,204.0,7.0,4.0,18.0,5.0,8.2
13,max_to_max,SC8,7,-15.362291495737216,245.0,7.0,4.0,18.0,5.0,8.2
13,max_to_sunset,SC8,7,-15.362291495737216,245.0,7.0,4.0,18.0,5.0,8.2
13,first_to_first,SC8,8,-13.74772708486752,205.0,13.0,10.0,18.0,6.0,8.2
13,last_to_last,SC8,8,-13.74772708486752,212.0,13.0,10.0,18.0,6.0,8.2
13,mid_to_mid,SC8,8,-13.30413469565007,201.0,13.0,10.0,18.0,6.0,8.2
13,max_to_max,SC8,8,-13.228756555322953,212.0,13.0,10.0,18.0,6.0,8.2
13,max_to_sunset,SC8,8,-13.74772708486752,212.0,13.0,10.0,18.0,6.0,8.2
13,first_to_first,SC8,9,-14.212670403551895,226.0,7.0,2.0,18.0,6.0,8.2
13,last_to_last,SC8,9,-12.767145334803704,204.0,7.0,2.0,21.0,6.0,8.2
13,mid_to_mid,SC8,9,-13.638181696985855,196.0,7.0,2.0,18.0,6.0,8.2
13,max_to_max,SC8,9,-13.638181696985855,227.0,7.0,2.0,18.0,6.0,8.2
13,max_to_sunset,SC8,9,-13.638181696985855,227.0,7.0,2.0,21.0,6.0,8.2
13,first_to_first,SC8,10,-14.247806848775006,213.0,14.0,0.0,21.0,6.0,8.2
13,last_to_last,SC8,10,-14.422205101855956,211.0,14.0,0.0,21.0,6.0,8.2
13,mid_to_mid,SC8,10,-14.52583904633395,214.0,14.0,0.0,21.0,6.0,8.2
13,max_to_max,SC8,10,-13.856406460551018,214.0,14.0,0.0,21.0,6.0,8.2
13,max_to_sunset,SC8,10,-14.52583904633395,214.0,14.0,0.0,21.0,6.0,8.2
14,first_to_first,SC1,1,-10.392304845413264,108.0,16.0,0.0,22.0,6.0,6.3
14,last_to_last,SC1,1,-7.14142842854285,51.0,16.0,0.0,22.0,6.0,6.3
14,mid_to_mid,SC1,1,-8.48528137423857,72.0,16.0,0.0,22.0,6.0,6.3
14,max_to_max,SC1,1,-11.0,121.0,16.0,0.0,22.0,6.0,6.3
14,max_to_sunset,SC1,1,-11.0,121.0,16.0,0.0,22.0,6.0,6.3
14,first_to_first,SC1,2,-7.483314773547883,56.0,16.0,0.0,22.0,6.0,6.3
14,last_to_last,SC1,2,-4.795831523312719,23.0,16.0,0.0,22.0,6.0,6.3
14,mid_to_mid,SC1,2,-6.6332495807108,44.0,16.0,0.0,22.0,6.0,6.3
14,max_to_max,SC1,2,-7.483314773547883,56.0,16.0,0.0,22.0,6.0,6.3
14,max_to_sunset,SC1,2,-7.483314773547883,56.0,16.0,0.0,22.0,6.0,6.3
14,first_to_first,SC1,3,-3.3166247903554,11.0,11.0,5.0,22.0,6.0,6.3
14,last_to_last,SC1,3,-1.4142135623730951,2.0,11.0,5.0,22.0,6.0,6.3
14,mid_to_mid,SC1,3,-2.449489742783178,6.0,11.0,5.0,22.0,6.0,6.3
14,max_to_max,SC1,3,-4.58257569495584,21.0,11.0,5.0,22.0,6.0,6.3
14,max_to_sunset,SC1,3,-4.58257569495584,21.0,11.0,5.0,22.0,6.0,6.3
14,first_to_first,SC1,4,-2.23606797749979,5.0,9.0,3.0,22.0,6.0,6.3
14,last_to_last,SC1,4,0.0,0.0,9.0,3.0,22.0,6.0,6.3
14,mid_to_mid,SC1,4,-1.4142135623730951,2.0,9.0,3.0,22.0,6.0,6.3
14,max_to_max,SC1,4,-2.23606797749979,5.0,9.0,3.0,22.0,6.0,6.3
14,max_to_sunset,SC1,4,-2.23606797749979,5.0,9.0,3.0,22.0,6.0,6.3
14,first_to_first,SC1,5,0.0,0.0,13.0,0.0,22.0,6.0,6.3
14,last_to_last,SC1,5,0.0,0.0,13.0,0.0,22.0,6.0,6.3
14,mid_to_mid,SC1,5,0.0,0.0,13.0,0.0,22.0,6.0,6.3
14,max_to_max,SC1,5,0.0,0.0,13.0,0.0,22.0,6.0,6.3
14,max_to_sunset,SC1,5,0.0,0.0,13.0,0.0,22.0,6.0,6.3
14,first_to_first,SC1,6,0.0,0.0,14.0,0.0,22.0,6.0,6.3
14,last_to_last,SC1,6,0.0,0.0,14.0,0.0,22.0,6.0,6.3
14,mid_to_mid,SC1,6,0.0,0.0,14.0,0.0,22.0,6.0,6.3
14,max_to_max,SC1,6,0.0,0.0,14.0,0.0,22.0,6.0,6.3
14,max_to_sunset,SC1,6,0.0,0.0,14.0,0.0,22.0,6.0,6.3
14,first_to_first,SC1,7,0.0,0.0,12.0,0.0,22.0,6.0,6.3
14,last_to_last,SC1,7,0.0,0.0,12.0,0.0,22.0,6.0,6.3
14,mid_to_mid,SC1,7,0.0,0.0,12.0,0.0,22.0,6.0,6.3
14,max_to_max,SC1,7,0.0,0.0,12.0,0.0,22.0,6.0,6.3
14,max_to_sunset,SC1,7,0.0,0.0,12.0,0.0,22.0,6.0,6.3
14,first_to_first,SC1,8,0.0,0.0,11.0,0.0,22.0,6.0,6.3
14,last_to_last,SC1,8,0.0,0.0,11.0,0.0,22.0,6.0,6.3
14,mid_to_mid,SC1,8,0.0,0.0,11.0,0.0,22.0,6.0,6.3
14,max_to_max,SC1,8,0.0,0.0,11.0,0.0,22.0,6.0,6.3
14,max_to_sunset,SC1,8,0.0,0.0,11.0,0.0,22.0,6.0,6.3
14,first_to_first,SC1,9,0.0,0.0,7.0,0.0,22.0,6.0,6.3
14,last_to_last,SC1,9,0.0,0.0,7.0,0.0,22.0,6.0,6.2
14,mid_to_mid,SC1,9,0.0,0.0,7.0,0.0,22.0,6.0,6.3
14,max_to_max,SC1,9,0.0,0.0,7.0,0.0,22.0,6.0,6.3
14,max_to_sunset,SC1,9,0.0,0.0,7.0,0.0,22.0,6.0,6.3
14,first_to_first,SC1,10,0.0,0.0,11.0,0.0,22.0,6.0,6.2
14,last_to_last,SC1,10,0.0,0.0,11.0,0.0,22.0,6.0,6.2
14,mid_to_mid,SC1,10,0.0,0.0,11.0,0.0,22.0,6.0,6.2
14,max_to_max,SC1,10,0.0,0.0,11.0,0.0,22.0,6.0,6.2
14,max_to_sunset,SC1,10,0.0,0.0,11.0,0.0,22.0,6.0,6.2
14,first_to_first,SC1,11,0.0,0.0,10.0,0.0,22.0,6.0,6.2
14,last_to_last,SC1,11,0.0,0.0,10.0,0.0,22.0,6.0,6.2
14,mid_to_mid,SC1,11,0.0,0.0,10.0,0.0,22.0,6.0,6.2
14,max_to_max,SC1,11,0.0,0.0,10.0,0.0,22.0,6.0,6.2
14,max_to_sunset,SC1,11,0.0,0.0,10.0,0.0,22.0,6.0,6.2
14,first_to_first,SC1,12,0.0,0.0,12.0,0.0,22.0,6.0,6.2
14,last_to_last,SC1,12,0.0,0.0,12.0,0.0,22.0,6.0,6.2
14,mid_to_mid,SC1,12,0.0,0.0,12.0,0.0,22.0,6.0,6.2
14,max_to_max,SC1,12,0.0,0.0,12.0,0.0,22.0,6.0,6.2
14,max_to_sunset,SC1,12,0.0,0.0,12.0,0.0,22.0,6.0,6.2
14,first_to_first,SC1,13,0.0,0.0,9.0,0.0,22.0,6.0,6.2
14,last_to_last,SC1,13,0.0,0.0,9.0,0.0,22.0,6.0,6.2
14,mid_to_mid,SC1,13,0.0,0.0,9.0,0.0,22.0,6.0,6.2
14,max_to_max,SC1,13,0.0,0.0,9.0,0.0,22.0,6.0,6.2
14,max_to_sunset,SC1,13,0.0,0.0,9.0,0.0,22.0,6.0,6.2
14,first_to_first,SC1,14,0.0,0.0,12.0,0.0,22.0,6.0,6.2
14,last_to_last,SC1,14,0.0,0.0,12.0,0.0,22.0,6.0,6.2
14,mid_to_mid,SC1,14,0.0,0.0,12.0,0.0,22.0,6.0,6.2
14,max_to_max,SC1,14,0.0,0.0,12.0,0.0,22.0,6.0,6.2
14,max_to_sunset,SC1,14,0.0,0.0,12.0,0.0,22.0,6.0,6.2
14,first_to_first,SC1,15,0.0,0.0,13.0,0.0,22.0,6.0,6.2
14,last_to_last,SC1,15,0.0,0.0,13.0,0.0,22.0,6.0,5.7
14,mid_to_mid,SC1,15,0.0,0.0,13.0,0.0,22.0,6.0,6.2
14,max_to_max,SC1,15,0.0,0.0,13.0,0.0,22.0,6.0,6.2
14,max_to_sunset,SC1,15,0.0,0.0,13.0,0.0,22.0,6.0,6.2
14,first_to_first,SC10,1,0.0,0.0,21.0,0.0,24.0,3.0,7.4
14,last_to_last,SC10,1,0.0,0.0,21.0,0.0,24.0,3.0,7.4
14,mid_to_mid,SC10,1,0.0,0.0,21.0,0.0,24.0,3.0,7.4
14,max_to_max,SC10,1,0.0,0.0,21.0,0.0,24.0,3.0,7.4
14,max_to_sunset,SC10,1,0.0,0.0,21.0,0.0,24.0,3.0,7.4
14,first_to_first,SC10,2,0.0,0.0,13.0,8.0,24.0,3.0,7.4
14,last_to_last,SC10,2,0.0,0.0,13.0,8.0,24.0,3.0,7.4
14,mid_to_mid,SC10,2,-2.0,4.0,13.0,8.0,24.0,3.0,7.4
14,max_to_max,SC10,2,-6.244997998398398,39.0,13.0,8.0,24.0,3.0,7.4
14,max_to_sunset,SC10,2,-6.244997998398398,39.0,13.0,8.0,24.0,3.0,7.4
14,first_to_first,SC10,3,-3.1622776601683795,10.0,15.0,104.0,24.0,3.0,7.4
14,last_to_last,SC10,3,-7.615773105863909,58.0,15.0,104.0,24.0,3.0,7.4
14,mid_to_mid,SC10,3,-2.8284271247461903,8.0,15.0,104.0,24.0,3.0,7.4
14,max_to_max,SC10,3,-8.831760866327848,78.0,15.0,104.0,24.0,3.0,7.4
14,max_to_sunset,SC10,3,-8.831760866327848,78.0,15.0,104.0,24.0,3.0,7.4
14,first_to_first,SC10,4,-7.745966692414834,60.0,18.0,176.0,24.0,3.0,7.4
14,last_to_last,SC10,4,-10.344080432788601,110.0,18.0,176.0,24.0,3.0,7.4
14,mid_to_mid,SC10,4,-2.449489742783178,9.0,18.0,176.0,24.0,3.0,7.4
14,max_to_max,SC10,4,-11.224972160321824,130.0,18.0,176.0,24.0,3.0,7.4
14,max_to_sunset,SC10,4,-11.269427669584644,130.0,18.0,176.0,24.0,3.0,7.4
14,first_to_first,SC10,5,-10.44030650891055,109.0,13.0,416.0,24.0,3.0,7.4
14,last_to_last,SC10,5,9.055385138137417,132.0,13.0,416.0,24.0,3.0,7.4
14,mid_to_mid,SC10,5,-3.1622776601683795,27.0,13.0,416.0,24.0,3.0,7.4
14,max_to_max,SC10,5,14.45683229480096,148.0,13.0,416.0,24.0,3.0,7.4
14,max_to_sunset,SC10,5,8.12403840463596,148.0,13.0,416.0,24.0,3.0,7.4
14,first_to_first,SC10,6,11.832159566199232,120.0,8.0,385.0,24.0,3.0,7.4
14,last_to_last,SC10,6,13.564659966250536,89.0,8.0,385.0,24.0,3.0,7.4
14,mid_to_mid,SC10,6,15.198684153570664,48.0,8.0,385.0,24.0,3.0,7.4
14,max_to_max,SC10,6,5.196152422706632,282.0,8.0,385.0,24.0,3.0,7.4
14,max_to_sunset,SC10,6,-3.0,282.0,8.0,385.0,24.0,3.0,7.4
14,first_to_first,SC10,7,8.831760866327848,109.0,17.0,456.0,24.0,3.0,7.2
14,last_to_last,SC10,7,-2.449489742783178,137.0,17.0,456.0,24.0,3.0,7.2
14,mid_to_mid,SC10,7,-6.164414002968976,61.0,17.0,456.0,24.0,3.0,7.2
14,max_to_max,SC10,7,-6.0,306.0,17.0,456.0,24.0,3.0,7.2
14,max_to_sunset,SC10,7,-13.228756555322953,306.0,17.0,456.0,24.0,3.0,7.2
14,first_to_first,SC10,8,-4.795831523312719,120.0,13.0,387.0,24.0,4.0,7.2
14,last_to_last,SC10,8,-10.392304845413264,115.0,13.0,387.0,24.0,5.0,7.2
14,mid_to_mid,SC10,8,-5.291502622129181,48.0,13.0,387.0,24.0,5.0,7.2
14,max_to_max,SC10,8,-25.15949125081825,770.0,13.0,387.0,24.0,5.0,7.2
14,max_to_sunset,SC10,8,-27.622454633866266,770.0,13.0,387.0,24.0,5.0,7.2
14,first_to_first,SC10,9,-10.44030650891055,109.0,19.0,1122.0,24.0,5.0,7.2
14,last_to_last,SC10,9,-17.944358444926362,322.0,19.0,1122.0,28.0,6.0,7.2
14,mid_to_mid,SC10,9,-8.888194417315589,79.0,19.0,1122.0,25.0,6.0,7.2
14,max_to_max,SC10,9,-22.293496809607955,497.0,19.0,1122.0,24.0,6.0,7.2
14,max_to_sunset,SC10,9,-22.293496809607955,497.0,19.0,1122.0,28.0,6.0,7.2
14,first_to_first,SC10,10,-22.338307903688676,499.0,10.0,0.0,28.0,6.0,7.2
14,last_to_last,SC10,10,-20.688160865577203,436.0,10.0,0.0,34.0,6.0,7.2
14,mid_to_mid,SC10,10,-20.396078054371138,416.0,10.0,0.0,31.0,6.0,7.2
14,max_to_max,SC10,10,-22.181073012818835,500.0,10.0,0.0,34.0,6.0,7.2
14,max_to_sunset,SC10,10,-22.181073012818835,500.0,10.0,0.0,34.0,6.0,7.2
14,first_to_first,SC10,11,-11.313708498984761,135.0,9.0,373.0,34.0,6.0,7.2
14,last_to_last,SC10,11,-7.0,52.0,9.0,373.0,34.0,6.0,7.2
14,mid_to_mid,SC10,11,-2.6457513110645907,7.0,9.0,373.0,34.0,6.0,7.2
14,max_to_max,SC10,11,-19.339079605813716,397.0,9.0,373.0,34.0,6.0,7.2
14,max_to_sunset,SC10,11,-19.849433241279208,397.0,9.0,373.0,34.0,6.0,7.2
14,first_to_first,SC10,12,-8.18535277187245,69.0,8.0,145.0,34.0,6.0,7.2
14,last_to_last,SC10,12,-2.23606797749979,14.0,8.0,145.0,34.0,6.0,7.2
14,mid_to_mid,SC10,12,-1.0,4.0,8.0,145.0,34.0,6.0,7.2
14,max_to_max,SC10,12,-8.306623862918075,79.0,8.0,145.0,34.0,6.0,7.2
14,max_to_sunset,SC10,12,-8.366600265340756,79.0,8.0,145.0,34.0,6.0,7.2
14,first_to_first,SC10,13,1.4142135623730951,3.0,12.0,2.0,34.0,6.0,7.2
14,last_to_last,SC10,13,-1.4142135623730951,2.0,12.0,2.0,34.0,6.0,7.2
14,mid_to_mid,SC10,13,0.0,0.0,12.0,2.0,34.0,6.0,7.2
14,max_to_max,SC10,13,2.0,5.0,12.0,2.0,34.0,6.0,7.2
14,max_to_sunset,SC10,13,-2.23606797749979,5.0,12.0,2.0,34.0,6.0,7.2
14,first_to_first,SC4,1,-17.60681686165901,436.0,16.0,0.0,32.0,4.0,4.3
14,last_to_last,SC4,1,-18.681541692269406,352.0,16.0,0.0,32.0,4.0,4.3
14,mid_to_mid,SC4,1,-20.445048300260872,436.0,16.0,0.0,32.0,4.0,4.3
14,max_to_max,SC4,1,-20.46948949045872,554.0,16.0,0.0,32.0,4.0,4.3
14,max_to_sunset,SC4,1,-23.473389188611005,554.0,16.0,0.0,32.0,4.0,4.3
14,first_to_first,SC4,2,-17.635192088548397,318.0,19.0,377.0,32.0,4.0,4.3
14,last_to_last,SC4,2,-14.035668847618199,197.0,19.0,377.0,32.0,4.0,4.5
14,mid_to_mid,SC4,2,-12.529964086141668,157.0,19.0,377.0,32.0,4.0,4.3
14,max_to_max,SC4,2,-23.68543856465402,569.0,19.0,377.0,32.0,4.0,4.3
14,max_to_sunset,SC4,2,-23.853720883753127,569.0,19.0,377.0,32.0,4.0,4.5
14,first_to_first,SC4,3,-13.892443989449804,193.0,13.0,104.0,32.0,4.0,7.4
14,last_to_last,SC4,3,0.0,0.0,13.0,104.0,32.0,4.0,7.4
14,mid_to_mid,SC4,3,-1.7320508075688772,3.0,13.0,104.0,32.0,4.0,7.4
14,max_to_max,SC4,3,-13.892443989449804,193.0,13.0,104.0,32.0,4.0,7.4
14,max_to_sunset,SC4,3,-13.892443989449804,193.0,13.0,104.0,32.0,4.0,7.4
14,first_to_first,SC4,4,0.0,0.0,18.0,0.0,32.0,4.0,7.4
14,last_to_last,SC4,4,-1.4142135623730951,2.0,18.0,0.0,32.0,4.0,7.4
14,mid_to_mid,SC4,4,0.0,0.0,18.0,0.0,32.0,4.0,7.4
14,max_to_max,SC4,4,-2.449489742783178,6.0,18.0,0.0,32.0,4.0,7.4
14,max_to_sunset,SC4,4,-2.449489742783178,6.0,18.0,0.0,32.0,4.0,7.4
14,first_to_first,SC4,5,0.0,0.0,14.0,80.0,32.0,4.0,7.4
14,last_to_last,SC4,5,-12.96148139681572,168.0,14.0,80.0,32.0,4.0,7.4
14,mid_to_mid,SC4,5,-2.8284271247461903,9.0,14.0,80.0,32.0,4.0,7.4
14,max_to_max,SC4,5,-13.416407864998739,184.0,14.0,80.0,32.0,4.0,7.4
14,max_to_sunset,SC4,5,-13.564659966250536,184.0,14.0,80.0,32.0,4.0,7.4
14,first_to_first,SC4,6,-12.36931687685298,153.0,19.0,547.0,32.0,4.0,7.4
14,last_to_last,SC4,6,-14.177446878757825,236.0,19.0,547.0,32.0,4.0,7.4
14,mid_to_mid,SC4,6,-9.273618495495704,94.0,19.0,547.0,32.0,4.0,7.4
14,max_to_max,SC4,6,-14.352700094407323,337.0,19.0,547.0,32.0,4.0,7.4
14,max_to_sunset,SC4,6,-17.378147196982766,337.0,19.0,547.0,32.0,4.0,7.4
14,first_to_first,SC4,7,-11.704699910719626,229.0,8.0,199.0,32.0,4.0,7.4
14,last_to_last,SC4,7,7.0,26.0,8.0,199.0,32.0,4.0,7.4
14,mid_to_mid,SC4,7,8.660254037844387,24.0,8.0,199.0,32.0,4.0,7.4
14,max_to_max,SC4,7,-7.0,257.0,8.0,199.0,32.0,4.0,7.4
14,max_to_sunset,SC4,7,-13.490737563232042,257.0,8.0,199.0,32.0,4.0,7.4
14,first_to_first,SC4,8,8.0,18.0,20.0,19.0,32.0,4.0,7.4
14,last_to_last,SC4,8,15.748015748023622,15.0,20.0,19.0,32.0,4.0,7.4
14,mid_to_mid,SC4,8,2.0,0.0,20.0,19.0,32.0,4.0,7.4
14,max_to_max,SC4,8,17.146428199482248,28.0,20.0,19.0,32.0,4.0,7.4
14,max_to_sunset,SC4,8,15.329709716755891,28.0,20.0,19.0,32.0,4.0,7.4
14,first_to_first,SC4,9,14.798648586948742,15.0,13.0,16.0,32.0,4.0,7.4
14,last_to_last,SC4,9,9.591663046625438,37.0,13.0,16.0,32.0,4.0,7.4
14,mid_to_mid,SC4,9,3.7416573867739413,1.0,13.0,16.0,32.0,4.0,7.4
14,max_to_max,SC4,9,14.035668847618199,37.0,13.0,16.0,32.0,4.0,7.4
14,max_to_sunset,SC4,9,9.591663046625438,37.0,13.0,16.0,32.0,4.0,7.4
14,first_to_first,SC4,10,11.0,45.0,8.0,82.0,32.0,4.0,7.4
14,last_to_last,SC4,10,9.327379053088816,3.0,8.0,82.0,32.0,4.0,7.4
14,mid_to_mid,SC4,10,10.295630140987,0.0,8.0,82.0,32.0,4.0,7.4
14,max_to_max,SC4,10,10.583005244258363,54.0,8.0,82.0,32.0,4.0,7.4
14,max_to_sunset,SC4,10,6.0,54.0,8.0,82.0,32.0,4.0,7.4
14,first_to_first,SC4,11,10.583005244258363,6.0,19.0,9.0,32.0,4.0,7.4
14,last_to_last,SC4,11,-2.449489742783178,6.0,19.0,9.0,32.0,6.0,7.4
14,mid_to_mid,SC4,11,1.4142135623730951,0.0,19.0,9.0,32.0,6.0,7.4
14,max_to_max,SC4,11,10.0,18.0,19.0,9.0,32.0,6.0,7.4
14,max_to_sunset,SC4,11,-4.242640687119285,18.0,19.0,9.0,32.0,6.0,7.4
14,first_to_first,SC4,12,-2.23606797749979,5.0,7.0,2.0,32.0,6.0,7.4
14,last_to_last,SC4,12,1.0,0.0,7.0,2.0,32.0,6.0,7.4
14,mid_to_mid,SC4,12,0.0,0.0,7.0,2.0,32.0,6.0,7.4
14,max_to_max,SC4,12,1.0,5.0,7.0,2.0,32.0,6.0,7.4
14,max_to_sunset,SC4,12,-2.0,5.0,7.0,2.0,32.0,6.0,7.4
14,first_to_first,SC4,13,1.0,0.0,8.0,0.0,32.0,6.0,7.4
14,last_to_last,SC4,13,0.0,0.0,8.0,0.0,30.0,6.0,7.4
14,mid_to_mid,SC4,13,0.0,0.0,8.0,0.0,32.0,6.0,7.4
14,max_to_max,SC4,13,1.0,0.0,8.0,0.0,32.0,6.0,7.4
14,max_to_sunset,SC4,13,0.0,0.0,8.0,0.0,32.0,6.0,7.4
14,first_to_first,SC4,14,0.0,0.0,17.0,2.0,30.0,6.0,7.4
14,last_to_last,SC4,14,-6.6332495807108,129.0,17.0,2.0,30.0,6.0,7.4
14,mid_to_mid,SC4,14,2.449489742783178,0.0,17.0,2.0,30.0,6.0,7.4
14,max_to_max,SC4,14,-7.874007874011811,150.0,17.0,2.0,30.0,6.0,7.4
14,max_to_sunset,SC4,14,-8.06225774829855,150.0,17.0,2.0,30.0,6.0,7.4
14,first_to_first,SC4,15,-5.477225575051661,126.0,14.0,48.0,30.0,6.0,7.4
14,last_to_last,SC4,15,-1.4142135623730951,3.0,14.0,48.0,24.0,6.0,7.4
14,mid_to_mid,SC4,15,11.090536506409418,18.0,14.0,48.0,30.0,6.0,7.4
14,max_to_max,SC4,15,2.449489742783178,135.0,14.0,48.0,30.0,6.0,7.4
14,max_to_sunset,SC4,15,-11.575836902790225,135.0,14.0,48.0,30.0,6.0,7.4
14,first_to_first,SC4,16,-2.6457513110645907,7.0,17.0,0.0,24.0,6.0,7.4
14,last_to_last,SC4,16,2.23606797749979,0.0,17.0,0.0,24.0,6.0,7.4
14,mid_to_mid,SC4,16,2.0,0.0,17.0,0.0,24.0,6.0,7.4
14,max_to_max,SC4,16,2.0,8.0,17.0,0.0,24.0,6.0,7.4
14,max_to_sunset,SC4,16,-1.7320508075688772,8.0,17.0,0.0,24.0,6.0,7.4
14,first_to_first,SC4,17,2.449489742783178,0.0,14.0,0.0,24.0,5.0,6.2
14,last_to_last,SC4,17,0.0,0.0,14.0,0.0,24.0,5.0,6.2
14,mid_to_mid,SC4,17,2.0,0.0,14.0,0.0,24.0,5.0,6.2
14,max_to_max,SC4,17,2.449489742783178,0.0,14.0,0.0,24.0,5.0,6.2
14,max_to_sunset,SC4,17,0.0,0.0,14.0,0.0,24.0,5.0,6.2
14,first_to_first,SC4,18,0.0,0.0,13.0,0.0,24.0,5.0,6.2
14,last_to_last,SC4,18,10.44030650891055,0.0,13.0,0.0,24.0,5.0,6.2
14,mid_to_mid,SC4,18,2.6457513110645907,0.0,13.0,0.0,24.0,5.0,6.2
14,max_to_max,SC4,18,10.954451150103322,0.0,13.0,0.0,24.0,5.0,6.2
14,max_to_sunset,SC4,18,10.44030650891055,0.0,13.0,0.0,24.0,5.0,6.2
14,first_to_first,SC4,19,11.61895003862225,0.0,17.0,3.0,24.0,5.0,6.2
14,last_to_last,SC4,19,9.539392014169456,0.0,17.0,3.0,24.0,5.0,6.2
14,mid_to_mid,SC4,19,4.0,1.0,17.0,3.0,24.0,5.0,6.2
14,max_to_max,SC4,19,12.206555615733702,4.0,17.0,3.0,24.0,5.0,6.2
14,max_to_sunset,SC4,19,9.327379053088816,4.0,17.0,3.0,24.0,5.0,6.2
14,first_to_first,SC4,20,11.269427669584644,0.0,16.0,80.0,24.0,5.0,5.5
14,last_to_last,SC4,20,-5.656854249492381,35.0,16.0,80.0,24.0,5.0,5.5
14,mid_to_mid,SC4,20,1.4142135623730951,8.0,16.0,80.0,24.0,5.0,5.5
14,max_to_max,SC4,20,-2.0,131.0,16.0,80.0,24.0,5.0,5.5
14,max_to_sunset,SC4,20,-11.313708498984761,131.0,16.0,80.0,24.0,5.0,5.5
14,first_to_first,SC6,1,6.48074069840786,0.0,21.0,1.0,25.0,7.0,7.8
14,last_to_last,SC6,1,5.385164807134504,1.0,21.0,1.0,25.0,7.0,7.8
14,mid_to_mid,SC6,1,6.0,0.0,21.0,1.0,25.0,7.0,7.8
14,max_to_max,SC6,1,8.660254037844387,2.0,21.0,1.0,25.0,7.0,7.8
14,max_to_sunset,SC6,1,5.291502622129181,2.0,21.0,1.0,25.0,7.0,7.8
14,first_to_first,SC6,2,5.656854249492381,0.0,18.0,14.0,25.0,7.0,7.8
14,last_to_last,SC6,2,-12.727922061357855,196.0,18.0,14.0,25.0,7.0,7.8
14,mid_to_mid,SC6,2,6.324555320336759,1.0,18.0,14.0,25.0,7.0,7.8
14,max_to_max,SC6,2,-14.628738838327793,284.0,18.0,14.0,25.0,7.0,7.8
14,max_to_sunset,SC6,2,-15.811388300841896,284.0,18.0,14.0,25.0,7.0,7.8
14,first_to_first,SC6,3,-9.327379053088816,106.0,14.0,36.0,25.0,7.0,7.8
14,last_to_last,SC6,3,-6.708203932499369,65.0,14.0,36.0,22.0,7.0,7.8
14,mid_to_mid,SC6,3,-5.916079783099616,61.0,14.0,36.0,25.0,7.0,7.8
14,max_to_max,SC6,3,-9.695359714832659,120.0,14.0,36.0,25.0,7.0,7.8
14,max_to_sunset,SC6,3,-10.0,120.0,14.0,36.0,25.0,7.0,7.8
14,first_to_first,SC6,4,-4.358898943540674,46.0,17.0,3.0,19.0,7.0,7.8
14,last_to_last,SC6,4,12.083045973594572,19.0,17.0,3.0,19.0,7.0,7.8
14,mid_to_mid,SC6,4,-3.7416573867739413,26.0,17.0,3.0,19.0,7.0,7.8
14,max_to_max,SC6,4,9.38083151964686,77.0,17.0,3.0,19.0,7.0,7.8
14,max_to_sunset,SC6,4,9.38083151964686,77.0,17.0,3.0,19.0,7.0,7.8
14,first_to_first,SC6,5,11.357816691600547,15.0,15.0,12.0,19.0,6.0,7.8
14,last_to_last,SC6,5,6.4031242374328485,14.0,15.0,12.0,19.0,6.0,7.8
14,mid_to_mid,SC6,5,5.744562646538029,18.0,15.0,12.0,19.0,6.0,7.8
14,max_to_max,SC6,5,11.224972160321824,18.0,15.0,12.0,19.0,6.0,7.8
14,max_to_sunset,SC6,5,6.082762530298219,18.0,15.0,12.0,19.0,6.0,7.8
14,first_to_first,SC6,6,5.477225575051661,15.0,14.0,0.0,19.0,6.0,7.8
14,last_to_last,SC6,6,4.0,5.0,14.0,0.0,19.0,6.0,7.8
14,mid_to_mid,SC6,6,5.744562646538029,6.0,14.0,0.0,19.0,6.0,7.8
14,max_to_max,SC6,6,7.874007874011811,17.0,14.0,0.0,19.0,6.0,7.8
14,max_to_sunset,SC6,6,2.0,17.0,14.0,0.0,19.0,6.0,7.8
14,first_to_first,SC6,7,4.0,7.0,13.0,0.0,19.0,6.0,7.8
14,last_to_last,SC6,7,5.196152422706632,5.0,13.0,0.0,19.0,6.0,7.8
14,mid_to_mid,SC6,7,4.242640687119285,6.0,13.0,0.0,19.0,6.0,7.8
14,max_to_max,SC6,7,5.0990195135927845,15.0,13.0,0.0,19.0,6.0,7.8
14,max_to_sunset,SC6,7,4.123105625617661,15.0,13.0,0.0,19.0,6.0,7.8
14,first_to_first,SC6,8,4.123105625617661,4.0,16.0,52.0,19.0,6.0,5.9
14,last_to_last,SC6,8,-6.782329983125268,62.0,16.0,52.0,19.0,6.0,5.9
14,mid_to_mid,SC6,8,3.1622776601683795,1.0,16.0,52.0,19.0,6.0,5.9
14,max_to_max,SC6,8,-10.198039027185569,135.0,16.0,52.0,19.0,6.0,5.9
14,max_to_sunset,SC6,8,-10.908712114635714,135.0,16.0,52.0,19.0,6.0,5.9
14,first_to_first,SC8,1,-15.0,238.0,16.0,0.0,20.0,4.0,8.7
14,last_to_last,SC8,1,-15.84297951775486,254.0,16.0,0.0,18.0,4.0,8.7
14,mid_to_mid,SC8,1,-15.033296378372908,238.0,16.0,0.0,20.0,4.0,8.7
14,max_to_max,SC8,1,-15.198684153570664,255.0,16.0,0.0,17.0,4.0,8.7
14,max_to_sunset,SC8,1,-15.874507866387544,255.0,16.0,0.0,18.0,4.0,8.7
14,first_to_first,SC8,2,-16.186414056238647,264.0,6.0,1.0,18.0,4.0,8.7
14,last_to_last,SC8,2,-15.524174696260024,243.0,6.0,1.0,18.0,4.0,8.7
14,mid_to_mid,SC8,2,-15.652475842498529,247.0,6.0,1.0,18.0,4.0,8.7
14,max_to_max,SC8,2,-16.1245154965971,264.0,6.0,1.0,18.0,4.0,8.7
14,max_to_sunset,SC8,2,-16.186414056238647,264.0,6.0,1.0,18.0,4.0,8.7
14,first_to_first,SC8,3,-15.459624833740307,243.0,6.0,9.0,18.0,4.0,8.4
14,last_to_last,SC8,3,-14.89966442575134,225.0,6.0,9.0,18.0,4.0,8.4
14,mid_to_mid,SC8,3,-14.966629547095765,228.0,6.0,9.0,18.0,4.0,8.4
14,max_to_max,SC8,3,-15.362291495737216,243.0,6.0,9.0,18.0,4.0,8.4
14,max_to_sunset,SC8,3,-15.491933384829668,243.0,6.0,9.0,18.0,4.0,8.4
14,first_to_first,SC8,4,-15.264337522473747,238.0,12.0,32.0,18.0,4.0,8.4
14,last_to_last,SC8,4,-15.427248620541512,242.0,12.0,32.0,18.0,5.0,8.4
14,mid_to_mid,SC8,4,-15.0,231.0,12.0,32.0,18.0,5.0,8.4
14,max_to_max,SC8,4,-14.798648586948742,242.0,12.0,32.0,18.0,5.0,8.4
14,max_to_sunset,SC8,4,-15.427248620541512,242.0,12.0,32.0,18.0,5.0,8.4
14,first_to_first,SC8,5,-15.394804318340652,243.0,9.0,26.0,18.0,5.0,8.4
14,last_to_last,SC8,5,-15.652475842498529,253.0,9.0,26.0,18.0,5.0,8.4
14,mid_to_mid,SC8,5,-15.588457268119896,249.0,9.0,26.0,18.0,5.0,8.4
14,max_to_max,SC8,5,-15.716233645501712,255.0,9.0,26.0,18.0,5.0,8.4
14,max_to_sunset,SC8,5,-15.716233645501712,255.0,9.0,26.0,18.0,5.0,8.4
14,first_to_first,SC8,6,-15.620499351813308,252.0,8.0,9.0,18.0,5.0,8.4
14,last_to_last,SC8,6,-15.066519173319364,236.0,8.0,9.0,18.0,5.0,8.4
14,mid_to_mid,SC8,6,-14.966629547095765,232.0,8.0,9.0,18.0,5.0,8.4
14,max_to_max,SC8,6,-15.620499351813308,253.0,8.0,9.0,18.0,5.0,8.4
14,max_to_sunset,SC8,6,-15.620499351813308,253.0,8.0,9.0,18.0,5.0,8.4
14,first_to_first,SC8,7,-15.132745950421556,245.0,7.0,4.0,18.0,5.0,8.2
14,last_to_last,SC8,7,-13.674794331177344,210.0,7.0,4.0,18.0,5.0,8.2
14,mid_to_mid,SC8,7,-13.416407864998739,204.0,7.0,4.0,18.0,5.0,8.2
14,max_to_max,SC8,7,-14.422205101855956,245.0,7.0,4.0,18.0,5.0,8.2
14,max_to_sunset,SC8,7,-14.89966442575134,245.0,7.0,4.0,18.0,5.0,8.2
14,first_to_first,SC8,8,-13.45362404707371,205.0,13.0,10.0,18.0,6.0,8.2
14,last_to_last,SC8,8,-13.076696830622021,212.0,13.0,10.0,21.0,6.0,8.2
14,mid_to_mid,SC8,8,-13.820274961085254,201.0,13.0,10.0,18.0,6.0,8.2
14,max_to_max,SC8,8,-13.076696830622021,212.0,13.0,10.0,18.0,6.0,8.2
14,max_to_sunset,SC8,8,-13.076696830622021,212.0,13.0,10.0,21.0,6.0,8.2
14,first_to_first,SC8,9,-14.696938456699069,226.0,7.0,2.0,21.0,6.0,8.2
14,last_to_last,SC8,9,-14.177446878757825,204.0,7.0,2.0,21.0,6.0,8.2
14,mid_to_mid,SC8,9,-13.892443989449804,196.0,7.0,2.0,21.0,6.0,8.2
14,max_to_max,SC8,9,-14.317821063276353,227.0,7.0,2.0,21.0,6.0,8.2
14,max_to_sunset,SC8,9,-14.966629547095765,227.0,7.0,2.0,21.0,6.0,8.2
15,first_to_first,SC1,1,-10.392304845413264,108.0,16.0,0.0,22.0,6.0,6.3
15,last_to_last,SC1,1,-7.14142842854285,51.0,16.0,0.0,22.0,6.0,6.3
15,mid_to_mid,SC1,1,-8.48528137423857,72.0,16.0,0.0,22.0,6.0,6.3
15,max_to_max,SC1,1,-11.0,121.0,16.0,0.0,22.0,6.0,6.3
15,max_to_sunset,SC1,1,-11.0,121.0,16.0,0.0,22.0,6.0,6.3
15,first_to_first,SC1,2,-7.483314773547883,56.0,16.0,0.0,22.0,6.0,6.3
15,last_to_last,SC1,2,-4.795831523312719,23.0,16.0,0.0,22.0,6.0,6.3
15,mid_to_mid,SC1,2,-6.6332495807108,44.0,16.0,0.0,22.0,6.0,6.3
15,max_to_max,SC1,2,-7.483314773547883,56.0,16.0,0.0,22.0,6.0,6.3
15,max_to_sunset,SC1,2,-7.483314773547883,56.0,16.0,0.0,22.0,6.0,6.3
15,first_to_first,SC1,3,-3.3166247903554,11.0,11.0,5.0,22.0,6.0,6.3
15,last_to_last,SC1,3,-1.4142135623730951,2.0,11.0,5.0,22.0,6.0,6.3
15,mid_to_mid,SC1,3,-2.449489742783178,6.0,11.0,5.0,22.0,6.0,6.3
15,max_to_max,SC1,3,-4.58257569495584,21.0,11.0,5.0,22.0,6.0,6.3
15,max_to_sunset,SC1,3,-4.58257569495584,21.0,11.0,5.0,22.0,6.0,6.3
15,first_to_first,SC1,4,-2.23606797749979,5.0,9.0,3.0,22.0,6.0,6.3
15,last_to_last,SC1,4,0.0,0.0,9.0,3.0,22.0,6.0,6.3
15,mid_to_mid,SC1,4,-1.4142135623730951,2.0,9.0,3.0,22.0,6.0,6.3
15,max_to_max,SC1,4,-2.23606797749979,5.0,9.0,3.0,22.0,6.0,6.3
15,max_to_sunset,SC1,4,-2.23606797749979,5.0,9.0,3.0,22.0,6.0,6.3
15,first_to_first,SC1,5,0.0,0.0,13.0,0.0,22.0,6.0,6.3
15,last_to_last,SC1,5,0.0,0.0,13.0,0.0,22.0,6.0,6.3
15,mid_to_mid,SC1,5,0.0,0.0,13.0,0.0,22.0,6.0,6.3
15,max_to_max,SC1,5,0.0,0.0,13.0,0.0,22.0,6.0,6.3
15,max_to_sunset,SC1,5,0.0,0.0,13.0,0.0,22.0,6.0,6.3
15,first_to_first,SC1,6,0.0,0.0,14.0,0.0,22.0,6.0,6.3
15,last_to_last,SC1,6,0.0,0.0,14.0,0.0,22.0,6.0,6.3
15,mid_to_mid,SC1,6,0.0,0.0,14.0,0.0,22.0,6.0,6.3
15,max_to_max,SC1,6,0.0,0.0,14.0,0.0,22.0,6.0,6.3
15,max_to_sunset,SC1,6,0.0,0.0,14.0,0.0,22.0,6.0,6.3
15,first_to_first,SC1,7,0.0,0.0,12.0,0.0,22.0,6.0,6.3
15,last_to_last,SC1,7,0.0,0.0,12.0,0.0,22.0,6.0,6.3
15,mid_to_mid,SC1,7,0.0,0.0,12.0,0.0,22.0,6.0,6.3
15,max_to_max,SC1,7,0.0,0.0,12.0,0.0,22.0,6.0,6.3
15,max_to_sunset,SC1,7,0.0,0.0,12.0,0.0,22.0,6.0,6.3
15,first_to_first,SC1,8,0.0,0.0,11.0,0.0,22.0,6.0,6.3
15,last_to_last,SC1,8,0.0,0.0,11.0,0.0,22.0,6.0,6.3
15,mid_to_mid,SC1,8,0.0,0.0,11.0,0.0,22.0,6.0,6.3
15,max_to_max,SC1,8,0.0,0.0,11.0,0.0,22.0,6.0,6.3
15,max_to_sunset,SC1,8,0.0,0.0,11.0,0.0,22.0,6.0,6.3
15,first_to_first,SC1,9,0.0,0.0,7.0,0.0,22.0,6.0,6.3
15,last_to_last,SC1,9,0.0,0.0,7.0,0.0,22.0,6.0,6.2
15,mid_to_mid,SC1,9,0.0,0.0,7.0,0.0,22.0,6.0,6.3
15,max_to_max,SC1,9,0.0,0.0,7.0,0.0,22.0,6.0,6.3
15,max_to_sunset,SC1,9,0.0,0.0,7.0,0.0,22.0,6.0,6.3
15,first_to_first,SC1,10,0.0,0.0,11.0,0.0,22.0,6.0,6.2
15,last_to_last,SC1,10,0.0,0.0,11.0,0.0,22.0,6.0,6.2
15,mid_to_mid,SC1,10,0.0,0.0,11.0,0.0,22.0,6.0,6.2
15,max_to_max,SC1,10,0.0,0.0,11.0,0.0,22.0,6.0,6.2
15,max_to_sunset,SC1,10,0.0,0.0,11.0,0.0,22.0,6.0,6.2
15,first_to_first,SC1,11,0.0,0.0,10.0,0.0,22.0,6.0,6.2
15,last_to_last,SC1,11,0.0,0.0,10.0,0.0,22.0,6.0,6.2
15,mid_to_mid,SC1,11,0.0,0.0,10.0,0.0,22.0,6.0,6.2
15,max_to_max,SC1,11,0.0,0.0,10.0,0.0,22.0,6.0,6.2
15,max_to_sunset,SC1,11,0.0,0.0,10.0,0.0,22.0,6.0,6.2
15,first_to_first,SC1,12,0.0,0.0,12.0,0.0,22.0,6.0,6.2
15,last_to_last,SC1,12,0.0,0.0,12.0,0.0,22.0,6.0,6.2
15,mid_to_mid,SC1,12,0.0,0.0,12.0,0.0,22.0,6.0,6.2
15,max_to_max,SC1,12,0.0,0.0,12.0,0.0,22.0,6.0,6.2
15,max_to_sunset,SC1,12,0.0,0.0,12.0,0.0,22.0,6.0,6.2
15,first_to_first,SC1,13,0.0,0.0,9.0,0.0,22.0,6.0,6.2
15,last_to_last,SC1,13,0.0,0.0,9.0,0.0,22.0,6.0,6.2
15,mid_to_mid,SC1,13,0.0,0.0,9.0,0.0,22.0,6.0,6.2
15,max_to_max,SC1,13,0.0,0.0,9.0,0.0,22.0,6.0,6.2
15,max_to_sunset,SC1,13,0.0,0.0,9.0,0.0,22.0,6.0,6.2
15,first_to_first,SC1,14,0.0,0.0,12.0,0.0,22.0,6.0,6.2
15,last_to_last,SC1,14,0.0,0.0,12.0,0.0,22.0,6.0,6.2
15,mid_to_mid,SC1,14,0.0,0.0,12.0,0.0,22.0,6.0,6.2
15,max_to_max,SC1,14,0.0,0.0,12.0,0.0,22.0,6.0,6.2
15,max_to_sunset,SC1,14,0.0,0.0,12.0,0.0,22.0,6.0,6.2
15,first_to_first,SC10,1,0.0,0.0,21.0,0.0,24.0,3.0,7.4
15,last_to_last,SC10,1,0.0,0.0,21.0,0.0,24.0,3.0,7.4
15,mid_to_mid,SC10,1,0.0,0.0,21.0,0.0,24.0,3.0,7.4
15,max_to_max,SC10,1,0.0,0.0,21.0,0.0,24.0,3.0,7.4
15,max_to_sunset,SC10,1,0.0,0.0,21.0,0.0,24.0,3.0,7.4
15,first_to_first,SC10,2,0.0,0.0,13.0,8.0,24.0,3.0,7.4
15,last_to_last,SC10,2,0.0,0.0,13.0,8.0,24.0,3.0,7.4
15,mid_to_mid,SC10,2,-2.0,4.0,13.0,8.0,24.0,3.0,7.4
15,max_to_max,SC10,2,-6.244997998398398,39.0,13.0,8.0,24.0,3.0,7.4
15,max_to_sunset,SC10,2,-6.244997998398398,39.0,13.0,8.0,24.0,3.0,7.4
15,first_to_first,SC10,3,-3.1622776601683795,10.0,15.0,104.0,24.0,3.0,7.4
15,last_to_last,SC10,3,-7.416198487095663,58.0,15.0,104.0,24.0,3.0,7.4
15,mid_to_mid,SC10,3,-2.23606797749979,8.0,15.0,104.0,24.0,3.0,7.4
15,max_to_max,SC10,3,-8.602325267042627,78.0,15.0,104.0,24.0,3.0,7.4
15,max_to_sunset,SC10,3,-8.660254037844387,78.0,15.0,104.0,24.0,3.0,7.4
15,first_to_first,SC10,4,-7.745966692414834,60.0,18.0,176.0,24.0,3.0,7.4
15,last_to_last,SC10,4,10.198039027185569,110.0,18.0,176.0,24.0,3.0,7.4
15,mid_to_mid,SC10,4,2.8284271247461903,9.0,18.0,176.0,24.0,3.0,7.4
15,max_to_max,SC10,4,15.066519173319364,130.0,18.0,176.0,24.0,3.0,7.4
15,max_to_sunset,SC10,4,9.16515138991168,130.0,18.0,176.0,24.0,3.0,7.4
15,first_to_first,SC10,5,12.288205727444508,109.0,13.0,416.0,24.0,3.0,7.4
15,last_to_last,SC10,5,11.874342087037917,132.0,13.0,416.0,24.0,3.0,7.4
15,mid_to_mid,SC10,5,15.874507866387544,27.0,13.0,416.0,24.0,3.0,7.4
15,max_to_max,SC10,5,12.68857754044952,148.0,13.0,416.0,24.0,3.0,7.4
15,max_to_sunset,SC10,5,11.180339887498949,148.0,13.0,416.0,24.0,3.0,7.4
15,first_to_first,SC10,6,8.18535277187245,120.0,8.0,385.0,24.0,3.0,7.4
15,last_to_last,SC10,6,6.48074069840786,89.0,8.0,385.0,24.0,3.0,7.4
15,mid_to_mid,SC10,6,-5.0,48.0,8.0,385.0,24.0,3.0,7.4
15,max_to_max,SC10,6,-3.4641016151377544,282.0,8.0,385.0,24.0,3.0,7.4
15,max_to_sunset,SC10,6,-12.288205727444508,282.0,8.0,385.0,24.0,3.0,7.4
15,first_to_first,SC10,7,-3.4641016151377544,109.0,17.0,456.0,24.0,3.0,7.2
15,last_to_last,SC10,7,-11.40175425099138,137.0,17.0,456.0,24.0,3.0,7.2
15,mid_to_mid,SC10,7,-6.4031242374328485,61.0,17.0,456.0,24.0,3.0,7.2
15,max_to_max,SC10,7,-13.0,306.0,17.0,456.0,24.0,3.0,7.2
15,max_to_sunset,SC10,7,-17.291616465790582,306.0,17.0,456.0,24.0,3.0,7.2
15,first_to_first,SC10,8,-10.954451150103322,120.0,13.0,387.0,24.0,4.0,7.2
15,last_to_last,SC10,8,-10.723805294763608,115.0,13.0,387.0,28.0,5.0,7.2
15,mid_to_mid,SC10,8,-6.928203230275509,48.0,13.0,387.0,25.0,5.0,7.2
15,max_to_max,SC10,8,-27.748873851023216,770.0,13.0,387.0,24.0,5.0,7.2
15,max_to_sunset,SC10,8,-27.748873851023216,770.0,13.0,387.0,28.0,5.0,7.2
15,first_to_first,SC10,9,-10.44030650891055,109.0,19.0,1122.0,28.0,5.0,7.2
15,last_to_last,SC10,9,-17.72004514666935,322.0,19.0,1122.0,34.0,6.0,7.2
15,mid_to_mid,SC10,9,-8.888194417315589,79.0,19.0,1122.0,31.0,6.0,7.2
15,max_to_max,SC10,9,-22.11334438749598,497.0,19.0,1122.0,34.0,6.0,7.2
15,max_to_sunset,SC10,9,-22.11334438749598,497.0,19.0,1122.0,34.0,6.0,7.2
15,first_to_first,SC10,10,-22.181073012818835,499.0,10.0,0.0,34.0,6.0,7.2
15,last_to_last,SC10,10,-20.808652046684813,436.0,10.0,0.0,34.0,6.0,7.2
15,mid_to_mid,SC10,10,-20.396078054371138,416.0,10.0,0.0,34.0,6.0,7.2
15,max_to_max,SC10,10,-21.840329667841555,500.0,10.0,0.0,34.0,6.0,7.2
15,max_to_sunset,SC10,10,-22.293496809607955,500.0,10.0,0.0,34.0,6.0,7.2
15,first_to_first,SC10,11,-11.532562594670797,135.0,9.0,373.0,34.0,6.0,7.2
15,last_to_last,SC10,11,-6.557438524302,52.0,9.0,373.0,34.0,6.0,7.2
15,mid_to_mid,SC10,11,-2.0,7.0,9.0,373.0,34.0,6.0,7.2
15,max_to_max,SC10,11,-19.672315572906,397.0,9.0,373.0,34.0,6.0,7.2
15,max_to_sunset,SC10,11,-19.697715603592208,397.0,9.0,373.0,34.0,6.0,7.2
15,first_to_first,SC10,12,-8.0,69.0,8.0,145.0,34.0,6.0,7.2
15,last_to_last,SC10,12,-3.7416573867739413,14.0,8.0,145.0,34.0,6.0,7.2
15,mid_to_mid,SC10,12,-2.0,4.0,8.0,145.0,34.0,6.0,7.2
15,max_to_max,SC10,12,-8.366600265340756,79.0,8.0,145.0,34.0,6.0,7.2
15,max_to_sunset,SC10,12,-8.888194417315589,79.0,8.0,145.0,34.0,6.0,7.2
15,first_to_first,SC4,1,-20.71231517720798,436.0,16.0,0.0,32.0,4.0,4.3
15,last_to_last,SC4,1,-18.76166303929372,352.0,16.0,0.0,32.0,4.0,4.5
15,mid_to_mid,SC4,1,-20.8806130178211,436.0,16.0,0.0,32.0,4.0,4.3
15,max_to_max,SC4,1,-23.366642891095847,554.0,16.0,0.0,32.0,4.0,4.3
15,max_to_sunset,SC4,1,-23.53720459187964,554.0,16.0,0.0,32.0,4.0,4.5
15,first_to_first,SC4,2,-17.832554500127006,318.0,19.0,377.0,32.0,4.0,7.4
15,last_to_last,SC4,2,-14.035668847618199,197.0,19.0,377.0,32.0,4.0,7.4
15,mid_to_mid,SC4,2,-12.529964086141668,157.0,19.0,377.0,32.0,4.0,7.4
15,max_to_max,SC4,2,-23.853720883753127,569.0,19.0,377.0,32.0,4.0,7.4
15,max_to_sunset,SC4,2,-23.853720883753127,569.0,19.0,377.0,32.0,4.0,7.4
15,first_to_first,SC4,3,-13.892443989449804,193.0,13.0,104.0,32.0,4.0,7.4
15,last_to_last,SC4,3,0.0,0.0,13.0,104.0,32.0,4.0,7.4
15,mid_to_mid,SC4,3,-1.7320508075688772,3.0,13.0,104.0,32.0,4.0,7.4
15,max_to_max,SC4,3,-13.892443989449804,193.0,13.0,104.0,32.0,4.0,7.4
15,max_to_sunset,SC4,3,-13.892443989449804,193.0,13.0,104.0,32.0,4.0,7.4
15,first_to_first,SC4,4,0.0,0.0,18.0,0.0,32.0,4.0,7.4
15,last_to_last,SC4,4,-1.4142135623730951,2.0,18.0,0.0,32.0,4.0,7.4
15,mid_to_mid,SC4,4,1.0,0.0,18.0,0.0,32.0,4.0,7.4
15,max_to_max,SC4,4,-1.4142135623730951,6.0,18.0,0.0,32.0,4.0,7.4
15,max_to_sunset,SC4,4,-2.449489742783178,6.0,18.0,0.0,32.0,4.0,7.4
15,first_to_first,SC4,5,0.0,0.0,14.0,80.0,32.0,4.0,7.4
15,last_to_last,SC4,5,-11.532562594670797,168.0,14.0,80.0,32.0,4.0,7.4
15,mid_to_mid,SC4,5,-1.0,9.0,14.0,80.0,32.0,4.0,7.4
15,max_to_max,SC4,5,-7.280109889280518,184.0,14.0,80.0,32.0,4.0,7.4
15,max_to_sunset,SC4,5,-12.206555615733702,184.0,14.0,80.0,32.0,4.0,7.4
15,first_to_first,SC4,6,-7.810249675906654,153.0,19.0,547.0,32.0,4.0,7.4
15,last_to_last,SC4,6,-12.68857754044952,236.0,19.0,547.0,32.0,4.0,7.4
15,mid_to_mid,SC4,6,2.23606797749979,94.0,19.0,547.0,32.0,4.0,7.4
15,max_to_max,SC4,6,-11.357816691600547,337.0,19.0,547.0,32.0,4.0,7.4
15,max_to_sunset,SC4,6,-16.186414056238647,337.0,19.0,547.0,32.0,4.0,7.4
15,first_to_first,SC4,7,-12.12435565298214,229.0,8.0,199.0,32.0,4.0,7.4
15,last_to_last,SC4,7,15.394804318340652,26.0,8.0,199.0,32.0,4.0,7.4
15,mid_to_mid,SC4,7,-4.47213595499958,24.0,8.0,199.0,32.0,4.0,7.4
15,max_to_max,SC4,7,8.06225774829855,257.0,8.0,199.0,32.0,4.0,7.4
15,max_to_sunset,SC4,7,2.449489742783178,257.0,8.0,199.0,32.0,4.0,7.4
15,first_to_first,SC4,8,14.696938456699069,18.0,20.0,19.0,32.0,4.0,7.4
15,last_to_last,SC4,8,10.677078252031311,15.0,20.0,19.0,32.0,4.0,7.4
15,mid_to_mid,SC4,8,3.872983346207417,0.0,20.0,19.0,32.0,4.0,7.4
15,max_to_max,SC4,8,14.352700094407323,28.0,20.0,19.0,32.0,4.0,7.4
15,max_to_sunset,SC4,8,10.04987562112089,28.0,20.0,19.0,32.0,4.0,7.4
15,first_to_first,SC4,9,12.288205727444508,15.0,13.0,16.0,32.0,4.0,7.4
15,last_to_last,SC4,9,7.280109889280518,37.0,13.0,16.0,32.0,4.0,7.4
15,mid_to_mid,SC4,9,10.246950765959598,1.0,13.0,16.0,32.0,4.0,7.4
15,max_to_max,SC4,9,11.357816691600547,37.0,13.0,16.0,32.0,4.0,7.4
15,max_to_sunset,SC4,9,7.280109889280518,37.0,13.0,16.0,32.0,4.0,7.4
15,first_to_first,SC4,10,8.54400374531753,45.0,8.0,82.0,32.0,4.0,7.4
15,last_to_last,SC4,10,-1.7320508075688772,3.0,8.0,82.0,32.0,4.0,7.4
15,mid_to_mid,SC4,10,1.4142135623730951,0.0,8.0,82.0,32.0,4.0,7.4
15,max_to_max,SC4,10,8.0,54.0,8.0,82.0,32.0,4.0,7.4
15,max_to_sunset,SC4,10,-7.3484692283495345,54.0,8.0,82.0,32.0,4.0,7.4
15,first_to_first,SC4,11,-2.449489742783178,6.0,19.0,9.0,32.0,4.0,7.4
15,last_to_last,SC4,11,-2.23606797749979,6.0,19.0,9.0,32.0,6.0,7.4
15,mid_to_mid,SC4,11,0.0,0.0,19.0,9.0,32.0,6.0,7.4
15,max_to_max,SC4,11,-3.4641016151377544,18.0,19.0,9.0,32.0,6.0,7.4
15,max_to_sunset,SC4,11,-4.123105625617661,18.0,19.0,9.0,32.0,6.0,7.4
15,first_to_first,SC4,12,-2.0,5.0,7.0,2.0,32.0,6.0,7.4
15,last_to_last,SC4,12,0.0,0.0,7.0,2.0,32.0,6.0,7.4
15,mid_to_mid,SC4,12,0.0,0.0,7.0,2.0,32.0,6.0,7.4
15,max_to_max,SC4,12,-2.0,5.0,7.0,2.0,32.0,6.0,7.4
15,max_to_sunset,SC4,12,-2.23606797749979,5.0,7.0,2.0,32.0,6.0,7.4
15,first_to_first,SC4,13,0.0,0.0,8.0,0.0,32.0,6.0,7.4
15,last_to_last,SC4,13,9.219544457292887,0.0,8.0,0.0,30.0,6.0,7.4
15,mid_to_mid,SC4,13,2.449489742783178,0.0,8.0,0.0,32.0,6.0,7.4
15,max_to_max,SC4,13,9.38083151964686,0.0,8.0,0.0,32.0,6.0,7.4
15,max_to_sunset,SC4,13,9.219544457292887,0.0,8.0,0.0,32.0,6.0,7.4
15,first_to_first,SC4,14,9.797958971132712,0.0,17.0,2.0,30.0,6.0,7.4
15,last_to_last,SC4,14,-11.313708498984761,129.0,17.0,2.0,30.0,6.0,7.4
15,mid_to_mid,SC4,14,11.874342087037917,0.0,17.0,2.0,30.0,6.0,7.4
15,max_to_max,SC4,14,-3.0,150.0,17.0,2.0,30.0,6.0,7.4
15,max_to_sunset,SC4,14,-12.206555615733702,150.0,17.0,2.0,30.0,6.0,7.4
15,first_to_first,SC4,15,-11.224972160321824,126.0,14.0,48.0,30.0,6.0,7.4
15,last_to_last,SC4,15,1.4142135623730951,3.0,14.0,48.0,24.0,6.0,7.4
15,mid_to_mid,SC4,15,-3.7416573867739413,18.0,14.0,48.0,30.0,6.0,7.4
15,max_to_max,SC4,15,-11.090536506409418,135.0,14.0,48.0,30.0,6.0,7.4
15,max_to_sunset,SC4,15,-11.40175425099138,135.0,14.0,48.0,30.0,6.0,7.4
15,first_to_first,SC4,16,-1.0,7.0,17.0,0.0,24.0,5.0,7.4
15,last_to_last,SC4,16,0.0,0.0,17.0,0.0,24.0,5.0,7.4
15,mid_to_mid,SC4,16,2.0,0.0,17.0,0.0,24.0,5.0,7.4
15,max_to_max,SC4,16,-1.4142135623730951,8.0,17.0,0.0,24.0,5.0,7.4
15,max_to_sunset,SC4,16,-2.8284271247461903,8.0,17.0,0.0,24.0,5.0,7.4
15,first_to_first,SC4,17,0.0,0.0,14.0,0.0,24.0,5.0,6.2
15,last_to_last,SC4,17,10.44030650891055,0.0,14.0,0.0,24.0,5.0,6.2
15,mid_to_mid,SC4,17,2.6457513110645907,0.0,14.0,0.0,24.0,5.0,6.2
15,max_to_max,SC4,17,10.954451150103322,0.0,14.0,0.0,24.0,5.0,6.2
15,max_to_sunset,SC4,17,10.44030650891055,0.0,14.0,0.0,24.0,5.0,6.2
15,first_to_first,SC4,18,11.61895003862225,0.0,13.0,0.0,24.0,5.0,6.2
15,last_to_last,SC4,18,9.539392014169456,0.0,13.0,0.0,24.0,5.0,6.2
15,mid_to_mid,SC4,18,4.123105625617661,0.0,13.0,0.0,24.0,5.0,6.2
15,max_to_max,SC4,18,12.36931687685298,0.0,13.0,0.0,24.0,5.0,6.2
15,max_to_sunset,SC4,18,9.539392014169456,0.0,13.0,0.0,24.0,5.0,6.2
15,first_to_first,SC4,19,11.269427669584644,0.0,17.0,3.0,24.0,5.0,6.2
15,last_to_last,SC4,19,1.7320508075688772,0.0,17.0,3.0,24.0,5.0,6.2
15,mid_to_mid,SC4,19,3.0,1.0,17.0,3.0,24.0,5.0,6.2
15,max_to_max,SC4,19,11.090536506409418,4.0,17.0,3.0,24.0,5.0,6.2
15,max_to_sunset,SC4,19,-1.0,4.0,17.0,3.0,24.0,5.0,6.2
15,first_to_first,SC6,1,5.656854249492381,0.0,21.0,1.0,25.0,7.0,7.8
15,last_to_last,SC6,1,5.744562646538029,1.0,21.0,1.0,25.0,7.0,7.8
15,mid_to_mid,SC6,1,6.4031242374328485,0.0,21.0,1.0,25.0,7.0,7.8
15,max_to_max,SC6,1,8.246211251235321,2.0,21.0,1.0,25.0,7.0,7.8
15,max_to_sunset,SC6,1,5.656854249492381,2.0,21.0,1.0,25.0,7.0,7.8
15,first_to_first,SC6,2,4.358898943540674,0.0,18.0,14.0,25.0,7.0,7.8
15,last_to_last,SC6,2,-13.2664991614216,196.0,18.0,14.0,25.0,7.0,7.8
15,mid_to_mid,SC6,2,5.0,1.0,18.0,14.0,25.0,7.0,7.8
15,max_to_max,SC6,2,-16.06237840420901,284.0,18.0,14.0,25.0,7.0,7.8
15,max_to_sunset,SC6,2,-16.24807680927192,284.0,18.0,14.0,25.0,7.0,7.8
15,first_to_first,SC6,3,-8.888194417315589,106.0,14.0,36.0,25.0,7.0,7.8
15,last_to_last,SC6,3,10.0,65.0,14.0,36.0,22.0,7.0,7.8
15,mid_to_mid,SC6,3,-7.0,61.0,14.0,36.0,25.0,7.0,7.8
15,max_to_max,SC6,3,6.708203932499369,120.0,14.0,36.0,25.0,7.0,7.8
15,max_to_sunset,SC6,3,6.708203932499369,120.0,14.0,36.0,25.0,7.0,7.8
15,first_to_first,SC6,4,9.899494936611665,46.0,17.0,3.0,19.0,6.0,7.8
15,last_to_last,SC6,4,6.0,19.0,17.0,3.0,19.0,6.0,7.8
15,mid_to_mid,SC6,4,5.0,26.0,17.0,3.0,19.0,6.0,7.8
15,max_to_max,SC6,4,8.18535277187245,77.0,17.0,3.0,19.0,6.0,7.8
15,max_to_sunset,SC6,4,-4.69041575982343,77.0,17.0,3.0,19.0,6.0,7.8
15,first_to_first,SC6,5,5.477225575051661,15.0,15.0,12.0,19.0,6.0,7.8
15,last_to_last,SC6,5,2.6457513110645907,14.0,15.0,12.0,19.0,6.0,7.8
15,mid_to_mid,SC6,5,4.58257569495584,18.0,15.0,12.0,19.0,6.0,7.8
15,max_to_max,SC6,5,7.810249675906654,18.0,15.0,12.0,19.0,6.0,7.8
15,max_to_sunset,SC6,5,1.7320508075688772,18.0,15.0,12.0,19.0,6.0,7.8
15,first_to_first,SC6,6,2.8284271247461903,15.0,14.0,0.0,19.0,6.0,7.8
15,last_to_last,SC6,6,5.196152422706632,5.0,14.0,0.0,19.0,6.0,7.8
15,mid_to_mid,SC6,6,4.242640687119285,6.0,14.0,0.0,19.0,6.0,7.8
15,max_to_max,SC6,6,4.898979485566356,17.0,14.0,0.0,19.0,6.0,7.8
15,max_to_sunset,SC6,6,3.872983346207417,17.0,14.0,0.0,19.0,6.0,7.8
15,first_to_first,SC6,7,3.7416573867739413,7.0,13.0,0.0,19.0,6.0,7.8
15,last_to_last,SC6,7,3.3166247903554,5.0,13.0,0.0,19.0,6.0,7.8
15,mid_to_mid,SC6,7,2.23606797749979,6.0,13.0,0.0,19.0,6.0,7.8
15,max_to_max,SC6,7,4.0,15.0,13.0,0.0,19.0,6.0,7.8
15,max_to_sunset,SC6,7,1.0,15.0,13.0,0.0,19.0,6.0,7.8
15,first_to_first,SC8,1,-15.362291495737216,238.0,16.0,0.0,20.0,4.0,8.7
15,last_to_last,SC8,1,-15.874507866387544,254.0,16.0,0.0,18.0,4.0,8.7
15,mid_to_mid,SC8,1,-15.362291495737216,238.0,16.0,0.0,20.0,4.0,8.7
15,max_to_max,SC8,1,-15.84297951775486,255.0,16.0,0.0,18.0,4.0,8.7
15,max_to_sunset,SC8,1,-15.905973720586866,255.0,16.0,0.0,18.0,4.0,8.7
15,first_to_first,SC8,2,-16.1245154965971,264.0,6.0,1.0,18.0,4.0,8.7
15,last_to_last,SC8,2,-15.491933384829668,243.0,6.0,1.0,18.0,4.0,8.7
15,mid_to_mid,SC8,2,-15.588457268119896,247.0,6.0,1.0,18.0,4.0,8.7
15,max_to_max,SC8,2,-16.0312195418814,264.0,6.0,1.0,18.0,4.0,8.7
15,max_to_sunset,SC8,2,-16.15549442140351,264.0,6.0,1.0,18.0,4.0,8.7
15,first_to_first,SC8,3,-15.427248620541512,243.0,6.0,9.0,18.0,4.0,8.4
15,last_to_last,SC8,3,-14.866068747318506,225.0,6.0,9.0,18.0,4.0,8.4
15,mid_to_mid,SC8,3,-14.89966442575134,228.0,6.0,9.0,18.0,4.0,8.4
15,max_to_max,SC8,3,-14.832396974191326,243.0,6.0,9.0,18.0,4.0,8.4
15,max_to_sunset,SC8,3,-15.459624833740307,243.0,6.0,9.0,18.0,4.0,8.4
15,first_to_first,SC8,4,-15.231546211727817,238.0,12.0,32.0,18.0,4.0,8.4
15,last_to_last,SC8,4,-15.297058540778355,242.0,12.0,32.0,18.0,5.0,8.4
15,mid_to_mid,SC8,4,-15.0,231.0,12.0,32.0,18.0,5.0,8.4
15,max_to_max,SC8,4,-15.297058540778355,242.0,12.0,32.0,18.0,5.0,8.4
15,max_to_sunset,SC8,4,-15.297058540778355,242.0,12.0,32.0,18.0,5.0,8.4
15,first_to_first,SC8,5,-15.329709716755891,243.0,9.0,26.0,18.0,5.0,8.4
15,last_to_last,SC8,5,-15.620499351813308,253.0,9.0,26.0,18.0,5.0,8.4
15,mid_to_mid,SC8,5,-15.524174696260024,249.0,9.0,26.0,18.0,5.0,8.4
15,max_to_max,SC8,5,-15.684387141358123,255.0,9.0,26.0,18.0,5.0,8.4
15,max_to_sunset,SC8,5,-15.684387141358123,255.0,9.0,26.0,18.0,5.0,8.4
15,first_to_first,SC8,6,-15.362291495737216,252.0,8.0,9.0,18.0,5.0,8.4
15,last_to_last,SC8,6,-14.594519519326424,236.0,8.0,9.0,18.0,5.0,8.4
15,mid_to_mid,SC8,6,-14.422205101855956,232.0,8.0,9.0,18.0,5.0,8.4
15,max_to_max,SC8,6,-14.696938456699069,253.0,8.0,9.0,18.0,5.0,8.4
15,max_to_sunset,SC8,6,-15.165750888103101,253.0,8.0,9.0,18.0,5.0,8.4
15,first_to_first,SC8,7,-14.866068747318506,245.0,7.0,4.0,18.0,5.0,8.2
15,last_to_last,SC8,7,-13.0,210.0,7.0,4.0,21.0,5.0,8.2
15,mid_to_mid,SC8,7,-13.92838827718412,204.0,7.0,4.0,18.0,5.0,8.2
15,max_to_max,SC8,7,-14.2828568570857,245.0,7.0,4.0,18.0,5.0,8.2
15,max_to_sunset,SC8,7,-14.2828568570857,245.0,7.0,4.0,21.0,5.0,8.2
15,first_to_first,SC8,8,-13.96424004376894,205.0,13.0,10.0,21.0,6.0,8.2
15,last_to_last,SC8,8,-14.45683229480096,212.0,13.0,10.0,21.0,6.0,8.2
15,mid_to_mid,SC8,8,-14.071247279470288,201.0,13.0,10.0,21.0,6.0,8.2
15,max_to_max,SC8,8,-13.784048752090222,212.0,13.0,10.0,21.0,6.0,8.2
15,max_to_sunset,SC8,8,-14.45683229480096,212.0,13.0,10.0,21.0,6.0,8.2
16,first_to_first,SC1,1,-10.392304845413264,108.0,16.0,0.0,22.0,6.0,6.3
16,last_to_last,SC1,1,-7.14142842854285,51.0,16.0,0.0,22.0,6.0,6.3
16,mid_to_mid,SC1,1,-8.48528137423857,72.0,16.0,0.0,22.0,6.0,6.3
16,max_to_max,SC1,1,-11.0,121.0,16.0,0.0,22.0,6.0,6.3
16,max_to_sunset,SC1,1,-11.0,121.0,16.0,0.0,22.0,6.0,6.3
16,first_to_first,SC1,2,-7.483314773547883,56.0,16.0,0.0,22.0,6.0,6.3
16,last_to_last,SC1,2,-4.795831523312719,23.0,16.0,0.0,22.0,6.0,6.3
16,mid_to_mid,SC1,2,-6.6332495807108,44.0,16.0,0.0,22.0,6.0,6.3
16,max_to_max,SC1,2,-7.483314773547883,56.0,16.0,0.0,22.0,6.0,6.3
16,max_to_sunset,SC1,2,-7.483314773547883,56.0,16.0,0.0,22.0,6.0,6.3
16,first_to_first,SC1,3,-3.3166247903554,11.0,11.0,5.0,22.0,6.0,6.3
16,last_to_last,SC1,3,-1.4142135623730951,2.0,11.0,5.0,22.0,6.0,6.3
16,mid_to_mid,SC1,3,-2.449489742783178,6.0,11.0,5.0,22.0,6.0,6.3
16,max_to_max,SC1,3,-4.58257569495584,21.0,11.0,5.0,22.0,6.0,6.3
16,max_to_sunset,SC1,3,-4.58257569495584,21.0,11.0,5.0,22.0,6.0,6.3
16,first_to_first,SC1,4,-2.23606797749979,5.0,9.0,3.0,22.0,6.0,6.3
16,last_to_last,SC1,4,0.0,0.0,9.0,3.0,22.0,6.0,6.3
16,mid_to_mid,SC1,4,-1.4142135623730951,2.0,9.0,3.0,22.0,6.0,6.3
16,max_to_max,SC1,4,-2.23606797749979,5.0,9.0,3.0,22.0,6.0,6.3
16,max_to_sunset,SC1,4,-2.23606797749979,5.0,9.0,3.0,22.0,6.0,6.3
16,first_to_first,SC1,5,0.0,0.0,13.0,0.0,22.0,6.0,6.3
16,last_to_last,SC1,5,0.0,0.0,13.0,0.0,22.0,6.0,6.3
16,mid_to_mid,SC1,5,0.0,0.0,13.0,0.0,22.0,6.0,6.3
16,max_to_max,SC1,5,0.0,0.0,13.0,0.0,22.0,6.0,6.3
16,max_to_sunset,SC1,5,0.0,0.0,13.0,0.0,22.0,6.0,6.3
16,first_to_first,SC1,6,0.0,0.0,14.0,0.0,22.0,6.0,6.3
16,last_to_last,SC1,6,0.0,0.0,14.0,0.0,22.0,6.0,6.3
16,mid_to_mid,SC1,6,0.0,0.0,14.0,0.0,22.0,6.0,6.3
16,max_to_max,SC1,6,0.0,0.0,14.0,0.0,22.0,6.0,6.3
16,max_to_sunset,SC1,6,0.0,0.0,14.0,0.0,22.0,6.0,6.3
16,first_to_first,SC1,7,0.0,0.0,12.0,0.0,22.0,6.0,6.3
16,last_to_last,SC1,7,0.0,0.0,12.0,0.0,22.0,6.0,6.3
16,mid_to_mid,SC1,7,0.0,0.0,12.0,0.0,22.0,6.0,6.3
16,max_to_max,SC1,7,0.0,0.0,12.0,0.0,22.0,6.0,6.3
16,max_to_sunset,SC1,7,0.0,0.0,12.0,0.0,22.0,6.0,6.3
16,first_to_first,SC1,8,0.0,0.0,11.0,0.0,22.0,6.0,6.3
16,last_to_last,SC1,8,0.0,0.0,11.0,0.0,22.0,6.0,6.3
16,mid_to_mid,SC1,8,0.0,0.0,11.0,0.0,22.0,6.0,6.3
16,max_to_max,SC1,8,0.0,0.0,11.0,0.0,22.0,6.0,6.3
16,max_to_sunset,SC1,8,0.0,0.0,11.0,0.0,22.0,6.0,6.3
16,first_to_first,SC1,9,0.0,0.0,7.0,0.0,22.0,6.0,6.3
16,last_to_last,SC1,9,0.0,0.0,7.0,0.0,22.0,6.0,6.2
16,mid_to_mid,SC1,9,0.0,0.0,7.0,0.0,22.0,6.0,6.3
16,max_to_max,SC1,9,0.0,0.0,7.0,0.0,22.0,6.0,6.3
16,max_to_sunset,SC1,9,0.0,0.0,7.0,0.0,22.0,6.0,6.3
16,first_to_first,SC1,10,0.0,0.0,11.0,0.0,22.0,6.0,6.2
16,last_to_last,SC1,10,0.0,0.0,11.0,0.0,22.0,6.0,6.2
16,mid_to_mid,SC1,10,0.0,0.0,11.0,0.0,22.0,6.0,6.2
16,max_to_max,SC1,10,0.0,0.0,11.0,0.0,22.0,6.0,6.2
16,max_to_sunset,SC1,10,0.0,0.0,11.0,0.0,22.0,6.0,6.2
16,first_to_first,SC1,11,0.0,0.0,10.0,0.0,22.0,6.0,6.2
16,last_to_last,SC1,11,0.0,0.0,10.0,0.0,22.0,6.0,6.2
16,mid_to_mid,SC1,11,0.0,0.0,10.0,0.0,22.0,6.0,6.2
16,max_to_max,SC1,11,0.0,0.0,10.0,0.0,22.0,6.0,6.2
16,max_to_sunset,SC1,11,0.0,0.0,10.0,0.0,22.0,6.0,6.2
16,first_to_first,SC1,12,0.0,0.0,12.0,0.0,22.0,6.0,6.2
16,last_to_last,SC1,12,0.0,0.0,12.0,0.0,22.0,6.0,6.2
16,mid_to_mid,SC1,12,0.0,0.0,12.0,0.0,22.0,6.0,6.2
16,max_to_max,SC1,12,0.0,0.0,12.0,0.0,22.0,6.0,6.2
16,max_to_sunset,SC1,12,0.0,0.0,12.0,0.0,22.0,6.0,6.2
16,first_to_first,SC1,13,0.0,0.0,9.0,0.0,22.0,6.0,6.2
16,last_to_last,SC1,13,0.0,0.0,9.0,0.0,22.0,6.0,6.2
16,mid_to_mid,SC1,13,0.0,0.0,9.0,0.0,22.0,6.0,6.2
16,max_to_max,SC1,13,0.0,0.0,9.0,0.0,22.0,6.0,6.2
16,max_to_sunset,SC1,13,0.0,0.0,9.0,0.0,22.0,6.0,6.2
16,first_to_first,SC10,1,0.0,0.0,21.0,0.0,24.0,3.0,7.4
16,last_to_last,SC10,1,0.0,0.0,21.0,0.0,24.0,3.0,7.4
16,mid_to_mid,SC10,1,0.0,0.0,21.0,0.0,24.0,3.0,7.4
16,max_to_max,SC10,1,0.0,0.0,21.0,0.0,24.0,3.0,7.4
16,max_to_sunset,SC10,1,0.0,0.0,21.0,0.0,24.0,3.0,7.4
16,first_to_first,SC10,2,0.0,0.0,13.0,8.0,24.0,3.0,7.4
16,last_to_last,SC10,2,1.7320508075688772,0.0,13.0,8.0,24.0,3.0,7.4
16,mid_to_mid,SC10,2,-1.0,4.0,13.0,8.0,24.0,3.0,7.4
16,max_to_max,SC10,2,-5.916079783099616,39.0,13.0,8.0,24.0,3.0,7.4
16,max_to_sunset,SC10,2,-6.0,39.0,13.0,8.0,24.0,3.0,7.4
16,first_to_first,SC10,3,-3.1622776601683795,10.0,15.0,104.0,24.0,3.0,7.4
16,last_to_last,SC10,3,12.489995996796797,58.0,15.0,104.0,24.0,3.0,7.4
16,mid_to_mid,SC10,3,3.0,8.0,15.0,104.0,24.0,3.0,7.4
16,max_to_max,SC10,3,16.703293088490067,78.0,15.0,104.0,24.0,3.0,7.4
16,max_to_sunset,SC10,3,11.661903789690601,78.0,15.0,104.0,24.0,3.0,7.4
16,first_to_first,SC10,4,14.142135623730951,60.0,18.0,176.0,24.0,3.0,7.4
16,last_to_last,SC10,4,12.767145334803704,110.0,18.0,176.0,24.0,3.0,7.4
16,mid_to_mid,SC10,4,16.431676725154983,9.0,18.0,176.0,24.0,3.0,7.4
16,max_to_max,SC10,4,13.379088160259652,130.0,18.0,176.0,24.0,3.0,7.4
16,max_to_sunset,SC10,4,11.958260743101398,130.0,18.0,176.0,24.0,3.0,7.4
16,first_to_first,SC10,5,8.831760866327848,109.0,13.0,416.0,24.0,3.0,7.4
16,last_to_last,SC10,5,-1.0,132.0,13.0,416.0,24.0,3.0,7.4
16,mid_to_mid,SC10,5,-2.0,27.0,13.0,416.0,24.0,3.0,7.4
16,max_to_max,SC10,5,11.045361017187261,148.0,13.0,416.0,24.0,3.0,7.4
16,max_to_sunset,SC10,5,-4.123105625617661,148.0,13.0,416.0,24.0,3.0,7.4
16,first_to_first,SC10,6,-4.795831523312719,120.0,8.0,385.0,24.0,3.0,7.4
16,last_to_last,SC10,6,-9.055385138137417,89.0,8.0,385.0,24.0,3.0,7.4
16,mid_to_mid,SC10,6,-5.291502622129181,48.0,8.0,385.0,24.0,3.0,7.4
16,max_to_max,SC10,6,-12.041594578792296,282.0,8.0,385.0,24.0,3.0,7.4
16,max_to_sunset,SC10,6,-16.583123951777,282.0,8.0,385.0,24.0,3.0,7.4
16,first_to_first,SC10,7,-10.44030650891055,109.0,17.0,456.0,24.0,3.0,7.2
16,last_to_last,SC10,7,-11.704699910719626,137.0,17.0,456.0,28.0,3.0,7.2
16,mid_to_mid,SC10,7,-7.810249675906654,61.0,17.0,456.0,25.0,3.0,7.2
16,max_to_max,SC10,7,-17.4928556845359,306.0,17.0,456.0,24.0,3.0,7.2
16,max_to_sunset,SC10,7,-17.4928556845359,306.0,17.0,456.0,28.0,3.0,7.2
16,first_to_first,SC10,8,-10.954451150103322,120.0,13.0,387.0,28.0,4.0,7.2
16,last_to_last,SC10,8,-10.344080432788601,115.0,13.0,387.0,34.0,5.0,7.2
16,mid_to_mid,SC10,8,-6.928203230275509,48.0,13.0,387.0,31.0,5.0,7.2
16,max_to_max,SC10,8,-27.60434748368452,770.0,13.0,387.0,34.0,5.0,7.2
16,max_to_sunset,SC10,8,-27.60434748368452,770.0,13.0,387.0,34.0,5.0,7.2
16,first_to_first,SC10,9,-10.099504938362077,109.0,19.0,1122.0,34.0,5.0,7.2
16,last_to_last,SC10,9,-17.86057109949175,322.0,19.0,1122.0,34.0,6.0,7.2
16,mid_to_mid,SC10,9,-8.888194417315589,79.0,19.0,1122.0,34.0,6.0,7.2
16,max_to_max,SC10,9,-21.77154105707724,497.0,19.0,1122.0,34.0,6.0,7.2
16,max_to_sunset,SC10,9,-22.22611077089287,497.0,19.0,1122.0,34.0,6.0,7.2
16,first_to_first,SC10,10,-22.293496809607955,499.0,10.0,0.0,34.0,6.0,7.2
16,last_to_last,SC10,10,-20.663978319771825,436.0,10.0,0.0,34.0,6.0,7.2
16,mid_to_mid,SC10,10,-20.322401432901575,416.0,10.0,0.0,34.0,6.0,7.2
16,max_to_max,SC10,10,-22.135943621178654,500.0,10.0,0.0,34.0,6.0,7.2
16,max_to_sunset,SC10,10,-22.15851980616034,500.0,10.0,0.0,34.0,6.0,7.2
16,first_to_first,SC10,11,-11.40175425099138,135.0,9.0,373.0,34.0,6.0,7.2
16,last_to_last,SC10,11,-7.211102550927978,52.0,9.0,373.0,34.0,6.0,7.2
16,mid_to_mid,SC10,11,-2.6457513110645907,7.0,9.0,373.0,34.0,6.0,7.2
16,max_to_max,SC10,11,-19.697715603592208,397.0,9.0,373.0,34.0,6.0,7.2
16,max_to_sunset,SC10,11,-19.924858845171276,397.0,9.0,373.0,34.0,6.0,7.2
16,first_to_first,SC4,1,-20.8806130178211,436.0,16.0,0.0,32.0,4.0,7.4
16,last_to_last,SC4,1,-18.76166303929372,352.0,16.0,0.0,32.0,4.0,7.4
16,mid_to_mid,SC4,1,-20.8806130178211,436.0,16.0,0.0,32.0,4.0,7.4
16,max_to_max,SC4,1,-23.53720459187964,554.0,16.0,0.0,32.0,4.0,7.4
16,max_to_sunset,SC4,1,-23.53720459187964,554.0,16.0,0.0,32.0,4.0,7.4
16,first_to_first,SC4,2,-17.832554500127006,318.0,19.0,377.0,32.0,4.0,7.4
16,last_to_last,SC4,2,-14.035668847618199,197.0,19.0,377.0,32.0,4.0,7.4
16,mid_to_mid,SC4,2,-12.529964086141668,157.0,19.0,377.0,32.0,4.0,7.4
16,max_to_max,SC4,2,-23.853720883753127,569.0,19.0,377.0,32.0,4.0,7.4
16,max_to_sunset,SC4,2,-23.853720883753127,569.0,19.0,377.0,32.0,4.0,7.4
16,first_to_first,SC4,3,-13.892443989449804,193.0,13.0,104.0,32.0,4.0,7.4
16,last_to_last,SC4,3,0.0,0.0,13.0,104.0,32.0,4.0,7.4
16,mid_to_mid,SC4,3,-1.4142135623730951,3.0,13.0,104.0,32.0,4.0,7.4
16,max_to_max,SC4,3,-13.74772708486752,193.0,13.0,104.0,32.0,4.0,7.4
16,max_to_sunset,SC4,3,-13.892443989449804,193.0,13.0,104.0,32.0,4.0,7.4
16,first_to_first,SC4,4,0.0,0.0,18.0,0.0,32.0,4.0,7.4
16,last_to_last,SC4,4,5.744562646538029,2.0,18.0,0.0,32.0,4.0,7.4
16,mid_to_mid,SC4,4,2.8284271247461903,0.0,18.0,0.0,32.0,4.0,7.4
16,max_to_max,SC4,4,11.180339887498949,6.0,18.0,0.0,32.0,4.0,7.4
16,max_to_sunset,SC4,4,5.385164807134504,6.0,18.0,0.0,32.0,4.0,7.4
16,first_to_first,SC4,5,9.591663046625438,0.0,14.0,80.0,32.0,4.0,7.4
16,last_to_last,SC4,5,-9.643650760992955,168.0,14.0,80.0,32.0,4.0,7.4
16,mid_to_mid,SC4,5,9.486832980505138,9.0,14.0,80.0,32.0,4.0,7.4
16,max_to_max,SC4,5,4.898979485566356,184.0,14.0,80.0,32.0,4.0,7.4
16,max_to_sunset,SC4,5,-10.44030650891055,184.0,14.0,80.0,32.0,4.0,7.4
16,first_to_first,SC4,6,-8.426149773176359,153.0,19.0,547.0,32.0,4.0,7.4
16,last_to_last,SC4,6,5.196152422706632,236.0,19.0,547.0,32.0,4.0,7.4
16,mid_to_mid,SC4,6,-9.486832980505138,94.0,19.0,547.0,32.0,4.0,7.4
16,max_to_max,SC4,6,-3.872983346207417,337.0,19.0,547.0,32.0,4.0,7.4
16,max_to_sunset,SC4,6,-8.602325267042627,337.0,19.0,547.0,32.0,4.0,7.4
16,first_to_first,SC4,7,2.23606797749979,229.0,8.0,199.0,32.0,4.0,7.4
16,last_to_last,SC4,7,10.14889156509222,26.0,8.0,199.0,32.0,4.0,7.4
16,mid_to_mid,SC4,7,-3.0,24.0,8.0,199.0,32.0,4.0,7.4
16,max_to_max,SC4,7,-4.795831523312719,257.0,8.0,199.0,32.0,4.0,7.4
16,max_to_sunset,SC4,7,-11.313708498984761,257.0,8.0,199.0,32.0,4.0,7.4
16,first_to_first,SC4,8,12.165525060596439,18.0,20.0,19.0,32.0,4.0,7.4
16,last_to_last,SC4,8,8.660254037844387,15.0,20.0,19.0,32.0,4.0,7.4
16,mid_to_mid,SC4,8,10.295630140987,0.0,20.0,19.0,32.0,4.0,7.4
16,max_to_max,SC4,8,11.74734012447073,28.0,20.0,19.0,32.0,4.0,7.4
16,max_to_sunset,SC4,8,7.874007874011811,28.0,20.0,19.0,32.0,4.0,7.4
16,first_to_first,SC4,9,10.14889156509222,15.0,13.0,16.0,32.0,4.0,7.4
16,last_to_last,SC4,9,-6.082762530298219,37.0,13.0,16.0,32.0,4.0,7.4
16,mid_to_mid,SC4,9,1.0,1.0,13.0,16.0,32.0,4.0,7.4
16,max_to_max,SC4,9,9.0,37.0,13.0,16.0,32.0,4.0,7.4
16,max_to_sunset,SC4,9,-6.082762530298219,37.0,13.0,16.0,32.0,4.0,7.4
16,first_to_first,SC4,10,-6.708203932499369,45.0,8.0,82.0,32.0,4.0,7.4
16,last_to_last,SC4,10,-1.4142135623730951,3.0,8.0,82.0,32.0,4.0,7.4
16,mid_to_mid,SC4,10,0.0,0.0,8.0,82.0,32.0,4.0,7.4
16,max_to_max,SC4,10,-6.928203230275509,54.0,8.0,82.0,32.0,4.0,7.4
16,max_to_sunset,SC4,10,-7.280109889280518,54.0,8.0,82.0,32.0,4.0,7.4
16,first_to_first,SC4,11,-2.23606797749979,6.0,19.0,9.0,32.0,4.0,7.4
16,last_to_last,SC4,11,-2.449489742783178,6.0,19.0,9.0,32.0,6.0,7.4
16,mid_to_mid,SC4,11,0.0,0.0,19.0,9.0,32.0,6.0,7.4
16,max_to_max,SC4,11,-4.123105625617661,18.0,19.0,9.0,32.0,6.0,7.4
16,max_to_sunset,SC4,11,-4.242640687119285,18.0,19.0,9.0,32.0,6.0,7.4
16,first_to_first,SC4,12,-2.23606797749979,5.0,7.0,2.0,32.0,6.0,7.4
16,last_to_last,SC4,12,9.219544457292887,0.0,7.0,2.0,32.0,6.0,7.4
16,mid_to_mid,SC4,12,2.449489742783178,0.0,7.0,2.0,32.0,6.0,7.4
16,max_to_max,SC4,12,9.1104335791443,5.0,7.0,2.0,32.0,6.0,7.4
16,max_to_sunset,SC4,12,8.94427190999916,5.0,7.0,2.0,32.0,6.0,7.4
16,first_to_first,SC4,13,9.797958971132712,0.0,8.0,0.0,32.0,6.0,7.4
16,last_to_last,SC4,13,1.0,0.0,8.0,0.0,30.0,6.0,7.4
16,mid_to_mid,SC4,13,11.874342087037917,0.0,8.0,0.0,32.0,6.0,7.4
16,max_to_max,SC4,13,11.874342087037917,0.0,8.0,0.0,32.0,6.0,7.4
16,max_to_sunset,SC4,13,1.0,0.0,8.0,0.0,32.0,6.0,7.4
16,first_to_first,SC4,14,0.0,0.0,17.0,2.0,30.0,6.0,7.4
16,last_to_last,SC4,14,-11.135528725660043,129.0,17.0,2.0,30.0,6.0,7.4
16,mid_to_mid,SC4,14,2.0,0.0,17.0,2.0,30.0,6.0,7.4
16,max_to_max,SC4,14,-11.74734012447073,150.0,17.0,2.0,30.0,6.0,7.4
16,max_to_sunset,SC4,14,-12.041594578792296,150.0,17.0,2.0,30.0,6.0,7.4
16,first_to_first,SC4,15,-10.954451150103322,126.0,14.0,48.0,30.0,5.0,7.4
16,last_to_last,SC4,15,-1.7320508075688772,3.0,14.0,48.0,24.0,5.0,7.4
16,mid_to_mid,SC4,15,-3.7416573867739413,18.0,14.0,48.0,30.0,5.0,7.4
16,max_to_max,SC4,15,-11.357816691600547,135.0,14.0,48.0,30.0,5.0,7.4
16,max_to_sunset,SC4,15,-11.61895003862225,135.0,14.0,48.0,30.0,5.0,7.4
16,first_to_first,SC4,16,-2.6457513110645907,7.0,17.0,0.0,24.0,5.0,7.4
16,last_to_last,SC4,16,10.44030650891055,0.0,17.0,0.0,24.0,5.0,7.4
16,mid_to_mid,SC4,16,2.6457513110645907,0.0,17.0,0.0,24.0,5.0,7.4
16,max_to_max,SC4,16,10.583005244258363,8.0,17.0,0.0,24.0,5.0,7.4
16,max_to_sunset,SC4,16,10.04987562112089,8.0,17.0,0.0,24.0,5.0,7.4
16,first_to_first,SC4,17,11.61895003862225,0.0,14.0,0.0,24.0,5.0,6.2
16,last_to_last,SC4,17,9.539392014169456,0.0,14.0,0.0,24.0,5.0,6.2
16,mid_to_mid,SC4,17,4.123105625617661,0.0,14.0,0.0,24.0,5.0,6.2
16,max_to_max,SC4,17,12.36931687685298,0.0,14.0,0.0,24.0,5.0,6.2
16,max_to_sunset,SC4,17,9.539392014169456,0.0,14.0,0.0,24.0,5.0,6.2
16,first_to_first,SC4,18,11.269427669584644,0.0,13.0,0.0,24.0,5.0,6.2
16,last_to_last,SC4,18,1.7320508075688772,0.0,13.0,0.0,24.0,5.0,6.2
16,mid_to_mid,SC4,18,3.1622776601683795,0.0,13.0,0.0,24.0,5.0,6.2
16,max_to_max,SC4,18,11.269427669584644,0.0,13.0,0.0,24.0,5.0,6.2
16,max_to_sunset,SC4,18,1.7320508075688772,0.0,13.0,0.0,24.0,5.0,6.2
16,first_to_first,SC6,1,4.358898943540674,0.0,21.0,1.0,25.0,7.0,7.8
16,last_to_last,SC6,1,4.358898943540674,1.0,21.0,1.0,25.0,7.0,7.8
16,mid_to_mid,SC6,1,5.0990195135927845,0.0,21.0,1.0,25.0,7.0,7.8
16,max_to_max,SC6,1,4.898979485566356,2.0,21.0,1.0,25.0,7.0,7.8
16,max_to_sunset,SC6,1,4.242640687119285,2.0,21.0,1.0,25.0,7.0,7.8
16,first_to_first,SC6,2,5.196152422706632,0.0,18.0,14.0,25.0,7.0,7.8
16,last_to_last,SC6,2,-5.5677643628300215,196.0,18.0,14.0,25.0,7.0,7.8
16,mid_to_mid,SC6,2,3.3166247903554,1.0,18.0,14.0,25.0,7.0,7.8
16,max_to_max,SC6,2,-10.908712114635714,284.0,18.0,14.0,25.0,7.0,7.8
16,max_to_sunset,SC6,2,-10.908712114635714,284.0,18.0,14.0,25.0,7.0,7.8
16,first_to_first,SC6,3,6.164414002968976,106.0,14.0,36.0,25.0,6.0,7.8
16,last_to_last,SC6,3,-3.1622776601683795,65.0,14.0,36.0,22.0,6.0,7.8
16,mid_to_mid,SC6,3,-3.1622776601683795,61.0,14.0,36.0,25.0,6.0,7.8
16,max_to_max,SC6,3,4.898979485566356,120.0,14.0,36.0,25.0,6.0,7.8
16,max_to_sunset,SC6,3,-8.06225774829855,120.0,14.0,36.0,25.0,6.0,7.8
16,first_to_first,SC6,4,-1.0,46.0,17.0,3.0,19.0,6.0,7.8
16,last_to_last,SC6,4,1.4142135623730951,19.0,17.0,3.0,19.0,6.0,7.8
16,mid_to_mid,SC6,4,3.605551275463989,26.0,17.0,3.0,19.0,6.0,7.8
16,max_to_max,SC6,4,1.4142135623730951,77.0,17.0,3.0,19.0,6.0,7.8
16,max_to_sunset,SC6,4,-7.483314773547883,77.0,17.0,3.0,19.0,6.0,7.8
16,first_to_first,SC6,5,2.8284271247461903,15.0,15.0,12.0,19.0,6.0,7.8
16,last_to_last,SC6,5,4.242640687119285,14.0,15.0,12.0,19.0,6.0,7.8
16,mid_to_mid,SC6,5,2.449489742783178,18.0,15.0,12.0,19.0,6.0,7.8
16,max_to_max,SC6,5,4.795831523312719,18.0,15.0,12.0,19.0,6.0,7.8
16,max_to_sunset,SC6,5,3.7416573867739413,18.0,15.0,12.0,19.0,6.0,7.8
16,first_to_first,SC6,6,2.449489742783178,15.0,14.0,0.0,19.0,6.0,7.8
16,last_to_last,SC6,6,3.3166247903554,5.0,14.0,0.0,19.0,6.0,7.8
16,mid_to_mid,SC6,6,2.23606797749979,6.0,14.0,0.0,19.0,6.0,7.8
16,max_to_max,SC6,6,3.7416573867739413,17.0,14.0,0.0,19.0,6.0,7.8
16,max_to_sunset,SC6,6,-1.0,17.0,14.0,0.0,19.0,6.0,7.8
16,first_to_first,SC8,1,-15.297058540778355,238.0,16.0,0.0,20.0,4.0,8.7
16,last_to_last,SC8,1,-15.84297951775486,254.0,16.0,0.0,18.0,4.0,8.7
16,mid_to_mid,SC8,1,-15.297058540778355,238.0,16.0,0.0,20.0,4.0,8.7
16,max_to_max,SC8,1,-15.748015748023622,255.0,16.0,0.0,18.0,4.0,8.7
16,max_to_sunset,SC8,1,-15.874507866387544,255.0,16.0,0.0,18.0,4.0,8.7
16,first_to_first,SC8,2,-16.09347693943108,264.0,6.0,1.0,18.0,4.0,8.7
16,last_to_last,SC8,2,-15.459624833740307,243.0,6.0,1.0,18.0,4.0,8.7
16,mid_to_mid,SC8,2,-15.524174696260024,247.0,6.0,1.0,18.0,4.0,8.7
16,max_to_max,SC8,2,-15.524174696260024,264.0,6.0,1.0,18.0,4.0,8.7
16,max_to_sunset,SC8,2,-16.1245154965971,264.0,6.0,1.0,18.0,4.0,8.7
16,first_to_first,SC8,3,-15.394804318340652,243.0,6.0,9.0,18.0,4.0,8.4
16,last_to_last,SC8,3,-14.730919862656235,225.0,6.0,9.0,18.0,4.0,8.4
16,mid_to_mid,SC8,3,-14.89966442575134,228.0,6.0,9.0,18.0,4.0,8.4
16,max_to_max,SC8,3,-15.329709716755891,243.0,6.0,9.0,18.0,4.0,8.4
16,max_to_sunset,SC8,3,-15.329709716755891,243.0,6.0,9.0,18.0,4.0,8.4
16,first_to_first,SC8,4,-15.165750888103101,238.0,12.0,32.0,18.0,4.0,8.4
16,last_to_last,SC8,4,-15.264337522473747,242.0,12.0,32.0,18.0,5.0,8.4
16,mid_to_mid,SC8,4,-14.933184523068078,231.0,12.0,32.0,18.0,5.0,8.4
16,max_to_max,SC8,4,-15.264337522473747,242.0,12.0,32.0,18.0,5.0,8.4
16,max_to_sunset,SC8,4,-15.264337522473747,242.0,12.0,32.0,18.0,5.0,8.4
16,first_to_first,SC8,5,-15.066519173319364,243.0,9.0,26.0,18.0,5.0,8.4
16,last_to_last,SC8,5,-15.165750888103101,253.0,9.0,26.0,18.0,5.0,8.4
16,mid_to_mid,SC8,5,-15.0,249.0,9.0,26.0,18.0,5.0,8.4
16,max_to_max,SC8,5,-14.7648230602334,255.0,9.0,26.0,18.0,5.0,8.4
16,max_to_sunset,SC8,5,-15.231546211727817,255.0,9.0,26.0,18.0,5.0,8.4
16,first_to_first,SC8,6,-15.0996688705415,252.0,8.0,9.0,18.0,5.0,8.4
16,last_to_last,SC8,6,-13.96424004376894,236.0,8.0,9.0,21.0,5.0,8.4
16,mid_to_mid,SC8,6,-14.89966442575134,232.0,8.0,9.0,18.0,5.0,8.4
16,max_to_max,SC8,6,-14.560219778561036,253.0,8.0,9.0,18.0,5.0,8.4
16,max_to_sunset,SC8,6,-14.560219778561036,253.0,8.0,9.0,21.0,5.0,8.4
16,first_to_first,SC8,7,-15.329709716755891,245.0,7.0,4.0,21.0,5.0,8.2
16,last_to_last,SC8,7,-14.38749456993816,210.0,7.0,4.0,21.0,5.0,8.2
16,mid_to_mid,SC8,7,-14.177446878757825,204.0,7.0,4.0,21.0,5.0,8.2
16,max_to_max,SC8,7,-14.933184523068078,245.0,7.0,4.0,21.0,5.0,8.2
16,max_to_sunset,SC8,7,-15.556349186104045,245.0,7.0,4.0,21.0,5.0,8.2
17,first_to_first,SC1,1,-10.392304845413264,108.0,16.0,0.0,22.0,6.0,6.3
17,last_to_last,SC1,1,-7.14142842854285,51.0,16.0,0.0,22.0,6.0,6.3
17,mid_to_mid,SC1,1,-8.48528137423857,72.0,16.0,0.0,22.0,6.0,6.3
17,max_to_max,SC1,1,-11.0,121.0,16.0,0.0,22.0,6.0,6.3
17,max_to_sunset,SC1,1,-11.0,121.0,16.0,0.0,22.0,6.0,6.3
17,first_to_first,SC1,2,-7.483314773547883,56.0,16.0,0.0,22.0,6.0,6.3
17,last_to_last,SC1,2,-4.795831523312719,23.0,16.0,0.0,22.0,6.0,6.3
17,mid_to_mid,SC1,2,-6.6332495807108,44.0,16.0,0.0,22.0,6.0,6.3
17,max_to_max,SC1,2,-7.483314773547883,56.0,16.0,0.0,22.0,6.0,6.3
17,max_to_sunset,SC1,2,-7.483314773547883,56.0,16.0,0.0,22.0,6.0,6.3
17,first_to_first,SC1,3,-3.3166247903554,11.0,11.0,5.0,22.0,6.0,6.3
17,last_to_last,SC1,3,-1.4142135623730951,2.0,11.0,5.0,22.0,6.0,6.3
17,mid_to_mid,SC1,3,-2.449489742783178,6.0,11.0,5.0,22.0,6.0,6.3
17,max_to_max,SC1,3,-4.58257569495584,21.0,11.0,5.0,22.0,6.0,6.3
17,max_to_sunset,SC1,3,-4.58257569495584,21.0,11.0,5.0,22.0,6.0,6.3
17,first_to_first,SC1,4,-2.23606797749979,5.0,9.0,3.0,22.0,6.0,6.3
17,last_to_last,SC1,4,0.0,0.0,9.0,3.0,22.0,6.0,6.3
17,mid_to_mid,SC1,4,-1.4142135623730951,2.0,9.0,3.0,22.0,6.0,6.3
17,max_to_max,SC1,4,-2.23606797749979,5.0,9.0,3.0,22.0,6.0,6.3
17,max_to_sunset,SC1,4,-2.23606797749979,5.0,9.0,3.0,22.0,6.0,6.3
17,first_to_first,SC1,5,0.0,0.0,13.0,0.0,22.0,6.0,6.3
17,last_to_last,SC1,5,0.0,0.0,13.0,0.0,22.0,6.0,6.3
17,mid_to_mid,SC1,5,0.0,0.0,13.0,0.0,22.0,6.0,6.3
17,max_to_max,SC1,5,0.0,0.0,13.0,0.0,22.0,6.0,6.3
17,max_to_sunset,SC1,5,0.0,0.0,13.0,0.0,22.0,6.0,6.3
17,first_to_first,SC1,6,0.0,0.0,14.0,0.0,22.0,6.0,6.3
17,last_to_last,SC1,6,0.0,0.0,14.0,0.0,22.0,6.0,6.3
17,mid_to_mid,SC1,6,0.0,0.0,14.0,0.0,22.0,6.0,6.3
17,max_to_max,SC1,6,0.0,0.0,14.0,0.0,22.0,6.0,6.3
17,max_to_sunset,SC1,6,0.0,0.0,14.0,0.0,22.0,6.0,6.3
17,first_to_first,SC1,7,0.0,0.0,12.0,0.0,22.0,6.0,6.3
17,last_to_last,SC1,7,0.0,0.0,12.0,0.0,22.0,6.0,6.3
17,mid_to_mid,SC1,7,0.0,0.0,12.0,0.0,22.0,6.0,6.3
17,max_to_max,SC1,7,0.0,0.0,12.0,0.0,22.0,6.0,6.3
17,max_to_sunset,SC1,7,0.0,0.0,12.0,0.0,22.0,6.0,6.3
17,first_to_first,SC1,8,0.0,0.0,11.0,0.0,22.0,6.0,6.3
17,last_to_last,SC1,8,0.0,0.0,11.0,0.0,22.0,6.0,6.3
17,mid_to_mid,SC1,8,0.0,0.0,11.0,0.0,22.0,6.0,6.3
17,max_to_max,SC1,8,0.0,0.0,11.0,0.0,22.0,6.0,6.3
17,max_to_sunset,SC1,8,0.0,0.0,11.0,0.0,22.0,6.0,6.3
17,first_to_first,SC1,9,0.0,0.0,7.0,0.0,22.0,6.0,6.3
17,last_to_last,SC1,9,0.0,0.0,7.0,0.0,22.0,6.0,6.2
17,mid_to_mid,SC1,9,0.0,0.0,7.0,0.0,22.0,6.0,6.3
17,max_to_max,SC1,9,0.0,0.0,7.0,0.0,22.0,6.0,6.3
17,max_to_sunset,SC1,9,0.0,0.0,7.0,0.0,22.0,6.0,6.3
17,first_to_first,SC1,10,0.0,0.0,11.0,0.0,22.0,6.0,6.2
17,last_to_last,SC1,10,0.0,0.0,11.0,0.0,22.0,6.0,6.2
17,mid_to_mid,SC1,10,0.0,0.0,11.0,0.0,22.0,6.0,6.2
17,max_to_max,SC1,10,0.0,0.0,11.0,0.0,22.0,6.0,6.2
17,max_to_sunset,SC1,10,0.0,0.0,11.0,0.0,22.0,6.0,6.2
17,first_to_first,SC1,11,0.0,0.0,10.0,0.0,22.0,6.0,6.2
17,last_to_last,SC1,11,0.0,0.0,10.0,0.0,22.0,6.0,6.2
17,mid_to_mid,SC1,11,0.0,0.0,10.0,0.0,22.0,6.0,6.2
17,max_to_max,SC1,11,0.0,0.0,10.0,0.0,22.0,6.0,6.2
17,max_to_sunset,SC1,11,0.0,0.0,10.0,0.0,22.0,6.0,6.2
17,first_to_first,SC1,12,0.0,0.0,12.0,0.0,22.0,6.0,6.2
17,last_to_last,SC1,12,0.0,0.0,12.0,0.0,22.0,6.0,6.2
17,mid_to_mid,SC1,12,0.0,0.0,12.0,0.0,22.0,6.0,6.2
17,max_to_max,SC1,12,0.0,0.0,12.0,0.0,22.0,6.0,6.2
17,max_to_sunset,SC1,12,0.0,0.0,12.0,0.0,22.0,6.0,6.2
17,first_to_first,SC10,1,0.0,0.0,21.0,0.0,24.0,3.0,7.4
17,last_to_last,SC10,1,1.7320508075688772,0.0,21.0,0.0,24.0,3.0,7.4
17,mid_to_mid,SC10,1,1.7320508075688772,0.0,21.0,0.0,24.0,3.0,7.4
17,max_to_max,SC10,1,2.0,0.0,21.0,0.0,24.0,3.0,7.4
17,max_to_sunset,SC10,1,1.7320508075688772,0.0,21.0,0.0,24.0,3.0,7.4
17,first_to_first,SC10,2,0.0,0.0,13.0,8.0,24.0,3.0,7.4
17,last_to_last,SC10,2,14.628738838327793,0.0,13.0,8.0,24.0,3.0,7.4
17,mid_to_mid,SC10,2,3.605551275463989,4.0,13.0,8.0,24.0,3.0,7.4
17,max_to_max,SC10,2,17.832554500127006,39.0,13.0,8.0,24.0,3.0,7.4
17,max_to_sunset,SC10,2,13.228756555322953,39.0,13.0,8.0,24.0,3.0,7.4
17,first_to_first,SC10,3,15.811388300841896,10.0,15.0,104.0,24.0,3.0,7.4
17,last_to_last,SC10,3,14.66287829861518,58.0,15.0,104.0,24.0,3.0,7.4
17,mid_to_mid,SC10,3,16.46207763315433,8.0,15.0,104.0,24.0,3.0,7.4
17,max_to_max,SC10,3,15.198684153570664,78.0,15.0,104.0,24.0,3.0,7.4
17,max_to_sunset,SC10,3,13.96424004376894,78.0,15.0,104.0,24.0,3.0,7.4
17,first_to_first,SC10,4,11.269427669584644,60.0,18.0,176.0,24.0,3.0,7.4
17,last_to_last,SC10,4,4.58257569495584,110.0,18.0,176.0,24.0,3.0,7.4
17,mid_to_mid,SC10,4,3.7416573867739413,9.0,18.0,176.0,24.0,3.0,7.4
17,max_to_max,SC10,4,11.832159566199232,130.0,18.0,176.0,24.0,3.0,7.4
17,max_to_sunset,SC10,4,1.0,130.0,18.0,176.0,24.0,3.0,7.4
17,first_to_first,SC10,5,-3.4641016151377544,109.0,13.0,416.0,24.0,3.0,7.4
17,last_to_last,SC10,5,-11.180339887498949,132.0,13.0,416.0,24.0,3.0,7.4
17,mid_to_mid,SC10,5,-2.6457513110645907,27.0,13.0,416.0,24.0,3.0,7.4
17,max_to_max,SC10,5,-3.3166247903554,148.0,13.0,416.0,24.0,3.0,7.4
17,max_to_sunset,SC10,5,-11.874342087037917,148.0,13.0,416.0,24.0,3.0,7.4
17,first_to_first,SC10,6,-10.954451150103322,120.0,8.0,385.0,24.0,3.0,7.4
17,last_to_last,SC10,6,-9.433981132056603,89.0,8.0,385.0,28.0,3.0,7.4
17,mid_to_mid,SC10,6,-6.928203230275509,48.0,8.0,385.0,25.0,3.0,7.4
17,max_to_max,SC10,6,-16.792855623746664,282.0,8.0,385.0,24.0,3.0,7.4
17,max_to_sunset,SC10,6,-16.792855623746664,282.0,8.0,385.0,28.0,3.0,7.4
17,first_to_first,SC10,7,-10.44030650891055,109.0,17.0,456.0,28.0,3.0,7.2
17,last_to_last,SC10,7,-11.357816691600547,137.0,17.0,456.0,34.0,3.0,7.2
17,mid_to_mid,SC10,7,-7.810249675906654,61.0,17.0,456.0,31.0,3.0,7.2
17,max_to_max,SC10,7,-17.26267650163207,306.0,17.0,456.0,34.0,3.0,7.2
17,max_to_sunset,SC10,7,-17.26267650163207,306.0,17.0,456.0,34.0,3.0,7.2
17,first_to_first,SC10,8,-10.63014581273465,120.0,13.0,387.0,34.0,4.0,7.2
17,last_to_last,SC10,8,-10.583005244258363,115.0,13.0,387.0,34.0,5.0,7.2
17,mid_to_mid,SC10,8,-6.928203230275509,48.0,13.0,387.0,34.0,5.0,7.2
17,max_to_max,SC10,8,-27.331300737432898,770.0,13.0,387.0,34.0,5.0,7.2
17,max_to_sunset,SC10,8,-27.694764848252458,770.0,13.0,387.0,34.0,5.0,7.2
17,first_to_first,SC10,9,-10.344080432788601,109.0,19.0,1122.0,34.0,5.0,7.2
17,last_to_last,SC10,9,-17.69180601295413,322.0,19.0,1122.0,34.0,6.0,7.2
17,mid_to_mid,SC10,9,-8.717797887081348,79.0,19.0,1122.0,34.0,6.0,7.2
17,max_to_max,SC10,9,-22.06807649071391,497.0,19.0,1122.0,34.0,6.0,7.2
17,max_to_sunset,SC10,9,-22.090722034374522,497.0,19.0,1122.0,34.0,6.0,7.2
17,first_to_first,SC10,10,-22.22611077089287,499.0,10.0,0.0,34.0,6.0,7.2
17,last_to_last,SC10,10,-20.8806130178211,436.0,10.0,0.0,34.0,6.0,7.2
17,mid_to_mid,SC10,10,-20.396078054371138,416.0,10.0,0.0,34.0,6.0,7.2
17,max_to_max,SC10,10,-22.15851980616034,500.0,10.0,0.0,34.0,6.0,7.2
17,max_to_sunset,SC10,10,-22.360679774997898,500.0,10.0,0.0,34.0,6.0,7.2
17,first_to_first,SC4,1,-20.8806130178211,436.0,16.0,0.0,32.0,4.0,7.4
17,last_to_last,SC4,1,-18.76166303929372,352.0,16.0,0.0,32.0,4.0,7.4
17,mid_to_mid,SC4,1,-20.8806130178211,436.0,16.0,0.0,32.0,4.0,7.4
17,max_to_max,SC4,1,-23.53720459187964,554.0,16.0,0.0,32.0,4.0,7.4
17,max_to_sunset,SC4,1,-23.53720459187964,554.0,16.0,0.0,32.0,4.0,7.4
17,first_to_first,SC4,2,-17.832554500127006,318.0,19.0,377.0,32.0,4.0,7.4
17,last_to_last,SC4,2,-14.035668847618199,197.0,19.0,377.0,32.0,4.0,7.4
17,mid_to_mid,SC4,2,-12.489995996796797,157.0,19.0,377.0,32.0,4.0,7.4
17,max_to_max,SC4,2,-23.769728648009426,569.0,19.0,377.0,32.0,4.0,7.4
17,max_to_sunset,SC4,2,-23.853720883753127,569.0,19.0,377.0,32.0,4.0,7.4
17,first_to_first,SC4,3,-13.892443989449804,193.0,13.0,104.0,32.0,4.0,7.4
17,last_to_last,SC4,3,5.916079783099616,0.0,13.0,104.0,32.0,4.0,7.4
17,mid_to_mid,SC4,3,2.23606797749979,3.0,13.0,104.0,32.0,4.0,7.4
17,max_to_max,SC4,3,-7.874007874011811,193.0,13.0,104.0,32.0,4.0,7.4
17,max_to_sunset,SC4,3,-12.569805089976535,193.0,13.0,104.0,32.0,4.0,7.4
17,first_to_first,SC4,4,9.591663046625438,0.0,18.0,0.0,32.0,4.0,7.4
17,last_to_last,SC4,4,8.54400374531753,2.0,18.0,0.0,32.0,4.0,7.4
17,mid_to_mid,SC4,4,9.9498743710662,0.0,18.0,0.0,32.0,4.0,7.4
17,max_to_max,SC4,4,14.212670403551895,6.0,18.0,0.0,32.0,4.0,7.4
17,max_to_sunset,SC4,4,8.306623862918075,6.0,18.0,0.0,32.0,4.0,7.4
17,first_to_first,SC4,5,9.055385138137417,0.0,14.0,80.0,32.0,4.0,7.4
17,last_to_last,SC4,5,9.746794344808963,168.0,14.0,80.0,32.0,4.0,7.4
17,mid_to_mid,SC4,5,-2.23606797749979,9.0,14.0,80.0,32.0,4.0,7.4
17,max_to_max,SC4,5,11.74734012447073,184.0,14.0,80.0,32.0,4.0,7.4
17,max_to_sunset,SC4,5,8.888194417315589,184.0,14.0,80.0,32.0,4.0,7.4
17,first_to_first,SC4,6,9.0,153.0,19.0,547.0,32.0,4.0,7.4
17,last_to_last,SC4,6,-10.344080432788601,236.0,19.0,547.0,32.0,4.0,7.4
17,mid_to_mid,SC4,6,-8.888194417315589,94.0,19.0,547.0,32.0,4.0,7.4
17,max_to_max,SC4,6,-10.14889156509222,337.0,19.0,547.0,32.0,4.0,7.4
17,max_to_sunset,SC4,6,-14.422205101855956,337.0,19.0,547.0,32.0,4.0,7.4
17,first_to_first,SC4,7,-7.937253933193772,229.0,8.0,199.0,32.0,4.0,7.4
17,last_to_last,SC4,7,8.0,26.0,8.0,199.0,32.0,4.0,7.4
17,mid_to_mid,SC4,7,9.055385138137417,24.0,8.0,199.0,32.0,4.0,7.4
17,max_to_max,SC4,7,-9.539392014169456,257.0,8.0,199.0,32.0,4.0,7.4
17,max_to_sunset,SC4,7,-12.922847983320086,257.0,8.0,199.0,32.0,4.0,7.4
17,first_to_first,SC4,8,10.0,18.0,20.0,19.0,32.0,4.0,7.4
17,last_to_last,SC4,8,-3.872983346207417,15.0,20.0,19.0,32.0,4.0,7.4
17,mid_to_mid,SC4,8,1.4142135623730951,0.0,20.0,19.0,32.0,4.0,7.4
17,max_to_max,SC4,8,9.486832980505138,28.0,20.0,19.0,32.0,4.0,7.4
17,max_to_sunset,SC4,8,-5.291502622129181,28.0,20.0,19.0,32.0,4.0,7.4
17,first_to_first,SC4,9,-3.872983346207417,15.0,13.0,16.0,32.0,4.0,7.4
17,last_to_last,SC4,9,-6.0,37.0,13.0,16.0,32.0,4.0,7.4
17,mid_to_mid,SC4,9,-1.0,1.0,13.0,16.0,32.0,4.0,7.4
17,max_to_max,SC4,9,-5.5677643628300215,37.0,13.0,16.0,32.0,4.0,7.4
17,max_to_sunset,SC4,9,-6.0,37.0,13.0,16.0,32.0,4.0,7.4
17,first_to_first,SC4,10,-6.6332495807108,45.0,8.0,82.0,32.0,4.0,7.4
17,last_to_last,SC4,10,-1.7320508075688772,3.0,8.0,82.0,32.0,4.0,7.4
17,mid_to_mid,SC4,10,0.0,0.0,8.0,82.0,32.0,4.0,7.4
17,max_to_max,SC4,10,-7.280109889280518,54.0,8.0,82.0,32.0,4.0,7.4
17,max_to_sunset,SC4,10,-7.3484692283495345,54.0,8.0,82.0,32.0,4.0,7.4
17,first_to_first,SC4,11,-2.449489742783178,6.0,19.0,9.0,32.0,4.0,7.4
17,last_to_last,SC4,11,8.888194417315589,6.0,19.0,9.0,32.0,6.0,7.4
17,mid_to_mid,SC4,11,2.449489742783178,0.0,19.0,9.0,32.0,6.0,7.4
17,max_to_max,SC4,11,8.366600265340756,18.0,19.0,9.0,32.0,6.0,7.4
17,max_to_sunset,SC4,11,8.18535277187245,18.0,19.0,9.0,32.0,6.0,7.4
17,first_to_first,SC4,12,9.539392014169456,5.0,7.0,2.0,32.0,6.0,7.4
17,last_to_last,SC4,12,1.0,0.0,7.0,2.0,32.0,6.0,7.4
17,mid_to_mid,SC4,12,11.874342087037917,0.0,7.0,2.0,32.0,6.0,7.4
17,max_to_max,SC4,12,11.661903789690601,5.0,7.0,2.0,32.0,6.0,7.4
17,max_to_sunset,SC4,12,-2.0,5.0,7.0,2.0,32.0,6.0,7.4
17,first_to_first,SC4,13,0.0,0.0,8.0,0.0,32.0,6.0,7.4
17,last_to_last,SC4,13,2.23606797749979,0.0,8.0,0.0,30.0,6.0,7.4
17,mid_to_mid,SC4,13,2.0,0.0,8.0,0.0,32.0,6.0,7.4
17,max_to_max,SC4,13,3.4641016151377544,0.0,8.0,0.0,32.0,6.0,7.4
17,max_to_sunset,SC4,13,2.23606797749979,0.0,8.0,0.0,32.0,6.0,7.4
17,first_to_first,SC4,14,2.449489742783178,0.0,17.0,2.0,30.0,5.0,7.4
17,last_to_last,SC4,14,-11.357816691600547,129.0,17.0,2.0,30.0,5.0,7.4
17,mid_to_mid,SC4,14,2.0,0.0,17.0,2.0,30.0,5.0,7.4
17,max_to_max,SC4,14,-12.0,150.0,17.0,2.0,30.0,5.0,7.4
17,max_to_sunset,SC4,14,-12.24744871391589,150.0,17.0,2.0,30.0,5.0,7.4
17,first_to_first,SC4,15,-11.224972160321824,126.0,14.0,48.0,30.0,5.0,7.4
17,last_to_last,SC4,15,10.295630140987,3.0,14.0,48.0,24.0,5.0,7.4
17,mid_to_mid,SC4,15,-3.3166247903554,18.0,14.0,48.0,30.0,5.0,7.4
17,max_to_max,SC4,15,-3.872983346207417,135.0,14.0,48.0,30.0,5.0,7.4
17,max_to_sunset,SC4,15,-5.0990195135927845,135.0,14.0,48.0,30.0,5.0,7.4
17,first_to_first,SC4,16,11.313708498984761,7.0,17.0,0.0,24.0,5.0,7.4
17,last_to_last,SC4,16,9.539392014169456,0.0,17.0,0.0,24.0,5.0,7.4
17,mid_to_mid,SC4,16,4.123105625617661,0.0,17.0,0.0,24.0,5.0,7.4
17,max_to_max,SC4,16,12.041594578792296,8.0,17.0,0.0,24.0,5.0,7.4
17,max_to_sunset,SC4,16,9.1104335791443,8.0,17.0,0.0,24.0,5.0,7.4
17,first_to_first,SC4,17,11.269427669584644,0.0,14.0,0.0,24.0,5.0,6.2
17,last_to_last,SC4,17,1.7320508075688772,0.0,14.0,0.0,24.0,5.0,6.2
17,mid_to_mid,SC4,17,3.1622776601683795,0.0,14.0,0.0,24.0,5.0,6.2
17,max_to_max,SC4,17,11.269427669584644,0.0,14.0,0.0,24.0,5.0,6.2
17,max_to_sunset,SC4,17,1.7320508075688772,0.0,14.0,0.0,24.0,5.0,6.2
17,first_to_first,SC6,1,5.196152422706632,0.0,21.0,1.0,25.0,7.0,7.8
17,last_to_last,SC6,1,12.806248474865697,1.0,21.0,1.0,25.0,7.0,7.8
17,mid_to_mid,SC6,1,3.4641016151377544,0.0,21.0,1.0,25.0,7.0,7.8
17,max_to_max,SC6,1,12.767145334803704,2.0,21.0,1.0,25.0,7.0,7.8
17,max_to_sunset,SC6,1,12.767145334803704,2.0,21.0,1.0,25.0,7.0,7.8
17,first_to_first,SC6,2,12.0,0.0,18.0,14.0,25.0,6.0,7.8
17,last_to_last,SC6,2,-11.874342087037917,196.0,18.0,14.0,25.0,6.0,7.8
17,mid_to_mid,SC6,2,7.0710678118654755,1.0,18.0,14.0,25.0,6.0,7.8
17,max_to_max,SC6,2,-11.832159566199232,284.0,18.0,14.0,25.0,6.0,7.8
17,max_to_sunset,SC6,2,-15.132745950421556,284.0,18.0,14.0,25.0,6.0,7.8
17,first_to_first,SC6,3,-7.810249675906654,106.0,14.0,36.0,25.0,6.0,7.8
17,last_to_last,SC6,3,-6.6332495807108,65.0,14.0,36.0,22.0,6.0,7.8
17,mid_to_mid,SC6,3,-4.69041575982343,61.0,14.0,36.0,25.0,6.0,7.8
17,max_to_max,SC6,3,-6.4031242374328485,120.0,14.0,36.0,25.0,6.0,7.8
17,max_to_sunset,SC6,3,-9.9498743710662,120.0,14.0,36.0,25.0,6.0,7.8
17,first_to_first,SC6,4,-4.795831523312719,46.0,17.0,3.0,19.0,6.0,7.8
17,last_to_last,SC6,4,3.605551275463989,19.0,17.0,3.0,19.0,6.0,7.8
17,mid_to_mid,SC6,4,-1.4142135623730951,26.0,17.0,3.0,19.0,6.0,7.8
17,max_to_max,SC6,4,-6.0,77.0,17.0,3.0,19.0,6.0,7.8
17,max_to_sunset,SC6,4,-6.708203932499369,77.0,17.0,3.0,19.0,6.0,7.8
17,first_to_first,SC6,5,2.449489742783178,15.0,15.0,12.0,19.0,6.0,7.8
17,last_to_last,SC6,5,1.4142135623730951,14.0,15.0,12.0,19.0,6.0,7.8
17,mid_to_mid,SC6,5,-2.6457513110645907,18.0,15.0,12.0,19.0,6.0,7.8
17,max_to_max,SC6,5,3.605551275463989,18.0,15.0,12.0,19.0,6.0,7.8
17,max_to_sunset,SC6,5,-1.4142135623730951,18.0,15.0,12.0,19.0,6.0,7.8
17,first_to_first,SC8,1,-15.264337522473747,238.0,16.0,0.0,20.0,4.0,8.7
17,last_to_last,SC8,1,-15.811388300841896,254.0,16.0,0.0,18.0,4.0,8.7
17,mid_to_mid,SC8,1,-15.231546211727817,238.0,16.0,0.0,20.0,4.0,8.7
17,max_to_max,SC8,1,-15.231546211727817,255.0,16.0,0.0,18.0,4.0,8.7
17,max_to_sunset,SC8,1,-15.84297951775486,255.0,16.0,0.0,18.0,4.0,8.7
17,first_to_first,SC8,2,-16.06237840420901,264.0,6.0,1.0,18.0,4.0,8.7
17,last_to_last,SC8,2,-15.329709716755891,243.0,6.0,1.0,18.0,4.0,8.7
17,mid_to_mid,SC8,2,-15.524174696260024,247.0,6.0,1.0,18.0,4.0,8.7
17,max_to_max,SC8,2,-16.0,264.0,6.0,1.0,18.0,4.0,8.7
17,max_to_sunset,SC8,2,-16.0,264.0,6.0,1.0,18.0,4.0,8.7
17,first_to_first,SC8,3,-15.329709716755891,243.0,6.0,9.0,18.0,4.0,8.4
17,last_to_last,SC8,3,-14.696938456699069,225.0,6.0,9.0,18.0,4.0,8.4
17,mid_to_mid,SC8,3,-14.832396974191326,228.0,6.0,9.0,18.0,4.0,8.4
17,max_to_max,SC8,3,-15.297058540778355,243.0,6.0,9.0,18.0,4.0,8.4
17,max_to_sunset,SC8,3,-15.297058540778355,243.0,6.0,9.0,18.0,4.0,8.4
17,first_to_first,SC8,4,-14.89966442575134,238.0,12.0,32.0,18.0,4.0,8.4
17,last_to_last,SC8,4,-14.798648586948742,242.0,12.0,32.0,18.0,5.0,8.4
17,mid_to_mid,SC8,4,-14.38749456993816,231.0,12.0,32.0,18.0,5.0,8.4
17,max_to_max,SC8,4,-14.317821063276353,242.0,12.0,32.0,18.0,5.0,8.4
17,max_to_sunset,SC8,4,-14.798648586948742,242.0,12.0,32.0,18.0,5.0,8.4
17,first_to_first,SC8,5,-14.798648586948742,243.0,9.0,26.0,18.0,5.0,8.4
17,last_to_last,SC8,5,-14.560219778561036,253.0,9.0,26.0,21.0,5.0,8.4
17,mid_to_mid,SC8,5,-15.459624833740307,249.0,9.0,26.0,18.0,5.0,8.4
17,max_to_max,SC8,5,-14.628738838327793,255.0,9.0,26.0,18.0,5.0,8.4
17,max_to_sunset,SC8,5,-14.628738838327793,255.0,9.0,26.0,21.0,5.0,8.4
17,first_to_first,SC8,6,-15.556349186104045,252.0,8.0,9.0,21.0,5.0,8.4
17,last_to_last,SC8,6,-15.264337522473747,236.0,8.0,9.0,21.0,5.0,8.4
17,mid_to_mid,SC8,6,-15.132745950421556,232.0,8.0,9.0,21.0,5.0,8.4
17,max_to_max,SC8,6,-15.198684153570664,253.0,8.0,9.0,21.0,5.0,8.4
17,max_to_sunset,SC8,6,-15.811388300841896,253.0,8.0,9.0,21.0,5.0,8.4
18,first_to_first,SC1,1,-10.392304845413264,108.0,16.0,0.0,22.0,6.0,6.3
18,last_to_last,SC1,1,-7.14142842854285,51.0,16.0,0.0,22.0,6.0,6.3
18,mid_to_mid,SC1,1,-8.48528137423857,72.0,16.0,0.0,22.0,6.0,6.3
18,max_to_max,SC1,1,-11.0,121.0,16.0,0.0,22.0,6.0,6.3
18,max_to_sunset,SC1,1,-11.0,121.0,16.0,0.0,22.0,6.0,6.3
18,first_to_first,SC1,2,-7.483314773547883,56.0,16.0,0.0,22.0,6.0,6.3
18,last_to_last,SC1,2,-4.795831523312719,23.0,16.0,0.0,22.0,6.0,6.3
18,mid_to_mid,SC1,2,-6.6332495807108,44.0,16.0,0.0,22.0,6.0,6.3
18,max_to_max,SC1,2,-7.483314773547883,56.0,16.0,0.0,22.0,6.0,6.3
18,max_to_sunset,SC1,2,-7.483314773547883,56.0,16.0,0.0,22.0,6.0,6.3
18,first_to_first,SC1,3,-3.3166247903554,11.0,11.0,5.0,22.0,6.0,6.3
18,last_to_last,SC1,3,-1.4142135623730951,2.0,11.0,5.0,22.0,6.0,6.3
18,mid_to_mid,SC1,3,-2.449489742783178,6.0,11.0,5.0,22.0,6.0,6.3
18,max_to_max,SC1,3,-4.58257569495584,21.0,11.0,5.0,22.0,6.0,6.3
18,max_to_sunset,SC1,3,-4.58257569495584,21.0,11.0,5.0,22.0,6.0,6.3
18,first_to_first,SC1,4,-2.23606797749979,5.0,9.0,3.0,22.0,6.0,6.3
18,last_to_last,SC1,4,0.0,0.0,9.0,3.0,22.0,6.0,6.3
18,mid_to_mid,SC1,4,-1.4142135623730951,2.0,9.0,3.0,22.0,6.0,6.3
18,max_to_max,SC1,4,-2.23606797749979,5.0,9.0,3.0,22.0,6.0,6.3
18,max_to_sunset,SC1,4,-2.23606797749979,5.0,9.0,3.0,22.0,6.0,6.3
18,first_to_first,SC1,5,0.0,0.0,13.0,0.0,22.0,6.0,6.3
18,last_to_last,SC1,5,0.0,0.0,13.0,0.0,22.0,6.0,6.3
18,mid_to_mid,SC1,5,0.0,0.0,13.0,0.0,22.0,6.0,6.3
18,max_to_max,SC1,5,0.0,0.0,13.0,0.0,22.0,6.0,6.3
18,max_to_sunset,SC1,5,0.0,0.0,13.0,0.0,22.0,6.0,6.3
18,first_to_first,SC1,6,0.0,0.0,14.0,0.0,22.0,6.0,6.3
18,last_to_last,SC1,6,0.0,0.0,14.0,0.0,22.0,6.0,6.3
18,mid_to_mid,SC1,6,0.0,0.0,14.0,0.0,22.0,6.0,6.3
18,max_to_max,SC1,6,0.0,0.0,14.0,0.0,22.0,6.0,6.3
18,max_to_sunset,SC1,6,0.0,0.0,14.0,0.0,22.0,6.0,6.3
18,first_to_first,SC1,7,0.0,0.0,12.0,0.0,22.0,6.0,6.3
18,last_to_last,SC1,7,0.0,0.0,12.0,0.0,22.0,6.0,6.3
18,mid_to_mid,SC1,7,0.0,0.0,12.0,0.0,22.0,6.0,6.3
18,max_to_max,SC1,7,0.0,0.0,12.0,0.0,22.0,6.0,6.3
18,max_to_sunset,SC1,7,0.0,0.0,12.0,0.0,22.0,6.0,6.3
18,first_to_first,SC1,8,0.0,0.0,11.0,0.0,22.0,6.0,6.3
18,last_to_last,SC1,8,0.0,0.0,11.0,0.0,22.0,6.0,6.3
18,mid_to_mid,SC1,8,0.0,0.0,11.0,0.0,22.0,6.0,6.3
18,max_to_max,SC1,8,0.0,0.0,11.0,0.0,22.0,6.0,6.3
18,max_to_sunset,SC1,8,0.0,0.0,11.0,0.0,22.0,6.0,6.3
18,first_to_first,SC1,9,0.0,0.0,7.0,0.0,22.0,6.0,6.3
18,last_to_last,SC1,9,0.0,0.0,7.0,0.0,22.0,6.0,6.2
18,mid_to_mid,SC1,9,0.0,0.0,7.0,0.0,22.0,6.0,6.3
18,max_to_max,SC1,9,0.0,0.0,7.0,0.0,22.0,6.0,6.3
18,max_to_sunset,SC1,9,0.0,0.0,7.0,0.0,22.0,6.0,6.3
18,first_to_first,SC1,10,0.0,0.0,11.0,0.0,22.0,6.0,6.2
18,last_to_last,SC1,10,0.0,0.0,11.0,0.0,22.0,6.0,6.2
18,mid_to_mid,SC1,10,0.0,0.0,11.0,0.0,22.0,6.0,6.2
18,max_to_max,SC1,10,0.0,0.0,11.0,0.0,22.0,6.0,6.2
18,max_to_sunset,SC1,10,0.0,0.0,11.0,0.0,22.0,6.0,6.2
18,first_to_first,SC1,11,0.0,0.0,10.0,0.0,22.0,6.0,6.2
18,last_to_last,SC1,11,0.0,0.0,10.0,0.0,22.0,6.0,6.2
18,mid_to_mid,SC1,11,0.0,0.0,10.0,0.0,22.0,6.0,6.2
18,max_to_max,SC1,11,0.0,0.0,10.0,0.0,22.0,6.0,6.2
18,max_to_sunset,SC1,11,0.0,0.0,10.0,0.0,22.0,6.0,6.2
18,first_to_first,SC10,1,0.0,0.0,21.0,0.0,24.0,3.0,7.4
18,last_to_last,SC10,1,14.628738838327793,0.0,21.0,0.0,24.0,3.0,7.4
18,mid_to_mid,SC10,1,4.123105625617661,0.0,21.0,0.0,24.0,3.0,7.4
18,max_to_max,SC10,1,18.894443627691185,0.0,21.0,0.0,24.0,3.0,7.4
18,max_to_sunset,SC10,1,14.628738838327793,0.0,21.0,0.0,24.0,3.0,7.4
18,first_to_first,SC10,2,16.1245154965971,0.0,13.0,8.0,24.0,3.0,7.4
18,last_to_last,SC10,2,16.522711641858304,0.0,13.0,8.0,24.0,3.0,7.4
18,mid_to_mid,SC10,2,16.583123951777,4.0,13.0,8.0,24.0,3.0,7.4
18,max_to_max,SC10,2,16.431676725154983,39.0,13.0,8.0,24.0,3.0,7.4
18,max_to_sunset,SC10,2,15.297058540778355,39.0,13.0,8.0,24.0,3.0,7.4
18,first_to_first,SC10,3,13.30413469565007,10.0,15.0,104.0,24.0,3.0,7.4
18,last_to_last,SC10,3,8.54400374531753,58.0,15.0,104.0,24.0,3.0,7.4
18,mid_to_mid,SC10,3,3.872983346207417,8.0,15.0,104.0,24.0,3.0,7.4
18,max_to_max,SC10,3,13.856406460551018,78.0,15.0,104.0,24.0,3.0,7.4
18,max_to_sunset,SC10,3,7.280109889280518,78.0,15.0,104.0,24.0,3.0,7.4
18,first_to_first,SC10,4,6.082762530298219,60.0,18.0,176.0,24.0,3.0,7.4
18,last_to_last,SC10,4,-10.14889156509222,110.0,18.0,176.0,24.0,3.0,7.4
18,mid_to_mid,SC10,4,3.3166247903554,9.0,18.0,176.0,24.0,3.0,7.4
18,max_to_max,SC10,4,2.6457513110645907,130.0,18.0,176.0,24.0,3.0,7.4
18,max_to_sunset,SC10,4,-11.090536506409418,130.0,18.0,176.0,24.0,3.0,7.4
18,first_to_first,SC10,5,-10.44030650891055,109.0,13.0,416.0,24.0,3.0,7.4
18,last_to_last,SC10,5,-11.489125293076057,132.0,13.0,416.0,28.0,3.0,7.4
18,mid_to_mid,SC10,5,-5.196152422706632,27.0,13.0,416.0,25.0,3.0,7.4
18,max_to_max,SC10,5,-12.165525060596439,148.0,13.0,416.0,24.0,3.0,7.4
18,max_to_sunset,SC10,5,-12.165525060596439,148.0,13.0,416.0,28.0,3.0,7.4
18,first_to_first,SC10,6,-10.954451150103322,120.0,8.0,385.0,28.0,3.0,7.4
18,last_to_last,SC10,6,-9.0,89.0,8.0,385.0,34.0,3.0,7.4
18,mid_to_mid,SC10,6,-6.928203230275509,48.0,8.0,385.0,31.0,3.0,7.4
18,max_to_max,SC10,6,-16.55294535724685,282.0,8.0,385.0,34.0,3.0,7.4
18,max_to_sunset,SC10,6,-16.55294535724685,282.0,8.0,385.0,34.0,3.0,7.4
18,first_to_first,SC10,7,-10.099504938362077,109.0,17.0,456.0,34.0,3.0,7.2
18,last_to_last,SC10,7,-11.575836902790225,137.0,17.0,456.0,34.0,3.0,7.2
18,mid_to_mid,SC10,7,-7.810249675906654,61.0,17.0,456.0,34.0,3.0,7.2
18,max_to_max,SC10,7,-16.822603841260722,306.0,17.0,456.0,34.0,3.0,7.2
18,max_to_sunset,SC10,7,-17.406895185529212,306.0,17.0,456.0,34.0,3.0,7.2
18,first_to_first,SC10,8,-10.862780491200215,120.0,13.0,387.0,34.0,4.0,7.2
18,last_to_last,SC10,8,-10.295630140987,115.0,13.0,387.0,34.0,5.0,7.2
18,mid_to_mid,SC10,8,-6.708203932499369,48.0,13.0,387.0,34.0,5.0,7.2
18,max_to_max,SC10,8,-27.568097504180443,770.0,13.0,387.0,34.0,5.0,7.2
18,max_to_sunset,SC10,8,-27.586228448267445,770.0,13.0,387.0,34.0,5.0,7.2
18,first_to_first,SC10,9,-10.198039027185569,109.0,19.0,1122.0,34.0,5.0,7.2
18,last_to_last,SC10,9,-17.944358444926362,322.0,19.0,1122.0,34.0,6.0,7.2
18,mid_to_mid,SC10,9,-8.888194417315589,79.0,19.0,1122.0,34.0,6.0,7.2
18,max_to_max,SC10,9,-22.090722034374522,497.0,19.0,1122.0,34.0,6.0,7.2
18,max_to_sunset,SC10,9,-22.293496809607955,497.0,19.0,1122.0,34.0,6.0,7.2
18,first_to_first,SC4,1,-20.8806130178211,436.0,16.0,0.0,32.0,4.0,7.4
18,last_to_last,SC4,1,-18.76166303929372,352.0,16.0,0.0,32.0,4.0,7.4
18,mid_to_mid,SC4,1,-20.85665361461421,436.0,16.0,0.0,32.0,4.0,7.4
18,max_to_max,SC4,1,-23.45207879911715,554.0,16.0,0.0,32.0,4.0,7.4
18,max_to_sunset,SC4,1,-23.53720459187964,554.0,16.0,0.0,32.0,4.0,7.4
18,first_to_first,SC4,2,-17.832554500127006,318.0,19.0,377.0,32.0,4.0,7.4
18,last_to_last,SC4,2,-12.727922061357855,197.0,19.0,377.0,32.0,4.0,7.4
18,mid_to_mid,SC4,2,-12.206555615733702,157.0,19.0,377.0,32.0,4.0,7.4
18,max_to_max,SC4,2,-20.92844953645635,569.0,19.0,377.0,32.0,4.0,7.4
18,max_to_sunset,SC4,2,-23.108440016582687,569.0,19.0,377.0,32.0,4.0,7.4
18,first_to_first,SC4,3,-10.04987562112089,193.0,13.0,104.0,32.0,4.0,7.4
18,last_to_last,SC4,3,8.660254037844387,0.0,13.0,104.0,32.0,4.0,7.4
18,mid_to_mid,SC4,3,9.797958971132712,3.0,13.0,104.0,32.0,4.0,7.4
18,max_to_max,SC4,3,3.872983346207417,193.0,13.0,104.0,32.0,4.0,7.4
18,max_to_sunset,SC4,3,-10.862780491200215,193.0,13.0,104.0,32.0,4.0,7.4
18,first_to_first,SC4,4,9.055385138137417,0.0,18.0,0.0,32.0,4.0,7.4
18,last_to_last,SC4,4,16.15549442140351,2.0,18.0,0.0,32.0,4.0,7.4
18,mid_to_mid,SC4,4,2.0,0.0,18.0,0.0,32.0,4.0,7.4
18,max_to_max,SC4,4,17.776388834631177,6.0,18.0,0.0,32.0,4.0,7.4
18,max_to_sunset,SC4,4,16.0312195418814,6.0,18.0,0.0,32.0,4.0,7.4
18,first_to_first,SC4,5,15.297058540778355,0.0,14.0,80.0,32.0,4.0,7.4
18,last_to_last,SC4,5,-6.244997998398398,168.0,14.0,80.0,32.0,4.0,7.4
18,mid_to_mid,SC4,5,2.449489742783178,9.0,14.0,80.0,32.0,4.0,7.4
18,max_to_max,SC4,5,7.0710678118654755,184.0,14.0,80.0,32.0,4.0,7.4
18,max_to_sunset,SC4,5,-7.416198487095663,184.0,14.0,80.0,32.0,4.0,7.4
18,first_to_first,SC4,6,3.605551275463989,153.0,19.0,547.0,32.0,4.0,7.4
18,last_to_last,SC4,6,-12.083045973594572,236.0,19.0,547.0,32.0,4.0,7.4
18,mid_to_mid,SC4,6,3.4641016151377544,94.0,19.0,547.0,32.0,4.0,7.4
18,max_to_max,SC4,6,-13.076696830622021,337.0,19.0,547.0,32.0,4.0,7.4
18,max_to_sunset,SC4,6,-15.716233645501712,337.0,19.0,547.0,32.0,4.0,7.4
18,first_to_first,SC4,7,-10.535653752852738,229.0,8.0,199.0,32.0,4.0,7.4
18,last_to_last,SC4,7,-5.0990195135927845,26.0,8.0,199.0,32.0,4.0,7.4
18,mid_to_mid,SC4,7,-4.69041575982343,24.0,8.0,199.0,32.0,4.0,7.4
18,max_to_max,SC4,7,-11.789826122551595,257.0,8.0,199.0,32.0,4.0,7.4
18,max_to_sunset,SC4,7,-16.0312195418814,257.0,8.0,199.0,32.0,4.0,7.4
18,first_to_first,SC4,8,-4.242640687119285,18.0,20.0,19.0,32.0,4.0,7.4
18,last_to_last,SC4,8,-3.7416573867739413,15.0,20.0,19.0,32.0,4.0,7.4
18,mid_to_mid,SC4,8,0.0,0.0,20.0,19.0,32.0,4.0,7.4
18,max_to_max,SC4,8,-4.69041575982343,28.0,20.0,19.0,32.0,4.0,7.4
18,max_to_sunset,SC4,8,-5.196152422706632,28.0,20.0,19.0,32.0,4.0,7.4
18,first_to_first,SC4,9,-3.7416573867739413,15.0,13.0,16.0,32.0,4.0,7.4
18,last_to_last,SC4,9,-6.082762530298219,37.0,13.0,16.0,32.0,4.0,7.4
18,mid_to_mid,SC4,9,-1.0,1.0,13.0,16.0,32.0,4.0,7.4
18,max_to_max,SC4,9,-6.0,37.0,13.0,16.0,32.0,4.0,7.4
18,max_to_sunset,SC4,9,-6.082762530298219,37.0,13.0,16.0,32.0,4.0,7.4
18,first_to_first,SC4,10,-6.708203932499369,45.0,8.0,82.0,32.0,4.0,7.4
18,last_to_last,SC4,10,9.055385138137417,3.0,8.0,82.0,32.0,4.0,7.4
18,mid_to_mid,SC4,10,2.449489742783178,0.0,8.0,82.0,32.0,4.0,7.4
18,max_to_max,SC4,10,5.830951894845301,54.0,8.0,82.0,32.0,4.0,7.4
18,max_to_sunset,SC4,10,5.5677643628300215,54.0,8.0,82.0,32.0,4.0,7.4
18,first_to_first,SC4,11,9.486832980505138,6.0,19.0,9.0,32.0,4.0,7.4
18,last_to_last,SC4,11,-2.23606797749979,6.0,19.0,9.0,32.0,6.0,7.4
18,mid_to_mid,SC4,11,11.874342087037917,0.0,19.0,9.0,32.0,6.0,7.4
18,max_to_max,SC4,11,11.090536506409418,18.0,19.0,9.0,32.0,6.0,7.4
18,max_to_sunset,SC4,11,-4.123105625617661,18.0,19.0,9.0,32.0,6.0,7.4
18,first_to_first,SC4,12,-2.23606797749979,5.0,7.0,2.0,32.0,6.0,7.4
18,last_to_last,SC4,12,2.23606797749979,0.0,7.0,2.0,32.0,6.0,7.4
18,mid_to_mid,SC4,12,2.0,0.0,7.0,2.0,32.0,6.0,7.4
18,max_to_max,SC4,12,2.6457513110645907,5.0,7.0,2.0,32.0,6.0,7.4
18,max_to_sunset,SC4,12,0.0,5.0,7.0,2.0,32.0,6.0,7.4
18,first_to_first,SC4,13,2.449489742783178,0.0,8.0,0.0,32.0,5.0,7.4
18,last_to_last,SC4,13,0.0,0.0,8.0,0.0,30.0,5.0,7.4
18,mid_to_mid,SC4,13,2.0,0.0,8.0,0.0,32.0,5.0,7.4
18,max_to_max,SC4,13,2.449489742783178,0.0,8.0,0.0,32.0,5.0,7.4
18,max_to_sunset,SC4,13,0.0,0.0,8.0,0.0,32.0,5.0,7.4
18,first_to_first,SC4,14,0.0,0.0,17.0,2.0,30.0,5.0,7.4
18,last_to_last,SC4,14,-4.47213595499958,129.0,17.0,2.0,30.0,5.0,7.4
18,mid_to_mid,SC4,14,2.6457513110645907,0.0,17.0,2.0,30.0,5.0,7.4
18,max_to_max,SC4,14,-5.477225575051661,150.0,17.0,2.0,30.0,5.0,7.4
18,max_to_sunset,SC4,14,-6.4031242374328485,150.0,17.0,2.0,30.0,5.0,7.4
18,first_to_first,SC4,15,3.0,126.0,14.0,48.0,30.0,5.0,7.4
18,last_to_last,SC4,15,9.38083151964686,3.0,14.0,48.0,24.0,5.0,7.4
18,mid_to_mid,SC4,15,-1.0,18.0,14.0,48.0,30.0,5.0,7.4
18,max_to_max,SC4,15,4.242640687119285,135.0,14.0,48.0,30.0,5.0,7.4
18,max_to_sunset,SC4,15,-6.6332495807108,135.0,14.0,48.0,30.0,5.0,7.4
18,first_to_first,SC4,16,10.954451150103322,7.0,17.0,0.0,24.0,5.0,7.4
18,last_to_last,SC4,16,1.7320508075688772,0.0,17.0,0.0,24.0,5.0,7.4
18,mid_to_mid,SC4,16,3.1622776601683795,0.0,17.0,0.0,24.0,5.0,7.4
18,max_to_max,SC4,16,10.908712114635714,8.0,17.0,0.0,24.0,5.0,7.4
18,max_to_sunset,SC4,16,-2.23606797749979,8.0,17.0,0.0,24.0,5.0,7.4
18,first_to_first,SC6,1,12.0,0.0,21.0,1.0,25.0,6.0,7.8
18,last_to_last,SC6,1,7.3484692283495345,1.0,21.0,1.0,25.0,6.0,7.8
18,mid_to_mid,SC6,1,7.14142842854285,0.0,21.0,1.0,25.0,6.0,7.8
18,max_to_max,SC6,1,11.916375287812984,2.0,21.0,1.0,25.0,6.0,7.8
18,max_to_sunset,SC6,1,7.280109889280518,2.0,21.0,1.0,25.0,6.0,7.8
18,first_to_first,SC6,2,6.708203932499369,0.0,18.0,14.0,25.0,6.0,7.8
18,last_to_last,SC6,2,-13.228756555322953,196.0,18.0,14.0,25.0,6.0,7.8
18,mid_to_mid,SC6,2,6.164414002968976,1.0,18.0,14.0,25.0,6.0,7.8
18,max_to_max,SC6,2,-14.317821063276353,284.0,18.0,14.0,25.0,6.0,7.8
18,max_to_sunset,SC6,2,-16.217274740226856,284.0,18.0,14.0,25.0,6.0,7.8
18,first_to_first,SC6,3,-9.1104335791443,106.0,14.0,36.0,25.0,6.0,7.8
18,last_to_last,SC6,3,-5.744562646538029,65.0,14.0,36.0,22.0,6.0,7.8
18,mid_to_mid,SC6,3,-6.082762530298219,61.0,14.0,36.0,25.0,6.0,7.8
18,max_to_max,SC6,3,-8.888194417315589,120.0,14.0,36.0,25.0,6.0,7.8
18,max_to_sunset,SC6,3,-9.38083151964686,120.0,14.0,36.0,25.0,6.0,7.8
18,first_to_first,SC6,4,-5.0,46.0,17.0,3.0,19.0,6.0,7.8
18,last_to_last,SC6,4,-1.7320508075688772,19.0,17.0,3.0,19.0,6.0,7.8
18,mid_to_mid,SC6,4,-3.872983346207417,26.0,17.0,3.0,19.0,6.0,7.8
18,max_to_max,SC6,4,-6.782329983125268,77.0,17.0,3.0,19.0,6.0,7.8
18,max_to_sunset,SC6,4,-7.810249675906654,77.0,17.0,3.0,19.0,6.0,7.8
18,first_to_first,SC8,1,-15.231546211727817,238.0,16.0,0.0,20.0,4.0,8.7
18,last_to_last,SC8,1,-15.684387141358123,254.0,16.0,0.0,18.0,4.0,8.7
18,mid_to_mid,SC8,1,-15.231546211727817,238.0,16.0,0.0,20.0,4.0,8.7
18,max_to_max,SC8,1,-15.716233645501712,255.0,16.0,0.0,18.0,4.0,8.7
18,max_to_sunset,SC8,1,-15.716233645501712,255.0,16.0,0.0,18.0,4.0,8.7
18,first_to_first,SC8,2,-16.0,264.0,6.0,1.0,18.0,4.0,8.7
18,last_to_last,SC8,2,-15.297058540778355,243.0,6.0,1.0,18.0,4.0,8.7
18,mid_to_mid,SC8,2,-15.459624833740307,247.0,6.0,1.0,18.0,4.0,8.7
18,max_to_max,SC8,2,-15.968719422671311,264.0,6.0,1.0,18.0,4.0,8.7
18,max_to_sunset,SC8,2,-15.968719422671311,264.0,6.0,1.0,18.0,4.0,8.7
18,first_to_first,SC8,3,-15.066519173319364,243.0,6.0,9.0,18.0,4.0,8.4
18,last_to_last,SC8,3,-14.212670403551895,225.0,6.0,9.0,18.0,4.0,8.4
18,mid_to_mid,SC8,3,-14.2828568570857,228.0,6.0,9.0,18.0,4.0,8.4
18,max_to_max,SC8,3,-14.352700094407323,243.0,6.0,9.0,18.0,4.0,8.4
18,max_to_sunset,SC8,3,-14.832396974191326,243.0,6.0,9.0,18.0,4.0,8.4
18,first_to_first,SC8,4,-14.628738838327793,238.0,12.0,32.0,18.0,4.0,8.4
18,last_to_last,SC8,4,-14.177446878757825,242.0,12.0,32.0,21.0,5.0,8.4
18,mid_to_mid,SC8,4,-14.866068747318506,231.0,12.0,32.0,18.0,5.0,8.4
18,max_to_max,SC8,4,-14.177446878757825,242.0,12.0,32.0,18.0,5.0,8.4
18,max_to_sunset,SC8,4,-14.177446878757825,242.0,12.0,32.0,21.0,5.0,8.4
18,first_to_first,SC8,5,-15.264337522473747,243.0,9.0,26.0,21.0,5.0,8.4
18,last_to_last,SC8,5,-15.811388300841896,253.0,9.0,26.0,21.0,5.0,8.4
18,mid_to_mid,SC8,5,-15.684387141358123,249.0,9.0,26.0,21.0,5.0,8.4
18,max_to_max,SC8,5,-15.264337522473747,255.0,9.0,26.0,21.0,5.0,8.4
18,max_to_sunset,SC8,5,-15.874507866387544,255.0,9.0,26.0,21.0,5.0,8.4
19,first_to_first,SC1,1,-10.392304845413264,108.0,16.0,0.0,22.0,6.0,6.3
19,last_to_last,SC1,1,-7.14142842854285,51.0,16.0,0.0,22.0,6.0,6.3
19,mid_to_mid,SC1,1,-8.48528137423857,72.0,16.0,0.0,22.0,6.0,6.3
19,max_to_max,SC1,1,-11.0,121.0,16.0,0.0,22.0,6.0,6.3
19,max_to_sunset,SC1,1,-11.0,121.0,16.0,0.0,22.0,6.0,6.3
19,first_to_first,SC1,2,-7.483314773547883,56.0,16.0,0.0,22.0,6.0,6.3
19,last_to_last,SC1,2,-4.795831523312719,23.0,16.0,0.0,22.0,6.0,6.3
19,mid_to_mid,SC1,2,-6.6332495807108,44.0,16.0,0.0,22.0,6.0,6.3
19,max_to_max,SC1,2,-7.483314773547883,56.0,16.0,0.0,22.0,6.0,6.3
19,max_to_sunset,SC1,2,-7.483314773547883,56.0,16.0,0.0,22.0,6.0,6.3
19,first_to_first,SC1,3,-3.3166247903554,11.0,11.0,5.0,22.0,6.0,6.3
19,last_to_last,SC1,3,-1.4142135623730951,2.0,11.0,5.0,22.0,6.0,6.3
19,mid_to_mid,SC1,3,-2.449489742783178,6.0,11.0,5.0,22.0,6.0,6.3
19,max_to_max,SC1,3,-4.58257569495584,21.0,11.0,5.0,22.0,6.0,6.3
19,max_to_sunset,SC1,3,-4.58257569495584,21.0,11.0,5.0,22.0,6.0,6.3
19,first_to_first,SC1,4,-2.23606797749979,5.0,9.0,3.0,22.0,6.0,6.3
19,last_to_last,SC1,4,0.0,0.0,9.0,3.0,22.0,6.0,6.3
19,mid_to_mid,SC1,4,-1.4142135623730951,2.0,9.0,3.0,22.0,6.0,6.3
19,max_to_max,SC1,4,-2.23606797749979,5.0,9.0,3.0,22.0,6.0,6.3
19,max_to_sunset,SC1,4,-2.23606797749979,5.0,9.0,3.0,22.0,6.0,6.3
19,first_to_first,SC1,5,0.0,0.0,13.0,0.0,22.0,6.0,6.3
19,last_to_last,SC1,5,0.0,0.0,13.0,0.0,22.0,6.0,6.3
19,mid_to_mid,SC1,5,0.0,0.0,13.0,0.0,22.0,6.0,6.3
19,max_to_max,SC1,5,0.0,0.0,13.0,0.0,22.0,6.0,6.3
19,max_to_sunset,SC1,5,0.0,0.0,13.0,0.0,22.0,6.0,6.3
19,first_to_first,SC1,6,0.0,0.0,14.0,0.0,22.0,6.0,6.3
19,last_to_last,SC1,6,0.0,0.0,14.0,0.0,22.0,6.0,6.3
19,mid_to_mid,SC1,6,0.0,0.0,14.0,0.0,22.0,6.0,6.3
19,max_to_max,SC1,6,0.0,0.0,14.0,0.0,22.0,6.0,6.3
19,max_to_sunset,SC1,6,0.0,0.0,14.0,0.0,22.0,6.0,6.3
19,first_to_first,SC1,7,0.0,0.0,12.0,0.0,22.0,6.0,6.3
19,last_to_last,SC1,7,0.0,0.0,12.0,0.0,22.0,6.0,6.3
19,mid_to_mid,SC1,7,0.0,0.0,12.0,0.0,22.0,6.0,6.3
19,max_to_max,SC1,7,0.0,0.0,12.0,0.0,22.0,6.0,6.3
19,max_to_sunset,SC1,7,0.0,0.0,12.0,0.0,22.0,6.0,6.3
19,first_to_first,SC1,8,0.0,0.0,11.0,0.0,22.0,6.0,6.3
19,last_to_last,SC1,8,0.0,0.0,11.0,0.0,22.0,6.0,6.3
19,mid_to_mid,SC1,8,0.0,0.0,11.0,0.0,22.0,6.0,6.3
19,max_to_max,SC1,8,0.0,0.0,11.0,0.0,22.0,6.0,6.3
19,max_to_sunset,SC1,8,0.0,0.0,11.0,0.0,22.0,6.0,6.3
19,first_to_first,SC1,9,0.0,0.0,7.0,0.0,22.0,6.0,6.3
19,last_to_last,SC1,9,0.0,0.0,7.0,0.0,22.0,6.0,6.2
19,mid_to_mid,SC1,9,0.0,0.0,7.0,0.0,22.0,6.0,6.3
19,max_to_max,SC1,9,0.0,0.0,7.0,0.0,22.0,6.0,6.3
19,max_to_sunset,SC1,9,0.0,0.0,7.0,0.0,22.0,6.0,6.3
19,first_to_first,SC1,10,0.0,0.0,11.0,0.0,22.0,6.0,6.2
19,last_to_last,SC1,10,0.0,0.0,11.0,0.0,22.0,6.0,6.2
19,mid_to_mid,SC1,10,0.0,0.0,11.0,0.0,22.0,6.0,6.2
19,max_to_max,SC1,10,0.0,0.0,11.0,0.0,22.0,6.0,6.2
19,max_to_sunset,SC1,10,0.0,0.0,11.0,0.0,22.0,6.0,6.2
19,first_to_first,SC10,1,16.1245154965971,0.0,21.0,0.0,24.0,3.0,7.4
19,last_to_last,SC10,1,16.522711641858304,0.0,21.0,0.0,24.0,3.0,7.4
19,mid_to_mid,SC10,1,16.703293088490067,0.0,21.0,0.0,24.0,3.0,7.4
19,max_to_max,SC10,1,17.578395831246947,0.0,21.0,0.0,24.0,3.0,7.4
19,max_to_sunset,SC10,1,16.522711641858304,0.0,21.0,0.0,24.0,3.0,7.4
19,first_to_first,SC10,2,13.674794331177344,0.0,13.0,8.0,24.0,3.0,7.4
19,last_to_last,SC10,2,11.445523142259598,0.0,13.0,8.0,24.0,3.0,7.4
19,mid_to_mid,SC10,2,4.358898943540674,4.0,13.0,8.0,24.0,3.0,7.4
19,max_to_max,SC10,2,15.198684153570664,39.0,13.0,8.0,24.0,3.0,7.4
19,max_to_sunset,SC10,2,9.591663046625438,39.0,13.0,8.0,24.0,3.0,7.4
19,first_to_first,SC10,3,9.327379053088816,10.0,15.0,104.0,24.0,3.0,7.4
19,last_to_last,SC10,3,-7.14142842854285,58.0,15.0,104.0,24.0,3.0,7.4
19,mid_to_mid,SC10,3,3.4641016151377544,8.0,15.0,104.0,24.0,3.0,7.4
19,max_to_max,SC10,3,7.681145747868608,78.0,15.0,104.0,24.0,3.0,7.4
19,max_to_sunset,SC10,3,-8.426149773176359,78.0,15.0,104.0,24.0,3.0,7.4
19,first_to_first,SC10,4,-7.745966692414834,60.0,18.0,176.0,24.0,3.0,7.4
19,last_to_last,SC10,4,-10.488088481701515,110.0,18.0,176.0,28.0,3.0,7.4
19,mid_to_mid,SC10,4,-3.0,9.0,18.0,176.0,25.0,3.0,7.4
19,max_to_max,SC10,4,-11.40175425099138,130.0,18.0,176.0,24.0,3.0,7.4
19,max_to_sunset,SC10,4,-11.40175425099138,130.0,18.0,176.0,28.0,3.0,7.4
19,first_to_first,SC10,5,-10.44030650891055,109.0,13.0,416.0,28.0,3.0,7.4
19,last_to_last,SC10,5,-11.135528725660043,132.0,13.0,416.0,34.0,3.0,7.4
19,mid_to_mid,SC10,5,-5.196152422706632,27.0,13.0,416.0,31.0,3.0,7.4
19,max_to_max,SC10,5,-11.832159566199232,148.0,13.0,416.0,34.0,3.0,7.4
19,max_to_sunset,SC10,5,-11.832159566199232,148.0,13.0,416.0,34.0,3.0,7.4
19,first_to_first,SC10,6,-10.63014581273465,120.0,8.0,385.0,34.0,3.0,7.4
19,last_to_last,SC10,6,-9.273618495495704,89.0,8.0,385.0,34.0,3.0,7.4
19,mid_to_mid,SC10,6,-6.928203230275509,48.0,8.0,385.0,34.0,3.0,7.4
19,max_to_max,SC10,6,-16.09347693943108,282.0,8.0,385.0,34.0,3.0,7.4
19,max_to_sunset,SC10,6,-16.703293088490067,282.0,8.0,385.0,34.0,3.0,7.4
19,first_to_first,SC10,7,-10.344080432788601,109.0,17.0,456.0,34.0,3.0,7.2
19,last_to_last,SC10,7,-11.313708498984761,137.0,17.0,456.0,34.0,3.0,7.2
19,mid_to_mid,SC10,7,-7.615773105863909,61.0,17.0,456.0,34.0,3.0,7.2
19,max_to_max,SC10,7,-17.204650534085253,306.0,17.0,456.0,34.0,3.0,7.2
19,max_to_sunset,SC10,7,-17.233687939614086,306.0,17.0,456.0,34.0,3.0,7.2
19,first_to_first,SC10,8,-10.723805294763608,120.0,13.0,387.0,34.0,4.0,7.2
19,last_to_last,SC10,8,-10.723805294763608,115.0,13.0,387.0,34.0,5.0,7.2
19,mid_to_mid,SC10,8,-6.928203230275509,48.0,13.0,387.0,34.0,5.0,7.2
19,max_to_max,SC10,8,-27.586228448267445,770.0,13.0,387.0,34.0,5.0,7.2
19,max_to_sunset,SC10,8,-27.748873851023216,770.0,13.0,387.0,34.0,5.0,7.2
19,first_to_first,SC4,1,-20.8806130178211,436.0,16.0,0.0,32.0,4.0,7.4
19,last_to_last,SC4,1,-17.804493814764857,352.0,16.0,0.0,32.0,4.0,7.4
19,mid_to_mid,SC4,1,-20.688160865577203,436.0,16.0,0.0,32.0,4.0,7.4
19,max_to_max,SC4,1,-20.566963801203133,554.0,16.0,0.0,32.0,4.0,7.4
19,max_to_sunset,SC4,1,-22.781571499789035,554.0,16.0,0.0,32.0,4.0,7.4
19,first_to_first,SC4,2,-15.033296378372908,318.0,19.0,377.0,32.0,4.0,7.4
19,last_to_last,SC4,2,-11.045361017187261,197.0,19.0,377.0,32.0,4.0,7.4
19,mid_to_mid,SC4,2,-7.615773105863909,157.0,19.0,377.0,32.0,4.0,7.4
19,max_to_max,SC4,2,-19.0,569.0,19.0,377.0,32.0,4.0,7.4
19,max_to_sunset,SC4,2,-22.22611077089287,569.0,19.0,377.0,32.0,4.0,7.4
19,first_to_first,SC4,3,-10.535653752852738,193.0,13.0,104.0,32.0,4.0,7.4
19,last_to_last,SC4,3,16.217274740226856,0.0,13.0,104.0,32.0,4.0,7.4
19,mid_to_mid,SC4,3,1.0,3.0,13.0,104.0,32.0,4.0,7.4
19,max_to_max,SC4,3,11.357816691600547,193.0,13.0,104.0,32.0,4.0,7.4
19,max_to_sunset,SC4,3,8.366600265340756,193.0,13.0,104.0,32.0,4.0,7.4
19,first_to_first,SC4,4,15.297058540778355,0.0,18.0,0.0,32.0,4.0,7.4
19,last_to_last,SC4,4,11.269427669584644,2.0,18.0,0.0,32.0,4.0,7.4
19,mid_to_mid,SC4,4,3.872983346207417,0.0,18.0,0.0,32.0,4.0,7.4
19,max_to_max,SC4,4,15.0996688705415,6.0,18.0,0.0,32.0,4.0,7.4
19,max_to_sunset,SC4,4,11.090536506409418,6.0,18.0,0.0,32.0,4.0,7.4
19,first_to_first,SC4,5,12.884098726725126,0.0,14.0,80.0,32.0,4.0,7.4
19,last_to_last,SC4,5,-8.831760866327848,168.0,14.0,80.0,32.0,4.0,7.4
19,mid_to_mid,SC4,5,9.848857801796104,9.0,14.0,80.0,32.0,4.0,7.4
19,max_to_max,SC4,5,-4.242640687119285,184.0,14.0,80.0,32.0,4.0,7.4
19,max_to_sunset,SC4,5,-9.695359714832659,184.0,14.0,80.0,32.0,4.0,7.4
19,first_to_first,SC4,6,-5.916079783099616,153.0,19.0,547.0,32.0,4.0,7.4
19,last_to_last,SC4,6,-15.362291495737216,236.0,19.0,547.0,32.0,4.0,7.4
19,mid_to_mid,SC4,6,-9.591663046625438,94.0,19.0,547.0,32.0,4.0,7.4
19,max_to_max,SC4,6,-14.798648586948742,337.0,19.0,547.0,32.0,4.0,7.4
19,max_to_sunset,SC4,6,-18.35755975068582,337.0,19.0,547.0,32.0,4.0,7.4
19,first_to_first,SC4,7,-15.132745950421556,229.0,8.0,199.0,32.0,4.0,7.4
19,last_to_last,SC4,7,-5.0,26.0,8.0,199.0,32.0,4.0,7.4
19,mid_to_mid,SC4,7,-4.898979485566356,24.0,8.0,199.0,32.0,4.0,7.4
19,max_to_max,SC4,7,-15.84297951775486,257.0,8.0,199.0,32.0,4.0,7.4
19,max_to_sunset,SC4,7,-16.0,257.0,8.0,199.0,32.0,4.0,7.4
19,first_to_first,SC4,8,-4.123105625617661,18.0,20.0,19.0,32.0,4.0,7.4
19,last_to_last,SC4,8,-3.872983346207417,15.0,20.0,19.0,32.0,4.0,7.4
19,mid_to_mid,SC4,8,0.0,0.0,20.0,19.0,32.0,4.0,7.4
19,max_to_max,SC4,8,-5.196152422706632,28.0,20.0,19.0,32.0,4.0,7.4
19,max_to_sunset,SC4,8,-5.291502622129181,28.0,20.0,19.0,32.0,4.0,7.4
19,first_to_first,SC4,9,-3.872983346207417,15.0,13.0,16.0,32.0,4.0,7.4
19,last_to_last,SC4,9,6.928203230275509,37.0,13.0,16.0,32.0,4.0,7.4
19,mid_to_mid,SC4,9,2.23606797749979,1.0,13.0,16.0,32.0,4.0,7.4
19,max_to_max,SC4,9,7.14142842854285,37.0,13.0,16.0,32.0,4.0,7.4
19,max_to_sunset,SC4,9,6.928203230275509,37.0,13.0,16.0,32.0,4.0,7.4
19,first_to_first,SC4,10,7.14142842854285,45.0,8.0,82.0,32.0,4.0,7.4
19,last_to_last,SC4,10,-1.4142135623730951,3.0,8.0,82.0,32.0,4.0,7.4
19,mid_to_mid,SC4,10,11.874342087037917,0.0,8.0,82.0,32.0,4.0,7.4
19,max_to_max,SC4,10,9.327379053088816,54.0,8.0,82.0,32.0,4.0,7.4
19,max_to_sunset,SC4,10,-7.280109889280518,54.0,8.0,82.0,32.0,4.0,7.4
19,first_to_first,SC4,11,-2.449489742783178,6.0,19.0,9.0,32.0,4.0,7.4
19,last_to_last,SC4,11,-1.0,6.0,19.0,9.0,32.0,6.0,7.4
19,mid_to_mid,SC4,11,2.0,0.0,19.0,9.0,32.0,6.0,7.4
19,max_to_max,SC4,11,-2.449489742783178,18.0,19.0,9.0,32.0,6.0,7.4
19,max_to_sunset,SC4,11,-3.605551275463989,18.0,19.0,9.0,32.0,6.0,7.4
19,first_to_first,SC4,12,1.0,5.0,7.0,2.0,32.0,5.0,7.4
19,last_to_last,SC4,12,0.0,0.0,7.0,2.0,32.0,5.0,7.4
19,mid_to_mid,SC4,12,2.0,0.0,7.0,2.0,32.0,5.0,7.4
19,max_to_max,SC4,12,1.0,5.0,7.0,2.0,32.0,5.0,7.4
19,max_to_sunset,SC4,12,-2.23606797749979,5.0,7.0,2.0,32.0,5.0,7.4
19,first_to_first,SC4,13,0.0,0.0,8.0,0.0,32.0,5.0,7.4
19,last_to_last,SC4,13,10.44030650891055,0.0,8.0,0.0,30.0,5.0,7.4
19,mid_to_mid,SC4,13,2.6457513110645907,0.0,8.0,0.0,32.0,5.0,7.4
19,max_to_max,SC4,13,10.954451150103322,0.0,8.0,0.0,32.0,5.0,7.4
19,max_to_sunset,SC4,13,10.44030650891055,0.0,8.0,0.0,32.0,5.0,7.4
19,first_to_first,SC4,14,11.61895003862225,0.0,17.0,2.0,30.0,5.0,7.4
19,last_to_last,SC4,14,-6.164414002968976,129.0,17.0,2.0,30.0,5.0,7.4
19,mid_to_mid,SC4,14,4.123105625617661,0.0,17.0,2.0,30.0,5.0,7.4
19,max_to_max,SC4,14,1.7320508075688772,150.0,17.0,2.0,30.0,5.0,7.4
19,max_to_sunset,SC4,14,-7.681145747868608,150.0,17.0,2.0,30.0,5.0,7.4
19,first_to_first,SC4,15,1.0,126.0,14.0,48.0,30.0,5.0,7.4
19,last_to_last,SC4,15,0.0,3.0,14.0,48.0,24.0,5.0,7.4
19,mid_to_mid,SC4,15,-2.8284271247461903,18.0,14.0,48.0,30.0,5.0,7.4
19,max_to_max,SC4,15,-2.8284271247461903,135.0,14.0,48.0,30.0,5.0,7.4
19,max_to_sunset,SC4,15,-11.489125293076057,135.0,14.0,48.0,30.0,5.0,7.4
19,first_to_first,SC6,1,6.708203932499369,0.0,21.0,1.0,25.0,6.0,7.8
19,last_to_last,SC6,1,4.47213595499958,1.0,21.0,1.0,25.0,6.0,7.8
19,mid_to_mid,SC6,1,6.244997998398398,0.0,21.0,1.0,25.0,6.0,7.8
19,max_to_max,SC6,1,8.774964387392123,2.0,21.0,1.0,25.0,6.0,7.8
19,max_to_sunset,SC6,1,4.358898943540674,2.0,21.0,1.0,25.0,6.0,7.8
19,first_to_first,SC6,2,4.795831523312719,0.0,18.0,14.0,25.0,6.0,7.8
19,last_to_last,SC6,2,-12.806248474865697,196.0,18.0,14.0,25.0,6.0,7.8
19,mid_to_mid,SC6,2,4.795831523312719,1.0,18.0,14.0,25.0,6.0,7.8
19,max_to_max,SC6,2,-15.588457268119896,284.0,18.0,14.0,25.0,6.0,7.8
19,max_to_sunset,SC6,2,-15.874507866387544,284.0,18.0,14.0,25.0,6.0,7.8
19,first_to_first,SC6,3,-9.219544457292887,106.0,14.0,36.0,25.0,6.0,7.8
19,last_to_last,SC6,3,-7.0,65.0,14.0,36.0,22.0,6.0,7.8
19,mid_to_mid,SC6,3,-7.0710678118654755,61.0,14.0,36.0,25.0,6.0,7.8
19,max_to_max,SC6,3,-9.433981132056603,120.0,14.0,36.0,25.0,6.0,7.8
19,max_to_sunset,SC6,3,-10.198039027185569,120.0,14.0,36.0,25.0,6.0,7.8
19,first_to_first,SC8,1,-15.165750888103101,238.0,16.0,0.0,20.0,4.0,8.7
19,last_to_last,SC8,1,-15.652475842498529,254.0,16.0,0.0,18.0,4.0,8.7
19,mid_to_mid,SC8,1,-15.165750888103101,238.0,16.0,0.0,20.0,4.0,8.7
19,max_to_max,SC8,1,-15.684387141358123,255.0,16.0,0.0,18.0,4.0,8.7
19,max_to_sunset,SC8,1,-15.684387141358123,255.0,16.0,0.0,18.0,4.0,8.7
19,first_to_first,SC8,2,-15.748015748023622,264.0,6.0,1.0,18.0,4.0,8.7
19,last_to_last,SC8,2,-14.832396974191326,243.0,6.0,1.0,18.0,4.0,8.7
19,mid_to_mid,SC8,2,-14.933184523068078,247.0,6.0,1.0,18.0,4.0,8.7
19,max_to_max,SC8,2,-15.066519173319364,264.0,6.0,1.0,18.0,4.0,8.7
19,max_to_sunset,SC8,2,-15.524174696260024,264.0,6.0,1.0,18.0,4.0,8.7
19,first_to_first,SC8,3,-14.798648586948742,243.0,6.0,9.0,18.0,4.0,8.4
19,last_to_last,SC8,3,-13.564659966250536,225.0,6.0,9.0,21.0,4.0,8.4
19,mid_to_mid,SC8,3,-14.7648230602334,228.0,6.0,9.0,18.0,4.0,8.4
19,max_to_max,SC8,3,-14.212670403551895,243.0,6.0,9.0,18.0,4.0,8.4
19,max_to_sunset,SC8,3,-14.212670403551895,243.0,6.0,9.0,21.0,4.0,8.4
19,first_to_first,SC8,4,-15.0996688705415,238.0,12.0,32.0,21.0,4.0,8.4
19,last_to_last,SC8,4,-15.459624833740307,242.0,12.0,32.0,21.0,5.0,8.4
19,mid_to_mid,SC8,4,-15.0996688705415,231.0,12.0,32.0,21.0,5.0,8.4
19,max_to_max,SC8,4,-14.832396974191326,242.0,12.0,32.0,21.0,5.0,8.4
19,max_to_sunset,SC8,4,-15.459624833740307,242.0,12.0,32.0,21.0,5.0,8.4
20,first_to_first,SC1,1,-10.392304845413264,108.0,16.0,0.0,22.0,6.0,6.3
20,last_to_last,SC1,1,-7.14142842854285,51.0,16.0,0.0,22.0,6.0,6.3
20,mid_to_mid,SC1,1,-8.48528137423857,72.0,16.0,0.0,22.0,6.0,6.3
20,max_to_max,SC1,1,-11.0,121.0,16.0,0.0,22.0,6.0,6.3
20,max_to_sunset,SC1,1,-11.0,121.0,16.0,0.0,22.0,6.0,6.3
20,first_to_first,SC1,2,-7.483314773547883,56.0,16.0,0.0,22.0,6.0,6.3
20,last_to_last,SC1,2,-4.795831523312719,23.0,16.0,0.0,22.0,6.0,6.3
20,mid_to_mid,SC1,2,-6.6332495807108,44.0,16.0,0.0,22.0,6.0,6.3
20,max_to_max,SC1,2,-7.483314773547883,56.0,16.0,0.0,22.0,6.0,6.3
20,max_to_sunset,SC1,2,-7.483314773547883,56.0,16.0,0.0,22.0,6.0,6.3
20,first_to_first,SC1,3,-3.3166247903554,11.0,11.0,5.0,22.0,6.0,6.3
20,last_to_last,SC1,3,-1.4142135623730951,2.0,11.0,5.0,22.0,6.0,6.3
20,mid_to_mid,SC1,3,-2.449489742783178,6.0,11.0,5.0,22.0,6.0,6.3
20,max_to_max,SC1,3,-4.58257569495584,21.0,11.0,5.0,22.0,6.0,6.3
20,max_to_sunset,SC1,3,-4.58257569495584,21.0,11.0,5.0,22.0,6.0,6.3
20,first_to_first,SC1,4,-2.23606797749979,5.0,9.0,3.0,22.0,6.0,6.3
20,last_to_last,SC1,4,0.0,0.0,9.0,3.0,22.0,6.0,6.3
20,mid_to_mid,SC1,4,-1.4142135623730951,2.0,9.0,3.0,22.0,6.0,6.3
20,max_to_max,SC1,4,-2.23606797749979,5.0,9.0,3.0,22.0,6.0,6.3
20,max_to_sunset,SC1,4,-2.23606797749979,5.0,9.0,3.0,22.0,6.0,6.3
20,first_to_first,SC1,5,0.0,0.0,13.0,0.0,22.0,6.0,6.3
20,last_to_last,SC1,5,0.0,0.0,13.0,0.0,22.0,6.0,6.3
20,mid_to_mid,SC1,5,0.0,0.0,13.0,0.0,22.0,6.0,6.3
20,max_to_max,SC1,5,0.0,0.0,13.0,0.0,22.0,6.0,6.3
20,max_to_sunset,SC1,5,0.0,0.0,13.0,0.0,22.0,6.0,6.3
20,first_to_first,SC1,6,0.0,0.0,14.0,0.0,22.0,6.0,6.3
20,last_to_last,SC1,6,0.0,0.0,14.0,0.0,22.0,6.0,6.3
20,mid_to_mid,SC1,6,0.0,0.0,14.0,0.0,22.0,6.0,6.3
20,max_to_max,SC1,6,0.0,0.0,14.0,0.0,22.0,6.0,6.3
20,max_to_sunset,SC1,6,0.0,0.0,14.0,0.0,22.0,6.0,6.3
20,first_to_first,SC1,7,0.0,0.0,12.0,0.0,22.0,6.0,6.3
20,last_to_last,SC1,7,0.0,0.0,12.0,0.0,22.0,6.0,6.3
20,mid_to_mid,SC1,7,0.0,0.0,12.0,0.0,22.0,6.0,6.3
20,max_to_max,SC1,7,0.0,0.0,12.0,0.0,22.0,6.0,6.3
20,max_to_sunset,SC1,7,0.0,0.0,12.0,0.0,22.0,6.0,6.3
20,first_to_first,SC1,8,0.0,0.0,11.0,0.0,22.0,6.0,6.3
20,last_to_last,SC1,8,0.0,0.0,11.0,0.0,22.0,6.0,6.3
20,mid_to_mid,SC1,8,0.0,0.0,11.0,0.0,22.0,6.0,6.3
20,max_to_max,SC1,8,0.0,0.0,11.0,0.0,22.0,6.0,6.3
20,max_to_sunset,SC1,8,0.0,0.0,11.0,0.0,22.0,6.0,6.3
20,first_to_first,SC1,9,0.0,0.0,7.0,0.0,22.0,6.0,6.3
20,last_to_last,SC1,9,0.0,0.0,7.0,0.0,22.0,6.0,6.2
20,mid_to_mid,SC1,9,0.0,0.0,7.0,0.0,22.0,6.0,6.3
20,max_to_max,SC1,9,0.0,0.0,7.0,0.0,22.0,6.0,6.3
20,max_to_sunset,SC1,9,0.0,0.0,7.0,0.0,22.0,6.0,6.3
20,first_to_first,SC10,1,13.674794331177344,0.0,21.0,0.0,24.0,3.0,7.4
20,last_to_last,SC10,1,11.445523142259598,0.0,21.0,0.0,24.0,3.0,7.4
20,mid_to_mid,SC10,1,4.795831523312719,0.0,21.0,0.0,24.0,3.0,7.4
20,max_to_max,SC10,1,16.431676725154983,0.0,21.0,0.0,24.0,3.0,7.4
20,max_to_sunset,SC10,1,11.445523142259598,0.0,21.0,0.0,24.0,3.0,7.4
20,first_to_first,SC10,2,9.848857801796104,0.0,13.0,8.0,24.0,3.0,7.4
20,last_to_last,SC10,2,2.6457513110645907,0.0,13.0,8.0,24.0,3.0,7.4
20,mid_to_mid,SC10,2,4.0,4.0,13.0,8.0,24.0,3.0,7.4
20,max_to_max,SC10,2,9.899494936611665,39.0,13.0,8.0,24.0,3.0,7.4
20,max_to_sunset,SC10,2,-5.656854249492381,39.0,13.0,8.0,24.0,3.0,7.4
20,first_to_first,SC10,3,-3.1622776601683795,10.0,15.0,104.0,24.0,3.0,7.4
20,last_to_last,SC10,3,-7.615773105863909,58.0,15.0,104.0,28.0,3.0,7.4
20,mid_to_mid,SC10,3,-2.8284271247461903,8.0,15.0,104.0,25.0,3.0,7.4
20,max_to_max,SC10,3,-8.831760866327848,78.0,15.0,104.0,24.0,3.0,7.4
20,max_to_sunset,SC10,3,-8.831760866327848,78.0,15.0,104.0,28.0,3.0,7.4
20,first_to_first,SC10,4,-7.745966692414834,60.0,18.0,176.0,28.0,3.0,7.4
20,last_to_last,SC10,4,-10.099504938362077,110.0,18.0,176.0,34.0,3.0,7.4
20,mid_to_mid,SC10,4,-3.0,9.0,18.0,176.0,31.0,3.0,7.4
20,max_to_max,SC10,4,-11.045361017187261,130.0,18.0,176.0,34.0,3.0,7.4
20,max_to_sunset,SC10,4,-11.045361017187261,130.0,18.0,176.0,34.0,3.0,7.4
20,first_to_first,SC10,5,-10.099504938362077,109.0,13.0,416.0,34.0,3.0,7.4
20,last_to_last,SC10,5,-11.357816691600547,132.0,13.0,416.0,34.0,3.0,7.4
20,mid_to_mid,SC10,5,-5.196152422706632,27.0,13.0,416.0,34.0,3.0,7.4
20,max_to_max,SC10,5,-11.180339887498949,148.0,13.0,416.0,34.0,3.0,7.4
20,max_to_sunset,SC10,5,-12.041594578792296,148.0,13.0,416.0,34.0,3.0,7.4
20,first_to_first,SC10,6,-10.862780491200215,120.0,8.0,385.0,34.0,3.0,7.4
20,last_to_last,SC10,6,-8.94427190999916,89.0,8.0,385.0,34.0,3.0,7.4
20,mid_to_mid,SC10,6,-6.708203932499369,48.0,8.0,385.0,34.0,3.0,7.4
20,max_to_max,SC10,6,-16.492422502470642,282.0,8.0,385.0,34.0,3.0,7.4
20,max_to_sunset,SC10,6,-16.522711641858304,282.0,8.0,385.0,34.0,3.0,7.4
20,first_to_first,SC10,7,-10.198039027185569,109.0,17.0,456.0,34.0,3.0,7.2
20,last_to_last,SC10,7,-11.704699910719626,137.0,17.0,456.0,34.0,3.0,7.2
20,mid_to_mid,SC10,7,-7.810249675906654,61.0,17.0,456.0,34.0,3.0,7.2
20,max_to_max,SC10,7,-17.233687939614086,306.0,17.0,456.0,34.0,3.0,7.2
20,max_to_sunset,SC10,7,-17.4928556845359,306.0,17.0,456.0,34.0,3.0,7.2
20,first_to_first,SC4,1,-18.547236990991408,436.0,16.0,0.0,32.0,4.0,7.4
20,last_to_last,SC4,1,-16.64331697709324,352.0,16.0,0.0,32.0,4.0,7.4
20,mid_to_mid,SC4,1,-18.35755975068582,436.0,16.0,0.0,32.0,4.0,7.4
20,max_to_max,SC4,1,-18.601075237738275,554.0,16.0,0.0,32.0,4.0,7.4
20,max_to_sunset,SC4,1,-21.88606862823929,554.0,16.0,0.0,32.0,4.0,7.4
20,first_to_first,SC4,2,-15.362291495737216,318.0,19.0,377.0,32.0,4.0,7.4
20,last_to_last,SC4,2,8.12403840463596,197.0,19.0,377.0,32.0,4.0,7.4
20,mid_to_mid,SC4,2,-12.36931687685298,157.0,19.0,377.0,32.0,4.0,7.4
20,max_to_max,SC4,2,-15.716233645501712,569.0,19.0,377.0,32.0,4.0,7.4
20,max_to_sunset,SC4,2,-17.4928556845359,569.0,19.0,377.0,32.0,4.0,7.4
20,first_to_first,SC4,3,6.4031242374328485,193.0,13.0,104.0,32.0,4.0,7.4
20,last_to_last,SC4,3,11.357816691600547,0.0,13.0,104.0,32.0,4.0,7.4
20,mid_to_mid,SC4,3,3.4641016151377544,3.0,13.0,104.0,32.0,4.0,7.4
20,max_to_max,SC4,3,6.4031242374328485,193.0,13.0,104.0,32.0,4.0,7.4
20,max_to_sunset,SC4,3,-8.0,193.0,13.0,104.0,32.0,4.0,7.4
20,first_to_first,SC4,4,12.884098726725126,0.0,18.0,0.0,32.0,4.0,7.4
20,last_to_last,SC4,4,9.38083151964686,2.0,18.0,0.0,32.0,4.0,7.4
20,mid_to_mid,SC4,4,10.295630140987,0.0,18.0,0.0,32.0,4.0,7.4
20,max_to_max,SC4,4,12.649110640673518,6.0,18.0,0.0,32.0,4.0,7.4
20,max_to_sunset,SC4,4,9.16515138991168,6.0,18.0,0.0,32.0,4.0,7.4
20,first_to_first,SC4,5,10.862780491200215,0.0,14.0,80.0,32.0,4.0,7.4
20,last_to_last,SC4,5,-12.96148139681572,168.0,14.0,80.0,32.0,4.0,7.4
20,mid_to_mid,SC4,5,-2.6457513110645907,9.0,14.0,80.0,32.0,4.0,7.4
20,max_to_max,SC4,5,-8.12403840463596,184.0,14.0,80.0,32.0,4.0,7.4
20,max_to_sunset,SC4,5,-13.564659966250536,184.0,14.0,80.0,32.0,4.0,7.4
20,first_to_first,SC4,6,-12.36931687685298,153.0,19.0,547.0,32.0,4.0,7.4
20,last_to_last,SC4,6,-15.329709716755891,236.0,19.0,547.0,32.0,4.0,7.4
20,mid_to_mid,SC4,6,-9.695359714832659,94.0,19.0,547.0,32.0,4.0,7.4
20,max_to_max,SC4,6,-18.193405398660254,337.0,19.0,547.0,32.0,4.0,7.4
20,max_to_sunset,SC4,6,-18.33030277982336,337.0,19.0,547.0,32.0,4.0,7.4
20,first_to_first,SC4,7,-15.0996688705415,229.0,8.0,199.0,32.0,4.0,7.4
20,last_to_last,SC4,7,-5.0990195135927845,26.0,8.0,199.0,32.0,4.0,7.4
20,mid_to_mid,SC4,7,-4.898979485566356,24.0,8.0,199.0,32.0,4.0,7.4
20,max_to_max,SC4,7,-16.0,257.0,8.0,199.0,32.0,4.0,7.4
20,max_to_sunset,SC4,7,-16.0312195418814,257.0,8.0,199.0,32.0,4.0,7.4
20,first_to_first,SC4,8,-4.242640687119285,18.0,20.0,19.0,32.0,4.0,7.4
20,last_to_last,SC4,8,8.366600265340756,15.0,20.0,19.0,32.0,4.0,7.4
20,mid_to_mid,SC4,8,2.449489742783178,0.0,20.0,19.0,32.0,4.0,7.4
20,max_to_max,SC4,8,7.745966692414834,28.0,20.0,19.0,32.0,4.0,7.4
20,max_to_sunset,SC4,8,7.54983443527075,28.0,20.0,19.0,32.0,4.0,7.4
20,first_to_first,SC4,9,9.0,15.0,13.0,16.0,32.0,4.0,7.4
20,last_to_last,SC4,9,-6.0,37.0,13.0,16.0,32.0,4.0,7.4
20,mid_to_mid,SC4,9,11.832159566199232,1.0,13.0,16.0,32.0,4.0,7.4
20,max_to_max,SC4,9,10.198039027185569,37.0,13.0,16.0,32.0,4.0,7.4
20,max_to_sunset,SC4,9,-6.0,37.0,13.0,16.0,32.0,4.0,7.4
20,first_to_first,SC4,10,-6.708203932499369,45.0,8.0,82.0,32.0,4.0,7.4
20,last_to_last,SC4,10,1.4142135623730951,3.0,8.0,82.0,32.0,4.0,7.4
20,mid_to_mid,SC4,10,2.0,0.0,8.0,82.0,32.0,4.0,7.4
20,max_to_max,SC4,10,-6.48074069840786,54.0,8.0,82.0,32.0,4.0,7.4
20,max_to_sunset,SC4,10,-7.0,54.0,8.0,82.0,32.0,4.0,7.4
20,first_to_first,SC4,11,0.0,6.0,19.0,9.0,32.0,4.0,7.4
20,last_to_last,SC4,11,-2.449489742783178,6.0,19.0,9.0,32.0,5.0,7.4
20,mid_to_mid,SC4,11,2.0,0.0,19.0,9.0,32.0,5.0,7.4
20,max_to_max,SC4,11,-3.4641016151377544,18.0,19.0,9.0,32.0,5.0,7.4
20,max_to_sunset,SC4,11,-4.242640687119285,18.0,19.0,9.0,32.0,5.0,7.4
20,first_to_first,SC4,12,-2.23606797749979,5.0,7.0,2.0,32.0,5.0,7.4
20,last_to_last,SC4,12,10.44030650891055,0.0,7.0,2.0,32.0,5.0,7.4
20,mid_to_mid,SC4,12,2.6457513110645907,0.0,7.0,2.0,32.0,5.0,7.4
20,max_to_max,SC4,12,10.723805294763608,5.0,7.0,2.0,32.0,5.0,7.4
20,max_to_sunset,SC4,12,10.198039027185569,5.0,7.0,2.0,32.0,5.0,7.4
20,first_to_first,SC4,13,11.61895003862225,0.0,8.0,0.0,32.0,5.0,7.4
20,last_to_last,SC4,13,9.539392014169456,0.0,8.0,0.0,30.0,5.0,7.4
20,mid_to_mid,SC4,13,4.123105625617661,0.0,8.0,0.0,32.0,5.0,7.4
20,max_to_max,SC4,13,12.36931687685298,0.0,8.0,0.0,32.0,5.0,7.4
20,max_to_sunset,SC4,13,9.539392014169456,0.0,8.0,0.0,32.0,5.0,7.4
20,first_to_first,SC4,14,11.269427669584644,0.0,17.0,2.0,30.0,5.0,7.4
20,last_to_last,SC4,14,-11.224972160321824,129.0,17.0,2.0,30.0,5.0,7.4
20,mid_to_mid,SC4,14,3.1622776601683795,0.0,17.0,2.0,30.0,5.0,7.4
20,max_to_max,SC4,14,-4.795831523312719,150.0,17.0,2.0,30.0,5.0,7.4
20,max_to_sunset,SC4,14,-12.12435565298214,150.0,17.0,2.0,30.0,5.0,7.4
20,first_to_first,SC6,1,4.795831523312719,0.0,21.0,1.0,25.0,6.0,7.8
20,last_to_last,SC6,1,5.5677643628300215,1.0,21.0,1.0,25.0,6.0,7.8
20,mid_to_mid,SC6,1,4.898979485566356,0.0,21.0,1.0,25.0,6.0,7.8
20,max_to_max,SC6,1,6.244997998398398,2.0,21.0,1.0,25.0,6.0,7.8
20,max_to_sunset,SC6,1,5.477225575051661,2.0,21.0,1.0,25.0,6.0,7.8
20,first_to_first,SC6,2,4.58257569495584,0.0,18.0,14.0,25.0,6.0,7.8
20,last_to_last,SC6,2,-13.416407864998739,196.0,18.0,14.0,25.0,6.0,7.8
20,mid_to_mid,SC6,2,3.1622776601683795,1.0,18.0,14.0,25.0,6.0,7.8
20,max_to_max,SC6,2,-15.905973720586866,284.0,18.0,14.0,25.0,6.0,7.8
20,max_to_sunset,SC6,2,-16.3707055437449,284.0,18.0,14.0,25.0,6.0,7.8
20,first_to_first,SC8,1,-14.89966442575134,238.0,16.0,0.0,20.0,4.0,8.7
20,last_to_last,SC8,1,-15.198684153570664,254.0,16.0,0.0,18.0,4.0,8.7
20,mid_to_mid,SC8,1,-14.628738838327793,238.0,16.0,0.0,20.0,4.0,8.7
20,max_to_max,SC8,1,-14.7648230602334,255.0,16.0,0.0,18.0,4.0,8.7
20,max_to_sunset,SC8,1,-15.231546211727817,255.0,16.0,0.0,18.0,4.0,8.7
20,first_to_first,SC8,2,-15.491933384829668,264.0,6.0,1.0,18.0,4.0,8.7
20,last_to_last,SC8,2,-14.212670403551895,243.0,6.0,1.0,21.0,4.0,8.7
20,mid_to_mid,SC8,2,-15.394804318340652,247.0,6.0,1.0,18.0,4.0,8.7
20,max_to_max,SC8,2,-14.933184523068078,264.0,6.0,1.0,18.0,4.0,8.7
20,max_to_sunset,SC8,2,-14.933184523068078,264.0,6.0,1.0,21.0,4.0,8.7
20,first_to_first,SC8,3,-15.264337522473747,243.0,6.0,9.0,21.0,4.0,8.4
20,last_to_last,SC8,3,-14.89966442575134,225.0,6.0,9.0,21.0,4.0,8.4
20,mid_to_mid,SC8,3,-15.0,228.0,6.0,9.0,21.0,4.0,8.4
20,max_to_max,SC8,3,-14.866068747318506,243.0,6.0,9.0,21.0,4.0,8.4
20,max_to_sunset,SC8,3,-15.491933384829668,243.0,6.0,9.0,21.0,4.0,8.4
21,first_to_first,SC1,1,-10.392304845413264,108.0,16.0,0.0,22.0,6.0,6.3
21,last_to_last,SC1,1,-7.14142842854285,51.0,16.0,0.0,22.0,6.0,6.3
21,mid_to_mid,SC1,1,-8.48528137423857,72.0,16.0,0.0,22.0,6.0,6.3
21,max_to_max,SC1,1,-11.0,121.0,16.0,0.0,22.0,6.0,6.3
21,max_to_sunset,SC1,1,-11.0,121.0,16.0,0.0,22.0,6.0,6.3
21,first_to_first,SC1,2,-7.483314773547883,56.0,16.0,0.0,22.0,6.0,6.3
21,last_to_last,SC1,2,-4.795831523312719,23.0,16.0,0.0,22.0,6.0,6.3
21,mid_to_mid,SC1,2,-6.6332495807108,44.0,16.0,0.0,22.0,6.0,6.3
21,max_to_max,SC1,2,-7.483314773547883,56.0,16.0,0.0,22.0,6.0,6.3
21,max_to_sunset,SC1,2,-7.483314773547883,56.0,16.0,0.0,22.0,6.0,6.3
21,first_to_first,SC1,3,-3.3166247903554,11.0,11.0,5.0,22.0,6.0,6.3
21,last_to_last,SC1,3,-1.4142135623730951,2.0,11.0,5.0,22.0,6.0,6.3
21,mid_to_mid,SC1,3,-2.449489742783178,6.0,11.0,5.0,22.0,6.0,6.3
21,max_to_max,SC1,3,-4.58257569495584,21.0,11.0,5.0,22.0,6.0,6.3
21,max_to_sunset,SC1,3,-4.58257569495584,21.0,11.0,5.0,22.0,6.0,6.3
21,first_to_first,SC1,4,-2.23606797749979,5.0,9.0,3.0,22.0,6.0,6.3
21,last_to_last,SC1,4,0.0,0.0,9.0,3.0,22.0,6.0,6.3
21,mid_to_mid,SC1,4,-1.4142135623730951,2.0,9.0,3.0,22.0,6.0,6.3
21,max_to_max,SC1,4,-2.23606797749979,5.0,9.0,3.0,22.0,6.0,6.3
21,max_to_sunset,SC1,4,-2.23606797749979,5.0,9.0,3.0,22.0,6.0,6.3
21,first_to_first,SC1,5,0.0,0.0,13.0,0.0,22.0,6.0,6.3
21,last_to_last,SC1,5,0.0,0.0,13.0,0.0,22.0,6.0,6.3
21,mid_to_mid,SC1,5,0.0,0.0,13.0,0.0,22.0,6.0,6.3
21,max_to_max,SC1,5,0.0,0.0,13.0,0.0,22.0,6.0,6.3
21,max_to_sunset,SC1,5,0.0,0.0,13.0,0.0,22.0,6.0,6.3
21,first_to_first,SC1,6,0.0,0.0,14.0,0.0,22.0,6.0,6.3
21,last_to_last,SC1,6,0.0,0.0,14.0,0.0,22.0,6.0,6.3
21,mid_to_mid,SC1,6,0.0,0.0,14.0,0.0,22.0,6.0,6.3
21,max_to_max,SC1,6,0.0,0.0,14.0,0.0,22.0,6.0,6.3
21,max_to_sunset,SC1,6,0.0,0.0,14.0,0.0,22.0,6.0,6.3
21,first_to_first,SC1,7,0.0,0.0,12.0,0.0,22.0,6.0,6.3
21,last_to_last,SC1,7,0.0,0.0,12.0,0.0,22.0,6.0,6.3
21,mid_to_mid,SC1,7,0.0,0.0,12.0,0.0,22.0,6.0,6.3
21,max_to_max,SC1,7,0.0,0.0,12.0,0.0,22.0,6.0,6.3
21,max_to_sunset,SC1,7,0.0,0.0,12.0,0.0,22.0,6.0,6.3
21,first_to_first,SC1,8,0.0,0.0,11.0,0.0,22.0,6.0,6.3
21,last_to_last,SC1,8,0.0,0.0,11.0,0.0,22.0,6.0,6.3
21,mid_to_mid,SC1,8,0.0,0.0,11.0,0.0,22.0,6.0,6.3
21,max_to_max,SC1,8,0.0,0.0,11.0,0.0,22.0,6.0,6.3
21,max_to_sunset,SC1,8,0.0,0.0,11.0,0.0,22.0,6.0,6.3
21,first_to_first,SC10,1,9.848857801796104,0.0,21.0,0.0,24.0,3.0,7.4
21,last_to_last,SC10,1,2.6457513110645907,0.0,21.0,0.0,24.0,3.0,7.4
21,mid_to_mid,SC10,1,4.47213595499958,0.0,21.0,0.0,24.0,3.0,7.4
21,max_to_max,SC10,1,11.704699910719626,0.0,21.0,0.0,24.0,3.0,7.4
21,max_to_sunset,SC10,1,2.6457513110645907,0.0,21.0,0.0,24.0,3.0,7.4
21,first_to_first,SC10,2,0.0,0.0,13.0,8.0,24.0,3.0,7.4
21,last_to_last,SC10,2,0.0,0.0,13.0,8.0,28.0,3.0,7.4
21,mid_to_mid,SC10,2,-2.0,4.0,13.0,8.0,25.0,3.0,7.4
21,max_to_max,SC10,2,-6.244997998398398,39.0,13.0,8.0,24.0,3.0,7.4
21,max_to_sunset,SC10,2,-6.244997998398398,39.0,13.0,8.0,28.0,3.0,7.4
21,first_to_first,SC10,3,-3.1622776601683795,10.0,15.0,104.0,28.0,3.0,7.4
21,last_to_last,SC10,3,-7.0710678118654755,58.0,15.0,104.0,34.0,3.0,7.4
21,mid_to_mid,SC10,3,-2.8284271247461903,8.0,15.0,104.0,31.0,3.0,7.4
21,max_to_max,SC10,3,-8.366600265340756,78.0,15.0,104.0,34.0,3.0,7.4
21,max_to_sunset,SC10,3,-8.366600265340756,78.0,15.0,104.0,34.0,3.0,7.4
21,first_to_first,SC10,4,-7.280109889280518,60.0,18.0,176.0,34.0,3.0,7.4
21,last_to_last,SC10,4,-10.344080432788601,110.0,18.0,176.0,34.0,3.0,7.4
21,mid_to_mid,SC10,4,-3.0,9.0,18.0,176.0,34.0,3.0,7.4
21,max_to_max,SC10,4,-10.344080432788601,130.0,18.0,176.0,34.0,3.0,7.4
21,max_to_sunset,SC10,4,-11.269427669584644,130.0,18.0,176.0,34.0,3.0,7.4
21,first_to_first,SC10,5,-10.344080432788601,109.0,13.0,416.0,34.0,3.0,7.4
21,last_to_last,SC10,5,-11.090536506409418,132.0,13.0,416.0,34.0,3.0,7.4
21,mid_to_mid,SC10,5,-4.898979485566356,27.0,13.0,416.0,34.0,3.0,7.4
21,max_to_max,SC10,5,-11.74734012447073,148.0,13.0,416.0,34.0,3.0,7.4
21,max_to_sunset,SC10,5,-11.789826122551595,148.0,13.0,416.0,34.0,3.0,7.4
21,first_to_first,SC10,6,-10.723805294763608,120.0,8.0,385.0,34.0,3.0,7.4
21,last_to_last,SC10,6,-9.433981132056603,89.0,8.0,385.0,34.0,3.0,7.4
21,mid_to_mid,SC10,6,-6.928203230275509,48.0,8.0,385.0,34.0,3.0,7.4
21,max_to_max,SC10,6,-16.522711641858304,282.0,8.0,385.0,34.0,3.0,7.4
21,max_to_sunset,SC10,6,-16.792855623746664,282.0,8.0,385.0,34.0,3.0,7.4
21,first_to_first,SC4,1,-18.81488772222678,436.0,16.0,0.0,32.0,4.0,7.4
21,last_to_last,SC4,1,-9.433981132056603,352.0,16.0,0.0,32.0,4.0,7.4
21,mid_to_mid,SC4,1,-20.784609690826528,436.0,16.0,0.0,32.0,4.0,7.4
21,max_to_max,SC4,1,-15.231546211727817,554.0,16.0,0.0,32.0,4.0,7.4
21,max_to_sunset,SC4,1,-17.05872210923198,554.0,16.0,0.0,32.0,4.0,7.4
21,first_to_first,SC4,2,-9.16515138991168,318.0,19.0,377.0,32.0,4.0,7.4
21,last_to_last,SC4,2,-8.246211251235321,197.0,19.0,377.0,32.0,4.0,7.4
21,mid_to_mid,SC4,2,-11.916375287812984,157.0,19.0,377.0,32.0,4.0,7.4
21,max_to_max,SC4,2,-18.303005217723125,569.0,19.0,377.0,32.0,4.0,7.4
21,max_to_sunset,SC4,2,-20.97617696340303,569.0,19.0,377.0,32.0,4.0,7.4
21,first_to_first,SC4,3,-5.196152422706632,193.0,13.0,104.0,32.0,4.0,7.4
21,last_to_last,SC4,3,9.486832980505138,0.0,13.0,104.0,32.0,4.0,7.4
21,mid_to_mid,SC4,3,10.14889156509222,3.0,13.0,104.0,32.0,4.0,7.4
21,max_to_max,SC4,3,-5.196152422706632,193.0,13.0,104.0,32.0,4.0,7.4
21,max_to_sunset,SC4,3,-10.14889156509222,193.0,13.0,104.0,32.0,4.0,7.4
21,first_to_first,SC4,4,10.862780491200215,0.0,18.0,0.0,32.0,4.0,7.4
21,last_to_last,SC4,4,-1.4142135623730951,2.0,18.0,0.0,32.0,4.0,7.4
21,mid_to_mid,SC4,4,1.4142135623730951,0.0,18.0,0.0,32.0,4.0,7.4
21,max_to_max,SC4,4,10.583005244258363,6.0,18.0,0.0,32.0,4.0,7.4
21,max_to_sunset,SC4,4,-2.449489742783178,6.0,18.0,0.0,32.0,4.0,7.4
21,first_to_first,SC4,5,0.0,0.0,14.0,80.0,32.0,4.0,7.4
21,last_to_last,SC4,5,-12.922847983320086,168.0,14.0,80.0,32.0,4.0,7.4
21,mid_to_mid,SC4,5,-3.0,9.0,14.0,80.0,32.0,4.0,7.4
21,max_to_max,SC4,5,-13.341664064126334,184.0,14.0,80.0,32.0,4.0,7.4
21,max_to_sunset,SC4,5,-13.527749258468683,184.0,14.0,80.0,32.0,4.0,7.4
21,first_to_first,SC4,6,-12.328828005937952,153.0,19.0,547.0,32.0,4.0,7.4
21,last_to_last,SC4,6,-15.362291495737216,236.0,19.0,547.0,32.0,4.0,7.4
21,mid_to_mid,SC4,6,-9.695359714832659,94.0,19.0,547.0,32.0,4.0,7.4
21,max_to_max,SC4,6,-18.33030277982336,337.0,19.0,547.0,32.0,4.0,7.4
21,max_to_sunset,SC4,6,-18.35755975068582,337.0,19.0,547.0,32.0,4.0,7.4
21,first_to_first,SC4,7,-15.132745950421556,229.0,8.0,199.0,32.0,4.0,7.4
21,last_to_last,SC4,7,7.681145747868608,26.0,8.0,199.0,32.0,4.0,7.4
21,mid_to_mid,SC4,7,-4.242640687119285,24.0,8.0,199.0,32.0,4.0,7.4
21,max_to_max,SC4,7,-13.0,257.0,8.0,199.0,32.0,4.0,7.4
21,max_to_sunset,SC4,7,-13.114877048604,257.0,8.0,199.0,32.0,4.0,7.4
21,first_to_first,SC4,8,8.831760866327848,18.0,20.0,19.0,32.0,4.0,7.4
21,last_to_last,SC4,8,-3.7416573867739413,15.0,20.0,19.0,32.0,4.0,7.4
21,mid_to_mid,SC4,8,11.874342087037917,0.0,20.0,19.0,32.0,4.0,7.4
21,max_to_max,SC4,8,10.63014581273465,28.0,20.0,19.0,32.0,4.0,7.4
21,max_to_sunset,SC4,8,-5.196152422706632,28.0,20.0,19.0,32.0,4.0,7.4
21,first_to_first,SC4,9,-3.872983346207417,15.0,13.0,16.0,32.0,4.0,7.4
21,last_to_last,SC4,9,-5.656854249492381,37.0,13.0,16.0,32.0,4.0,7.4
21,mid_to_mid,SC4,9,1.7320508075688772,1.0,13.0,16.0,32.0,4.0,7.4
21,max_to_max,SC4,9,-5.0,37.0,13.0,16.0,32.0,4.0,7.4
21,max_to_sunset,SC4,9,-5.656854249492381,37.0,13.0,16.0,32.0,4.0,7.4
21,first_to_first,SC4,10,-6.244997998398398,45.0,8.0,82.0,32.0,4.0,7.4
21,last_to_last,SC4,10,-1.7320508075688772,3.0,8.0,82.0,32.0,4.0,7.4
21,mid_to_mid,SC4,10,2.0,0.0,8.0,82.0,32.0,4.0,7.4
21,max_to_max,SC4,10,-6.928203230275509,54.0,8.0,82.0,32.0,4.0,7.4
21,max_to_sunset,SC4,10,-7.3484692283495345,54.0,8.0,82.0,32.0,4.0,7.4
21,first_to_first,SC4,11,-2.449489742783178,6.0,19.0,9.0,32.0,4.0,7.4
21,last_to_last,SC4,11,10.14889156509222,6.0,19.0,9.0,32.0,5.0,7.4
21,mid_to_mid,SC4,11,2.6457513110645907,0.0,19.0,9.0,32.0,5.0,7.4
21,max_to_max,SC4,11,10.099504938362077,18.0,19.0,9.0,32.0,5.0,7.4
21,max_to_sunset,SC4,11,9.539392014169456,18.0,19.0,9.0,32.0,5.0,7.4
21,first_to_first,SC4,12,11.40175425099138,5.0,7.0,2.0,32.0,5.0,7.4
21,last_to_last,SC4,12,9.539392014169456,0.0,7.0,2.0,32.0,5.0,7.4
21,mid_to_mid,SC4,12,4.123105625617661,0.0,7.0,2.0,32.0,5.0,7.4
21,max_to_max,SC4,12,12.165525060596439,5.0,7.0,2.0,32.0,5.0,7.4
21,max_to_sunset,SC4,12,9.273618495495704,5.0,7.0,2.0,32.0,5.0,7.4
21,first_to_first,SC4,13,11.269427669584644,0.0,8.0,0.0,32.0,5.0,7.4
21,last_to_last,SC4,13,1.7320508075688772,0.0,8.0,0.0,30.0,5.0,7.4
21,mid_to_mid,SC4,13,3.1622776601683795,0.0,8.0,0.0,32.0,5.0,7.4
21,max_to_max,SC4,13,11.269427669584644,0.0,8.0,0.0,32.0,5.0,7.4
21,max_to_sunset,SC4,13,1.7320508075688772,0.0,8.0,0.0,32.0,5.0,7.4
21,first_to_first,SC6,1,4.58257569495584,0.0,21.0,1.0,25.0,6.0,7.8
21,last_to_last,SC6,1,3.872983346207417,1.0,21.0,1.0,25.0,6.0,7.8
21,mid_to_mid,SC6,1,3.3166247903554,0.0,21.0,1.0,25.0,6.0,7.8
21,max_to_max,SC6,1,5.385164807134504,2.0,21.0,1.0,25.0,6.0,7.8
21,max_to_sunset,SC6,1,3.7416573867739413,2.0,21.0,1.0,25.0,6.0,7.8
21,first_to_first,SC8,1,-14.628738838327793,238.0,16.0,0.0,20.0,4.0,8.7
21,last_to_last,SC8,1,-14.594519519326424,254.0,16.0,0.0,21.0,4.0,8.7
21,mid_to_mid,SC8,1,-15.0996688705415,238.0,16.0,0.0,20.0,4.0,8.7
21,max_to_max,SC8,1,-14.628738838327793,255.0,16.0,0.0,18.0,4.0,8.7
21,max_to_sunset,SC8,1,-14.628738838327793,255.0,16.0,0.0,21.0,4.0,8.7
21,first_to_first,SC8,2,-15.937377450509228,264.0,6.0,1.0,21.0,4.0,8.7
21,last_to_last,SC8,2,-15.491933384829668,243.0,6.0,1.0,21.0,4.0,8.7
21,mid_to_mid,SC8,2,-15.620499351813308,247.0,6.0,1.0,21.0,4.0,8.7
21,max_to_max,SC8,2,-15.556349186104045,264.0,6.0,1.0,21.0,4.0,8.7
21,max_to_sunset,SC8,2,-16.15549442140351,264.0,6.0,1.0,21.0,4.0,8.7
22,first_to_first,SC1,1,-10.392304845413264,108.0,16.0,0.0,22.0,6.0,6.3
22,last_to_last,SC1,1,-7.14142842854285,51.0,16.0,0.0,22.0,6.0,6.3
22,mid_to_mid,SC1,1,-8.48528137423857,72.0,16.0,0.0,22.0,6.0,6.3
22,max_to_max,SC1,1,-11.0,121.0,16.0,0.0,22.0,6.0,6.3
22,max_to_sunset,SC1,1,-11.0,121.0,16.0,0.0,22.0,6.0,6.3
22,first_to_first,SC1,2,-7.483314773547883,56.0,16.0,0.0,22.0,6.0,6.3
22,last_to_last,SC1,2,-4.795831523312719,23.0,16.0,0.0,22.0,6.0,6.3
22,mid_to_mid,SC1,2,-6.6332495807108,44.0,16.0,0.0,22.0,6.0,6.3
22,max_to_max,SC1,2,-7.483314773547883,56.0,16.0,0.0,22.0,6.0,6.3
22,max_to_sunset,SC1,2,-7.483314773547883,56.0,16.0,0.0,22.0,6.0,6.3
22,first_to_first,SC1,3,-3.3166247903554,11.0,11.0,5.0,22.0,6.0,6.3
22,last_to_last,SC1,3,-1.4142135623730951,2.0,11.0,5.0,22.0,6.0,6.3
22,mid_to_mid,SC1,3,-2.449489742783178,6.0,11.0,5.0,22.0,6.0,6.3
22,max_to_max,SC1,3,-4.58257569495584,21.0,11.0,5.0,22.0,6.0,6.3
22,max_to_sunset,SC1,3,-4.58257569495584,21.0,11.0,5.0,22.0,6.0,6.3
22,first_to_first,SC1,4,-2.23606797749979,5.0,9.0,3.0,22.0,6.0,6.3
22,last_to_last,SC1,4,0.0,0.0,9.0,3.0,22.0,6.0,6.3
22,mid_to_mid,SC1,4,-1.4142135623730951,2.0,9.0,3.0,22.0,6.0,6.3
22,max_to_max,SC1,4,-2.23606797749979,5.0,9.0,3.0,22.0,6.0,6.3
22,max_to_sunset,SC1,4,-2.23606797749979,5.0,9.0,3.0,22.0,6.0,6.3
22,first_to_first,SC1,5,0.0,0.0,13.0,0.0,22.0,6.0,6.3
22,last_to_last,SC1,5,0.0,0.0,13.0,0.0,22.0,6.0,6.3
22,mid_to_mid,SC1,5,0.0,0.0,13.0,0.0,22.0,6.0,6.3
22,max_to_max,SC1,5,0.0,0.0,13.0,0.0,22.0,6.0,6.3
22,max_to_sunset,SC1,5,0.0,0.0,13.0,0.0,22.0,6.0,6.3
22,first_to_first,SC1,6,0.0,0.0,14.0,0.0,22.0,6.0,6.3
22,last_to_last,SC1,6,0.0,0.0,14.0,0.0,22.0,6.0,6.3
22,mid_to_mid,SC1,6,0.0,0.0,14.0,0.0,22.0,6.0,6.3
22,max_to_max,SC1,6,0.0,0.0,14.0,0.0,22.0,6.0,6.3
22,max_to_sunset,SC1,6,0.0,0.0,14.0,0.0,22.0,6.0,6.3
22,first_to_first,SC1,7,0.0,0.0,12.0,0.0,22.0,6.0,6.3
22,last_to_last,SC1,7,0.0,0.0,12.0,0.0,22.0,6.0,6.3
22,mid_to_mid,SC1,7,0.0,0.0,12.0,0.0,22.0,6.0,6.3
22,max_to_max,SC1,7,0.0,0.0,12.0,0.0,22.0,6.0,6.3
22,max_to_sunset,SC1,7,0.0,0.0,12.0,0.0,22.0,6.0,6.3
22,first_to_first,SC10,1,0.0,0.0,21.0,0.0,24.0,3.0,7.4
22,last_to_last,SC10,1,0.0,0.0,21.0,0.0,28.0,3.0,7.4
22,mid_to_mid,SC10,1,0.0,0.0,21.0,0.0,25.0,3.0,7.4
22,max_to_max,SC10,1,0.0,0.0,21.0,0.0,24.0,3.0,7.4
22,max_to_sunset,SC10,1,0.0,0.0,21.0,0.0,28.0,3.0,7.4
22,first_to_first,SC10,2,0.0,0.0,13.0,8.0,28.0,3.0,7.4
22,last_to_last,SC10,2,2.8284271247461903,0.0,13.0,8.0,34.0,3.0,7.4
22,mid_to_mid,SC10,2,-2.0,4.0,13.0,8.0,31.0,3.0,7.4
22,max_to_max,SC10,2,-5.5677643628300215,39.0,13.0,8.0,34.0,3.0,7.4
22,max_to_sunset,SC10,2,-5.5677643628300215,39.0,13.0,8.0,34.0,3.0,7.4
22,first_to_first,SC10,3,-1.7320508075688772,10.0,15.0,104.0,34.0,3.0,7.4
22,last_to_last,SC10,3,-7.416198487095663,58.0,15.0,104.0,34.0,3.0,7.4
22,mid_to_mid,SC10,3,-2.8284271247461903,8.0,15.0,104.0,34.0,3.0,7.4
22,max_to_max,SC10,3,-7.416198487095663,78.0,15.0,104.0,34.0,3.0,7.4
22,max_to_sunset,SC10,3,-8.660254037844387,78.0,15.0,104.0,34.0,3.0,7.4
22,first_to_first,SC10,4,-7.615773105863909,60.0,18.0,176.0,34.0,3.0,7.4
22,last_to_last,SC10,4,-10.04987562112089,110.0,18.0,176.0,34.0,3.0,7.4
22,mid_to_mid,SC10,4,-2.449489742783178,9.0,18.0,176.0,34.0,3.0,7.4
22,max_to_max,SC10,4,-10.954451150103322,130.0,18.0,176.0,34.0,3.0,7.4
22,max_to_sunset,SC10,4,-11.0,130.0,18.0,176.0,34.0,3.0,7.4
22,first_to_first,SC10,5,-10.198039027185569,109.0,13.0,416.0,34.0,3.0,7.4
22,last_to_last,SC10,5,-11.489125293076057,132.0,13.0,416.0,34.0,3.0,7.4
22,mid_to_mid,SC10,5,-5.196152422706632,27.0,13.0,416.0,34.0,3.0,7.4
22,max_to_max,SC10,5,-11.789826122551595,148.0,13.0,416.0,34.0,3.0,7.4
22,max_to_sunset,SC10,5,-12.165525060596439,148.0,13.0,416.0,34.0,3.0,7.4
22,first_to_first,SC4,1,-14.212670403551895,436.0,16.0,0.0,32.0,4.0,7.4
22,last_to_last,SC4,1,-14.933184523068078,352.0,16.0,0.0,32.0,4.0,7.4
22,mid_to_mid,SC4,1,-20.518284528683193,436.0,16.0,0.0,32.0,4.0,7.4
22,max_to_max,SC4,1,-17.88854381999832,554.0,16.0,0.0,32.0,4.0,7.4
22,max_to_sunset,SC4,1,-20.615528128088304,554.0,16.0,0.0,32.0,4.0,7.4
22,first_to_first,SC4,2,-12.328828005937952,318.0,19.0,377.0,32.0,4.0,7.4
22,last_to_last,SC4,2,-10.344080432788601,197.0,19.0,377.0,32.0,4.0,7.4
22,mid_to_mid,SC4,2,-7.14142842854285,157.0,19.0,377.0,32.0,4.0,7.4
22,max_to_max,SC4,2,-20.074859899884732,569.0,19.0,377.0,32.0,4.0,7.4
22,max_to_sunset,SC4,2,-21.88606862823929,569.0,19.0,377.0,32.0,4.0,7.4
22,first_to_first,SC4,3,-8.660254037844387,193.0,13.0,104.0,32.0,4.0,7.4
22,last_to_last,SC4,3,0.0,0.0,13.0,104.0,32.0,4.0,7.4
22,mid_to_mid,SC4,3,-1.0,3.0,13.0,104.0,32.0,4.0,7.4
22,max_to_max,SC4,3,-8.660254037844387,193.0,13.0,104.0,32.0,4.0,7.4
22,max_to_sunset,SC4,3,-13.892443989449804,193.0,13.0,104.0,32.0,4.0,7.4
22,first_to_first,SC4,4,0.0,0.0,18.0,0.0,32.0,4.0,7.4
22,last_to_last,SC4,4,-1.0,2.0,18.0,0.0,32.0,4.0,7.4
22,mid_to_mid,SC4,4,0.0,0.0,18.0,0.0,32.0,4.0,7.4
22,max_to_max,SC4,4,0.0,6.0,18.0,0.0,32.0,4.0,7.4
22,max_to_sunset,SC4,4,-2.23606797749979,6.0,18.0,0.0,32.0,4.0,7.4
22,first_to_first,SC4,5,1.0,0.0,14.0,80.0,32.0,4.0,7.4
22,last_to_last,SC4,5,-12.96148139681572,168.0,14.0,80.0,32.0,4.0,7.4
22,mid_to_mid,SC4,5,-3.0,9.0,14.0,80.0,32.0,4.0,7.4
22,max_to_max,SC4,5,-13.527749258468683,184.0,14.0,80.0,32.0,4.0,7.4
22,max_to_sunset,SC4,5,-13.564659966250536,184.0,14.0,80.0,32.0,4.0,7.4
22,first_to_first,SC4,6,-12.36931687685298,153.0,19.0,547.0,32.0,4.0,7.4
22,last_to_last,SC4,6,-12.288205727444508,236.0,19.0,547.0,32.0,4.0,7.4
22,mid_to_mid,SC4,6,-9.38083151964686,94.0,19.0,547.0,32.0,4.0,7.4
22,max_to_max,SC4,6,-15.7797338380595,337.0,19.0,547.0,32.0,4.0,7.4
22,max_to_sunset,SC4,6,-15.874507866387544,337.0,19.0,547.0,32.0,4.0,7.4
22,first_to_first,SC4,7,-11.532562594670797,229.0,8.0,199.0,32.0,4.0,7.4
22,last_to_last,SC4,7,-5.0,26.0,8.0,199.0,32.0,4.0,7.4
22,mid_to_mid,SC4,7,10.816653826391969,24.0,8.0,199.0,32.0,4.0,7.4
22,max_to_max,SC4,7,-10.770329614269007,257.0,8.0,199.0,32.0,4.0,7.4
22,max_to_sunset,SC4,7,-16.0,257.0,8.0,199.0,32.0,4.0,7.4
22,first_to_first,SC4,8,-4.242640687119285,18.0,20.0,19.0,32.0,4.0,7.4
22,last_to_last,SC4,8,-3.1622776601683795,15.0,20.0,19.0,32.0,4.0,7.4
22,mid_to_mid,SC4,8,2.0,0.0,20.0,19.0,32.0,4.0,7.4
22,max_to_max,SC4,8,-4.0,28.0,20.0,19.0,32.0,4.0,7.4
22,max_to_sunset,SC4,8,-4.795831523312719,28.0,20.0,19.0,32.0,4.0,7.4
22,first_to_first,SC4,9,-3.0,15.0,13.0,16.0,32.0,4.0,7.4
22,last_to_last,SC4,9,-6.082762530298219,37.0,13.0,16.0,32.0,4.0,7.4
22,mid_to_mid,SC4,9,1.7320508075688772,1.0,13.0,16.0,32.0,4.0,7.4
22,max_to_max,SC4,9,-5.5677643628300215,37.0,13.0,16.0,32.0,4.0,7.4
22,max_to_sunset,SC4,9,-6.082762530298219,37.0,13.0,16.0,32.0,4.0,7.4
22,first_to_first,SC4,10,-6.708203932499369,45.0,8.0,82.0,32.0,4.0,7.4
22,last_to_last,SC4,10,10.295630140987,3.0,8.0,82.0,32.0,4.0,7.4
22,mid_to_mid,SC4,10,2.6457513110645907,0.0,8.0,82.0,32.0,4.0,7.4
22,max_to_max,SC4,10,8.12403840463596,54.0,8.0,82.0,32.0,4.0,7.4
22,max_to_sunset,SC4,10,7.416198487095663,54.0,8.0,82.0,32.0,4.0,7.4
22,first_to_first,SC4,11,11.357816691600547,6.0,19.0,9.0,32.0,4.0,7.4
22,last_to_last,SC4,11,9.219544457292887,6.0,19.0,9.0,32.0,5.0,7.4
22,mid_to_mid,SC4,11,4.123105625617661,0.0,19.0,9.0,32.0,5.0,7.4
22,max_to_max,SC4,11,11.61895003862225,18.0,19.0,9.0,32.0,5.0,7.4
22,max_to_sunset,SC4,11,8.54400374531753,18.0,19.0,9.0,32.0,5.0,7.4
22,first_to_first,SC4,12,11.045361017187261,5.0,7.0,2.0,32.0,5.0,7.4
22,last_to_last,SC4,12,1.7320508075688772,0.0,7.0,2.0,32.0,5.0,7.4
22,mid_to_mid,SC4,12,3.1622776601683795,0.0,7.0,2.0,32.0,5.0,7.4
22,max_to_max,SC4,12,11.045361017187261,5.0,7.0,2.0,32.0,5.0,7.4
22,max_to_sunset,SC4,12,-1.4142135623730951,5.0,7.0,2.0,32.0,5.0,7.4
22,first_to_first,SC8,1,-15.0996688705415,238.0,16.0,0.0,21.0,4.0,8.7
22,last_to_last,SC8,1,-15.84297951775486,254.0,16.0,0.0,21.0,4.0,8.7
22,mid_to_mid,SC8,1,-15.329709716755891,238.0,16.0,0.0,21.0,4.0,8.7
22,max_to_max,SC8,1,-15.264337522473747,255.0,16.0,0.0,21.0,4.0,8.7
22,max_to_sunset,SC8,1,-15.874507866387544,255.0,16.0,0.0,21.0,4.0,8.7
23,first_to_first,SC1,1,-10.392304845413264,108.0,16.0,0.0,22.0,6.0,6.3
23,last_to_last,SC1,1,-7.14142842854285,51.0,16.0,0.0,22.0,6.0,6.3
23,mid_to_mid,SC1,1,-8.48528137423857,72.0,16.0,0.0,22.0,6.0,6.3
23,max_to_max,SC1,1,-11.0,121.0,16.0,0.0,22.0,6.0,6.3
23,max_to_sunset,SC1,1,-11.0,121.0,16.0,0.0,22.0,6.0,6.3
23,first_to_first,SC1,2,-7.483314773547883,56.0,16.0,0.0,22.0,6.0,6.3
23,last_to_last,SC1,2,-4.795831523312719,23.0,16.0,0.0,22.0,6.0,6.3
23,mid_to_mid,SC1,2,-6.6332495807108,44.0,16.0,0.0,22.0,6.0,6.3
23,max_to_max,SC1,2,-7.483314773547883,56.0,16.0,0.0,22.0,6.0,6.3
23,max_to_sunset,SC1,2,-7.483314773547883,56.0,16.0,0.0,22.0,6.0,6.3
23,first_to_first,SC1,3,-3.3166247903554,11.0,11.0,5.0,22.0,6.0,6.3
23,last_to_last,SC1,3,-1.4142135623730951,2.0,11.0,5.0,22.0,6.0,6.3
23,mid_to_mid,SC1,3,-2.449489742783178,6.0,11.0,5.0,22.0,6.0,6.3
23,max_to_max,SC1,3,-4.58257569495584,21.0,11.0,5.0,22.0,6.0,6.3
23,max_to_sunset,SC1,3,-4.58257569495584,21.0,11.0,5.0,22.0,6.0,6.3
23,first_to_first,SC1,4,-2.23606797749979,5.0,9.0,3.0,22.0,6.0,6.3
23,last_to_last,SC1,4,0.0,0.0,9.0,3.0,22.0,6.0,6.3
23,mid_to_mid,SC1,4,-1.4142135623730951,2.0,9.0,3.0,22.0,6.0,6.3
23,max_to_max,SC1,4,-2.23606797749979,5.0,9.0,3.0,22.0,6.0,6.3
23,max_to_sunset,SC1,4,-2.23606797749979,5.0,9.0,3.0,22.0,6.0,6.3
23,first_to_first,SC1,5,0.0,0.0,13.0,0.0,22.0,6.0,6.3
23,last_to_last,SC1,5,0.0,0.0,13.0,0.0,22.0,6.0,6.3
23,mid_to_mid,SC1,5,0.0,0.0,13.0,0.0,22.0,6.0,6.3
23,max_to_max,SC1,5,0.0,0.0,13.0,0.0,22.0,6.0,6.3
23,max_to_sunset,SC1,5,0.0,0.0,13.0,0.0,22.0,6.0,6.3
23,first_to_first,SC1,6,0.0,0.0,14.0,0.0,22.0,6.0,6.3
23,last_to_last,SC1,6,0.0,0.0,14.0,0.0,22.0,6.0,6.3
23,mid_to_mid,SC1,6,0.0,0.0,14.0,0.0,22.0,6.0,6.3
23,max_to_max,SC1,6,0.0,0.0,14.0,0.0,22.0,6.0,6.3
23,max_to_sunset,SC1,6,0.0,0.0,14.0,0.0,22.0,6.0,6.3
23,first_to_first,SC10,1,0.0,0.0,21.0,0.0,28.0,3.0,7.4
23,last_to_last,SC10,1,2.8284271247461903,0.0,21.0,0.0,34.0,3.0,7.4
23,mid_to_mid,SC10,1,0.0,0.0,21.0,0.0,31.0,3.0,7.4
23,max_to_max,SC10,1,2.8284271247461903,0.0,21.0,0.0,34.0,3.0,7.4
23,max_to_sunset,SC10,1,2.8284271247461903,0.0,21.0,0.0,34.0,3.0,7.4
23,first_to_first,SC10,2,2.6457513110645907,0.0,13.0,8.0,34.0,3.0,7.4
23,last_to_last,SC10,2,1.7320508075688772,0.0,13.0,8.0,34.0,3.0,7.4
23,mid_to_mid,SC10,2,-2.0,4.0,13.0,8.0,34.0,3.0,7.4
23,max_to_max,SC10,2,-4.0,39.0,13.0,8.0,34.0,3.0,7.4
23,max_to_sunset,SC10,2,-6.0,39.0,13.0,8.0,34.0,3.0,7.4
23,first_to_first,SC10,3,-2.8284271247461903,10.0,15.0,104.0,34.0,3.0,7.4
23,last_to_last,SC10,3,-7.0,58.0,15.0,104.0,34.0,3.0,7.4
23,mid_to_mid,SC10,3,-2.23606797749979,8.0,15.0,104.0,34.0,3.0,7.4
23,max_to_max,SC10,3,-8.246211251235321,78.0,15.0,104.0,34.0,3.0,7.4
23,max_to_sunset,SC10,3,-8.306623862918075,78.0,15.0,104.0,34.0,3.0,7.4
23,first_to_first,SC10,4,-7.416198487095663,60.0,18.0,176.0,34.0,3.0,7.4
23,last_to_last,SC10,4,-10.488088481701515,110.0,18.0,176.0,34.0,3.0,7.4
23,mid_to_mid,SC10,4,-3.0,9.0,18.0,176.0,34.0,3.0,7.4
23,max_to_max,SC10,4,-11.0,130.0,18.0,176.0,34.0,3.0,7.4
23,max_to_sunset,SC10,4,-11.40175425099138,130.0,18.0,176.0,34.0,3.0,7.4
23,first_to_first,SC4,1,-16.431676725154983,436.0,16.0,0.0,32.0,4.0,7.4
23,last_to_last,SC4,1,-16.186414056238647,352.0,16.0,0.0,32.0,4.0,7.4
23,mid_to_mid,SC4,1,-18.16590212458495,436.0,16.0,0.0,32.0,4.0,7.4
23,max_to_max,SC4,1,-19.697715603592208,554.0,16.0,0.0,32.0,4.0,7.4
23,max_to_sunset,SC4,1,-21.540659228538015,554.0,16.0,0.0,32.0,4.0,7.4
23,first_to_first,SC4,2,-14.142135623730951,318.0,19.0,377.0,32.0,4.0,7.4
23,last_to_last,SC4,2,-14.035668847618199,197.0,19.0,377.0,32.0,4.0,7.4
23,mid_to_mid,SC4,2,-12.449899597988733,157.0,19.0,377.0,32.0,4.0,7.4
23,max_to_max,SC4,2,-21.236760581595302,569.0,19.0,377.0,32.0,4.0,7.4
23,max_to_sunset,SC4,2,-23.853720883753127,569.0,19.0,377.0,32.0,4.0,7.4
23,first_to_first,SC4,3,-13.892443989449804,193.0,13.0,104.0,32.0,4.0,7.4
23,last_to_last,SC4,3,1.0,0.0,13.0,104.0,32.0,4.0,7.4
23,mid_to_mid,SC4,3,-1.7320508075688772,3.0,13.0,104.0,32.0,4.0,7.4
23,max_to_max,SC4,3,-13.674794331177344,193.0,13.0,104.0,32.0,4.0,7.4
23,max_to_sunset,SC4,3,-13.856406460551018,193.0,13.0,104.0,32.0,4.0,7.4
23,first_to_first,SC4,4,1.0,0.0,18.0,0.0,32.0,4.0,7.4
23,last_to_last,SC4,4,-1.4142135623730951,2.0,18.0,0.0,32.0,4.0,7.4
23,mid_to_mid,SC4,4,0.0,0.0,18.0,0.0,32.0,4.0,7.4
23,max_to_max,SC4,4,-2.23606797749979,6.0,18.0,0.0,32.0,4.0,7.4
23,max_to_sunset,SC4,4,-2.449489742783178,6.0,18.0,0.0,32.0,4.0,7.4
23,first_to_first,SC4,5,0.0,0.0,14.0,80.0,32.0,4.0,7.4
23,last_to_last,SC4,5,-9.1104335791443,168.0,14.0,80.0,32.0,4.0,7.4
23,mid_to_mid,SC4,5,-1.7320508075688772,9.0,14.0,80.0,32.0,4.0,7.4
23,max_to_max,SC4,5,-9.797958971132712,184.0,14.0,80.0,32.0,4.0,7.4
23,max_to_sunset,SC4,5,-9.9498743710662,184.0,14.0,80.0,32.0,4.0,7.4
23,first_to_first,SC4,6,-7.54983443527075,153.0,19.0,547.0,32.0,4.0,7.4
23,last_to_last,SC4,6,-15.329709716755891,236.0,19.0,547.0,32.0,4.0,7.4
23,mid_to_mid,SC4,6,6.855654600401044,94.0,19.0,547.0,32.0,4.0,7.4
23,max_to_max,SC4,6,-14.0,337.0,19.0,547.0,32.0,4.0,7.4
23,max_to_sunset,SC4,6,-18.33030277982336,337.0,19.0,547.0,32.0,4.0,7.4
23,first_to_first,SC4,7,-15.132745950421556,229.0,8.0,199.0,32.0,4.0,7.4
23,last_to_last,SC4,7,-4.58257569495584,26.0,8.0,199.0,32.0,4.0,7.4
23,mid_to_mid,SC4,7,-4.47213595499958,24.0,8.0,199.0,32.0,4.0,7.4
23,max_to_max,SC4,7,-15.652475842498529,257.0,8.0,199.0,32.0,4.0,7.4
23,max_to_sunset,SC4,7,-15.874507866387544,257.0,8.0,199.0,32.0,4.0,7.4
23,first_to_first,SC4,8,-3.4641016151377544,18.0,20.0,19.0,32.0,4.0,7.4
23,last_to_last,SC4,8,-3.872983346207417,15.0,20.0,19.0,32.0,4.0,7.4
23,mid_to_mid,SC4,8,2.0,0.0,20.0,19.0,32.0,4.0,7.4
23,max_to_max,SC4,8,-4.69041575982343,28.0,20.0,19.0,32.0,4.0,7.4
23,max_to_sunset,SC4,8,-5.291502622129181,28.0,20.0,19.0,32.0,4.0,7.4
23,first_to_first,SC4,9,-3.872983346207417,15.0,13.0,16.0,32.0,4.0,7.4
23,last_to_last,SC4,9,8.48528137423857,37.0,13.0,16.0,32.0,4.0,7.4
23,mid_to_mid,SC4,9,2.449489742783178,1.0,13.0,16.0,32.0,4.0,7.4
23,max_to_max,SC4,9,9.1104335791443,37.0,13.0,16.0,32.0,4.0,7.4
23,max_to_sunset,SC4,9,8.48528137423857,37.0,13.0,16.0,32.0,4.0,7.4
23,first_to_first,SC4,10,9.486832980505138,45.0,8.0,82.0,32.0,4.0,7.4
23,last_to_last,SC4,10,9.38083151964686,3.0,8.0,82.0,32.0,4.0,7.4
23,mid_to_mid,SC4,10,4.123105625617661,0.0,8.0,82.0,32.0,4.0,7.4
23,max_to_max,SC4,10,9.9498743710662,54.0,8.0,82.0,32.0,4.0,7.4
23,max_to_sunset,SC4,10,6.082762530298219,54.0,8.0,82.0,32.0,4.0,7.4
23,first_to_first,SC4,11,11.0,6.0,19.0,9.0,32.0,4.0,7.4
23,last_to_last,SC4,11,-1.7320508075688772,6.0,19.0,9.0,32.0,5.0,7.4
23,mid_to_mid,SC4,11,3.1622776601683795,0.0,19.0,9.0,32.0,5.0,7.4
23,max_to_max,SC4,11,10.44030650891055,18.0,19.0,9.0,32.0,5.0,7.4
23,max_to_sunset,SC4,11,-3.872983346207417,18.0,19.0,9.0,32.0,5.0,7.4
24,first_to_first,SC1,1,-10.392304845413264,108.0,16.0,0.0,22.0,6.0,6.3
24,last_to_last,SC1,1,-7.14142842854285,51.0,16.0,0.0,22.0,6.0,6.3
24,mid_to_mid,SC1,1,-8.48528137423857,72.0,16.0,0.0,22.0,6.0,6.3
24,max_to_max,SC1,1,-11.0,121.0,16.0,0.0,22.0,6.0,6.3
24,max_to_sunset,SC1,1,-11.0,121.0,16.0,0.0,22.0,6.0,6.3
24,first_to_first,SC1,2,-7.483314773547883,56.0,16.0,0.0,22.0,6.0,6.3
24,last_to_last,SC1,2,-4.795831523312719,23.0,16.0,0.0,22.0,6.0,6.3
24,mid_to_mid,SC1,2,-6.6332495807108,44.0,16.0,0.0,22.0,6.0,6.3
24,max_to_max,SC1,2,-7.483314773547883,56.0,16.0,0.0,22.0,6.0,6.3
24,max_to_sunset,SC1,2,-7.483314773547883,56.0,16.0,0.0,22.0,6.0,6.3
24,first_to_first,SC1,3,-3.3166247903554,11.0,11.0,5.0,22.0,6.0,6.3
24,last_to_last,SC1,3,-1.4142135623730951,2.0,11.0,5.0,22.0,6.0,6.3
24,mid_to_mid,SC1,3,-2.449489742783178,6.0,11.0,5.0,22.0,6.0,6.3
24,max_to_max,SC1,3,-4.58257569495584,21.0,11.0,5.0,22.0,6.0,6.3
24,max_to_sunset,SC1,3,-4.58257569495584,21.0,11.0,5.0,22.0,6.0,6.3
24,first_to_first,SC1,4,-2.23606797749979,5.0,9.0,3.0,22.0,6.0,6.3
24,last_to_last,SC1,4,0.0,0.0,9.0,3.0,22.0,6.0,6.3
24,mid_to_mid,SC1,4,-1.4142135623730951,2.0,9.0,3.0,22.0,6.0,6.3
24,max_to_max,SC1,4,-2.23606797749979,5.0,9.0,3.0,22.0,6.0,6.3
24,max_to_sunset,SC1,4,-2.23606797749979,5.0,9.0,3.0,22.0,6.0,6.3
24,first_to_first,SC1,5,0.0,0.0,13.0,0.0,22.0,6.0,6.3
24,last_to_last,SC1,5,0.0,0.0,13.0,0.0,22.0,6.0,6.3
24,mid_to_mid,SC1,5,0.0,0.0,13.0,0.0,22.0,6.0,6.3
24,max_to_max,SC1,5,0.0,0.0,13.0,0.0,22.0,6.0,6.3
24,max_to_sunset,SC1,5,0.0,0.0,13.0,0.0,22.0,6.0,6.3
24,first_to_first,SC10,1,2.6457513110645907,0.0,21.0,0.0,34.0,3.0,7.4
24,last_to_last,SC10,1,1.7320508075688772,0.0,21.0,0.0,34.0,3.0,7.4
24,mid_to_mid,SC10,1,0.0,0.0,21.0,0.0,34.0,3.0,7.4
24,max_to_max,SC10,1,4.795831523312719,0.0,21.0,0.0,34.0,3.0,7.4
24,max_to_sunset,SC10,1,1.7320508075688772,0.0,21.0,0.0,34.0,3.0,7.4
24,first_to_first,SC10,2,1.4142135623730951,0.0,13.0,8.0,34.0,3.0,7.4
24,last_to_last,SC10,2,3.0,0.0,13.0,8.0,34.0,3.0,7.4
24,mid_to_mid,SC10,2,-1.0,4.0,13.0,8.0,34.0,3.0,7.4
24,max_to_max,SC10,2,-5.385164807134504,39.0,13.0,8.0,34.0,3.0,7.4
24,max_to_sunset,SC10,2,-5.477225575051661,39.0,13.0,8.0,34.0,3.0,7.4
24,first_to_first,SC10,3,-2.23606797749979,10.0,15.0,104.0,34.0,3.0,7.4
24,last_to_last,SC10,3,-7.615773105863909,58.0,15.0,104.0,34.0,3.0,7.4
24,mid_to_mid,SC10,3,-2.8284271247461903,8.0,15.0,104.0,34.0,3.0,7.4
24,max_to_max,SC10,3,-8.306623862918075,78.0,15.0,104.0,34.0,3.0,7.4
24,max_to_sunset,SC10,3,-8.831760866327848,78.0,15.0,104.0,34.0,3.0,7.4
24,first_to_first,SC4,1,-17.832554500127006,436.0,16.0,0.0,32.0,4.0,7.4
24,last_to_last,SC4,1,-18.76166303929372,352.0,16.0,0.0,32.0,4.0,7.4
24,mid_to_mid,SC4,1,-20.83266665599966,436.0,16.0,0.0,32.0,4.0,7.4
24,max_to_max,SC4,1,-20.8806130178211,554.0,16.0,0.0,32.0,4.0,7.4
24,max_to_sunset,SC4,1,-23.53720459187964,554.0,16.0,0.0,32.0,4.0,7.4
24,first_to_first,SC4,2,-17.832554500127006,318.0,19.0,377.0,32.0,4.0,7.4
24,last_to_last,SC4,2,-14.0,197.0,19.0,377.0,32.0,4.0,7.4
24,mid_to_mid,SC4,2,-12.529964086141668,157.0,19.0,377.0,32.0,4.0,7.4
24,max_to_max,SC4,2,-23.727621035409346,569.0,19.0,377.0,32.0,4.0,7.4
24,max_to_sunset,SC4,2,-23.83275057562597,569.0,19.0,377.0,32.0,4.0,7.4
24,first_to_first,SC4,3,-13.856406460551018,193.0,13.0,104.0,32.0,4.0,7.4
24,last_to_last,SC4,3,0.0,0.0,13.0,104.0,32.0,4.0,7.4
24,mid_to_mid,SC4,3,-1.7320508075688772,3.0,13.0,104.0,32.0,4.0,7.4
24,max_to_max,SC4,3,-13.856406460551018,193.0,13.0,104.0,32.0,4.0,7.4
24,max_to_sunset,SC4,3,-13.892443989449804,193.0,13.0,104.0,32.0,4.0,7.4
24,first_to_first,SC4,4,0.0,0.0,18.0,0.0,32.0,4.0,7.4
24,last_to_last,SC4,4,9.1104335791443,2.0,18.0,0.0,32.0,4.0,7.4
24,mid_to_mid,SC4,4,2.449489742783178,0.0,18.0,0.0,32.0,4.0,7.4
24,max_to_max,SC4,4,9.055385138137417,6.0,18.0,0.0,32.0,4.0,7.4
24,max_to_sunset,SC4,4,8.888194417315589,6.0,18.0,0.0,32.0,4.0,7.4
24,first_to_first,SC4,5,9.797958971132712,0.0,14.0,80.0,32.0,4.0,7.4
24,last_to_last,SC4,5,-12.922847983320086,168.0,14.0,80.0,32.0,4.0,7.4
24,mid_to_mid,SC4,5,11.489125293076057,9.0,14.0,80.0,32.0,4.0,7.4
24,max_to_max,SC4,5,-6.557438524302,184.0,14.0,80.0,32.0,4.0,7.4
24,max_to_sunset,SC4,5,-13.527749258468683,184.0,14.0,80.0,32.0,4.0,7.4
24,first_to_first,SC4,6,-12.36931687685298,153.0,19.0,547.0,32.0,4.0,7.4
24,last_to_last,SC4,6,-15.198684153570664,236.0,19.0,547.0,32.0,4.0,7.4
24,mid_to_mid,SC4,6,-9.486832980505138,94.0,19.0,547.0,32.0,4.0,7.4
24,max_to_max,SC4,6,-18.027756377319946,337.0,19.0,547.0,32.0,4.0,7.4
24,max_to_sunset,SC4,6,-18.2208671582886,337.0,19.0,547.0,32.0,4.0,7.4
24,first_to_first,SC4,7,-14.933184523068078,229.0,8.0,199.0,32.0,4.0,7.4
24,last_to_last,SC4,7,-5.0990195135927845,26.0,8.0,199.0,32.0,4.0,7.4
24,mid_to_mid,SC4,7,-4.47213595499958,24.0,8.0,199.0,32.0,4.0,7.4
24,max_to_max,SC4,7,-15.84297951775486,257.0,8.0,199.0,32.0,4.0,7.4
24,max_to_sunset,SC4,7,-16.0312195418814,257.0,8.0,199.0,32.0,4.0,7.4
24,first_to_first,SC4,8,-4.242640687119285,18.0,20.0,19.0,32.0,4.0,7.4
24,last_to_last,SC4,8,9.695359714832659,15.0,20.0,19.0,32.0,4.0,7.4
24,mid_to_mid,SC4,8,2.6457513110645907,0.0,20.0,19.0,32.0,4.0,7.4
24,max_to_max,SC4,8,9.591663046625438,28.0,20.0,19.0,32.0,4.0,7.4
24,max_to_sunset,SC4,8,9.0,28.0,20.0,19.0,32.0,4.0,7.4
24,first_to_first,SC4,9,10.954451150103322,15.0,13.0,16.0,32.0,4.0,7.4
24,last_to_last,SC4,9,7.3484692283495345,37.0,13.0,16.0,32.0,4.0,7.4
24,mid_to_mid,SC4,9,4.0,1.0,13.0,16.0,32.0,4.0,7.4
24,max_to_max,SC4,9,10.770329614269007,37.0,13.0,16.0,32.0,4.0,7.4
24,max_to_sunset,SC4,9,7.3484692283495345,37.0,13.0,16.0,32.0,4.0,7.4
24,first_to_first,SC4,10,9.055385138137417,45.0,8.0,82.0,32.0,4.0,7.4
24,last_to_last,SC4,10,0.0,3.0,8.0,82.0,32.0,4.0,7.4
24,mid_to_mid,SC4,10,3.1622776601683795,0.0,8.0,82.0,32.0,4.0,7.4
24,max_to_max,SC4,10,8.54400374531753,54.0,8.0,82.0,32.0,4.0,7.4
24,max_to_sunset,SC4,10,-7.14142842854285,54.0,8.0,82.0,32.0,4.0,7.4
25,first_to_first,SC1,1,-10.392304845413264,108.0,16.0,0.0,22.0,6.0,6.3
25,last_to_last,SC1,1,-7.14142842854285,51.0,16.0,0.0,22.0,6.0,6.3
25,mid_to_mid,SC1,1,-8.48528137423857,72.0,16.0,0.0,22.0,6.0,6.3
25,max_to_max,SC1,1,-11.0,121.0,16.0,0.0,22.0,6.0,6.3
25,max_to_sunset,SC1,1,-11.0,121.0,16.0,0.0,22.0,6.0,6.3
25,first_to_first,SC1,2,-7.483314773547883,56.0,16.0,0.0,22.0,6.0,6.3
25,last_to_last,SC1,2,-4.795831523312719,23.0,16.0,0.0,22.0,6.0,6.3
25,mid_to_mid,SC1,2,-6.6332495807108,44.0,16.0,0.0,22.0,6.0,6.3
25,max_to_max,SC1,2,-7.483314773547883,56.0,16.0,0.0,22.0,6.0,6.3
25,max_to_sunset,SC1,2,-7.483314773547883,56.0,16.0,0.0,22.0,6.0,6.3
25,first_to_first,SC1,3,-3.3166247903554,11.0,11.0,5.0,22.0,6.0,6.3
25,last_to_last,SC1,3,-1.4142135623730951,2.0,11.0,5.0,22.0,6.0,6.3
25,mid_to_mid,SC1,3,-2.449489742783178,6.0,11.0,5.0,22.0,6.0,6.3
25,max_to_max,SC1,3,-4.58257569495584,21.0,11.0,5.0,22.0,6.0,6.3
25,max_to_sunset,SC1,3,-4.58257569495584,21.0,11.0,5.0,22.0,6.0,6.3
25,first_to_first,SC1,4,-2.23606797749979,5.0,9.0,3.0,22.0,6.0,6.3
25,last_to_last,SC1,4,0.0,0.0,9.0,3.0,22.0,6.0,6.3
25,mid_to_mid,SC1,4,-1.4142135623730951,2.0,9.0,3.0,22.0,6.0,6.3
25,max_to_max,SC1,4,-2.23606797749979,5.0,9.0,3.0,22.0,6.0,6.3
25,max_to_sunset,SC1,4,-2.23606797749979,5.0,9.0,3.0,22.0,6.0,6.3
25,first_to_first,SC10,1,1.4142135623730951,0.0,21.0,0.0,34.0,3.0,7.4
25,last_to_last,SC10,1,3.0,0.0,21.0,0.0,34.0,3.0,7.4
25,mid_to_mid,SC10,1,1.7320508075688772,0.0,21.0,0.0,34.0,3.0,7.4
25,max_to_max,SC10,1,3.1622776601683795,0.0,21.0,0.0,34.0,3.0,7.4
25,max_to_sunset,SC10,1,3.0,0.0,21.0,0.0,34.0,3.0,7.4
25,first_to_first,SC10,2,2.23606797749979,0.0,13.0,8.0,34.0,3.0,7.4
25,last_to_last,SC10,2,0.0,0.0,13.0,8.0,34.0,3.0,7.4
25,mid_to_mid,SC10,2,-2.0,4.0,13.0,8.0,34.0,3.0,7.4
25,max_to_max,SC10,2,-5.477225575051661,39.0,13.0,8.0,34.0,3.0,7.4
25,max_to_sunset,SC10,2,-6.244997998398398,39.0,13.0,8.0,34.0,3.0,7.4
25,first_to_first,SC4,1,-20.8806130178211,436.0,16.0,0.0,32.0,4.0,7.4
25,last_to_last,SC4,1,-18.734993995195193,352.0,16.0,0.0,32.0,4.0,7.4
25,mid_to_mid,SC4,1,-20.8806130178211,436.0,16.0,0.0,32.0,4.0,7.4
25,max_to_max,SC4,1,-23.40939982143925,554.0,16.0,0.0,32.0,4.0,7.4
25,max_to_sunset,SC4,1,-23.515952032609693,554.0,16.0,0.0,32.0,4.0,7.4
25,first_to_first,SC4,2,-17.804493814764857,318.0,19.0,377.0,32.0,4.0,7.4
25,last_to_last,SC4,2,-14.035668847618199,197.0,19.0,377.0,32.0,4.0,7.4
25,mid_to_mid,SC4,2,-12.529964086141668,157.0,19.0,377.0,32.0,4.0,7.4
25,max_to_max,SC4,2,-23.83275057562597,569.0,19.0,377.0,32.0,4.0,7.4
25,max_to_sunset,SC4,2,-23.853720883753127,569.0,19.0,377.0,32.0,4.0,7.4
25,first_to_first,SC4,3,-13.892443989449804,193.0,13.0,104.0,32.0,4.0,7.4
25,last_to_last,SC4,3,9.219544457292887,0.0,13.0,104.0,32.0,4.0,7.4
25,mid_to_mid,SC4,3,1.7320508075688772,3.0,13.0,104.0,32.0,4.0,7.4
25,max_to_max,SC4,3,-10.246950765959598,193.0,13.0,104.0,32.0,4.0,7.4
25,max_to_sunset,SC4,3,-10.392304845413264,193.0,13.0,104.0,32.0,4.0,7.4
25,first_to_first,SC4,4,9.797958971132712,0.0,18.0,0.0,32.0,4.0,7.4
25,last_to_last,SC4,4,-1.0,2.0,18.0,0.0,32.0,4.0,7.4
25,mid_to_mid,SC4,4,11.874342087037917,0.0,18.0,0.0,32.0,4.0,7.4
25,max_to_max,SC4,4,11.61895003862225,6.0,18.0,0.0,32.0,4.0,7.4
25,max_to_sunset,SC4,4,-2.23606797749979,6.0,18.0,0.0,32.0,4.0,7.4
25,first_to_first,SC4,5,0.0,0.0,14.0,80.0,32.0,4.0,7.4
25,last_to_last,SC4,5,-12.767145334803704,168.0,14.0,80.0,32.0,4.0,7.4
25,mid_to_mid,SC4,5,-2.23606797749979,9.0,14.0,80.0,32.0,4.0,7.4
25,max_to_max,SC4,5,-13.114877048604,184.0,14.0,80.0,32.0,4.0,7.4
25,max_to_sunset,SC4,5,-13.379088160259652,184.0,14.0,80.0,32.0,4.0,7.4
25,first_to_first,SC4,6,-12.12435565298214,153.0,19.0,547.0,32.0,4.0,7.4
25,last_to_last,SC4,6,-15.362291495737216,236.0,19.0,547.0,32.0,4.0,7.4
25,mid_to_mid,SC4,6,-9.486832980505138,94.0,19.0,547.0,32.0,4.0,7.4
25,max_to_max,SC4,6,-18.193405398660254,337.0,19.0,547.0,32.0,4.0,7.4
25,max_to_sunset,SC4,6,-18.35755975068582,337.0,19.0,547.0,32.0,4.0,7.4
25,first_to_first,SC4,7,-15.132745950421556,229.0,8.0,199.0,32.0,4.0,7.4
25,last_to_last,SC4,7,9.1104335791443,26.0,8.0,199.0,32.0,4.0,7.4
25,mid_to_mid,SC4,7,-4.123105625617661,24.0,8.0,199.0,32.0,4.0,7.4
25,max_to_max,SC4,7,-11.704699910719626,257.0,8.0,199.0,32.0,4.0,7.4
25,max_to_sunset,SC4,7,-12.165525060596439,257.0,8.0,199.0,32.0,4.0,7.4
25,first_to_first,SC4,8,10.816653826391969,18.0,20.0,19.0,32.0,4.0,7.4
25,last_to_last,SC4,8,8.717797887081348,15.0,20.0,19.0,32.0,4.0,7.4
25,mid_to_mid,SC4,8,4.123105625617661,0.0,20.0,19.0,32.0,4.0,7.4
25,max_to_max,SC4,8,11.180339887498949,28.0,20.0,19.0,32.0,4.0,7.4
25,max_to_sunset,SC4,8,7.937253933193772,28.0,20.0,19.0,32.0,4.0,7.4
25,first_to_first,SC4,9,10.583005244258363,15.0,13.0,16.0,32.0,4.0,7.4
25,last_to_last,SC4,9,-5.830951894845301,37.0,13.0,16.0,32.0,4.0,7.4
25,mid_to_mid,SC4,9,3.0,1.0,13.0,16.0,32.0,4.0,7.4
25,max_to_max,SC4,9,9.486832980505138,37.0,13.0,16.0,32.0,4.0,7.4
25,max_to_sunset,SC4,9,-5.830951894845301,37.0,13.0,16.0,32.0,4.0,7.4
26,first_to_first,SC1,1,-10.392304845413264,108.0,16.0,0.0,22.0,6.0,6.3
26,last_to_last,SC1,1,-7.14142842854285,51.0,16.0,0.0,22.0,6.0,6.3
26,mid_to_mid,SC1,1,-8.48528137423857,72.0,16.0,0.0,22.0,6.0,6.3
26,max_to_max,SC1,1,-11.0,121.0,16.0,0.0,22.0,6.0,6.3
26,max_to_sunset,SC1,1,-11.0,121.0,16.0,0.0,22.0,6.0,6.3
26,first_to_first,SC1,2,-7.483314773547883,56.0,16.0,0.0,22.0,6.0,6.3
26,last_to_last,SC1,2,-4.795831523312719,23.0,16.0,0.0,22.0,6.0,6.3
26,mid_to_mid,SC1,2,-6.6332495807108,44.0,16.0,0.0,22.0,6.0,6.3
26,max_to_max,SC1,2,-7.483314773547883,56.0,16.0,0.0,22.0,6.0,6.3
26,max_to_sunset,SC1,2,-7.483314773547883,56.0,16.0,0.0,22.0,6.0,6.3
26,first_to_first,SC1,3,-3.3166247903554,11.0,11.0,5.0,22.0,6.0,6.3
26,last_to_last,SC1,3,-1.4142135623730951,2.0,11.0,5.0,22.0,6.0,6.3
26,mid_to_mid,SC1,3,-2.449489742783178,6.0,11.0,5.0,22.0,6.0,6.3
26,max_to_max,SC1,3,-4.58257569495584,21.0,11.0,5.0,22.0,6.0,6.3
26,max_to_sunset,SC1,3,-4.58257569495584,21.0,11.0,5.0,22.0,6.0,6.3
26,first_to_first,SC10,1,2.23606797749979,0.0,21.0,0.0,34.0,3.0,7.4
26,last_to_last,SC10,1,0.0,0.0,21.0,0.0,34.0,3.0,7.4
26,mid_to_mid,SC10,1,0.0,0.0,21.0,0.0,34.0,3.0,7.4
26,max_to_max,SC10,1,3.0,0.0,21.0,0.0,34.0,3.0,7.4
26,max_to_sunset,SC10,1,0.0,0.0,21.0,0.0,34.0,3.0,7.4
26,first_to_first,SC4,1,-20.85665361461421,436.0,16.0,0.0,32.0,4.0,7.4
26,last_to_last,SC4,1,-18.76166303929372,352.0,16.0,0.0,32.0,4.0,7.4
26,mid_to_mid,SC4,1,-20.8806130178211,436.0,16.0,0.0,32.0,4.0,7.4
26,max_to_max,SC4,1,-23.515952032609693,554.0,16.0,0.0,32.0,4.0,7.4
26,max_to_sunset,SC4,1,-23.53720459187964,554.0,16.0,0.0,32.0,4.0,7.4
26,first_to_first,SC4,2,-17.832554500127006,318.0,19.0,377.0,32.0,4.0,7.4
26,last_to_last,SC4,2,-10.583005244258363,197.0,19.0,377.0,32.0,4.0,7.4
26,mid_to_mid,SC4,2,-12.288205727444508,157.0,19.0,377.0,32.0,4.0,7.4
26,max_to_max,SC4,2,-21.93171219946131,569.0,19.0,377.0,32.0,4.0,7.4
26,max_to_sunset,SC4,2,-22.0,569.0,19.0,377.0,32.0,4.0,7.4
26,first_to_first,SC4,3,-9.848857801796104,193.0,13.0,104.0,32.0,4.0,7.4
26,last_to_last,SC4,3,1.0,0.0,13.0,104.0,32.0,4.0,7.4
26,mid_to_mid,SC4,3,11.74734012447073,3.0,13.0,104.0,32.0,4.0,7.4
26,max_to_max,SC4,3,-7.211102550927978,193.0,13.0,104.0,32.0,4.0,7.4
26,max_to_sunset,SC4,3,-13.856406460551018,193.0,13.0,104.0,32.0,4.0,7.4
26,first_to_first,SC4,4,0.0,0.0,18.0,0.0,32.0,4.0,7.4
26,last_to_last,SC4,4,1.7320508075688772,2.0,18.0,0.0,32.0,4.0,7.4
26,mid_to_mid,SC4,4,2.0,0.0,18.0,0.0,32.0,4.0,7.4
26,max_to_max,SC4,4,2.449489742783178,6.0,18.0,0.0,32.0,4.0,7.4
26,max_to_sunset,SC4,4,-1.0,6.0,18.0,0.0,32.0,4.0,7.4
26,first_to_first,SC4,5,2.449489742783178,0.0,14.0,80.0,32.0,4.0,7.4
26,last_to_last,SC4,5,-12.96148139681572,168.0,14.0,80.0,32.0,4.0,7.4
26,mid_to_mid,SC4,5,-2.23606797749979,9.0,14.0,80.0,32.0,4.0,7.4
26,max_to_max,SC4,5,-13.341664064126334,184.0,14.0,80.0,32.0,4.0,7.4
26,max_to_sunset,SC4,5,-13.564659966250536,184.0,14.0,80.0,32.0,4.0,7.4
26,first_to_first,SC4,6,-12.36931687685298,153.0,19.0,547.0,32.0,4.0,7.4
26,last_to_last,SC4,6,-11.269427669584644,236.0,19.0,547.0,32.0,4.0,7.4
26,mid_to_mid,SC4,6,-9.327379053088816,94.0,19.0,547.0,32.0,4.0,7.4
26,max_to_max,SC4,6,-14.730919862656235,337.0,19.0,547.0,32.0,4.0,7.4
26,max_to_sunset,SC4,6,-15.0996688705415,337.0,19.0,547.0,32.0,4.0,7.4
26,first_to_first,SC4,7,-9.695359714832659,229.0,8.0,199.0,32.0,4.0,7.4
26,last_to_last,SC4,7,8.06225774829855,26.0,8.0,199.0,32.0,4.0,7.4
26,mid_to_mid,SC4,7,-2.6457513110645907,24.0,8.0,199.0,32.0,4.0,7.4
26,max_to_max,SC4,7,-10.198039027185569,257.0,8.0,199.0,32.0,4.0,7.4
26,max_to_sunset,SC4,7,-12.884098726725126,257.0,8.0,199.0,32.0,4.0,7.4
26,first_to_first,SC4,8,10.44030650891055,18.0,20.0,19.0,32.0,4.0,7.4
26,last_to_last,SC4,8,-3.4641016151377544,15.0,20.0,19.0,32.0,4.0,7.4
26,mid_to_mid,SC4,8,3.1622776601683795,0.0,20.0,19.0,32.0,4.0,7.4
26,max_to_max,SC4,8,9.9498743710662,28.0,20.0,19.0,32.0,4.0,7.4
26,max_to_sunset,SC4,8,-5.0,28.0,20.0,19.0,32.0,4.0,7.4
27,first_to_first,SC1,1,-10.392304845413264,108.0,16.0,0.0,22.0,6.0,6.3
27,last_to_last,SC1,1,-7.14142842854285,51.0,16.0,0.0,22.0,6.0,6.3
27,mid_to_mid,SC1,1,-8.48528137423857,72.0,16.0,0.0,22.0,6.0,6.3
27,max_to_max,SC1,1,-11.0,121.0,16.0,0.0,22.0,6.0,6.3
27,max_to_sunset,SC1,1,-11.0,121.0,16.0,0.0,22.0,6.0,6.3
27,first_to_first,SC1,2,-7.483314773547883,56.0,16.0,0.0,22.0,6.0,6.3
27,last_to_last,SC1,2,-4.795831523312719,23.0,16.0,0.0,22.0,6.0,6.3
27,mid_to_mid,SC1,2,-6.6332495807108,44.0,16.0,0.0,22.0,6.0,6.3
27,max_to_max,SC1,2,-7.483314773547883,56.0,16.0,0.0,22.0,6.0,6.3
27,max_to_sunset,SC1,2,-7.483314773547883,56.0,16.0,0.0,22.0,6.0,6.3
27,first_to_first,SC4,1,-20.8806130178211,436.0,16.0,0.0,32.0,4.0,7.4
27,last_to_last,SC4,1,-16.34013463836819,352.0,16.0,0.0,32.0,4.0,7.4
27,mid_to_mid,SC4,1,-20.73644135332772,436.0,16.0,0.0,32.0,4.0,7.4
27,max_to_max,SC4,1,-21.587033144922902,554.0,16.0,0.0,32.0,4.0,7.4
27,max_to_sunset,SC4,1,-21.656407827707714,554.0,16.0,0.0,32.0,4.0,7.4
27,first_to_first,SC4,2,-14.89966442575134,318.0,19.0,377.0,32.0,4.0,7.4
27,last_to_last,SC4,2,-14.0,197.0,19.0,377.0,32.0,4.0,7.4
27,mid_to_mid,SC4,2,-4.0,157.0,19.0,377.0,32.0,4.0,7.4
27,max_to_max,SC4,2,-20.688160865577203,569.0,19.0,377.0,32.0,4.0,7.4
27,max_to_sunset,SC4,2,-23.83275057562597,569.0,19.0,377.0,32.0,4.0,7.4
27,first_to_first,SC4,3,-13.892443989449804,193.0,13.0,104.0,32.0,4.0,7.4
27,last_to_last,SC4,3,2.23606797749979,0.0,13.0,104.0,32.0,4.0,7.4
27,mid_to_mid,SC4,3,1.0,3.0,13.0,104.0,32.0,4.0,7.4
27,max_to_max,SC4,3,-13.45362404707371,193.0,13.0,104.0,32.0,4.0,7.4
27,max_to_sunset,SC4,3,-13.711309200802088,193.0,13.0,104.0,32.0,4.0,7.4
27,first_to_first,SC4,4,2.449489742783178,0.0,18.0,0.0,32.0,4.0,7.4
27,last_to_last,SC4,4,-1.4142135623730951,2.0,18.0,0.0,32.0,4.0,7.4
27,mid_to_mid,SC4,4,2.0,0.0,18.0,0.0,32.0,4.0,7.4
27,max_to_max,SC4,4,0.0,6.0,18.0,0.0,32.0,4.0,7.4
27,max_to_sunset,SC4,4,-2.449489742783178,6.0,18.0,0.0,32.0,4.0,7.4
27,first_to_first,SC4,5,0.0,0.0,14.0,80.0,32.0,4.0,7.4
27,last_to_last,SC4,5,-7.681145747868608,168.0,14.0,80.0,32.0,4.0,7.4
27,mid_to_mid,SC4,5,-1.4142135623730951,9.0,14.0,80.0,32.0,4.0,7.4
27,max_to_max,SC4,5,-8.0,184.0,14.0,80.0,32.0,4.0,7.4
27,max_to_sunset,SC4,5,-8.660254037844387,184.0,14.0,80.0,32.0,4.0,7.4
27,first_to_first,SC4,6,-4.242640687119285,153.0,19.0,547.0,32.0,4.0,7.4
27,last_to_last,SC4,6,-12.041594578792296,236.0,19.0,547.0,32.0,4.0,7.4
27,mid_to_mid,SC4,6,-8.774964387392123,94.0,19.0,547.0,32.0,4.0,7.4
27,max_to_max,SC4,6,-13.564659966250536,337.0,19.0,547.0,32.0,4.0,7.4
27,max_to_sunset,SC4,6,-15.684387141358123,337.0,19.0,547.0,32.0,4.0,7.4
27,first_to_first,SC4,7,-10.099504938362077,229.0,8.0,199.0,32.0,4.0,7.4
27,last_to_last,SC4,7,-4.795831523312719,26.0,8.0,199.0,32.0,4.0,7.4
27,mid_to_mid,SC4,7,-3.7416573867739413,24.0,8.0,199.0,32.0,4.0,7.4
27,max_to_max,SC4,7,-11.40175425099138,257.0,8.0,199.0,32.0,4.0,7.4
27,max_to_sunset,SC4,7,-15.937377450509228,257.0,8.0,199.0,32.0,4.0,7.4
28,first_to_first,SC1,1,-10.392304845413264,108.0,16.0,0.0,22.0,6.0,6.3
28,last_to_last,SC1,1,-7.14142842854285,51.0,16.0,0.0,22.0,6.0,6.3
28,mid_to_mid,SC1,1,-8.48528137423857,72.0,16.0,0.0,22.0,6.0,6.3
28,max_to_max,SC1,1,-11.0,121.0,16.0,0.0,22.0,6.0,6.3
28,max_to_sunset,SC1,1,-11.0,121.0,16.0,0.0,22.0,6.0,6.3
28,first_to_first,SC4,1,-18.439088914585774,436.0,16.0,0.0,32.0,4.0,7.4
28,last_to_last,SC4,1,-18.734993995195193,352.0,16.0,0.0,32.0,4.0,7.4
28,mid_to_mid,SC4,1,-17.175564037317667,436.0,16.0,0.0,32.0,4.0,7.4
28,max_to_max,SC4,1,-20.322401432901575,554.0,16.0,0.0,32.0,4.0,7.4
28,max_to_sunset,SC4,1,-23.515952032609693,554.0,16.0,0.0,32.0,4.0,7.4
28,first_to_first,SC4,2,-17.832554500127006,318.0,19.0,377.0,32.0,4.0,7.4
28,last_to_last,SC4,2,-13.856406460551018,197.0,19.0,377.0,32.0,4.0,7.4
28,mid_to_mid,SC4,2,-12.36931687685298,157.0,19.0,377.0,32.0,4.0,7.4
28,max_to_max,SC4,2,-23.600847442411894,569.0,19.0,377.0,32.0,4.0,7.4
28,max_to_sunset,SC4,2,-23.748684174075834,569.0,19.0,377.0,32.0,4.0,7.4
28,first_to_first,SC4,3,-13.674794331177344,193.0,13.0,104.0,32.0,4.0,7.4
28,last_to_last,SC4,3,0.0,0.0,13.0,104.0,32.0,4.0,7.4
28,mid_to_mid,SC4,3,1.0,3.0,13.0,104.0,32.0,4.0,7.4
28,max_to_max,SC4,3,-13.674794331177344,193.0,13.0,104.0,32.0,4.0,7.4
28,max_to_sunset,SC4,3,-13.892443989449804,193.0,13.0,104.0,32.0,4.0,7.4
28,first_to_first,SC4,4,0.0,0.0,18.0,0.0,32.0,4.0,7.4
28,last_to_last,SC4,4,10.344080432788601,2.0,18.0,0.0,32.0,4.0,7.4
28,mid_to_mid,SC4,4,2.6457513110645907,0.0,18.0,0.0,32.0,4.0,7.4
28,max_to_max,SC4,4,10.677078252031311,6.0,18.0,0.0,32.0,4.0,7.4
28,max_to_sunset,SC4,4,10.14889156509222,6.0,18.0,0.0,32.0,4.0,7.4
28,first_to_first,SC4,5,11.61895003862225,0.0,14.0,80.0,32.0,4.0,7.4
28,last_to_last,SC4,5,-8.774964387392123,168.0,14.0,80.0,32.0,4.0,7.4
28,mid_to_mid,SC4,5,2.8284271247461903,9.0,14.0,80.0,32.0,4.0,7.4
28,max_to_max,SC4,5,-5.5677643628300215,184.0,14.0,80.0,32.0,4.0,7.4
28,max_to_sunset,SC4,5,-9.643650760992955,184.0,14.0,80.0,32.0,4.0,7.4
28,first_to_first,SC4,6,-5.0990195135927845,153.0,19.0,547.0,32.0,4.0,7.4
28,last_to_last,SC4,6,-15.264337522473747,236.0,19.0,547.0,32.0,4.0,7.4
28,mid_to_mid,SC4,6,-9.16515138991168,94.0,19.0,547.0,32.0,4.0,7.4
28,max_to_max,SC4,6,-14.491376746189438,337.0,19.0,547.0,32.0,4.0,7.4
28,max_to_sunset,SC4,6,-18.275666882497067,337.0,19.0,547.0,32.0,4.0,7.4
29,first_to_first,SC4,1,-20.8806130178211,436.0,16.0,0.0,32.0,4.0,7.4
29,last_to_last,SC4,1,-18.627936010197157,352.0,16.0,0.0,32.0,4.0,7.4
29,mid_to_mid,SC4,1,-20.784609690826528,436.0,16.0,0.0,32.0,4.0,7.4
29,max_to_max,SC4,1,-23.280893453645632,554.0,16.0,0.0,32.0,4.0,7.4
29,max_to_sunset,SC4,1,-23.430749027719962,554.0,16.0,0.0,32.0,4.0,7.4
29,first_to_first,SC4,2,-17.663521732655695,318.0,19.0,377.0,32.0,4.0,7.4
29,last_to_last,SC4,2,-14.035668847618199,197.0,19.0,377.0,32.0,4.0,7.4
29,mid_to_mid,SC4,2,-12.36931687685298,157.0,19.0,377.0,32.0,4.0,7.4
29,max_to_max,SC4,2,-23.727621035409346,569.0,19.0,377.0,32.0,4.0,7.4
29,max_to_sunset,SC4,2,-23.853720883753127,569.0,19.0,377.0,32.0,4.0,7.4
29,first_to_first,SC4,3,-13.892443989449804,193.0,13.0,104.0,32.0,4.0,7.4
29,last_to_last,SC4,3,10.44030650891055,0.0,13.0,104.0,32.0,4.0,7.4
29,mid_to_mid,SC4,3,2.0,3.0,13.0,104.0,32.0,4.0,7.4
29,max_to_max,SC4,3,-8.54400374531753,193.0,13.0,104.0,32.0,4.0,7.4
29,max_to_sunset,SC4,3,-9.16515138991168,193.0,13.0,104.0,32.0,4.0,7.4
29,first_to_first,SC4,4,11.61895003862225,0.0,18.0,0.0,32.0,4.0,7.4
29,last_to_last,SC4,4,9.433981132056603,2.0,18.0,0.0,32.0,4.0,7.4
29,mid_to_mid,SC4,4,4.123105625617661,0.0,18.0,0.0,32.0,4.0,7.4
29,max_to_max,SC4,4,12.12435565298214,6.0,18.0,0.0,32.0,4.0,7.4
29,max_to_sunset,SC4,4,9.219544457292887,6.0,18.0,0.0,32.0,4.0,7.4
29,first_to_first,SC4,5,11.269427669584644,0.0,14.0,80.0,32.0,4.0,7.4
29,last_to_last,SC4,5,-12.84523257866513,168.0,14.0,80.0,32.0,4.0,7.4
29,mid_to_mid,SC4,5,1.0,9.0,14.0,80.0,32.0,4.0,7.4
29,max_to_max,SC4,5,-7.54983443527075,184.0,14.0,80.0,32.0,4.0,7.4
29,max_to_sunset,SC4,5,-13.45362404707371,184.0,14.0,80.0,32.0,4.0,7.4
30,first_to_first,SC4,1,-20.73644135332772,436.0,16.0,0.0,32.0,4.0,7.4
30,last_to_last,SC4,1,-18.76166303929372,352.0,16.0,0.0,32.0,4.0,7.4
30,mid_to_mid,SC4,1,-20.784609690826528,436.0,16.0,0.0,32.0,4.0,7.4
30,max_to_max,SC4,1,-23.40939982143925,554.0,16.0,0.0,32.0,4.0,7.4
30,max_to_sunset,SC4,1,-23.53720459187964,554.0,16.0,0.0,32.0,4.0,7.4
30,first_to_first,SC4,2,-17.832554500127006,318.0,19.0,377.0,32.0,4.0,7.4
30,last_to_last,SC4,2,-9.38083151964686,197.0,19.0,377.0,32.0,4.0,7.4
30,mid_to_mid,SC4,2,-12.24744871391589,157.0,19.0,377.0,32.0,4.0,7.4
30,max_to_max,SC4,2,-21.18962010041709,569.0,19.0,377.0,32.0,4.0,7.4
30,max_to_sunset,SC4,2,-21.447610589527216,569.0,19.0,377.0,32.0,4.0,7.4
30,first_to_first,SC4,3,-7.615773105863909,193.0,13.0,104.0,32.0,4.0,7.4
30,last_to_last,SC4,3,9.539392014169456,0.0,13.0,104.0,32.0,4.0,7.4
30,mid_to_mid,SC4,3,3.7416573867739413,3.0,13.0,104.0,32.0,4.0,7.4
30,max_to_max,SC4,3,-6.324555320336759,193.0,13.0,104.0,32.0,4.0,7.4
30,max_to_sunset,SC4,3,-10.099504938362077,193.0,13.0,104.0,32.0,4.0,7.4
30,first_to_first,SC4,4,11.269427669584644,0.0,18.0,0.0,32.0,4.0,7.4
30,last_to_last,SC4,4,1.0,2.0,18.0,0.0,32.0,4.0,7.4
30,mid_to_mid,SC4,4,3.1622776601683795,0.0,18.0,0.0,32.0,4.0,7.4
30,max_to_max,SC4,4,11.0,6.0,18.0,0.0,32.0,4.0,7.4
30,max_to_sunset,SC4,4,-1.7320508075688772,6.0,18.0,0.0,32.0,4.0,7.4
